image_index,source_image,source_npy,source_path,n_patches,worst_channel,worst_hp_var_ratio,worst_hf_energy_frac,noisy_channels,flagged,error,dyn_ch0,dyn_ch1,dyn_ch2,hf_ch0,hf_ch1,hf_ch2,hp_ch0,hp_ch1,hp_ch2,std_ch0,std_ch1,std_ch2
0,\\srv-fs.ad.nudz.cz\BV_data\Brejtr\ActiveProjects\Microscopy\20251017\2.1.hrmin1_Multichannel Z-Stack_20251017_01.vsi,2.1.hrmin1_Multichannel Z-Stack_20251017_01.npy,\\srv-fs.ad.nudz.cz\BV_data\Brejtr\ActiveProjects\Microscopy\20251017\2.1.hrmin1_Multichannel Z-Stack_20251017_01.vsi,324,ch2,0.1927087449675281,0.1576498561243107,,False,,0.6358839273452759,0.6352313160896301,0.6111111044883728,0.06898568368873818,0.06142890029030832,0.1576498561243107,0.11482721515964858,0.09889997110550276,0.1927087449675281,0.1252182424068451,0.12569822371006012,0.12214075028896332
1,\\srv-fs.ad.nudz.cz\BV_data\Brejtr\ActiveProjects\Microscopy\20251017\2.1.hrmin2_Multichannel Z-Stack_20251017_02.vsi,2.1.hrmin2_Multichannel Z-Stack_20251017_02.npy,\\srv-fs.ad.nudz.cz\BV_data\Brejtr\ActiveProjects\Microscopy\20251017\2.1.hrmin2_Multichannel Z-Stack_20251017_02.vsi,324,ch2,0.17190349923773274,0.13874349483257314,,False,,0.6627026796340942,0.7148648500442505,0.6995305418968201,0.06303428874071883,0.04761686611589175,0.13874349483257314,0.10672876863964008,0.08110387989851078,0.17190349923773274,0.13401924073696136,0.1476651281118393,0.1457332968711853
2,\\srv-fs.ad.nudz.cz\BV_data\Brejtr\ActiveProjects\Microscopy\20251017\2_1_harmin_10_Multichannel Z-Stack_20251017_10.vsi,2_1_harmin_10_Multichannel Z-Stack_20251017_10.npy,\\srv-fs.ad.nudz.cz\BV_data\Brejtr\ActiveProjects\Microscopy\20251017\2_1_harmin_10_Multichannel Z-Stack_20251017_10.vsi,324,ch2,0.18341097866987735,0.14900099811636547,,False,,0.6320960521697998,0.6318926811218262,0.6702702641487122,0.05951736020307085,0.053112479149407706,0.14900099811636547,0.10335032762669966,0.09140870280626756,0.18341097866987735,0.1254929155111313,0.12405475974082947,0.13472707569599152
3,\\srv-fs.ad.nudz.cz\BV_data\Brejtr\ActiveProjects\Microscopy\20251017\2_1_harmin_3_Multichannel Z-Stack_20251017_03.vsi,2_1_harmin_3_Multichannel Z-Stack_20251017_03.npy,\\srv-fs.ad.nudz.cz\BV_data\Brejtr\ActiveProjects\Microscopy\20251017\2_1_harmin_3_Multichannel Z-Stack_20251017_03.vsi,324,ch2,0.1863010514561488,0.1511324680300208,,False,,0.627121567725708,0.6472392678260803,0.6775956153869629,0.06381833560291653,0.05472964550695616,0.1511324680300208,0.10808150760874999,0.09153321448067189,0.1863010514561488,0.12435270845890045,0.13002827763557434,0.13922201097011566
4,\\srv-fs.ad.nudz.cz\BV_data\Brejtr\ActiveProjects\Microscopy\20251017\2_1_harmin_4_Multichannel Z-Stack_20251017_04.vsi,2_1_harmin_4_Multichannel Z-Stack_20251017_04.npy,\\srv-fs.ad.nudz.cz\BV_data\Brejtr\ActiveProjects\Microscopy\20251017\2_1_harmin_4_Multichannel Z-Stack_20251017_04.vsi,324,ch2,0.14956652403333684,0.12418603107329294,,False,,0.3468376696109772,0.6993103623390198,0.7049180269241333,0.036204047560994455,0.0387464623666531,0.12418603107329294,0.059500029797304434,0.06375261304939385,0.14956652403333684,0.0824974775314331,0.14814810454845428,0.14949189126491547
5,\\srv-fs.ad.nudz.cz\BV_data\Brejtr\ActiveProjects\Microscopy\20251017\2_1_harmin_4_Multichannel Z-Stack_20251017_05.vsi,2_1_harmin_4_Multichannel Z-Stack_20251017_05.npy,\\srv-fs.ad.nudz.cz\BV_data\Brejtr\ActiveProjects\Microscopy\20251017\2_1_harmin_4_Multichannel Z-Stack_20251017_05.vsi,324,ch2,0.14917360009037214,0.1207124459666883,,False,,0.6268656849861145,0.6344085931777954,0.6764705777168274,0.050086003543732396,0.047693036253824476,0.1207124459666883,0.08542249804547176,0.07823089722640585,0.14917360009037214,0.12124300003051758,0.1253993660211563,0.13680145144462585
6,\\srv-fs.ad.nudz.cz\BV_data\Brejtr\ActiveProjects\Microscopy\20251017\2_1_harmin_4_Multichannel Z-Stack_20251017_06.vsi,2_1_harmin_4_Multichannel Z-Stack_20251017_06.npy,\\srv-fs.ad.nudz.cz\BV_data\Brejtr\ActiveProjects\Microscopy\20251017\2_1_harmin_4_Multichannel Z-Stack_20251017_06.vsi,324,ch2,0.19237786113526573,0.1589079270694979,,False,,0.6373779773712158,0.6524063944816589,0.6724137663841248,0.07375541430045228,0.05874302662449133,0.1589079270694979,0.1202453115806748,0.09374361060516162,0.19237786113526573,0.12603925168514252,0.13003169000148773,0.1352674961090088
7,\\srv-fs.ad.nudz.cz\BV_data\Brejtr\ActiveProjects\Microscopy\20251017\2_1_harmin_7_Multichannel Z-Stack_20251017_07.vsi,2_1_harmin_7_Multichannel Z-Stack_20251017_07.npy,\\srv-fs.ad.nudz.cz\BV_data\Brejtr\ActiveProjects\Microscopy\20251017\2_1_harmin_7_Multichannel Z-Stack_20251017_07.vsi,324,ch2,0.253424134912879,0.21905076412491423,,False,,0.583832323551178,0.5237020254135132,0.588652491569519,0.06510822653201356,0.07233444314377012,0.21905076412491423,0.10922936861479526,0.11197773448852147,0.253424134912879,0.11198539286851883,0.09883221983909607,0.11274822056293488
8,\\srv-fs.ad.nudz.cz\BV_data\Brejtr\ActiveProjects\Microscopy\20251017\2_1_harmin_8_Multichannel Z-Stack_20251017_08.vsi,2_1_harmin_8_Multichannel Z-Stack_20251017_08.npy,\\srv-fs.ad.nudz.cz\BV_data\Brejtr\ActiveProjects\Microscopy\20251017\2_1_harmin_8_Multichannel Z-Stack_20251017_08.vsi,324,ch2,0.1644905713204515,0.13458913064041983,,False,,0.6245772242546082,0.6429675221443176,0.6632124185562134,0.06154449771035295,0.04967963034397675,0.13458913064041983,0.1047075249590225,0.08298133243719043,0.1644905713204515,0.12500105798244476,0.1294540911912918,0.13547974824905396
9,\\srv-fs.ad.nudz.cz\BV_data\Brejtr\ActiveProjects\Microscopy\20251017\2_1_harmin_9_Multichannel Z-Stack_20251017_09.vsi,2_1_harmin_9_Multichannel Z-Stack_20251017_09.npy,\\srv-fs.ad.nudz.cz\BV_data\Brejtr\ActiveProjects\Microscopy\20251017\2_1_harmin_9_Multichannel Z-Stack_20251017_09.vsi,324,ch2,0.16920297538070825,0.1410896814759173,,False,,0.6227327585220337,0.6791530847549438,0.6685393452644348,0.06075954505638112,0.04720252220338775,0.1410896814759173,0.10180875591386648,0.07658448972201795,0.16920297538070825,0.12400820851325989,0.13862673938274384,0.1367838978767395
20,\\srv-fs.ad.nudz.cz\BV_data\Brejtr\ActiveProjects\Microscopy\20251017\2_2_PSIHARMIN_10_Multichannel Z-Stack_20251017_40.vsi,2_2_PSIHARMIN_10_Multichannel Z-Stack_20251017_40.npy,\\srv-fs.ad.nudz.cz\BV_data\Brejtr\ActiveProjects\Microscopy\20251017\2_2_PSIHARMIN_10_Multichannel Z-Stack_20251017_40.vsi,324,ch2,0.18690245569328964,0.16402769553271013,,False,,0.6101523041725159,0.7086834907531738,0.5265957713127136,0.04625239534141741,0.06904984648314835,0.16402769553271013,0.07428293037132615,0.09078859592550387,0.18690245569328964,0.11990799009799957,0.14273418486118317,0.10996750742197037
21,\\srv-fs.ad.nudz.cz\BV_data\Brejtr\ActiveProjects\Microscopy\20251017\2_2_PSIHARMIN_1_Multichannel Z-Stack_20251017_31.vsi,2_2_PSIHARMIN_1_Multichannel Z-Stack_20251017_31.npy,\\srv-fs.ad.nudz.cz\BV_data\Brejtr\ActiveProjects\Microscopy\20251017\2_2_PSIHARMIN_1_Multichannel Z-Stack_20251017_31.vsi,324,ch2,0.27488837438715963,0.24131096524721446,,False,,0.6778425574302673,0.6968838572502136,0.7321428656578064,0.07233487308277511,0.0822253678570042,0.24131096524721446,0.11485368391608056,0.11195392082882243,0.27488837438715963,0.13644863665103912,0.1422612965106964,0.15178775787353516
22,\\srv-fs.ad.nudz.cz\BV_data\Brejtr\ActiveProjects\Microscopy\20251017\2_2_PSIHARMIN_2_Multichannel Z-Stack_20251017_32.vsi,2_2_PSIHARMIN_2_Multichannel Z-Stack_20251017_32.npy,\\srv-fs.ad.nudz.cz\BV_data\Brejtr\ActiveProjects\Microscopy\20251017\2_2_PSIHARMIN_2_Multichannel Z-Stack_20251017_32.vsi,324,ch2,0.2669592942996772,0.23607471374567737,,False,,0.6812412142753601,0.6750788688659668,0.7232142686843872,0.05998486197264561,0.08755186023090714,0.23607471374567737,0.09500951788012633,0.11355258586144495,0.2669592942996772,0.1366390436887741,0.13689976930618286,0.14779183268547058
23,\\srv-fs.ad.nudz.cz\BV_data\Brejtr\ActiveProjects\Microscopy\20251017\2_2_PSIHARMIN_3_Multichannel Z-Stack_20251017_33.vsi,2_2_PSIHARMIN_3_Multichannel Z-Stack_20251017_33.npy,\\srv-fs.ad.nudz.cz\BV_data\Brejtr\ActiveProjects\Microscopy\20251017\2_2_PSIHARMIN_3_Multichannel Z-Stack_20251017_33.vsi,324,ch2,0.2539769131937381,0.22551994586788535,,False,,0.6298342347145081,0.6678832173347473,0.7068965435028076,0.053545437420151304,0.08867653683709871,0.22551994586788535,0.08585302897431767,0.11040311230847613,0.2539769131937381,0.12258164584636688,0.13552631437778473,0.1397840529680252
24,\\srv-fs.ad.nudz.cz\BV_data\Brejtr\ActiveProjects\Microscopy\20251017\2_2_PSIHARMIN_4_Multichannel Z-Stack_20251017_34.vsi,2_2_PSIHARMIN_4_Multichannel Z-Stack_20251017_34.npy,\\srv-fs.ad.nudz.cz\BV_data\Brejtr\ActiveProjects\Microscopy\20251017\2_2_PSIHARMIN_4_Multichannel Z-Stack_20251017_34.vsi,324,ch2,0.2418466415700476,0.21339573673708376,,False,,0.6407034993171692,0.72826087474823,0.7310924530029297,0.058972412645815264,0.059995485367955285,0.21339573673708376,0.09192162605418575,0.07796369115144261,0.2418466415700476,0.12832336127758026,0.15616530179977417,0.15201584994792938
25,\\srv-fs.ad.nudz.cz\BV_data\Brejtr\ActiveProjects\Microscopy\20251017\2_2_PSIHARMIN_5_Multichannel Z-Stack_20251017_35.vsi,2_2_PSIHARMIN_5_Multichannel Z-Stack_20251017_35.npy,\\srv-fs.ad.nudz.cz\BV_data\Brejtr\ActiveProjects\Microscopy\20251017\2_2_PSIHARMIN_5_Multichannel Z-Stack_20251017_35.vsi,324,ch2,0.24027327685058728,0.20870766406524682,,False,,0.6512455344200134,0.6820388436317444,0.7121211886405945,0.06761226358318871,0.07408027503085128,0.20870766406524682,0.10818356648134905,0.10314110839645328,0.24027327685058728,0.12895166873931885,0.13535434007644653,0.14427334070205688
26,\\srv-fs.ad.nudz.cz\BV_data\Brejtr\ActiveProjects\Microscopy\20251017\2_2_PSIHARMIN_6_Multichannel Z-Stack_20251017_36.vsi,2_2_PSIHARMIN_6_Multichannel Z-Stack_20251017_36.npy,\\srv-fs.ad.nudz.cz\BV_data\Brejtr\ActiveProjects\Microscopy\20251017\2_2_PSIHARMIN_6_Multichannel Z-Stack_20251017_36.vsi,324,ch2,0.2386576837417306,0.21142330686121466,,False,,0.6726027131080627,0.7475489974021912,0.7457627058029175,0.06356273497108285,0.05669695088870067,0.21142330686121466,0.0970731287537328,0.07516711962270933,0.2386576837417306,0.1361275315284729,0.1633273810148239,0.15856996178627014
27,\\srv-fs.ad.nudz.cz\BV_data\Brejtr\ActiveProjects\Microscopy\20251017\2_2_PSIHARMIN_7_Multichannel Z-Stack_20251017_37.vsi,2_2_PSIHARMIN_7_Multichannel Z-Stack_20251017_37.npy,\\srv-fs.ad.nudz.cz\BV_data\Brejtr\ActiveProjects\Microscopy\20251017\2_2_PSIHARMIN_7_Multichannel Z-Stack_20251017_37.vsi,324,ch2,0.2467681691145519,0.21396961537804504,,False,,0.6662870049476624,0.6914153099060059,0.7230769395828247,0.06420474045636372,0.06816381431451649,0.21396961537804504,0.10218130829386475,0.09511330628738023,0.2467681691145519,0.13308632373809814,0.1444081962108612,0.15091463923454285
28,\\srv-fs.ad.nudz.cz\BV_data\Brejtr\ActiveProjects\Microscopy\20251017\2_2_PSIHARMIN_8_Multichannel Z-Stack_20251017_38.vsi,2_2_PSIHARMIN_8_Multichannel Z-Stack_20251017_38.npy,\\srv-fs.ad.nudz.cz\BV_data\Brejtr\ActiveProjects\Microscopy\20251017\2_2_PSIHARMIN_8_Multichannel Z-Stack_20251017_38.vsi,324,ch2,0.2452445478678794,0.21456973382565783,,False,,0.6551724076271057,0.6721311211585999,0.7142857313156128,0.06711843495918787,0.07045517563272435,0.21456973382565783,0.106786378570308,0.09856700758775133,0.2452445478678794,0.12846581637859344,0.13166654109954834,0.144679993391037
29,\\srv-fs.ad.nudz.cz\BV_data\Brejtr\ActiveProjects\Microscopy\20251017\2_2_PSIHARMIN_9_Multichannel Z-Stack_20251017_39.vsi,2_2_PSIHARMIN_9_Multichannel Z-Stack_20251017_39.npy,\\srv-fs.ad.nudz.cz\BV_data\Brejtr\ActiveProjects\Microscopy\20251017\2_2_PSIHARMIN_9_Multichannel Z-Stack_20251017_39.vsi,324,ch2,0.2697953333487265,0.23900345529332162,,False,,0.6526772975921631,0.6933701634407043,0.7241379022598267,0.0723366029881175,0.07960743087398583,0.23900345529332162,0.1123316404253259,0.10664905640544434,0.2697953333487265,0.12862107157707214,0.13490217924118042,0.14314351975917816
30,\\srv-fs.ad.nudz.cz\BV_data\Brejtr\ActiveProjects\Microscopy\20251017\2_2_PSI_10_Multichannel Z-Stack_20251017_30.vsi,2_2_PSI_10_Multichannel Z-Stack_20251017_30.npy,\\srv-fs.ad.nudz.cz\BV_data\Brejtr\ActiveProjects\Microscopy\20251017\2_2_PSI_10_Multichannel Z-Stack_20251017_30.vsi,324,ch2,0.15144719124789685,0.12536908279474426,,False,,0.5690954923629761,0.5457627177238464,0.6121495366096497,0.05555752354724632,0.052562139866657975,0.12536908279474426,0.09146949640285548,0.08424970619101553,0.15144719124789685,0.10984443873167038,0.10761113464832306,0.12188813835382462
31,\\srv-fs.ad.nudz.cz\BV_data\Brejtr\ActiveProjects\Microscopy\20251017\2_2_PSI_1_Multichannel Z-Stack_20251017_21.vsi,2_2_PSI_1_Multichannel Z-Stack_20251017_21.npy,\\srv-fs.ad.nudz.cz\BV_data\Brejtr\ActiveProjects\Microscopy\20251017\2_2_PSI_1_Multichannel Z-Stack_20251017_21.vsi,324,ch2,0.22386455893237295,0.19062074212700092,,False,,0.6870629191398621,0.7176470756530762,0.7482993006706238,0.08086795703889035,0.07609808225289368,0.19062074212700092,0.12464493343404516,0.10886940915905072,0.22386455893237295,0.13722307980060577,0.14683252573013306,0.1562410593032837
32,\\srv-fs.ad.nudz.cz\BV_data\Brejtr\ActiveProjects\Microscopy\20251017\2_2_PSI_2_Multichannel Z-Stack_20251017_22.vsi,2_2_PSI_2_Multichannel Z-Stack_20251017_22.npy,\\srv-fs.ad.nudz.cz\BV_data\Brejtr\ActiveProjects\Microscopy\20251017\2_2_PSI_2_Multichannel Z-Stack_20251017_22.vsi,324,ch2,0.22795625347778237,0.19643939265436838,,False,,0.6486486196517944,0.7193460464477539,0.7368420958518982,0.07022871431463601,0.06917889820810116,0.19643939265436838,0.11239023297417489,0.09512900567929544,0.22795625347778237,0.13045822083950043,0.1490408033132553,0.1550625115633011
33,\\srv-fs.ad.nudz.cz\BV_data\Brejtr\ActiveProjects\Microscopy\20251017\2_2_PSI_3_Multichannel Z-Stack_20251017_23.vsi,2_2_PSI_3_Multichannel Z-Stack_20251017_23.npy,\\srv-fs.ad.nudz.cz\BV_data\Brejtr\ActiveProjects\Microscopy\20251017\2_2_PSI_3_Multichannel Z-Stack_20251017_23.vsi,324,ch2,0.24461360898444823,0.21374551104891407,,False,,0.6170886158943176,0.6368159055709839,0.71074378490448,0.06146203753786083,0.06244256193516235,0.21374551104891407,0.10073929685992643,0.09191692020170528,0.24461360898444823,0.11985427141189575,0.12496650964021683,0.14489798247814178
34,\\srv-fs.ad.nudz.cz\BV_data\Brejtr\ActiveProjects\Microscopy\20251017\2_2_PSI_4_Multichannel Z-Stack_20251017_24.vsi,2_2_PSI_4_Multichannel Z-Stack_20251017_24.npy,\\srv-fs.ad.nudz.cz\BV_data\Brejtr\ActiveProjects\Microscopy\20251017\2_2_PSI_4_Multichannel Z-Stack_20251017_24.vsi,324,ch2,0.14881001877297373,0.12602422026358726,,False,,0.6440678238868713,0.6807909607887268,0.5973451137542725,0.06583728910783043,0.07498055950400134,0.12602422026358726,0.10576301931166039,0.10347676802257605,0.14881001877297373,0.12918055057525635,0.13548845052719116,0.11879389733076096
35,\\srv-fs.ad.nudz.cz\BV_data\Brejtr\ActiveProjects\Microscopy\20251017\2_2_PSI_5_Multichannel Z-Stack_20251017_25.vsi,2_2_PSI_5_Multichannel Z-Stack_20251017_25.npy,\\srv-fs.ad.nudz.cz\BV_data\Brejtr\ActiveProjects\Microscopy\20251017\2_2_PSI_5_Multichannel Z-Stack_20251017_25.vsi,324,ch2,0.18820933116993832,0.16014746018232168,,False,,0.6369906067848206,0.6412825584411621,0.7077922224998474,0.05956986975880805,0.06161302188756119,0.16014746018232168,0.09774760113519969,0.0951341320244931,0.18820933116993832,0.1236635074019432,0.12417443841695786,0.14177824556827545
36,\\srv-fs.ad.nudz.cz\BV_data\Brejtr\ActiveProjects\Microscopy\20251017\2_2_PSI_6_Multichannel Z-Stack_20251017_26.vsi,2_2_PSI_6_Multichannel Z-Stack_20251017_26.npy,\\srv-fs.ad.nudz.cz\BV_data\Brejtr\ActiveProjects\Microscopy\20251017\2_2_PSI_6_Multichannel Z-Stack_20251017_26.vsi,324,ch2,0.22430724665361537,0.19081555145491955,,False,,0.6356877088546753,0.6159554719924927,0.6985294222831726,0.0657512760901798,0.06551481736586821,0.19081555145491955,0.1104394888215212,0.10879248167429571,0.22430724665361537,0.12361118942499161,0.11784030497074127,0.141048863530159
37,\\srv-fs.ad.nudz.cz\BV_data\Brejtr\ActiveProjects\Microscopy\20251017\2_2_PSI_7_Multichannel Z-Stack_20251017_27.vsi,2_2_PSI_7_Multichannel Z-Stack_20251017_27.npy,\\srv-fs.ad.nudz.cz\BV_data\Brejtr\ActiveProjects\Microscopy\20251017\2_2_PSI_7_Multichannel Z-Stack_20251017_27.vsi,324,ch2,0.23247739200645942,0.20495997609971192,,False,,0.6420612931251526,0.5320088267326355,0.6935483813285828,0.05586009899085349,0.07164252691145181,0.20495997609971192,0.09160153349338163,0.11219347548593604,0.23247739200645942,0.12206460535526276,0.10187221318483353,0.1358495056629181
38,\\srv-fs.ad.nudz.cz\BV_data\Brejtr\ActiveProjects\Microscopy\20251017\2_2_PSI_8_Multichannel Z-Stack_20251017_28.vsi,2_2_PSI_8_Multichannel Z-Stack_20251017_28.npy,\\srv-fs.ad.nudz.cz\BV_data\Brejtr\ActiveProjects\Microscopy\20251017\2_2_PSI_8_Multichannel Z-Stack_20251017_28.vsi,324,ch2,0.21584183588593933,0.18148775924731517,,False,,0.6193293929100037,0.6119096279144287,0.6838709712028503,0.057035319508955656,0.0759039299648414,0.18148775924731517,0.10002383131073105,0.11807860308001718,0.21584183588593933,0.11850039660930634,0.11612385511398315,0.13776244223117828
39,\\srv-fs.ad.nudz.cz\BV_data\Brejtr\ActiveProjects\Microscopy\20251017\2_2_PSI_9_Multichannel Z-Stack_20251017_29.vsi,2_2_PSI_9_Multichannel Z-Stack_20251017_29.npy,\\srv-fs.ad.nudz.cz\BV_data\Brejtr\ActiveProjects\Microscopy\20251017\2_2_PSI_9_Multichannel Z-Stack_20251017_29.vsi,324,ch2,0.2201030534076924,0.1864109152659002,,False,,0.6208053827285767,0.6192384958267212,0.673202633857727,0.06008795908071389,0.0716023553675688,0.1864109152659002,0.10286438808355398,0.11274158308395274,0.2201030534076924,0.11855406314134598,0.11738491803407669,0.1327756941318512
40,\\srv-fs.ad.nudz.cz\BV_data\Brejtr\ActiveProjects\Microscopy\20251017\2_8_LITHIUM_10_Multichannel Z-Stack_20251017_50.vsi,2_8_LITHIUM_10_Multichannel Z-Stack_20251017_50.npy,\\srv-fs.ad.nudz.cz\BV_data\Brejtr\ActiveProjects\Microscopy\20251017\2_8_LITHIUM_10_Multichannel Z-Stack_20251017_50.vsi,324,ch2,0.0827656467849428,0.057244018044264024,,False,,0.6408056616783142,0.6139705777168274,0.70652174949646,0.037541310164477835,0.03286006304417103,0.057244018044264024,0.07749991138338966,0.06636824540156347,0.0827656467849428,0.1282477229833603,0.12342536449432373,0.1458921730518341
41,\\srv-fs.ad.nudz.cz\BV_data\Brejtr\ActiveProjects\Microscopy\20251017\2_8_LITHIUM_1_Multichannel Z-Stack_20251017_41.vsi,2_8_LITHIUM_1_Multichannel Z-Stack_20251017_41.npy,\\srv-fs.ad.nudz.cz\BV_data\Brejtr\ActiveProjects\Microscopy\20251017\2_8_LITHIUM_1_Multichannel Z-Stack_20251017_41.vsi,324,ch2,0.24576925302506206,0.21280659976822863,,False,,0.6734007000923157,0.7280453443527222,0.7322834730148315,0.081814631788975,0.09148632517100704,0.21280659976822863,0.12684236461423645,0.12425045810744696,0.24576925302506206,0.13446040451526642,0.1491607129573822,0.1522378772497177
42,\\srv-fs.ad.nudz.cz\BV_data\Brejtr\ActiveProjects\Microscopy\20251017\2_8_LITHIUM_2_Multichannel Z-Stack_20251017_42.vsi,2_8_LITHIUM_2_Multichannel Z-Stack_20251017_42.npy,\\srv-fs.ad.nudz.cz\BV_data\Brejtr\ActiveProjects\Microscopy\20251017\2_8_LITHIUM_2_Multichannel Z-Stack_20251017_42.vsi,324,ch2,0.24859683927272302,0.22175302668750588,,False,,0.6570048332214355,0.6983373165130615,0.7663551568984985,0.07914025625796053,0.06462183789594703,0.22175302668750588,0.12014705876093795,0.09183964835766868,0.24859683927272302,0.13230706751346588,0.14714175462722778,0.1596890091896057
43,\\srv-fs.ad.nudz.cz\BV_data\Brejtr\ActiveProjects\Microscopy\20251017\2_8_LITHIUM_3_Multichannel Z-Stack_20251017_43.vsi,2_8_LITHIUM_3_Multichannel Z-Stack_20251017_43.npy,\\srv-fs.ad.nudz.cz\BV_data\Brejtr\ActiveProjects\Microscopy\20251017\2_8_LITHIUM_3_Multichannel Z-Stack_20251017_43.vsi,324,ch2,0.29055964093982173,0.2596780463138326,,False,,0.5826513767242432,0.5306666493415833,0.6880733966827393,0.08085251682544,0.08942054774336762,0.2596780463138326,0.1249953856478936,0.12402814761349576,0.29055964093982173,0.11152523756027222,0.10568322241306305,0.13256613910198212
44,\\srv-fs.ad.nudz.cz\BV_data\Brejtr\ActiveProjects\Microscopy\20251017\2_8_LITHIUM_4_Multichannel Z-Stack_20251017_44.vsi,2_8_LITHIUM_4_Multichannel Z-Stack_20251017_44.npy,\\srv-fs.ad.nudz.cz\BV_data\Brejtr\ActiveProjects\Microscopy\20251017\2_8_LITHIUM_4_Multichannel Z-Stack_20251017_44.vsi,324,ch2,0.2925782713929761,0.2613994963942822,,False,,0.5844370722770691,0.6540145874023438,0.7064220309257507,0.08522207817463825,0.08803815132650662,0.2613994963942822,0.12639590368895923,0.12035818838835108,0.2925782713929761,0.11505971103906631,0.13446418941020966,0.13715697824954987
45,\\srv-fs.ad.nudz.cz\BV_data\Brejtr\ActiveProjects\Microscopy\20251017\2_8_LITHIUM_5_Multichannel Z-Stack_20251017_45.vsi,2_8_LITHIUM_5_Multichannel Z-Stack_20251017_45.npy,\\srv-fs.ad.nudz.cz\BV_data\Brejtr\ActiveProjects\Microscopy\20251017\2_8_LITHIUM_5_Multichannel Z-Stack_20251017_45.vsi,324,ch2,0.20263075599062325,0.17310118716303743,,False,,0.6792452931404114,0.7351694703102112,0.7278911471366882,0.07267427870232288,0.05963812783778656,0.17310118716303743,0.11488331521296272,0.08520768527819474,0.20263075599062325,0.138650581240654,0.15896062552928925,0.15262605249881744
46,\\srv-fs.ad.nudz.cz\BV_data\Brejtr\ActiveProjects\Microscopy\20251017\2_8_LITHIUM_6_Multichannel Z-Stack_20251017_46.vsi,2_8_LITHIUM_6_Multichannel Z-Stack_20251017_46.npy,\\srv-fs.ad.nudz.cz\BV_data\Brejtr\ActiveProjects\Microscopy\20251017\2_8_LITHIUM_6_Multichannel Z-Stack_20251017_46.vsi,324,ch2,0.2119029317768438,0.18442971853152382,,False,,0.6706689596176147,0.7170868515968323,0.7368420958518982,0.07544621582916518,0.0703087594267477,0.18442971853152382,0.11378042135388047,0.09324502250975955,0.2119029317768438,0.13504378497600555,0.14722184836864471,0.15052391588687897
47,\\srv-fs.ad.nudz.cz\BV_data\Brejtr\ActiveProjects\Microscopy\20251017\2_8_LITHIUM_7_Multichannel Z-Stack_20251017_47.vsi,2_8_LITHIUM_7_Multichannel Z-Stack_20251017_47.npy,\\srv-fs.ad.nudz.cz\BV_data\Brejtr\ActiveProjects\Microscopy\20251017\2_8_LITHIUM_7_Multichannel Z-Stack_20251017_47.vsi,324,ch2,0.2607994478427248,0.2286766776063001,,False,,0.6444805264472961,0.6383561491966248,0.7083333134651184,0.07451988118824725,0.08219578013666536,0.2286766776063001,0.11667560606226107,0.11357044596995078,0.2607994478427248,0.12660664319992065,0.12899957597255707,0.14124062657356262
48,\\srv-fs.ad.nudz.cz\BV_data\Brejtr\ActiveProjects\Microscopy\20251017\2_8_LITHIUM_8_Multichannel Z-Stack_20251017_48.vsi,2_8_LITHIUM_8_Multichannel Z-Stack_20251017_48.npy,\\srv-fs.ad.nudz.cz\BV_data\Brejtr\ActiveProjects\Microscopy\20251017\2_8_LITHIUM_8_Multichannel Z-Stack_20251017_48.vsi,324,ch2,0.22331371433756517,0.19176320011779516,,False,,0.6331210136413574,0.5921052694320679,0.6760563254356384,0.055185195228255865,0.07025690393451722,0.19176320011779516,0.09400990907552939,0.10623601710884892,0.22331371433756517,0.12166766077280045,0.11409573256969452,0.13060760498046875
49,\\srv-fs.ad.nudz.cz\BV_data\Brejtr\ActiveProjects\Microscopy\20251017\2_8_LITHIUM_9_Multichannel Z-Stack_20251017_49.vsi,2_8_LITHIUM_9_Multichannel Z-Stack_20251017_49.npy,\\srv-fs.ad.nudz.cz\BV_data\Brejtr\ActiveProjects\Microscopy\20251017\2_8_LITHIUM_9_Multichannel Z-Stack_20251017_49.vsi,324,ch2,0.20791871447295698,0.17716539707804793,,False,,0.6347032189369202,0.645652174949646,0.6979866027832031,0.06382847677262035,0.05945879807713029,0.17716539707804793,0.10410148584137618,0.08957675121819042,0.20791871447295698,0.12603101134300232,0.12913832068443298,0.13894003629684448
51,\\srv-fs.ad.nudz.cz\BV_data\Brejtr\ActiveProjects\Microscopy\20251030\2_2_PSI_3010_Multichannel Z-Stack_20251030_51.vsi,2_2_PSI_3010_Multichannel Z-Stack_20251030_51.npy,\\srv-fs.ad.nudz.cz\BV_data\Brejtr\ActiveProjects\Microscopy\20251030\2_2_PSI_3010_Multichannel Z-Stack_20251030_51.vsi,324,ch2,0.24230533242699015,0.20726192454270712,,False,,0.6684881448745728,0.65444016456604,0.7364341020584106,0.07553457651675438,0.06866882500865092,0.20726192454270712,0.12143052890386584,0.10782068737242333,0.24230533242699015,0.13112039864063263,0.12576036155223846,0.1510721892118454
52,\\srv-fs.ad.nudz.cz\BV_data\Brejtr\ActiveProjects\Microscopy\20251030\2_2_PSI_3010_Multichannel Z-Stack_20251030_52.vsi,2_2_PSI_3010_Multichannel Z-Stack_20251030_52.npy,\\srv-fs.ad.nudz.cz\BV_data\Brejtr\ActiveProjects\Microscopy\20251030\2_2_PSI_3010_Multichannel Z-Stack_20251030_52.vsi,324,ch2,0.20022643159723866,0.17032622895782326,,False,,0.7142857313156128,0.6546275615692139,0.7006802558898926,0.041020534439491226,0.05596311884837282,0.17032622895782326,0.0688358577809953,0.08341051011804775,0.20022643159723866,0.1205696389079094,0.126923069357872,0.14259465038776398
53,\\srv-fs.ad.nudz.cz\BV_data\Brejtr\ActiveProjects\Microscopy\20251030\2_2_PSI_30_10_3_Multichannel Z-Stack_20251030_53.vsi,2_2_PSI_30_10_3_Multichannel Z-Stack_20251030_53.npy,\\srv-fs.ad.nudz.cz\BV_data\Brejtr\ActiveProjects\Microscopy\20251030\2_2_PSI_30_10_3_Multichannel Z-Stack_20251030_53.vsi,324,ch2,0.2521091990838943,0.21582300689739903,,False,,0.5699114799499512,0.5677419304847717,0.6865671873092651,0.0726898350629307,0.09214318667418545,0.21582300689739903,0.11525039889478793,0.12201951409639122,0.2521091990838943,0.10668344795703888,0.11017502844333649,0.13764579594135284
54,\\srv-fs.ad.nudz.cz\BV_data\Brejtr\ActiveProjects\Microscopy\20251030\2_2_PSI_30_10_4_Multichannel Z-Stack_20251030_54.vsi,2_2_PSI_30_10_4_Multichannel Z-Stack_20251030_54.npy,\\srv-fs.ad.nudz.cz\BV_data\Brejtr\ActiveProjects\Microscopy\20251030\2_2_PSI_30_10_4_Multichannel Z-Stack_20251030_54.vsi,324,ch2,0.1737082618414739,0.14390542400856085,,False,,0.6396396160125732,0.6855670213699341,0.6586538553237915,0.06657649657755027,0.06990626233489598,0.14390542400856085,0.10907140727488672,0.0973687945912717,0.1737082618414739,0.12468531727790833,0.13798733055591583,0.13095805048942566
55,\\srv-fs.ad.nudz.cz\BV_data\Brejtr\ActiveProjects\Microscopy\20251030\2_2_PSI_30_10_5_Multichannel Z-Stack_20251030_55.vsi,2_2_PSI_30_10_5_Multichannel Z-Stack_20251030_55.npy,\\srv-fs.ad.nudz.cz\BV_data\Brejtr\ActiveProjects\Microscopy\20251030\2_2_PSI_30_10_5_Multichannel Z-Stack_20251030_55.vsi,324,ch2,0.16553946078185292,0.13653869875905866,,False,,0.7027379274368286,0.7552182078361511,0.72826087474823,0.05964810857043616,0.04874878078908872,0.13653869875905866,0.10093591349588718,0.07500596072305497,0.16553946078185292,0.1458645612001419,0.16120532155036926,0.1564890295267105
56,\\srv-fs.ad.nudz.cz\BV_data\Brejtr\ActiveProjects\Microscopy\20251030\2_3_PSYHARMIN_10_Multichannel Z-Stack_20251030_75.vsi,2_3_PSYHARMIN_10_Multichannel Z-Stack_20251030_75.npy,\\srv-fs.ad.nudz.cz\BV_data\Brejtr\ActiveProjects\Microscopy\20251030\2_3_PSYHARMIN_10_Multichannel Z-Stack_20251030_75.vsi,324,ch2,0.22114173140792784,0.1912875124249805,,False,,0.6626916527748108,0.6944444179534912,0.6888889074325562,0.06902217183152612,0.06971690909545283,0.1912875124249805,0.11043404024334348,0.1024751564604987,0.22114173140792784,0.13364410400390625,0.13685855269432068,0.1393975019454956
57,\\srv-fs.ad.nudz.cz\BV_data\Brejtr\ActiveProjects\Microscopy\20251030\2_3_PSYHARMIN_1_Multichannel Z-Stack_20251030_66.vsi,2_3_PSYHARMIN_1_Multichannel Z-Stack_20251030_66.npy,\\srv-fs.ad.nudz.cz\BV_data\Brejtr\ActiveProjects\Microscopy\20251030\2_3_PSYHARMIN_1_Multichannel Z-Stack_20251030_66.vsi,324,ch2,0.15960099812582249,0.13379103423787436,,False,,0.6877828240394592,0.7177121639251709,0.7209302186965942,0.047405107759688966,0.04623468537165881,0.13379103423787436,0.08210654066308584,0.07272583756716292,0.15960099812582249,0.14194130897521973,0.1473322957754135,0.1499691605567932
58,\\srv-fs.ad.nudz.cz\BV_data\Brejtr\ActiveProjects\Microscopy\20251030\2_3_PSYHARMIN_2_Multichannel Z-Stack_20251030_67.vsi,2_3_PSYHARMIN_2_Multichannel Z-Stack_20251030_67.npy,\\srv-fs.ad.nudz.cz\BV_data\Brejtr\ActiveProjects\Microscopy\20251030\2_3_PSYHARMIN_2_Multichannel Z-Stack_20251030_67.vsi,324,ch2,0.1968952522154917,0.16705346146061273,,False,,0.6884816884994507,0.7058823704719543,0.7083333134651184,0.053576229917306206,0.06055811921727677,0.16705346146061273,0.09147500627320675,0.09140154652337548,0.1968952522154917,0.1406497210264206,0.14481627941131592,0.15069551765918732
59,\\srv-fs.ad.nudz.cz\BV_data\Brejtr\ActiveProjects\Microscopy\20251030\2_3_PSYHARMIN_3_Multichannel Z-Stack_20251030_68.vsi,2_3_PSYHARMIN_3_Multichannel Z-Stack_20251030_68.npy,\\srv-fs.ad.nudz.cz\BV_data\Brejtr\ActiveProjects\Microscopy\20251030\2_3_PSYHARMIN_3_Multichannel Z-Stack_20251030_68.vsi,324,ch2,0.18659990099743054,0.15981137369478893,,False,,0.6490797400474548,0.6607669591903687,0.6580645442008972,0.0472989232251468,0.07026905724163238,0.15981137369478893,0.0846179752511514,0.09933467122965335,0.18659990099743054,0.12789200246334076,0.13133418560028076,0.13011124730110168
60,\\srv-fs.ad.nudz.cz\BV_data\Brejtr\ActiveProjects\Microscopy\20251030\2_3_PSYHARMIN_4_Multichannel Z-Stack_20251030_69.vsi,2_3_PSYHARMIN_4_Multichannel Z-Stack_20251030_69.npy,\\srv-fs.ad.nudz.cz\BV_data\Brejtr\ActiveProjects\Microscopy\20251030\2_3_PSYHARMIN_4_Multichannel Z-Stack_20251030_69.vsi,324,ch2,0.17108563589388567,0.14503899250248217,,False,,0.5979021191596985,0.6343114972114563,0.6727272868156433,0.04912735909854661,0.0537641690517889,0.14503899250248217,0.08682248522422308,0.0787980994351185,0.17108563589388567,0.11626474559307098,0.12284175306558609,0.13442349433898926
61,\\srv-fs.ad.nudz.cz\BV_data\Brejtr\ActiveProjects\Microscopy\20251030\2_3_PSYHARMIN_5_Multichannel Z-Stack_20251030_70.vsi,2_3_PSYHARMIN_5_Multichannel Z-Stack_20251030_70.npy,\\srv-fs.ad.nudz.cz\BV_data\Brejtr\ActiveProjects\Microscopy\20251030\2_3_PSYHARMIN_5_Multichannel Z-Stack_20251030_70.vsi,324,ch2,0.17996038195225117,0.15172341151150798,,False,,0.7019354701042175,0.7177242636680603,0.7320261597633362,0.05186372810063172,0.05492415538081624,0.15172341151150798,0.08741974440543698,0.08325118286425877,0.17996038195225117,0.14641746878623962,0.1507185846567154,0.15400853753089905
62,\\srv-fs.ad.nudz.cz\BV_data\Brejtr\ActiveProjects\Microscopy\20251030\2_3_PSYHARMIN_6_Multichannel Z-Stack_20251030_71.vsi,2_3_PSYHARMIN_6_Multichannel Z-Stack_20251030_71.npy,\\srv-fs.ad.nudz.cz\BV_data\Brejtr\ActiveProjects\Microscopy\20251030\2_3_PSYHARMIN_6_Multichannel Z-Stack_20251030_71.vsi,324,ch2,0.20862777142800026,0.17866814445055415,,False,,0.6515679359436035,0.7056567668914795,0.7313432693481445,0.05129205040682872,0.05288215211679531,0.17866814445055415,0.08630485196369926,0.08376189329609096,0.20862777142800026,0.13584956526756287,0.14540280401706696,0.15564386546611786
63,\\srv-fs.ad.nudz.cz\BV_data\Brejtr\ActiveProjects\Microscopy\20251030\2_3_PSYHARMIN_7_Multichannel Z-Stack_20251030_72.vsi,2_3_PSYHARMIN_7_Multichannel Z-Stack_20251030_72.npy,\\srv-fs.ad.nudz.cz\BV_data\Brejtr\ActiveProjects\Microscopy\20251030\2_3_PSYHARMIN_7_Multichannel Z-Stack_20251030_72.vsi,324,ch2,0.17165737437631998,0.14935014162265633,,False,,0.6473755240440369,0.7326202988624573,0.7103448510169983,0.04495132501463624,0.050827506578260385,0.14935014162265633,0.07540632948868935,0.07211337949057689,0.17165737437631998,0.130453422665596,0.15164361894130707,0.14385706186294556
64,\\srv-fs.ad.nudz.cz\BV_data\Brejtr\ActiveProjects\Microscopy\20251030\2_3_PSYHARMIN_8_Multichannel Z-Stack_20251030_73.vsi,2_3_PSYHARMIN_8_Multichannel Z-Stack_20251030_73.npy,\\srv-fs.ad.nudz.cz\BV_data\Brejtr\ActiveProjects\Microscopy\20251030\2_3_PSYHARMIN_8_Multichannel Z-Stack_20251030_73.vsi,324,ch2,0.19654828518847764,0.17013801624182398,,False,,0.6120218634605408,0.6242774724960327,0.6666666865348816,0.04718541433973517,0.07192769657755375,0.17013801624182398,0.08123541481548709,0.1029162519602079,0.19654828518847764,0.11505535989999771,0.11741393059492111,0.12720006704330444
65,\\srv-fs.ad.nudz.cz\BV_data\Brejtr\ActiveProjects\Microscopy\20251030\2_3_PSYHARMIN_9_Multichannel Z-Stack_20251030_74.vsi,2_3_PSYHARMIN_9_Multichannel Z-Stack_20251030_74.npy,\\srv-fs.ad.nudz.cz\BV_data\Brejtr\ActiveProjects\Microscopy\20251030\2_3_PSYHARMIN_9_Multichannel Z-Stack_20251030_74.vsi,324,ch2,0.21066162716127082,0.17991506056722076,,False,,0.7198697328567505,0.7412280440330505,0.7291666865348816,0.06873448941333025,0.06349650053875718,0.17991506056722076,0.10646993022966486,0.09309996862433045,0.21066162716127082,0.14925800263881683,0.15536466240882874,0.1559360921382904
66,\\srv-fs.ad.nudz.cz\BV_data\Brejtr\ActiveProjects\Microscopy\20251030\2_3_PSY_10_Multichannel Z-Stack_20251030_65.vsi,2_3_PSY_10_Multichannel Z-Stack_20251030_65.npy,\\srv-fs.ad.nudz.cz\BV_data\Brejtr\ActiveProjects\Microscopy\20251030\2_3_PSY_10_Multichannel Z-Stack_20251030_65.vsi,324,ch2,0.1983490185063299,0.16532978312055915,,False,,0.6467598676681519,0.6525735259056091,0.658682644367218,0.0567405415454645,0.05938946846399889,0.16532978312055915,0.09972205919113285,0.10029192439506353,0.1983490185063299,0.12716005742549896,0.12503664195537567,0.13273818790912628
67,\\srv-fs.ad.nudz.cz\BV_data\Brejtr\ActiveProjects\Microscopy\20251030\2_3_PSY_1_Multichannel Z-Stack_20251030_56.vsi,2_3_PSY_1_Multichannel Z-Stack_20251030_56.npy,\\srv-fs.ad.nudz.cz\BV_data\Brejtr\ActiveProjects\Microscopy\20251030\2_3_PSY_1_Multichannel Z-Stack_20251030_56.vsi,324,ch2,0.16716894958238826,0.1364184952484205,,False,,0.6573208570480347,0.6433022022247314,0.6449999809265137,0.056857083482148074,0.05692617440193617,0.1364184952484205,0.10068433023235218,0.09933619447355808,0.16716894958238826,0.13164472579956055,0.12672248482704163,0.12893390655517578
68,\\srv-fs.ad.nudz.cz\BV_data\Brejtr\ActiveProjects\Microscopy\20251030\2_3_PSY_2_Multichannel Z-Stack_20251030_57.vsi,2_3_PSY_2_Multichannel Z-Stack_20251030_57.npy,\\srv-fs.ad.nudz.cz\BV_data\Brejtr\ActiveProjects\Microscopy\20251030\2_3_PSY_2_Multichannel Z-Stack_20251030_57.vsi,324,ch2,0.20205370013074544,0.17093917584270377,,False,,0.634678304195404,0.6348921060562134,0.6397515535354614,0.05553860590432188,0.06084295498886252,0.17093917584270377,0.10067661693257796,0.1035532944865636,0.20205370013074544,0.12516123056411743,0.12186376005411148,0.12752334773540497
69,\\srv-fs.ad.nudz.cz\BV_data\Brejtr\ActiveProjects\Microscopy\20251030\2_3_PSY_3_Multichannel Z-Stack_20251030_58.vsi,2_3_PSY_3_Multichannel Z-Stack_20251030_58.npy,\\srv-fs.ad.nudz.cz\BV_data\Brejtr\ActiveProjects\Microscopy\20251030\2_3_PSY_3_Multichannel Z-Stack_20251030_58.vsi,324,ch2,0.16531247434063692,0.1365064653841976,,False,,0.6196078658103943,0.609717845916748,0.6857143044471741,0.04944087295709058,0.04926349675239117,0.1365064653841976,0.09030952962802755,0.08610921806221057,0.16531247434063692,0.12172587215900421,0.11949652433395386,0.13951174914836884
70,\\srv-fs.ad.nudz.cz\BV_data\Brejtr\ActiveProjects\Microscopy\20251030\2_3_PSY_4_Multichannel Z-Stack_20251030_59.vsi,2_3_PSY_4_Multichannel Z-Stack_20251030_59.npy,\\srv-fs.ad.nudz.cz\BV_data\Brejtr\ActiveProjects\Microscopy\20251030\2_3_PSY_4_Multichannel Z-Stack_20251030_59.vsi,324,ch2,0.23049480892103816,0.20448674085332635,,False,,0.6179245114326477,0.6261808276176453,0.707317054271698,0.053996416586599844,0.0647084275053269,0.20448674085332635,0.08962708554813931,0.0937512683155851,0.23049480892103816,0.12003418803215027,0.12128034234046936,0.13900263607501984
71,\\srv-fs.ad.nudz.cz\BV_data\Brejtr\ActiveProjects\Microscopy\20251030\2_3_PSY_5_Multichannel Z-Stack_20251030_60.vsi,2_3_PSY_5_Multichannel Z-Stack_20251030_60.npy,\\srv-fs.ad.nudz.cz\BV_data\Brejtr\ActiveProjects\Microscopy\20251030\2_3_PSY_5_Multichannel Z-Stack_20251030_60.vsi,324,ch2,0.17123908494864443,0.14001547614495208,,False,,0.6539961099624634,0.6230401992797852,0.6777777671813965,0.05047863602281213,0.04959738167645985,0.14001547614495208,0.09115909887945578,0.08761479844701973,0.17123908494864443,0.1271098554134369,0.1188541054725647,0.1350044161081314
72,\\srv-fs.ad.nudz.cz\BV_data\Brejtr\ActiveProjects\Microscopy\20251030\2_3_PSY_6_Multichannel Z-Stack_20251030_61.vsi,2_3_PSY_6_Multichannel Z-Stack_20251030_61.npy,\\srv-fs.ad.nudz.cz\BV_data\Brejtr\ActiveProjects\Microscopy\20251030\2_3_PSY_6_Multichannel Z-Stack_20251030_61.vsi,324,ch2,0.19830316037496712,0.1667647558738507,,False,,0.6189516186714172,0.6231883764266968,0.6993464231491089,0.05395057237750348,0.0571783868104657,0.1667647558738507,0.09619126202978052,0.09144819432650308,0.19830316037496712,0.11948825418949127,0.12024246901273727,0.13888399302959442
73,\\srv-fs.ad.nudz.cz\BV_data\Brejtr\ActiveProjects\Microscopy\20251030\2_3_PSY_6_Multichannel Z-Stack_20251030_62.vsi,2_3_PSY_6_Multichannel Z-Stack_20251030_62.npy,\\srv-fs.ad.nudz.cz\BV_data\Brejtr\ActiveProjects\Microscopy\20251030\2_3_PSY_6_Multichannel Z-Stack_20251030_62.vsi,324,ch2,0.20154725278298224,0.16904574851197052,,False,,0.653292179107666,0.6231883764266968,0.6772152185440063,0.05366707494079169,0.0622742269385341,0.16904574851197052,0.09489731102805515,0.10205631990919226,0.20154725278298224,0.12673704326152802,0.11924988031387329,0.13539600372314453
74,\\srv-fs.ad.nudz.cz\BV_data\Brejtr\ActiveProjects\Microscopy\20251030\2_3_PSY_8_Multichannel Z-Stack_20251030_63.vsi,2_3_PSY_8_Multichannel Z-Stack_20251030_63.npy,\\srv-fs.ad.nudz.cz\BV_data\Brejtr\ActiveProjects\Microscopy\20251030\2_3_PSY_8_Multichannel Z-Stack_20251030_63.vsi,324,ch2,0.23964810586844085,0.20762639247832315,,False,,0.6013333201408386,0.5835240483283997,0.6567164063453674,0.05594074045670764,0.06881302461266513,0.20762639247832315,0.09712643283548493,0.10893219105987163,0.23964810586844085,0.11470330506563187,0.10826700925827026,0.12404651194810867
75,\\srv-fs.ad.nudz.cz\BV_data\Brejtr\ActiveProjects\Microscopy\20251030\2_3_PSY_9_Multichannel Z-Stack_20251030_64.vsi,2_3_PSY_9_Multichannel Z-Stack_20251030_64.npy,\\srv-fs.ad.nudz.cz\BV_data\Brejtr\ActiveProjects\Microscopy\20251030\2_3_PSY_9_Multichannel Z-Stack_20251030_64.vsi,324,ch2,0.12797058237459893,0.09727637511160402,,False,,0.6312659382820129,0.6247190833091736,0.7078651785850525,0.03600219425853568,0.04249237963259164,0.09727637511160402,0.07341188530991764,0.07997321771340972,0.12797058237459893,0.12209022045135498,0.12107827514410019,0.1393379122018814
76,\\srv-fs.ad.nudz.cz\BV_data\Brejtr\ActiveProjects\Microscopy\20251030\2_4_NORPSIHARMIN_10_Multichannel Z-Stack_20251030_95.vsi,2_4_NORPSIHARMIN_10_Multichannel Z-Stack_20251030_95.npy,\\srv-fs.ad.nudz.cz\BV_data\Brejtr\ActiveProjects\Microscopy\20251030\2_4_NORPSIHARMIN_10_Multichannel Z-Stack_20251030_95.vsi,324,ch2,0.17652877623417804,0.1507844083662016,,False,,0.6013244986534119,0.5527272820472717,0.6280487775802612,0.04789951479541688,0.05065911886141365,0.1507844083662016,0.0798217410655091,0.08462569250858719,0.17652877623417804,0.11402183026075363,0.10453278571367264,0.12141631543636322
77,\\srv-fs.ad.nudz.cz\BV_data\Brejtr\ActiveProjects\Microscopy\20251030\2_4_NORPSIHARMIN_1_Multichannel Z-Stack_20251030_86.vsi,2_4_NORPSIHARMIN_1_Multichannel Z-Stack_20251030_86.npy,\\srv-fs.ad.nudz.cz\BV_data\Brejtr\ActiveProjects\Microscopy\20251030\2_4_NORPSIHARMIN_1_Multichannel Z-Stack_20251030_86.vsi,324,ch2,0.17687137559317267,0.1474765049857459,,False,,0.6187291145324707,0.6110124588012695,0.6545454263687134,0.046263535682390285,0.04837169130348229,0.1474765049857459,0.08415611571051444,0.08296150601200374,0.17687137559317267,0.12383893132209778,0.12067878991365433,0.13164807856082916
78,\\srv-fs.ad.nudz.cz\BV_data\Brejtr\ActiveProjects\Microscopy\20251030\2_4_NORPSIHARMIN_2_Multichannel Z-Stack_20251030_87.vsi,2_4_NORPSIHARMIN_2_Multichannel Z-Stack_20251030_87.npy,\\srv-fs.ad.nudz.cz\BV_data\Brejtr\ActiveProjects\Microscopy\20251030\2_4_NORPSIHARMIN_2_Multichannel Z-Stack_20251030_87.vsi,324,ch2,0.2069051427054861,0.17383362742407846,,False,,0.6139657497406006,0.6020408272743225,0.6601307392120361,0.05310302120908383,0.057703054765725216,0.17383362742407846,0.09358633693117578,0.09477908339764296,0.2069051427054861,0.11999092251062393,0.11426018178462982,0.1308073103427887
79,\\srv-fs.ad.nudz.cz\BV_data\Brejtr\ActiveProjects\Microscopy\20251030\2_4_NORPSIHARMIN_3_Multichannel Z-Stack_20251030_88.vsi,2_4_NORPSIHARMIN_3_Multichannel Z-Stack_20251030_88.npy,\\srv-fs.ad.nudz.cz\BV_data\Brejtr\ActiveProjects\Microscopy\20251030\2_4_NORPSIHARMIN_3_Multichannel Z-Stack_20251030_88.vsi,324,ch2,0.1252755250317015,0.10175888048753816,,False,,0.6774541735649109,0.6601208448410034,0.6157024502754211,0.045264098417090615,0.041895513465662726,0.10175888048753816,0.07902433354489538,0.07273393456175091,0.1252755250317015,0.13719871640205383,0.13175112009048462,0.12328574806451797
80,\\srv-fs.ad.nudz.cz\BV_data\Brejtr\ActiveProjects\Microscopy\20251030\2_4_NORPSIHARMIN_4_Multichannel Z-Stack_20251030_89.vsi,2_4_NORPSIHARMIN_4_Multichannel Z-Stack_20251030_89.npy,\\srv-fs.ad.nudz.cz\BV_data\Brejtr\ActiveProjects\Microscopy\20251030\2_4_NORPSIHARMIN_4_Multichannel Z-Stack_20251030_89.vsi,324,ch2,0.15980612846854136,0.13374501707350517,,False,,0.6336302757263184,0.6458333134651184,0.6842105388641357,0.04830489778234995,0.053538132540057105,0.13374501707350517,0.08455810314167861,0.08619495944611373,0.15980612846854136,0.1256178915500641,0.12778708338737488,0.13328136503696442
81,\\srv-fs.ad.nudz.cz\BV_data\Brejtr\ActiveProjects\Microscopy\20251030\2_4_NORPSIHARMIN_5_Multichannel Z-Stack_20251030_90.vsi,2_4_NORPSIHARMIN_5_Multichannel Z-Stack_20251030_90.npy,\\srv-fs.ad.nudz.cz\BV_data\Brejtr\ActiveProjects\Microscopy\20251030\2_4_NORPSIHARMIN_5_Multichannel Z-Stack_20251030_90.vsi,324,ch2,0.17585998498792763,0.14714400571405006,,False,,0.6558533310890198,0.6521739363670349,0.6727272868156433,0.0593184415979849,0.054188723461227835,0.14714400571405006,0.09946689827777881,0.08980261333035629,0.17585998498792763,0.1322953999042511,0.12747830152511597,0.1378713846206665
82,\\srv-fs.ad.nudz.cz\BV_data\Brejtr\ActiveProjects\Microscopy\20251030\2_4_NORPSIHARMIN_6_Multichannel Z-Stack_20251030_91.vsi,2_4_NORPSIHARMIN_6_Multichannel Z-Stack_20251030_91.npy,\\srv-fs.ad.nudz.cz\BV_data\Brejtr\ActiveProjects\Microscopy\20251030\2_4_NORPSIHARMIN_6_Multichannel Z-Stack_20251030_91.vsi,324,ch2,0.19530083912207885,0.1629742779170362,,False,,0.6820651888847351,0.706281840801239,0.6491228342056274,0.05952278614399744,0.054139808175883444,0.1629742779170362,0.09888360335455768,0.09183927202188817,0.19530083912207885,0.13796143233776093,0.14339855313301086,0.1353820264339447
83,\\srv-fs.ad.nudz.cz\BV_data\Brejtr\ActiveProjects\Microscopy\20251030\2_4_NORPSIHARMIN_7_Multichannel Z-Stack_20251030_92.vsi,2_4_NORPSIHARMIN_7_Multichannel Z-Stack_20251030_92.npy,\\srv-fs.ad.nudz.cz\BV_data\Brejtr\ActiveProjects\Microscopy\20251030\2_4_NORPSIHARMIN_7_Multichannel Z-Stack_20251030_92.vsi,324,ch2,0.18413685337324637,0.15762612564226638,,False,,0.663739025592804,0.6570248007774353,0.6800000071525574,0.04901161966716518,0.053736219209181035,0.15762612564226638,0.08234567595047786,0.08576266346123389,0.18413685337324637,0.1336255818605423,0.1301356554031372,0.13635385036468506
84,\\srv-fs.ad.nudz.cz\BV_data\Brejtr\ActiveProjects\Microscopy\20251030\2_4_NORPSIHARMIN_8_Multichannel Z-Stack_20251030_93.vsi,2_4_NORPSIHARMIN_8_Multichannel Z-Stack_20251030_93.npy,\\srv-fs.ad.nudz.cz\BV_data\Brejtr\ActiveProjects\Microscopy\20251030\2_4_NORPSIHARMIN_8_Multichannel Z-Stack_20251030_93.vsi,324,ch2,0.1690366632836106,0.14313514398078855,,False,,0.6645408272743225,0.6016096472740173,0.5967742204666138,0.047640808868080295,0.056069814210645635,0.14313514398078855,0.07927175275328953,0.09071759791278293,0.1690366632836106,0.1294996589422226,0.11458218842744827,0.11617472767829895
85,\\srv-fs.ad.nudz.cz\BV_data\Brejtr\ActiveProjects\Microscopy\20251030\2_4_NORPSIHARMIN_9_Multichannel Z-Stack_20251030_94.vsi,2_4_NORPSIHARMIN_9_Multichannel Z-Stack_20251030_94.npy,\\srv-fs.ad.nudz.cz\BV_data\Brejtr\ActiveProjects\Microscopy\20251030\2_4_NORPSIHARMIN_9_Multichannel Z-Stack_20251030_94.vsi,324,ch2,0.17632447144193783,0.14840388927155587,,False,,0.661784291267395,0.6721014380455017,0.6766467094421387,0.05219939346873476,0.04610085105636933,0.14840388927155587,0.08627937234412274,0.074618407966937,0.17632447144193783,0.13530781865119934,0.13826394081115723,0.1399821639060974
86,\\srv-fs.ad.nudz.cz\BV_data\Brejtr\ActiveProjects\Microscopy\20251030\2_4_NORPSI_10_Multichannel Z-Stack_20251030_85.vsi,2_4_NORPSI_10_Multichannel Z-Stack_20251030_85.npy,\\srv-fs.ad.nudz.cz\BV_data\Brejtr\ActiveProjects\Microscopy\20251030\2_4_NORPSI_10_Multichannel Z-Stack_20251030_85.vsi,324,ch2,0.23246006026454236,0.20331728765261933,,False,,0.6008230447769165,0.6000000238418579,0.6976743936538696,0.05173012911095319,0.052368896436730115,0.20331728765261933,0.09007262401143075,0.08444641633919676,0.23246006026454236,0.1142895296216011,0.11476193368434906,0.13682645559310913
87,\\srv-fs.ad.nudz.cz\BV_data\Brejtr\ActiveProjects\Microscopy\20251030\2_4_NORPSI_1_Multichannel Z-Stack_20251030_76.vsi,2_4_NORPSI_1_Multichannel Z-Stack_20251030_76.npy,\\srv-fs.ad.nudz.cz\BV_data\Brejtr\ActiveProjects\Microscopy\20251030\2_4_NORPSI_1_Multichannel Z-Stack_20251030_76.vsi,324,ch2,0.20468019756246328,0.1766197580032476,,False,,0.6251729130744934,0.6472080945968628,0.6000000238418579,0.05914305216493809,0.06842657082677284,0.1766197580032476,0.09842882655427125,0.09562580664283,0.20468019756246328,0.12443741410970688,0.13146258890628815,0.12143611907958984
88,\\srv-fs.ad.nudz.cz\BV_data\Brejtr\ActiveProjects\Microscopy\20251030\2_4_NORPSI_2_Multichannel Z-Stack_20251030_77.vsi,2_4_NORPSI_2_Multichannel Z-Stack_20251030_77.npy,\\srv-fs.ad.nudz.cz\BV_data\Brejtr\ActiveProjects\Microscopy\20251030\2_4_NORPSI_2_Multichannel Z-Stack_20251030_77.vsi,324,ch2,0.22863367783877822,0.19231142365312304,,False,,0.6600984930992126,0.6429906487464905,0.7027027010917664,0.06662798180083858,0.06607307682467733,0.19231142365312304,0.10687002883180506,0.10517993562598328,0.22863367783877822,0.1305147260427475,0.12810395658016205,0.1437934786081314
89,\\srv-fs.ad.nudz.cz\BV_data\Brejtr\ActiveProjects\Microscopy\20251030\2_4_NORPSI_3_Multichannel Z-Stack_20251030_78.vsi,2_4_NORPSI_3_Multichannel Z-Stack_20251030_78.npy,\\srv-fs.ad.nudz.cz\BV_data\Brejtr\ActiveProjects\Microscopy\20251030\2_4_NORPSI_3_Multichannel Z-Stack_20251030_78.vsi,324,ch2,0.20255241525981996,0.17268735608383923,,False,,0.6858974099159241,0.6880131363868713,0.7361111044883728,0.07000877277591835,0.05317990367205251,0.17268735608383923,0.11219214578145603,0.08853525498326048,0.20255241525981996,0.1387936770915985,0.14044854044914246,0.15058813989162445
90,\\srv-fs.ad.nudz.cz\BV_data\Brejtr\ActiveProjects\Microscopy\20251030\2_4_NORPSI_4_Multichannel Z-Stack_20251030_79.vsi,2_4_NORPSI_4_Multichannel Z-Stack_20251030_79.npy,\\srv-fs.ad.nudz.cz\BV_data\Brejtr\ActiveProjects\Microscopy\20251030\2_4_NORPSI_4_Multichannel Z-Stack_20251030_79.vsi,324,ch2,0.2725385037435252,0.24202659227920809,,False,,0.6147403717041016,0.5512605309486389,0.6842105388641357,0.06501262492261191,0.0597906003049309,0.24202659227920809,0.10713495676617067,0.10267854117578495,0.2725385037435252,0.117117740213871,0.10485480725765228,0.13045476377010345
91,\\srv-fs.ad.nudz.cz\BV_data\Brejtr\ActiveProjects\Microscopy\20251030\2_4_NORPSI_5_Multichannel Z-Stack_20251030_80.vsi,2_4_NORPSI_5_Multichannel Z-Stack_20251030_80.npy,\\srv-fs.ad.nudz.cz\BV_data\Brejtr\ActiveProjects\Microscopy\20251030\2_4_NORPSI_5_Multichannel Z-Stack_20251030_80.vsi,324,ch2,0.2019375221847285,0.16834567163349565,,False,,0.6244784593582153,0.5552367568016052,0.718120813369751,0.0641660571467941,0.05481679560890117,0.16834567163349565,0.10623846843720422,0.0977141210155516,0.2019375221847285,0.12094911187887192,0.10775680840015411,0.1433505415916443
92,\\srv-fs.ad.nudz.cz\BV_data\Brejtr\ActiveProjects\Microscopy\20251030\2_4_NORPSI_6_Multichannel Z-Stack_20251030_81.vsi,2_4_NORPSI_6_Multichannel Z-Stack_20251030_81.npy,\\srv-fs.ad.nudz.cz\BV_data\Brejtr\ActiveProjects\Microscopy\20251030\2_4_NORPSI_6_Multichannel Z-Stack_20251030_81.vsi,324,ch2,0.23570795385809784,0.20135921146422878,,False,,0.5506003499031067,0.45338982343673706,0.6293706297874451,0.07023591387321158,0.0722911570913508,0.20135921146422878,0.11051056053727086,0.11221256738140056,0.23570795385809784,0.10351648181676865,0.08869967609643936,0.11973996460437775
93,\\srv-fs.ad.nudz.cz\BV_data\Brejtr\ActiveProjects\Microscopy\20251030\2_4_NORPSI_7_Multichannel Z-Stack_20251030_82.vsi,2_4_NORPSI_7_Multichannel Z-Stack_20251030_82.npy,\\srv-fs.ad.nudz.cz\BV_data\Brejtr\ActiveProjects\Microscopy\20251030\2_4_NORPSI_7_Multichannel Z-Stack_20251030_82.vsi,324,ch2,0.11570510680573905,0.08491666512489977,,False,,0.5673491358757019,0.515225350856781,0.5,0.04171065144042468,0.04978255512037116,0.08491666512489977,0.08447291307982943,0.09052472091697977,0.11570510680573905,0.10806119441986084,0.09875070303678513,0.10118592530488968
94,\\srv-fs.ad.nudz.cz\BV_data\Brejtr\ActiveProjects\Microscopy\20251030\2_4_NORPSI_8_Multichannel Z-Stack_20251030_83.vsi,2_4_NORPSI_8_Multichannel Z-Stack_20251030_83.npy,\\srv-fs.ad.nudz.cz\BV_data\Brejtr\ActiveProjects\Microscopy\20251030\2_4_NORPSI_8_Multichannel Z-Stack_20251030_83.vsi,324,ch2,0.09256425501229651,0.06376447556146404,,False,,0.5790003538131714,0.5376246571540833,0.6901041865348816,0.03659246145391577,0.03964490874262583,0.06376447556146404,0.07746147334528888,0.07673829890290645,0.09256425501229651,0.11339758336544037,0.1068071648478508,0.1327170431613922
95,\\srv-fs.ad.nudz.cz\BV_data\Brejtr\ActiveProjects\Microscopy\20251030\2_4_NORPSI_9_Multichannel Z-Stack_20251030_84.vsi,2_4_NORPSI_9_Multichannel Z-Stack_20251030_84.npy,\\srv-fs.ad.nudz.cz\BV_data\Brejtr\ActiveProjects\Microscopy\20251030\2_4_NORPSI_9_Multichannel Z-Stack_20251030_84.vsi,324,ch2,0.2206649786186043,0.18553007123170268,,False,,0.6757764220237732,0.6740740537643433,0.7172414064407349,0.06416865345383081,0.06646644959884199,0.18553007123170268,0.10697749544826426,0.10771776066861317,0.2206649786186043,0.13556893169879913,0.13527759909629822,0.14821554720401764
96,\\srv-fs.ad.nudz.cz\BV_data\Brejtr\ActiveProjects\Microscopy\20251030\2_5_BAEOHARMIN_10_Multichannel Z-Stack_20251030_117.vsi,2_5_BAEOHARMIN_10_Multichannel Z-Stack_20251030_117.npy,\\srv-fs.ad.nudz.cz\BV_data\Brejtr\ActiveProjects\Microscopy\20251030\2_5_BAEOHARMIN_10_Multichannel Z-Stack_20251030_117.vsi,324,ch2,0.19099433738391836,0.165497871747708,,False,,0.6604361534118652,0.6509009003639221,0.7372262477874756,0.05356883563559501,0.05774347493709364,0.165497871747708,0.08834100040667482,0.08745483895632188,0.19099433738391836,0.129225954413414,0.13262248039245605,0.14978152513504028
97,\\srv-fs.ad.nudz.cz\BV_data\Brejtr\ActiveProjects\Microscopy\20251030\2_5_BAEOHARMIN_1_Multichannel Z-Stack_20251030_107.vsi,2_5_BAEOHARMIN_1_Multichannel Z-Stack_20251030_107.npy,\\srv-fs.ad.nudz.cz\BV_data\Brejtr\ActiveProjects\Microscopy\20251030\2_5_BAEOHARMIN_1_Multichannel Z-Stack_20251030_107.vsi,324,ch2,0.22098602728113753,0.1852150502672308,,False,,0.6456558704376221,0.6506849527359009,0.6967741847038269,0.06359711547046897,0.074285400892686,0.1852150502672308,0.10339582208912954,0.11168266194132748,0.22098602728113753,0.12667956948280334,0.12846234440803528,0.14180874824523926
98,\\srv-fs.ad.nudz.cz\BV_data\Brejtr\ActiveProjects\Microscopy\20251030\2_5_BAEOHARMIN_1_Multichannel Z-Stack_20251030_108.vsi,2_5_BAEOHARMIN_1_Multichannel Z-Stack_20251030_108.npy,\\srv-fs.ad.nudz.cz\BV_data\Brejtr\ActiveProjects\Microscopy\20251030\2_5_BAEOHARMIN_1_Multichannel Z-Stack_20251030_108.vsi,324,ch2,0.20924621076205915,0.17794950949307708,,False,,0.6457725763320923,0.6548672318458557,0.6907894611358643,0.057853314808785215,0.06567783484869852,0.17794950949307708,0.1012387216076474,0.10184121926173724,0.20924621076205915,0.12616465985774994,0.12920939922332764,0.1394667774438858
99,\\srv-fs.ad.nudz.cz\BV_data\Brejtr\ActiveProjects\Microscopy\20251030\2_5_BAEOHARMIN_2_Multichannel Z-Stack_20251030_109.vsi,2_5_BAEOHARMIN_2_Multichannel Z-Stack_20251030_109.npy,\\srv-fs.ad.nudz.cz\BV_data\Brejtr\ActiveProjects\Microscopy\20251030\2_5_BAEOHARMIN_2_Multichannel Z-Stack_20251030_109.vsi,324,ch2,0.19456697892561767,0.16696444415868936,,False,,0.6251830458641052,0.5953237414360046,0.6513158082962036,0.052135565933464814,0.05181242517446771,0.16696444415868936,0.09120624177613551,0.09125381362167531,0.19456697892561767,0.12089020013809204,0.11117714643478394,0.1250520497560501
100,\\srv-fs.ad.nudz.cz\BV_data\Brejtr\ActiveProjects\Microscopy\20251030\2_5_BAEOHARMIN_3_Multichannel Z-Stack_20251030_110.vsi,2_5_BAEOHARMIN_3_Multichannel Z-Stack_20251030_110.npy,\\srv-fs.ad.nudz.cz\BV_data\Brejtr\ActiveProjects\Microscopy\20251030\2_5_BAEOHARMIN_3_Multichannel Z-Stack_20251030_110.vsi,324,ch2,0.21612810737258245,0.1839853326209841,,False,,0.6591478586196899,0.6316964030265808,0.6934306621551514,0.04921844718671803,0.06540230146317279,0.1839853326209841,0.08939376850613186,0.10655826984841116,0.21612810737258245,0.12899120151996613,0.11867876350879669,0.13741223514080048
101,\\srv-fs.ad.nudz.cz\BV_data\Brejtr\ActiveProjects\Microscopy\20251030\2_5_BAEOHARMIN_4_Multichannel Z-Stack_20251030_111.vsi,2_5_BAEOHARMIN_4_Multichannel Z-Stack_20251030_111.npy,\\srv-fs.ad.nudz.cz\BV_data\Brejtr\ActiveProjects\Microscopy\20251030\2_5_BAEOHARMIN_4_Multichannel Z-Stack_20251030_111.vsi,324,ch2,0.2639214896001227,0.22888610132590279,,False,,0.6488189101219177,0.6386768221855164,0.7008547186851501,0.062271371637235985,0.07871664281525657,0.22888610132590279,0.10630435788512652,0.12250610357700907,0.2639214896001227,0.12473336607217789,0.121189184486866,0.14009816944599152
102,\\srv-fs.ad.nudz.cz\BV_data\Brejtr\ActiveProjects\Microscopy\20251030\2_5_BAEOHARMIN_5_Multichannel Z-Stack_20251030_112.vsi,2_5_BAEOHARMIN_5_Multichannel Z-Stack_20251030_112.npy,\\srv-fs.ad.nudz.cz\BV_data\Brejtr\ActiveProjects\Microscopy\20251030\2_5_BAEOHARMIN_5_Multichannel Z-Stack_20251030_112.vsi,324,ch2,0.21183217018198575,0.18525087473213012,,False,,0.6476190686225891,0.6593406796455383,0.6971830725669861,0.08231922886393422,0.08801415206936927,0.18525087473213012,0.11951677799686083,0.11407811832802131,0.21183217018198575,0.12695634365081787,0.13765521347522736,0.14004217088222504
103,\\srv-fs.ad.nudz.cz\BV_data\Brejtr\ActiveProjects\Microscopy\20251030\2_5_BAEOHARMIN_6_Multichannel Z-Stack_20251030_113.vsi,2_5_BAEOHARMIN_6_Multichannel Z-Stack_20251030_113.npy,\\srv-fs.ad.nudz.cz\BV_data\Brejtr\ActiveProjects\Microscopy\20251030\2_5_BAEOHARMIN_6_Multichannel Z-Stack_20251030_113.vsi,324,ch2,0.2756980988149891,0.24254323738513583,,False,,0.6363636255264282,0.6071428656578064,0.7155963182449341,0.06771778792351522,0.08185847290608554,0.24254323738513583,0.10956524429207662,0.12096369728906937,0.2756980988149891,0.12157926708459854,0.11481066793203354,0.14120914041996002
104,\\srv-fs.ad.nudz.cz\BV_data\Brejtr\ActiveProjects\Microscopy\20251030\2_5_BAEOHARMIN_7_Multichannel Z-Stack_20251030_114.vsi,2_5_BAEOHARMIN_7_Multichannel Z-Stack_20251030_114.npy,\\srv-fs.ad.nudz.cz\BV_data\Brejtr\ActiveProjects\Microscopy\20251030\2_5_BAEOHARMIN_7_Multichannel Z-Stack_20251030_114.vsi,324,ch2,0.22630033654102005,0.1965914475283708,,False,,0.6876574158668518,0.7110389471054077,0.761904776096344,0.09247014592446162,0.08610134823741206,0.1965914475283708,0.13124412930529064,0.11444242935958279,0.22630033654102005,0.13774342834949493,0.1485058218240738,0.16050106287002563
105,\\srv-fs.ad.nudz.cz\BV_data\Brejtr\ActiveProjects\Microscopy\20251030\2_5_BAEOHARMIN_8_Multichannel Z-Stack_20251030_115.vsi,2_5_BAEOHARMIN_8_Multichannel Z-Stack_20251030_115.npy,\\srv-fs.ad.nudz.cz\BV_data\Brejtr\ActiveProjects\Microscopy\20251030\2_5_BAEOHARMIN_8_Multichannel Z-Stack_20251030_115.vsi,324,ch2,0.19997793379151352,0.16844246366060375,,False,,0.6558345556259155,0.6690475940704346,0.7229729890823364,0.06163535804505164,0.06664380840674666,0.16844246366060375,0.10266015735638954,0.09988990956972382,0.19997793379151352,0.1294720321893692,0.13290317356586456,0.14674267172813416
106,\\srv-fs.ad.nudz.cz\BV_data\Brejtr\ActiveProjects\Microscopy\20251030\2_5_BAEOHARMIN_9_Multichannel Z-Stack_20251030_116.vsi,2_5_BAEOHARMIN_9_Multichannel Z-Stack_20251030_116.npy,\\srv-fs.ad.nudz.cz\BV_data\Brejtr\ActiveProjects\Microscopy\20251030\2_5_BAEOHARMIN_9_Multichannel Z-Stack_20251030_116.vsi,324,ch2,0.2518890960350115,0.22013874636888037,,False,,0.6281800270080566,0.6124660968780518,0.6846153736114502,0.08232686717146308,0.08484845469344476,0.22013874636888037,0.12730739890538098,0.11889283386469633,0.2518890960350115,0.1208968460559845,0.12064792960882187,0.13742294907569885
107,\\srv-fs.ad.nudz.cz\BV_data\Brejtr\ActiveProjects\Microscopy\20251030\2_5_BAEO_10_Multichannel Z-Stack_20251030_106.vsi,2_5_BAEO_10_Multichannel Z-Stack_20251030_106.npy,\\srv-fs.ad.nudz.cz\BV_data\Brejtr\ActiveProjects\Microscopy\20251030\2_5_BAEO_10_Multichannel Z-Stack_20251030_106.vsi,324,ch2,0.1050203300898176,0.07746950214918287,,False,,0.6721763014793396,0.6786469221115112,0.7225610017776489,0.032464435580463386,0.04122663320360021,0.07746950214918287,0.06711315256792282,0.07536928273352002,0.1050203300898176,0.1357049196958542,0.13479599356651306,0.14247258007526398
108,\\srv-fs.ad.nudz.cz\BV_data\Brejtr\ActiveProjects\Microscopy\20251030\2_5_BAEO_1_Multichannel Z-Stack_20251030_96.vsi,2_5_BAEO_1_Multichannel Z-Stack_20251030_96.npy,\\srv-fs.ad.nudz.cz\BV_data\Brejtr\ActiveProjects\Microscopy\20251030\2_5_BAEO_1_Multichannel Z-Stack_20251030_96.vsi,324,ch2,0.14502358431776002,0.11867849560913386,,False,,0.6547884345054626,0.673815906047821,0.6294642686843872,0.05454604216084209,0.055014706565733075,0.11867849560913386,0.09671596565174748,0.09134364478249232,0.14502358431776002,0.13105489313602448,0.1321088671684265,0.12821581959724426
109,\\srv-fs.ad.nudz.cz\BV_data\Brejtr\ActiveProjects\Microscopy\20251030\2_5_BAEO_1_Multichannel Z-Stack_20251030_97.vsi,2_5_BAEO_1_Multichannel Z-Stack_20251030_97.npy,\\srv-fs.ad.nudz.cz\BV_data\Brejtr\ActiveProjects\Microscopy\20251030\2_5_BAEO_1_Multichannel Z-Stack_20251030_97.vsi,324,ch2,0.14684498128221848,0.11949992039802501,,False,,0.6813953518867493,0.7028571367263794,0.6681416034698486,0.05886330645972569,0.06285644998253159,0.11949992039802501,0.10126304643608906,0.09957503192330065,0.14684498128221848,0.13792550563812256,0.1417512744665146,0.13753816485404968
110,\\srv-fs.ad.nudz.cz\BV_data\Brejtr\ActiveProjects\Microscopy\20251030\2_5_BAEO_3_Multichannel Z-Stack_20251030_98.vsi,2_5_BAEO_3_Multichannel Z-Stack_20251030_98.npy,\\srv-fs.ad.nudz.cz\BV_data\Brejtr\ActiveProjects\Microscopy\20251030\2_5_BAEO_3_Multichannel Z-Stack_20251030_98.vsi,324,ch2,0.441365068522336,0.42911019285514435,,False,,0.6722689270973206,0.675000011920929,0.7761194109916687,0.22185750696768358,0.23090762668553536,0.42911019285514435,0.22729523152873682,0.2420011772464479,0.441365068522336,0.13232988119125366,0.13565044105052948,0.15909112989902496
111,\\srv-fs.ad.nudz.cz\BV_data\Brejtr\ActiveProjects\Microscopy\20251030\2_5_BAEO_4_Multichannel Z-Stack_20251030_99.vsi,2_5_BAEO_4_Multichannel Z-Stack_20251030_99.npy,\\srv-fs.ad.nudz.cz\BV_data\Brejtr\ActiveProjects\Microscopy\20251030\2_5_BAEO_4_Multichannel Z-Stack_20251030_99.vsi,324,ch2,0.15961877938450492,0.13001300267602586,,False,,0.6528692245483398,0.6560425162315369,0.6666666865348816,0.05423169298668753,0.05108723077834794,0.13001300267602586,0.09530617719986319,0.09151559448411098,0.15961877938450492,0.1305561065673828,0.12841317057609558,0.1354045271873474
112,\\srv-fs.ad.nudz.cz\BV_data\Brejtr\ActiveProjects\Microscopy\20251030\2_5_BAEO_5_Multichannel Z-Stack_20251030_100.vsi,2_5_BAEO_5_Multichannel Z-Stack_20251030_100.npy,\\srv-fs.ad.nudz.cz\BV_data\Brejtr\ActiveProjects\Microscopy\20251030\2_5_BAEO_5_Multichannel Z-Stack_20251030_100.vsi,324,ch2,0.09659235708451798,0.07141954445303147,,False,,0.6773504018783569,0.7064989805221558,0.7658959627151489,0.0354412490146364,0.04328476955332604,0.07141954445303147,0.07331809199821092,0.07901493470481734,0.09659235708451798,0.137909933924675,0.1424887627363205,0.16270452737808228
113,\\srv-fs.ad.nudz.cz\BV_data\Brejtr\ActiveProjects\Microscopy\20251030\2_5_BAEO_5_Multichannel Z-Stack_20251030_101.vsi,2_5_BAEO_5_Multichannel Z-Stack_20251030_101.npy,\\srv-fs.ad.nudz.cz\BV_data\Brejtr\ActiveProjects\Microscopy\20251030\2_5_BAEO_5_Multichannel Z-Stack_20251030_101.vsi,324,ch2,0.2170153746641457,0.17990813731914151,,False,,0.6752136945724487,0.6470588445663452,0.7006369233131409,0.0621676779146383,0.067630901816527,0.17990813731914151,0.09353501050242718,0.10512697666712777,0.2170153746641457,0.13327741622924805,0.12706133723258972,0.14349038898944855
114,\\srv-fs.ad.nudz.cz\BV_data\Brejtr\ActiveProjects\Microscopy\20251030\2_5_BAEO_6_Multichannel Z-Stack_20251030_102.vsi,2_5_BAEO_6_Multichannel Z-Stack_20251030_102.npy,\\srv-fs.ad.nudz.cz\BV_data\Brejtr\ActiveProjects\Microscopy\20251030\2_5_BAEO_6_Multichannel Z-Stack_20251030_102.vsi,324,ch2,0.19726381474423318,0.1645317343342162,,False,,0.6461366415023804,0.6497372984886169,0.6918238997459412,0.056017292099954596,0.05835547749852117,0.1645317343342162,0.09593700655206536,0.09612163945207543,0.19726381474423318,0.12783712148666382,0.12736961245536804,0.14022986590862274
115,\\srv-fs.ad.nudz.cz\BV_data\Brejtr\ActiveProjects\Microscopy\20251030\2_5_BAEO_6_Multichannel Z-Stack_20251030_103.vsi,2_5_BAEO_6_Multichannel Z-Stack_20251030_103.npy,\\srv-fs.ad.nudz.cz\BV_data\Brejtr\ActiveProjects\Microscopy\20251030\2_5_BAEO_6_Multichannel Z-Stack_20251030_103.vsi,324,ch2,0.15012831776590907,0.12429270495014963,,False,,0.6452004909515381,0.6435100436210632,0.6478873491287231,0.058003202787871085,0.057972490631397235,0.12429270495014963,0.09854195737352507,0.09119023442781943,0.15012831776590907,0.12709994614124298,0.12700672447681427,0.12954741716384888
116,\\srv-fs.ad.nudz.cz\BV_data\Brejtr\ActiveProjects\Microscopy\20251030\2_5_BAEO_8_Multichannel Z-Stack_20251030_104.vsi,2_5_BAEO_8_Multichannel Z-Stack_20251030_104.npy,\\srv-fs.ad.nudz.cz\BV_data\Brejtr\ActiveProjects\Microscopy\20251030\2_5_BAEO_8_Multichannel Z-Stack_20251030_104.vsi,324,ch2,0.22266925330546522,0.19130849192347782,,False,,0.7083333134651184,0.7161125540733337,0.7400000095367432,0.10504506074043754,0.08429731653102167,0.19130849192347782,0.13126426530045762,0.11321439792919735,0.22266925330546522,0.14195527136325836,0.145741805434227,0.15715010464191437
117,\\srv-fs.ad.nudz.cz\BV_data\Brejtr\ActiveProjects\Microscopy\20251030\2_5_BAEO_9_Multichannel Z-Stack_20251030_105.vsi,2_5_BAEO_9_Multichannel Z-Stack_20251030_105.npy,\\srv-fs.ad.nudz.cz\BV_data\Brejtr\ActiveProjects\Microscopy\20251030\2_5_BAEO_9_Multichannel Z-Stack_20251030_105.vsi,324,ch2,0.18271103609146422,0.1512805945662713,,False,,0.6301020383834839,0.6188340783119202,0.6820809245109558,0.06331144095786681,0.05321267971461549,0.1512805945662713,0.10751797804963943,0.09351086896100605,0.18271103609146422,0.1253555715084076,0.12003584206104279,0.1379127949476242
118,\\srv-fs.ad.nudz.cz\BV_data\Brejtr\ActiveProjects\Microscopy\20251104\2_6_NORBAEOHARMIN_10_Multichannel Z-Stack_20251104_219.vsi,2_6_NORBAEOHARMIN_10_Multichannel Z-Stack_20251104_219.npy,\\srv-fs.ad.nudz.cz\BV_data\Brejtr\ActiveProjects\Microscopy\20251104\2_6_NORBAEOHARMIN_10_Multichannel Z-Stack_20251104_219.vsi,324,ch2,0.279347618778288,0.25156289814114996,,False,,0.5547170042991638,0.518610417842865,0.6280992031097412,0.05984357954470486,0.06519874172513367,0.25156289814114996,0.09999642023750893,0.09776248298538122,0.279347618778288,0.10315365344285965,0.09572665393352509,0.11899985373020172
119,\\srv-fs.ad.nudz.cz\BV_data\Brejtr\ActiveProjects\Microscopy\20251104\2_6_NORBAEOHARMIN_1_Multichannel Z-Stack_20251104_210.vsi,2_6_NORBAEOHARMIN_1_Multichannel Z-Stack_20251104_210.npy,\\srv-fs.ad.nudz.cz\BV_data\Brejtr\ActiveProjects\Microscopy\20251104\2_6_NORBAEOHARMIN_1_Multichannel Z-Stack_20251104_210.vsi,324,ch2,0.19737365611351249,0.16671899928702927,,False,,0.6779412031173706,0.6739130616188049,0.7329192757606506,0.060722498373060256,0.06133202530935262,0.16671899928702927,0.10276612143314849,0.09308739891817601,0.19737365611351249,0.13613872230052948,0.13651886582374573,0.15094824135303497
120,\\srv-fs.ad.nudz.cz\BV_data\Brejtr\ActiveProjects\Microscopy\20251104\2_6_NORBAEOHARMIN_2_Multichannel Z-Stack_20251104_211.vsi,2_6_NORBAEOHARMIN_2_Multichannel Z-Stack_20251104_211.npy,\\srv-fs.ad.nudz.cz\BV_data\Brejtr\ActiveProjects\Microscopy\20251104\2_6_NORBAEOHARMIN_2_Multichannel Z-Stack_20251104_211.vsi,324,ch2,0.1967168361911347,0.16704772944789575,,False,,0.6694101691246033,0.6873508095741272,0.7307692170143127,0.05656894395195592,0.06847977153027376,0.16704772944789575,0.09810731635136781,0.09882929224314403,0.1967168361911347,0.13343822956085205,0.14001061022281647,0.15064369142055511
121,\\srv-fs.ad.nudz.cz\BV_data\Brejtr\ActiveProjects\Microscopy\20251104\2_6_NORBAEOHARMIN_3_Multichannel Z-Stack_20251104_212.vsi,2_6_NORBAEOHARMIN_3_Multichannel Z-Stack_20251104_212.npy,\\srv-fs.ad.nudz.cz\BV_data\Brejtr\ActiveProjects\Microscopy\20251104\2_6_NORBAEOHARMIN_3_Multichannel Z-Stack_20251104_212.vsi,324,ch2,0.1654583777683321,0.14194576778221318,,False,,0.6610169410705566,0.7289719581604004,0.7245509028434753,0.04797646408857387,0.04896544821475679,0.14194576778221318,0.07866621955517593,0.06754119341102204,0.1654583777683321,0.13026897609233856,0.15072327852249146,0.14598040282726288
122,\\srv-fs.ad.nudz.cz\BV_data\Brejtr\ActiveProjects\Microscopy\20251104\2_6_NORBAEOHARMIN_4_Multichannel Z-Stack_20251104_213.vsi,2_6_NORBAEOHARMIN_4_Multichannel Z-Stack_20251104_213.npy,\\srv-fs.ad.nudz.cz\BV_data\Brejtr\ActiveProjects\Microscopy\20251104\2_6_NORBAEOHARMIN_4_Multichannel Z-Stack_20251104_213.vsi,324,ch2,0.21068468627574732,0.18169088112632673,,False,,0.6469622254371643,0.67136150598526,0.7210884094238281,0.06403196582422398,0.0681886946648185,0.18169088112632673,0.10618419382536305,0.09973965520018893,0.21068468627574732,0.12486827373504639,0.13300520181655884,0.14362972974777222
123,\\srv-fs.ad.nudz.cz\BV_data\Brejtr\ActiveProjects\Microscopy\20251104\2_6_NORBAEOHARMIN_5_Multichannel Z-Stack_20251104_214.vsi,2_6_NORBAEOHARMIN_5_Multichannel Z-Stack_20251104_214.npy,\\srv-fs.ad.nudz.cz\BV_data\Brejtr\ActiveProjects\Microscopy\20251104\2_6_NORBAEOHARMIN_5_Multichannel Z-Stack_20251104_214.vsi,324,ch2,0.2713796556402051,0.24362006697375096,,False,,0.6121112704277039,0.6363636255264282,0.7037037014961243,0.05061104450279816,0.08149685129018384,0.24362006697375096,0.08677899437662835,0.11133536541934166,0.2713796556402051,0.1166563332080841,0.12342062592506409,0.1382085084915161
124,\\srv-fs.ad.nudz.cz\BV_data\Brejtr\ActiveProjects\Microscopy\20251104\2_6_NORBAEOHARMIN_6_Multichannel Z-Stack_20251104_215.vsi,2_6_NORBAEOHARMIN_6_Multichannel Z-Stack_20251104_215.npy,\\srv-fs.ad.nudz.cz\BV_data\Brejtr\ActiveProjects\Microscopy\20251104\2_6_NORBAEOHARMIN_6_Multichannel Z-Stack_20251104_215.vsi,324,ch2,0.31598409337396066,0.2847076759561214,,False,,0.6694915294647217,0.6460674405097961,0.7263157963752747,0.07155324318823794,0.08130758657640136,0.2847076759561214,0.10934151737432314,0.11974793056372401,0.31598409337396066,0.13008129596710205,0.1240515410900116,0.1427498310804367
125,\\srv-fs.ad.nudz.cz\BV_data\Brejtr\ActiveProjects\Microscopy\20251104\2_6_NORBAEOHARMIN_7_Multichannel Z-Stack_20251104_216.vsi,2_6_NORBAEOHARMIN_7_Multichannel Z-Stack_20251104_216.npy,\\srv-fs.ad.nudz.cz\BV_data\Brejtr\ActiveProjects\Microscopy\20251104\2_6_NORBAEOHARMIN_7_Multichannel Z-Stack_20251104_216.vsi,324,ch2,0.24847689139795576,0.22127011269456592,,False,,0.5734870433807373,0.5780487656593323,0.6803278923034668,0.051086724876959026,0.06433053054349719,0.22127011269456592,0.0892275291891171,0.09724190979806269,0.24847689139795576,0.10704811662435532,0.10731031745672226,0.12950237095355988
126,\\srv-fs.ad.nudz.cz\BV_data\Brejtr\ActiveProjects\Microscopy\20251104\2_6_NORBAEOHARMIN_8_Multichannel Z-Stack_20251104_217.vsi,2_6_NORBAEOHARMIN_8_Multichannel Z-Stack_20251104_217.npy,\\srv-fs.ad.nudz.cz\BV_data\Brejtr\ActiveProjects\Microscopy\20251104\2_6_NORBAEOHARMIN_8_Multichannel Z-Stack_20251104_217.vsi,324,ch2,0.22644869720670227,0.19661754729107372,,False,,0.626329779624939,0.6552706360816956,0.7121211886405945,0.047849005356308455,0.0690761915666342,0.19661754729107372,0.08554757199503256,0.09922125576842239,0.22644869720670227,0.11997661739587784,0.12707006931304932,0.14259760081768036
127,\\srv-fs.ad.nudz.cz\BV_data\Brejtr\ActiveProjects\Microscopy\20251104\2_6_NORBAEOHARMIN_9_Multichannel Z-Stack_20251104_218.vsi,2_6_NORBAEOHARMIN_9_Multichannel Z-Stack_20251104_218.npy,\\srv-fs.ad.nudz.cz\BV_data\Brejtr\ActiveProjects\Microscopy\20251104\2_6_NORBAEOHARMIN_9_Multichannel Z-Stack_20251104_218.vsi,324,ch2,0.2301249293569105,0.20458201173900323,,False,,0.599373996257782,0.6014492511749268,0.699999988079071,0.04745623838899644,0.0873169005505389,0.20458201173900323,0.07999937668866992,0.10811572560925269,0.2301249293569105,0.10855935513973236,0.11006995290517807,0.13093940913677216
128,\\srv-fs.ad.nudz.cz\BV_data\Brejtr\ActiveProjects\Microscopy\20251104\2_6_NORBAEO_10_Multichannel Z-Stack_20251104_209.vsi,2_6_NORBAEO_10_Multichannel Z-Stack_20251104_209.npy,\\srv-fs.ad.nudz.cz\BV_data\Brejtr\ActiveProjects\Microscopy\20251104\2_6_NORBAEO_10_Multichannel Z-Stack_20251104_209.vsi,324,ch2,0.17898935348334938,0.15251494094166407,,False,,0.668188750743866,0.6565040946006775,0.6845637559890747,0.05466229390811994,0.05452823702182456,0.15251494094166407,0.09087468300155084,0.08941644931871025,0.17898935348334938,0.13486582040786743,0.13079336285591125,0.14017684757709503
129,\\srv-fs.ad.nudz.cz\BV_data\Brejtr\ActiveProjects\Microscopy\20251104\2_6_NORBAEO_1_Multichannel Z-Stack_20251104_199.vsi,2_6_NORBAEO_1_Multichannel Z-Stack_20251104_199.npy,\\srv-fs.ad.nudz.cz\BV_data\Brejtr\ActiveProjects\Microscopy\20251104\2_6_NORBAEO_1_Multichannel Z-Stack_20251104_199.vsi,324,ch2,0.17941136559281137,0.1514237553858459,,False,,0.642762303352356,0.6518987417221069,0.6081871390342712,0.05216198147458233,0.05850485905697406,0.1514237553858459,0.09405152746671538,0.09798791385919446,0.17941136559281137,0.12675239145755768,0.12628614902496338,0.12398999184370041
130,\\srv-fs.ad.nudz.cz\BV_data\Brejtr\ActiveProjects\Microscopy\20251104\2_6_NORBAEO_2_Multichannel Z-Stack_20251104_200.vsi,2_6_NORBAEO_2_Multichannel Z-Stack_20251104_200.npy,\\srv-fs.ad.nudz.cz\BV_data\Brejtr\ActiveProjects\Microscopy\20251104\2_6_NORBAEO_2_Multichannel Z-Stack_20251104_200.vsi,324,ch2,0.20244583189156096,0.17596326727311207,,False,,0.5475504398345947,0.5461346507072449,0.5454545617103577,0.053249808195446446,0.06942223660923731,0.17596326727311207,0.09480481636835562,0.10692521812271898,0.20244583189156096,0.10523106157779694,0.10223634541034698,0.10610602051019669
131,\\srv-fs.ad.nudz.cz\BV_data\Brejtr\ActiveProjects\Microscopy\20251104\2_6_NORBAEO_3_Multichannel Z-Stack_20251104_201.vsi,2_6_NORBAEO_3_Multichannel Z-Stack_20251104_201.npy,\\srv-fs.ad.nudz.cz\BV_data\Brejtr\ActiveProjects\Microscopy\20251104\2_6_NORBAEO_3_Multichannel Z-Stack_20251104_201.vsi,324,ch2,0.17681736886806187,0.14983280186706108,,False,,0.6451612710952759,0.6202020049095154,0.6603773832321167,0.04607538682237448,0.05448377486462759,0.14983280186706108,0.08284046994732652,0.08760466887613774,0.17681736886806187,0.1263510137796402,0.11935678869485855,0.13234935700893402
132,\\srv-fs.ad.nudz.cz\BV_data\Brejtr\ActiveProjects\Microscopy\20251104\2_6_NORBAEO_4A_Multichannel Z-Stack_20251104_203.vsi,2_6_NORBAEO_4A_Multichannel Z-Stack_20251104_203.npy,\\srv-fs.ad.nudz.cz\BV_data\Brejtr\ActiveProjects\Microscopy\20251104\2_6_NORBAEO_4A_Multichannel Z-Stack_20251104_203.vsi,324,ch2,0.1546318049466493,0.1292496429617419,,False,,0.6448276042938232,0.6844919919967651,0.6823529601097107,0.044817974294216634,0.04538705347401382,0.1292496429617419,0.08121452830386042,0.07633522740064026,0.1546318049466493,0.13006408512592316,0.13644030690193176,0.14186950027942657
133,\\srv-fs.ad.nudz.cz\BV_data\Brejtr\ActiveProjects\Microscopy\20251104\2_6_NORBAEO_4_Multichannel Z-Stack_20251104_202.vsi,2_6_NORBAEO_4_Multichannel Z-Stack_20251104_202.npy,\\srv-fs.ad.nudz.cz\BV_data\Brejtr\ActiveProjects\Microscopy\20251104\2_6_NORBAEO_4_Multichannel Z-Stack_20251104_202.vsi,324,ch0,0.08529719277067026,0.0473781790716239,,False,,0.6511919498443604,0.10279159992933273,0.13557595014572144,0.0473781790716239,0.0064941309536137555,0.028818419707906034,0.08529719277067026,0.011624428960691225,0.03469092470186785,0.12835833430290222,0.04862440004944801,0.05154966935515404
134,\\srv-fs.ad.nudz.cz\BV_data\Brejtr\ActiveProjects\Microscopy\20251104\2_6_NORBAEO_5_Multichannel Z-Stack_20251104_204.vsi,2_6_NORBAEO_5_Multichannel Z-Stack_20251104_204.npy,\\srv-fs.ad.nudz.cz\BV_data\Brejtr\ActiveProjects\Microscopy\20251104\2_6_NORBAEO_5_Multichannel Z-Stack_20251104_204.vsi,324,ch2,0.1339769320297906,0.11086147211622285,,False,,0.6897001266479492,0.6919013857841492,0.6700507402420044,0.047087826028829674,0.04405708925579177,0.11086147211622285,0.0836132674307081,0.07345182827266176,0.1339769320297906,0.14086894690990448,0.1407323181629181,0.13819913566112518
135,\\srv-fs.ad.nudz.cz\BV_data\Brejtr\ActiveProjects\Microscopy\20251104\2_6_NORBAEO_6_Multichannel Z-Stack_20251104_205.vsi,2_6_NORBAEO_6_Multichannel Z-Stack_20251104_205.npy,\\srv-fs.ad.nudz.cz\BV_data\Brejtr\ActiveProjects\Microscopy\20251104\2_6_NORBAEO_6_Multichannel Z-Stack_20251104_205.vsi,324,ch2,0.18194095006654976,0.15487073293501988,,False,,0.6172839403152466,0.636781632900238,0.608433723449707,0.048730687199703096,0.058829673280004706,0.15487073293501988,0.08807552620099339,0.09443656894898084,0.18194095006654976,0.1197875514626503,0.12157300859689713,0.12058259546756744
136,\\srv-fs.ad.nudz.cz\BV_data\Brejtr\ActiveProjects\Microscopy\20251104\2_6_NORBAEO_7_Multichannel Z-Stack_20251104_206.vsi,2_6_NORBAEO_7_Multichannel Z-Stack_20251104_206.npy,\\srv-fs.ad.nudz.cz\BV_data\Brejtr\ActiveProjects\Microscopy\20251104\2_6_NORBAEO_7_Multichannel Z-Stack_20251104_206.vsi,324,ch2,0.17547050934949185,0.14924992466884388,,False,,0.6374502182006836,0.6283186078071594,0.6140350699424744,0.04921673466680151,0.06014322939776464,0.14924992466884388,0.08834794083923524,0.09547443924910584,0.17547050934949185,0.12358597666025162,0.12239224463701248,0.12124276906251907
137,\\srv-fs.ad.nudz.cz\BV_data\Brejtr\ActiveProjects\Microscopy\20251104\2_6_NORBAEO_8_Multichannel Z-Stack_20251104_207.vsi,2_6_NORBAEO_8_Multichannel Z-Stack_20251104_207.npy,\\srv-fs.ad.nudz.cz\BV_data\Brejtr\ActiveProjects\Microscopy\20251104\2_6_NORBAEO_8_Multichannel Z-Stack_20251104_207.vsi,324,ch2,0.1601036545109673,0.13337938148239448,,False,,0.6649006605148315,0.6613546013832092,0.6629834175109863,0.048506802462886744,0.05225747420340896,0.13337938148239448,0.08615699345438235,0.08516320242243657,0.1601036545109673,0.13219110667705536,0.13104666769504547,0.1341748833656311
138,\\srv-fs.ad.nudz.cz\BV_data\Brejtr\ActiveProjects\Microscopy\20251104\2_6_NORBAEO_9_Multichannel Z-Stack_20251104_208.vsi,2_6_NORBAEO_9_Multichannel Z-Stack_20251104_208.npy,\\srv-fs.ad.nudz.cz\BV_data\Brejtr\ActiveProjects\Microscopy\20251104\2_6_NORBAEO_9_Multichannel Z-Stack_20251104_208.vsi,324,ch2,0.18017991095388305,0.15155884024636365,,False,,0.6733812689781189,0.6715789437294006,0.6932515501976013,0.054121669258138216,0.055717428992545115,0.15155884024636365,0.09011491727549469,0.08504754647313623,0.18017991095388305,0.13659419119358063,0.1371391862630844,0.1437971591949463
139,\\srv-fs.ad.nudz.cz\BV_data\Brejtr\ActiveProjects\Microscopy\20251104\2_6_NORBAEO_HARMIN_1_Multichannel Z-Stack_20251104_197.vsi,2_6_NORBAEO_HARMIN_1_Multichannel Z-Stack_20251104_197.npy,\\srv-fs.ad.nudz.cz\BV_data\Brejtr\ActiveProjects\Microscopy\20251104\2_6_NORBAEO_HARMIN_1_Multichannel Z-Stack_20251104_197.vsi,324,ch2,0.23738358962067524,0.20933447140663639,,False,,0.6329704523086548,0.6696628928184509,0.7076923251152039,0.05750683799544012,0.05660824713932864,0.20933447140663639,0.09730556689998317,0.08558370585716399,0.23738358962067524,0.12425155937671661,0.13154305517673492,0.1391618549823761
140,\\srv-fs.ad.nudz.cz\BV_data\Brejtr\ActiveProjects\Microscopy\20251104\2_6_NORBAEO_HARMIN_1a_Multichannel Z-Stack_20251104_198.vsi,2_6_NORBAEO_HARMIN_1a_Multichannel Z-Stack_20251104_198.npy,\\srv-fs.ad.nudz.cz\BV_data\Brejtr\ActiveProjects\Microscopy\20251104\2_6_NORBAEO_HARMIN_1a_Multichannel Z-Stack_20251104_198.vsi,324,ch2,0.2216508630786101,0.19479495017121876,,False,,0.6377816200256348,0.6703540086746216,0.7222222089767456,0.06018634157366134,0.05549769100555951,0.19479495017121876,0.09983526679985766,0.08394583848382196,0.2216508630786101,0.12444382160902023,0.13179902732372284,0.14582014083862305
161,\\srv-fs.ad.nudz.cz\BV_data\Brejtr\ActiveProjects\Microscopy\20251104\3_1_LITHIUM_10_Multichannel Z-Stack_20251104_139.vsi,3_1_LITHIUM_10_Multichannel Z-Stack_20251104_139.npy,\\srv-fs.ad.nudz.cz\BV_data\Brejtr\ActiveProjects\Microscopy\20251104\3_1_LITHIUM_10_Multichannel Z-Stack_20251104_139.vsi,324,ch2,0.15964305061203787,0.13225569575908208,,False,,0.6500622630119324,0.7643442749977112,0.7782257795333862,0.06839713115384656,0.07006291016184683,0.13225569575908208,0.10974909057981799,0.09277561005023227,0.15964305061203787,0.12804123759269714,0.16012312471866608,0.16145199537277222
162,\\srv-fs.ad.nudz.cz\BV_data\Brejtr\ActiveProjects\Microscopy\20251104\3_1_LITHIUM_1_Multichannel Z-Stack_20251104_129.vsi,3_1_LITHIUM_1_Multichannel Z-Stack_20251104_129.npy,\\srv-fs.ad.nudz.cz\BV_data\Brejtr\ActiveProjects\Microscopy\20251104\3_1_LITHIUM_1_Multichannel Z-Stack_20251104_129.vsi,324,ch2,0.18507682372987758,0.17967652656495584,,False,,0.5910543203353882,0.7055214643478394,0.732824444770813,0.11595278639060756,0.17227257283954192,0.17967652656495584,0.14191532065931226,0.1758153855943228,0.18507682372987758,0.12179902195930481,0.14737801253795624,0.1338479369878769
163,\\srv-fs.ad.nudz.cz\BV_data\Brejtr\ActiveProjects\Microscopy\20251104\3_1_LITHIUM_1_Multichannel Z-Stack_20251104_130.vsi,3_1_LITHIUM_1_Multichannel Z-Stack_20251104_130.npy,\\srv-fs.ad.nudz.cz\BV_data\Brejtr\ActiveProjects\Microscopy\20251104\3_1_LITHIUM_1_Multichannel Z-Stack_20251104_130.vsi,324,ch2,0.23612178125260147,0.20574847129435656,,False,,0.6239781975746155,0.7813953757286072,0.7971014380455017,0.1137519177437879,0.14815262264412551,0.20574847129435656,0.15458666771409366,0.16903741284203333,0.23612178125260147,0.12026450783014297,0.1638658493757248,0.17081214487552643
164,\\srv-fs.ad.nudz.cz\BV_data\Brejtr\ActiveProjects\Microscopy\20251104\3_1_LITHIUM_2_Multichannel Z-Stack_20251104_131.vsi,3_1_LITHIUM_2_Multichannel Z-Stack_20251104_131.npy,\\srv-fs.ad.nudz.cz\BV_data\Brejtr\ActiveProjects\Microscopy\20251104\3_1_LITHIUM_2_Multichannel Z-Stack_20251104_131.vsi,324,ch2,0.26308848692369885,0.2260493042210526,,False,,0.6407506465911865,0.779411792755127,0.7517730593681335,0.11920142526973045,0.17381380431783602,0.2260493042210526,0.1652126288584583,0.19876958713320944,0.26308848692369885,0.12312342971563339,0.16318999230861664,0.15796667337417603
165,\\srv-fs.ad.nudz.cz\BV_data\Brejtr\ActiveProjects\Microscopy\20251104\3_1_LITHIUM_3_Multichannel Z-Stack_20251104_132.vsi,3_1_LITHIUM_3_Multichannel Z-Stack_20251104_132.npy,\\srv-fs.ad.nudz.cz\BV_data\Brejtr\ActiveProjects\Microscopy\20251104\3_1_LITHIUM_3_Multichannel Z-Stack_20251104_132.vsi,324,ch2,0.2461763764693276,0.210320755760967,,False,,0.6390374302864075,0.8099547624588013,0.7814569473266602,0.12216063384854367,0.1569889813612286,0.210320755760967,0.16671638873806732,0.17929542358240277,0.2461763764693276,0.12324970215559006,0.17216961085796356,0.16760262846946716
166,\\srv-fs.ad.nudz.cz\BV_data\Brejtr\ActiveProjects\Microscopy\20251104\3_1_LITHIUM_4_Multichannel Z-Stack_20251104_133.vsi,3_1_LITHIUM_4_Multichannel Z-Stack_20251104_133.npy,\\srv-fs.ad.nudz.cz\BV_data\Brejtr\ActiveProjects\Microscopy\20251104\3_1_LITHIUM_4_Multichannel Z-Stack_20251104_133.vsi,324,ch2,0.2083482936108196,0.17894223328091718,,False,,0.6161616444587708,0.7783783674240112,0.7597402334213257,0.09432897096088744,0.14628338869275137,0.17894223328091718,0.13348945832516598,0.16529981959422227,0.2083482936108196,0.11954816430807114,0.16574399173259735,0.15737321972846985
167,\\srv-fs.ad.nudz.cz\BV_data\Brejtr\ActiveProjects\Microscopy\20251104\3_1_LITHIUM_5_Multichannel Z-Stack_20251104_134.vsi,3_1_LITHIUM_5_Multichannel Z-Stack_20251104_134.npy,\\srv-fs.ad.nudz.cz\BV_data\Brejtr\ActiveProjects\Microscopy\20251104\3_1_LITHIUM_5_Multichannel Z-Stack_20251104_134.vsi,324,ch2,0.25763417926813914,0.222573530881147,,False,,0.6324324607849121,0.7932692170143127,0.7851851582527161,0.11458535986855148,0.15851715372090594,0.222573530881147,0.15773184678163285,0.18081441961875405,0.25763417926813914,0.1222124919295311,0.1662655919790268,0.16605058312416077
168,\\srv-fs.ad.nudz.cz\BV_data\Brejtr\ActiveProjects\Microscopy\20251104\3_1_LITHIUM_6_Multichannel Z-Stack_20251104_135.vsi,3_1_LITHIUM_6_Multichannel Z-Stack_20251104_135.npy,\\srv-fs.ad.nudz.cz\BV_data\Brejtr\ActiveProjects\Microscopy\20251104\3_1_LITHIUM_6_Multichannel Z-Stack_20251104_135.vsi,324,ch2,0.23161558610557176,0.19905797737792133,,False,,0.6082473993301392,0.764397919178009,0.7261146306991577,0.10629756848689509,0.1649757958560363,0.19905797737792133,0.14845895179981702,0.18816606723135823,0.23161558610557176,0.11666112393140793,0.15891611576080322,0.1481996774673462
169,\\srv-fs.ad.nudz.cz\BV_data\Brejtr\ActiveProjects\Microscopy\20251104\3_1_LITHIUM_7_Multichannel Z-Stack_20251104_136.vsi,3_1_LITHIUM_7_Multichannel Z-Stack_20251104_136.npy,\\srv-fs.ad.nudz.cz\BV_data\Brejtr\ActiveProjects\Microscopy\20251104\3_1_LITHIUM_7_Multichannel Z-Stack_20251104_136.vsi,324,ch2,0.2212780423156199,0.18785225198383113,,False,,0.6296296119689941,0.7169811129570007,0.7213114500045776,0.11299264971803986,0.13923888883516797,0.18785225198383113,0.15723489329533935,0.16064981442211457,0.2212780423156199,0.12151781469583511,0.1467716246843338,0.15063083171844482
170,\\srv-fs.ad.nudz.cz\BV_data\Brejtr\ActiveProjects\Microscopy\20251104\3_1_LITHIUM_8_Multichannel Z-Stack_20251104_137.vsi,3_1_LITHIUM_8_Multichannel Z-Stack_20251104_137.npy,\\srv-fs.ad.nudz.cz\BV_data\Brejtr\ActiveProjects\Microscopy\20251104\3_1_LITHIUM_8_Multichannel Z-Stack_20251104_137.vsi,324,ch2,0.17081081605013443,0.14495509890687516,,False,,0.6267856955528259,0.75,0.7181817889213562,0.08323484122607513,0.1029176388433169,0.14495509890687516,0.11694898311480537,0.12228533192377095,0.17081081605013443,0.11776234209537506,0.15492185950279236,0.14539113640785217
171,\\srv-fs.ad.nudz.cz\BV_data\Brejtr\ActiveProjects\Microscopy\20251104\3_1_LITHIUM_9_Multichannel Z-Stack_20251104_138.vsi,3_1_LITHIUM_9_Multichannel Z-Stack_20251104_138.npy,\\srv-fs.ad.nudz.cz\BV_data\Brejtr\ActiveProjects\Microscopy\20251104\3_1_LITHIUM_9_Multichannel Z-Stack_20251104_138.vsi,324,ch2,0.23933896524613113,0.2092106113316473,,False,,0.6087786555290222,0.7534722089767456,0.7419354915618896,0.10091640399006399,0.11980663009292188,0.2092106113316473,0.1418402150622643,0.14421721919573435,0.23933896524613113,0.1165950745344162,0.15837694704532623,0.1488647162914276
172,\\srv-fs.ad.nudz.cz\BV_data\Brejtr\ActiveProjects\Microscopy\20251104\3_2_PSIHARMIN_10_Multichannel Z-Stack_20251104_165.vsi,3_2_PSIHARMIN_10_Multichannel Z-Stack_20251104_165.npy,\\srv-fs.ad.nudz.cz\BV_data\Brejtr\ActiveProjects\Microscopy\20251104\3_2_PSIHARMIN_10_Multichannel Z-Stack_20251104_165.vsi,324,ch2,0.25556953158444207,0.2258284426112386,,False,,0.5828877091407776,0.7651006579399109,0.75,0.0912928528090058,0.162200904203733,0.2258284426112386,0.129967693728382,0.18209184941746862,0.25556953158444207,0.11222965270280838,0.16524147987365723,0.15472479164600372
173,\\srv-fs.ad.nudz.cz\BV_data\Brejtr\ActiveProjects\Microscopy\20251104\3_2_PSIHARMIN_1_Multichannel Z-Stack_20251104_154.vsi,3_2_PSIHARMIN_1_Multichannel Z-Stack_20251104_154.npy,\\srv-fs.ad.nudz.cz\BV_data\Brejtr\ActiveProjects\Microscopy\20251104\3_2_PSIHARMIN_1_Multichannel Z-Stack_20251104_154.vsi,324,ch2,0.253978916586185,0.22637487754024313,,False,,0.6297468543052673,0.7784810066223145,0.7565217614173889,0.09531235377954253,0.1419555186196092,0.22637487754024313,0.12731307810934295,0.15650695998269612,0.253978916586185,0.12205959111452103,0.16939117014408112,0.1585494428873062
174,\\srv-fs.ad.nudz.cz\BV_data\Brejtr\ActiveProjects\Microscopy\20251104\3_2_PSIHARMIN_2_Multichannel Z-Stack_20251104_155.vsi,3_2_PSIHARMIN_2_Multichannel Z-Stack_20251104_155.npy,\\srv-fs.ad.nudz.cz\BV_data\Brejtr\ActiveProjects\Microscopy\20251104\3_2_PSIHARMIN_2_Multichannel Z-Stack_20251104_155.vsi,324,ch2,0.21945952774090596,0.19255550614355466,,False,,0.637499988079071,0.7611111402511597,0.7482014298439026,0.0991742806421248,0.14339643315169331,0.19255550614355466,0.13329667774838944,0.16036953098127507,0.21945952774090596,0.12367052584886551,0.16189326345920563,0.15417371690273285
175,\\srv-fs.ad.nudz.cz\BV_data\Brejtr\ActiveProjects\Microscopy\20251104\3_2_PSIHARMIN_3A_Multichannel Z-Stack_20251104_157.vsi,3_2_PSIHARMIN_3A_Multichannel Z-Stack_20251104_157.npy,\\srv-fs.ad.nudz.cz\BV_data\Brejtr\ActiveProjects\Microscopy\20251104\3_2_PSIHARMIN_3A_Multichannel Z-Stack_20251104_157.vsi,324,ch2,0.23648416475016107,0.21157629567562247,,False,,0.5897436141967773,0.7291666865348816,0.7438016533851624,0.09147661104478241,0.17251037235532712,0.21157629567562247,0.12161588029715166,0.18975357467394263,0.23648416475016107,0.1136883869767189,0.1533196121454239,0.14789365231990814
176,\\srv-fs.ad.nudz.cz\BV_data\Brejtr\ActiveProjects\Microscopy\20251104\3_2_PSIHARMIN_3_Multichannel Z-Stack_20251104_156.vsi,3_2_PSIHARMIN_3_Multichannel Z-Stack_20251104_156.npy,\\srv-fs.ad.nudz.cz\BV_data\Brejtr\ActiveProjects\Microscopy\20251104\3_2_PSIHARMIN_3_Multichannel Z-Stack_20251104_156.vsi,324,ch2,0.2192659324063701,0.19400858922384942,,False,,0.591176450252533,0.7200000286102295,0.7404580116271973,0.08591379186330485,0.1676547062247747,0.19400858922384942,0.11634198417606707,0.18440870476419755,0.2192659324063701,0.11375536769628525,0.1503077894449234,0.14823558926582336
177,\\srv-fs.ad.nudz.cz\BV_data\Brejtr\ActiveProjects\Microscopy\20251104\3_2_PSIHARMIN_4_Multichannel Z-Stack_20251104_158.vsi,3_2_PSIHARMIN_4_Multichannel Z-Stack_20251104_158.npy,\\srv-fs.ad.nudz.cz\BV_data\Brejtr\ActiveProjects\Microscopy\20251104\3_2_PSIHARMIN_4_Multichannel Z-Stack_20251104_158.vsi,324,ch2,0.2156509977373474,0.18817998801128494,,False,,0.6173469424247742,0.7885714173316956,0.7761194109916687,0.08623616052312359,0.13462242234934046,0.18817998801128494,0.12126026902913109,0.1509216435126909,0.2156509977373474,0.119808629155159,0.17267535626888275,0.16406027972698212
178,\\srv-fs.ad.nudz.cz\BV_data\Brejtr\ActiveProjects\Microscopy\20251104\3_2_PSIHARMIN_5_Multichannel Z-Stack_20251104_159.vsi,3_2_PSIHARMIN_5_Multichannel Z-Stack_20251104_159.npy,\\srv-fs.ad.nudz.cz\BV_data\Brejtr\ActiveProjects\Microscopy\20251104\3_2_PSIHARMIN_5_Multichannel Z-Stack_20251104_159.vsi,324,ch2,0.23587408823995462,0.20900645815408264,,False,,0.6124260425567627,0.7660818696022034,0.7560975551605225,0.08529118369339943,0.13054461990724872,0.20900645815408264,0.1100785166937678,0.1428937079337924,0.23587408823995462,0.1178397685289383,0.16315102577209473,0.15737691521644592
179,\\srv-fs.ad.nudz.cz\BV_data\Brejtr\ActiveProjects\Microscopy\20251104\3_2_PSIHARMIN_6_Multichannel Z-Stack_20251104_160.vsi,3_2_PSIHARMIN_6_Multichannel Z-Stack_20251104_160.npy,\\srv-fs.ad.nudz.cz\BV_data\Brejtr\ActiveProjects\Microscopy\20251104\3_2_PSIHARMIN_6_Multichannel Z-Stack_20251104_160.vsi,324,ch2,0.22955323265380392,0.20212041625160918,,False,,0.5982142686843872,0.748633861541748,0.7424242496490479,0.09869510018371416,0.13413709392297213,0.20212041625160918,0.1339527088455139,0.1496480672846612,0.22955323265380392,0.11716233938932419,0.1573663055896759,0.15122175216674805
180,\\srv-fs.ad.nudz.cz\BV_data\Brejtr\ActiveProjects\Microscopy\20251104\3_2_PSIHARMIN_7_Multichannel Z-Stack_20251104_161.vsi,3_2_PSIHARMIN_7_Multichannel Z-Stack_20251104_161.npy,\\srv-fs.ad.nudz.cz\BV_data\Brejtr\ActiveProjects\Microscopy\20251104\3_2_PSIHARMIN_7_Multichannel Z-Stack_20251104_161.vsi,324,ch2,0.25940131800208144,0.23162510719275306,,False,,0.6012861728668213,0.7594936490058899,0.732758641242981,0.10164509328790658,0.1556424085558379,0.23162510719275306,0.13599298714678312,0.17300220198885585,0.25940131800208144,0.11725166440010071,0.1594945639371872,0.14850521087646484
181,\\srv-fs.ad.nudz.cz\BV_data\Brejtr\ActiveProjects\Microscopy\20251104\3_2_PSIHARMIN_8A_Multichannel Z-Stack_20251104_163.vsi,3_2_PSIHARMIN_8A_Multichannel Z-Stack_20251104_163.npy,\\srv-fs.ad.nudz.cz\BV_data\Brejtr\ActiveProjects\Microscopy\20251104\3_2_PSIHARMIN_8A_Multichannel Z-Stack_20251104_163.vsi,324,ch2,0.24122262121203134,0.21382279512607924,,False,,0.5895765423774719,0.8101266026496887,0.7739130258560181,0.10423390722061897,0.1326334237777698,0.21382279512607924,0.13626332638289876,0.14762820805422738,0.24122262121203134,0.11826404929161072,0.1806795299053192,0.16621866822242737
182,\\srv-fs.ad.nudz.cz\BV_data\Brejtr\ActiveProjects\Microscopy\20251104\3_2_PSIHARMIN_8_Multichannel Z-Stack_20251104_162.vsi,3_2_PSIHARMIN_8_Multichannel Z-Stack_20251104_162.npy,\\srv-fs.ad.nudz.cz\BV_data\Brejtr\ActiveProjects\Microscopy\20251104\3_2_PSIHARMIN_8_Multichannel Z-Stack_20251104_162.vsi,324,ch2,0.2336528302695446,0.20609215127117653,,False,,0.5861027240753174,0.8101266026496887,0.7768595218658447,0.09901094942090834,0.13263032464326294,0.20609215127117653,0.13159673737468128,0.14741861248672222,0.2336528302695446,0.11812234669923782,0.18133486807346344,0.16520598530769348
183,\\srv-fs.ad.nudz.cz\BV_data\Brejtr\ActiveProjects\Microscopy\20251104\3_2_PSIHARMIN_9_Multichannel Z-Stack_20251104_164.vsi,3_2_PSIHARMIN_9_Multichannel Z-Stack_20251104_164.npy,\\srv-fs.ad.nudz.cz\BV_data\Brejtr\ActiveProjects\Microscopy\20251104\3_2_PSIHARMIN_9_Multichannel Z-Stack_20251104_164.vsi,324,ch2,0.22651920993894398,0.1981655979275833,,False,,0.6145833134651184,0.7747252583503723,0.7575757503509521,0.0905288198009692,0.13089316564086134,0.1981655979275833,0.1289928037160433,0.14784464854676443,0.22651920993894398,0.1194101870059967,0.16793356835842133,0.1566435545682907
184,\\srv-fs.ad.nudz.cz\BV_data\Brejtr\ActiveProjects\Microscopy\20251104\3_2_PSI_10_Multichannel Z-Stack_20251104_153.vsi,3_2_PSI_10_Multichannel Z-Stack_20251104_153.npy,\\srv-fs.ad.nudz.cz\BV_data\Brejtr\ActiveProjects\Microscopy\20251104\3_2_PSI_10_Multichannel Z-Stack_20251104_153.vsi,324,ch2,0.25705621441941967,0.22660725197262258,,False,,0.6100386381149292,0.7169811129570007,0.7421875,0.12337722973822204,0.18922848072774925,0.22660725197262258,0.15052075561652112,0.20607041646401408,0.25705621441941967,0.11905579268932343,0.1449608951807022,0.15133245289325714
185,\\srv-fs.ad.nudz.cz\BV_data\Brejtr\ActiveProjects\Microscopy\20251104\3_2_PSI_1_Multichannel Z-Stack_20251104_140.vsi,3_2_PSI_1_Multichannel Z-Stack_20251104_140.npy,\\srv-fs.ad.nudz.cz\BV_data\Brejtr\ActiveProjects\Microscopy\20251104\3_2_PSI_1_Multichannel Z-Stack_20251104_140.vsi,324,ch2,0.290875903100874,0.25602047547702805,,False,,0.6115702390670776,0.7610062956809998,0.767241358757019,0.10290732390681784,0.2038352037583642,0.25602047547702805,0.14037900213099214,0.22685678020316255,0.290875903100874,0.11509574949741364,0.1577882021665573,0.15988153219223022
186,\\srv-fs.ad.nudz.cz\BV_data\Brejtr\ActiveProjects\Microscopy\20251104\3_2_PSI_2_Multichannel Z-Stack_20251104_141.vsi,3_2_PSI_2_Multichannel Z-Stack_20251104_141.npy,\\srv-fs.ad.nudz.cz\BV_data\Brejtr\ActiveProjects\Microscopy\20251104\3_2_PSI_2_Multichannel Z-Stack_20251104_141.vsi,324,ch2,0.2624721995841219,0.23242408439651777,,False,,0.5936508178710938,0.7435897588729858,0.756302535533905,0.10432043340939283,0.17969648792656726,0.23242408439651777,0.1338270816108016,0.1985327660452149,0.2624721995841219,0.11659058183431625,0.15591946244239807,0.157241553068161
187,\\srv-fs.ad.nudz.cz\BV_data\Brejtr\ActiveProjects\Microscopy\20251104\3_2_PSI_3 100MS_Multichannel Z-Stack_20251104_144.vsi,3_2_PSI_3 100MS_Multichannel Z-Stack_20251104_144.npy,\\srv-fs.ad.nudz.cz\BV_data\Brejtr\ActiveProjects\Microscopy\20251104\3_2_PSI_3 100MS_Multichannel Z-Stack_20251104_144.vsi,324,ch2,0.22827901109214804,0.19940582787555147,,False,,0.6217008829116821,0.7692307829856873,0.769784152507782,0.09886025892010009,0.12645654117922445,0.19940582787555147,0.12948321491094536,0.1430103498972862,0.22827901109214804,0.12109819054603577,0.1616133153438568,0.1614552140235901
188,\\srv-fs.ad.nudz.cz\BV_data\Brejtr\ActiveProjects\Microscopy\20251104\3_2_PSI_3 AUTOM. EXPOZICE_Multichannel Z-Stack_20251104_142.vsi,3_2_PSI_3 AUTOM. EXPOZICE_Multichannel Z-Stack_20251104_142.npy,\\srv-fs.ad.nudz.cz\BV_data\Brejtr\ActiveProjects\Microscopy\20251104\3_2_PSI_3 AUTOM. EXPOZICE_Multichannel Z-Stack_20251104_142.vsi,324,ch2,0.2611351489556444,0.2285275440804366,,False,,0.5972222089767456,0.800000011920929,0.7751938104629517,0.10514022024079003,0.13974627425795902,0.2285275440804366,0.13894985768850096,0.15679882267967984,0.2611351489556444,0.11575984209775925,0.17008748650550842,0.16255149245262146
189,\\srv-fs.ad.nudz.cz\BV_data\Brejtr\ActiveProjects\Microscopy\20251104\3_2_PSI_3_Multichannel Z-Stack_20251104_143.vsi,3_2_PSI_3_Multichannel Z-Stack_20251104_143.npy,\\srv-fs.ad.nudz.cz\BV_data\Brejtr\ActiveProjects\Microscopy\20251104\3_2_PSI_3_Multichannel Z-Stack_20251104_143.vsi,324,ch2,0.29782601559305777,0.2653272601473026,,False,,0.6264367699623108,0.759036123752594,0.7666666507720947,0.19468858068061587,0.18679868321116652,0.2653272601473026,0.21039341380809579,0.1991899851048574,0.29782601559305777,0.12258294224739075,0.1566881239414215,0.16260771453380585
190,\\srv-fs.ad.nudz.cz\BV_data\Brejtr\ActiveProjects\Microscopy\20251104\3_2_PSI_4_Multichannel Z-Stack_20251104_145.vsi,3_2_PSI_4_Multichannel Z-Stack_20251104_145.npy,\\srv-fs.ad.nudz.cz\BV_data\Brejtr\ActiveProjects\Microscopy\20251104\3_2_PSI_4_Multichannel Z-Stack_20251104_145.vsi,324,ch2,0.19495314406088415,0.16804504181266164,,False,,0.590778112411499,0.7479674816131592,0.7485029697418213,0.10128284218139048,0.10480051123504074,0.16804504181266164,0.13359907864998655,0.11868532947151898,0.19495314406088415,0.11667375266551971,0.15488752722740173,0.15739195048809052
191,\\srv-fs.ad.nudz.cz\BV_data\Brejtr\ActiveProjects\Microscopy\20251104\3_2_PSI_4_Multichannel Z-Stack_20251104_146.vsi,3_2_PSI_4_Multichannel Z-Stack_20251104_146.npy,\\srv-fs.ad.nudz.cz\BV_data\Brejtr\ActiveProjects\Microscopy\20251104\3_2_PSI_4_Multichannel Z-Stack_20251104_146.vsi,324,ch2,0.1953364282719332,0.16575382802753372,,False,,0.6069767475128174,0.7455621361732483,0.75,0.09490945399992134,0.12345379003556525,0.16575382802753372,0.12483072482846568,0.14285618007194856,0.1953364282719332,0.1171654537320137,0.15550893545150757,0.15594030916690826
192,\\srv-fs.ad.nudz.cz\BV_data\Brejtr\ActiveProjects\Microscopy\20251104\3_2_PSI_5_Multichannel Z-Stack_20251104_147.vsi,3_2_PSI_5_Multichannel Z-Stack_20251104_147.npy,\\srv-fs.ad.nudz.cz\BV_data\Brejtr\ActiveProjects\Microscopy\20251104\3_2_PSI_5_Multichannel Z-Stack_20251104_147.vsi,324,ch2,0.1316043763117018,0.100843711766841,,False,,0.6418570280075073,0.6742138266563416,0.7344262003898621,0.043121526687180445,0.04413391652923352,0.100843711766841,0.0841623332354454,0.07105378760175059,0.1316043763117018,0.12325161695480347,0.13475309312343597,0.14944955706596375
193,\\srv-fs.ad.nudz.cz\BV_data\Brejtr\ActiveProjects\Microscopy\20251104\3_2_PSI_6_Multichannel Z-Stack_20251104_148.vsi,3_2_PSI_6_Multichannel Z-Stack_20251104_148.npy,\\srv-fs.ad.nudz.cz\BV_data\Brejtr\ActiveProjects\Microscopy\20251104\3_2_PSI_6_Multichannel Z-Stack_20251104_148.vsi,324,ch2,0.12700276816902198,0.09773310128032214,,False,,0.6343749761581421,0.6662068963050842,0.7491748929023743,0.04639966108075316,0.05029482937957338,0.09773310128032214,0.08866741986687998,0.07714521828693562,0.12700276816902198,0.1219206303358078,0.1273714005947113,0.15407967567443848
194,\\srv-fs.ad.nudz.cz\BV_data\Brejtr\ActiveProjects\Microscopy\20251104\3_2_PSI_7_Multichannel Z-Stack_20251104_149.vsi,3_2_PSI_7_Multichannel Z-Stack_20251104_149.npy,\\srv-fs.ad.nudz.cz\BV_data\Brejtr\ActiveProjects\Microscopy\20251104\3_2_PSI_7_Multichannel Z-Stack_20251104_149.vsi,324,ch2,0.15572689990151653,0.11944112040951327,,False,,0.6344724893569946,0.6199460625648499,0.7019867300987244,0.046710735087093794,0.06131320365737924,0.11944112040951327,0.09014984967344208,0.09539626998189887,0.15572689990151653,0.1211053803563118,0.11893463879823685,0.1413104385137558
195,\\srv-fs.ad.nudz.cz\BV_data\Brejtr\ActiveProjects\Microscopy\20251104\3_2_PSI_8_Multichannel Z-Stack_20251104_150.vsi,3_2_PSI_8_Multichannel Z-Stack_20251104_150.npy,\\srv-fs.ad.nudz.cz\BV_data\Brejtr\ActiveProjects\Microscopy\20251104\3_2_PSI_8_Multichannel Z-Stack_20251104_150.vsi,324,ch2,0.11330704795138301,0.0879967010314003,,False,,0.611940324306488,0.6942934989929199,0.7133105993270874,0.039118747529443304,0.038280806828911905,0.0879967010314003,0.07838169739299168,0.05794229865473157,0.11330704795138301,0.11814022064208984,0.1457129716873169,0.1517125517129898
196,\\srv-fs.ad.nudz.cz\BV_data\Brejtr\ActiveProjects\Microscopy\20251104\3_2_PSI_8a_Multichannel Z-Stack_20251104_151.vsi,3_2_PSI_8a_Multichannel Z-Stack_20251104_151.npy,\\srv-fs.ad.nudz.cz\BV_data\Brejtr\ActiveProjects\Microscopy\20251104\3_2_PSI_8a_Multichannel Z-Stack_20251104_151.vsi,324,ch2,0.1164454611529911,0.09159654583724537,,False,,0.6086286306381226,0.6898906826972961,0.717391312122345,0.040493662855559824,0.03871560262652574,0.09159654583724537,0.0796921030499699,0.05860666723567239,0.1164454611529911,0.11871679127216339,0.14474272727966309,0.15158222615718842
197,\\srv-fs.ad.nudz.cz\BV_data\Brejtr\ActiveProjects\Microscopy\20251104\3_2_PSI_9_Multichannel Z-Stack_20251104_152.vsi,3_2_PSI_9_Multichannel Z-Stack_20251104_152.npy,\\srv-fs.ad.nudz.cz\BV_data\Brejtr\ActiveProjects\Microscopy\20251104\3_2_PSI_9_Multichannel Z-Stack_20251104_152.vsi,324,ch2,0.10407892185100019,0.08040867397386872,,False,,0.6459038853645325,0.7240592837333679,0.7922077775001526,0.04454809138279441,0.0422270800674976,0.08040867397386872,0.08446872047329393,0.0642110198808577,0.10407892185100019,0.12864500284194946,0.15157951414585114,0.16088637709617615
198,\\srv-fs.ad.nudz.cz\BV_data\Brejtr\ActiveProjects\Microscopy\20251104\3_3_PSYHARMIN_10_Multichannel Z-Stack_20251104_186.vsi,3_3_PSYHARMIN_10_Multichannel Z-Stack_20251104_186.npy,\\srv-fs.ad.nudz.cz\BV_data\Brejtr\ActiveProjects\Microscopy\20251104\3_3_PSYHARMIN_10_Multichannel Z-Stack_20251104_186.vsi,324,ch2,0.28245679846946264,0.24889415441793308,,False,,0.6119734048843384,0.6815286874771118,0.732758641242981,0.08702279496842971,0.21500391762136378,0.24889415441793308,0.12431738904217449,0.23467731714059134,0.28245679846946264,0.11570309102535248,0.14048711955547333,0.14902211725711823
199,\\srv-fs.ad.nudz.cz\BV_data\Brejtr\ActiveProjects\Microscopy\20251104\3_3_PSYHARMIN_1_Multichannel Z-Stack_20251104_177.vsi,3_3_PSYHARMIN_1_Multichannel Z-Stack_20251104_177.npy,\\srv-fs.ad.nudz.cz\BV_data\Brejtr\ActiveProjects\Microscopy\20251104\3_3_PSYHARMIN_1_Multichannel Z-Stack_20251104_177.vsi,324,ch2,0.2856191468136014,0.25601310448487075,,False,,0.6497005820274353,0.7361963391304016,0.7572815418243408,0.087246711851864,0.16525245889099718,0.25601310448487075,0.11427653096752938,0.18121655206655202,0.2856191468136014,0.12417911738157272,0.1484220027923584,0.154768168926239
200,\\srv-fs.ad.nudz.cz\BV_data\Brejtr\ActiveProjects\Microscopy\20251104\3_3_PSYHARMIN_2_Multichannel Z-Stack_20251104_178.vsi,3_3_PSYHARMIN_2_Multichannel Z-Stack_20251104_178.npy,\\srv-fs.ad.nudz.cz\BV_data\Brejtr\ActiveProjects\Microscopy\20251104\3_3_PSYHARMIN_2_Multichannel Z-Stack_20251104_178.vsi,324,ch2,0.2718098092114538,0.24028299217582602,,False,,0.6573208570480347,0.7784430980682373,0.7631579041481018,0.10668800809927383,0.16511189383109903,0.24028299217582602,0.14083724934322886,0.18143326684815153,0.2718098092114538,0.12833446264266968,0.1624789983034134,0.15776894986629486
201,\\srv-fs.ad.nudz.cz\BV_data\Brejtr\ActiveProjects\Microscopy\20251104\3_3_PSYHARMIN_3_Multichannel Z-Stack_20251104_179.vsi,3_3_PSYHARMIN_3_Multichannel Z-Stack_20251104_179.npy,\\srv-fs.ad.nudz.cz\BV_data\Brejtr\ActiveProjects\Microscopy\20251104\3_3_PSYHARMIN_3_Multichannel Z-Stack_20251104_179.vsi,324,ch2,0.3186701395775418,0.28359269584676894,,False,,0.634782612323761,0.8029196858406067,0.7699999809265137,0.11377829394322787,0.2115147042918812,0.28359269584676894,0.15682432804303395,0.23283461648651987,0.3186701395775418,0.12182120233774185,0.1718611717224121,0.15991619229316711
202,\\srv-fs.ad.nudz.cz\BV_data\Brejtr\ActiveProjects\Microscopy\20251104\3_3_PSYHARMIN_4_Multichannel Z-Stack_20251104_180.vsi,3_3_PSYHARMIN_4_Multichannel Z-Stack_20251104_180.npy,\\srv-fs.ad.nudz.cz\BV_data\Brejtr\ActiveProjects\Microscopy\20251104\3_3_PSYHARMIN_4_Multichannel Z-Stack_20251104_180.vsi,324,ch2,0.34802784577066925,0.3149837634905441,,False,,0.6289308071136475,0.800000011920929,0.7666666507720947,0.120125285333447,0.21634836731049992,0.3149837634905441,0.16256494753234746,0.23821638223805242,0.34802784577066925,0.12170278280973434,0.17262038588523865,0.16004151105880737
203,\\srv-fs.ad.nudz.cz\BV_data\Brejtr\ActiveProjects\Microscopy\20251104\3_3_PSYHARMIN_5_Multichannel Z-Stack_20251104_181.vsi,3_3_PSYHARMIN_5_Multichannel Z-Stack_20251104_181.npy,\\srv-fs.ad.nudz.cz\BV_data\Brejtr\ActiveProjects\Microscopy\20251104\3_3_PSYHARMIN_5_Multichannel Z-Stack_20251104_181.vsi,324,ch2,0.2808332803120017,0.24978362834471904,,False,,0.6398809552192688,0.797468364238739,0.7706422209739685,0.10131957113475888,0.15297806705683187,0.24978362834471904,0.13442948662337326,0.16725102963577093,0.2808332803120017,0.12497909367084503,0.17317141592502594,0.15931573510169983
204,\\srv-fs.ad.nudz.cz\BV_data\Brejtr\ActiveProjects\Microscopy\20251104\3_3_PSYHARMIN_6_Multichannel Z-Stack_20251104_182.vsi,3_3_PSYHARMIN_6_Multichannel Z-Stack_20251104_182.npy,\\srv-fs.ad.nudz.cz\BV_data\Brejtr\ActiveProjects\Microscopy\20251104\3_3_PSYHARMIN_6_Multichannel Z-Stack_20251104_182.vsi,324,ch2,0.3173339514474901,0.2848064901935411,,False,,0.6098360419273376,0.7553957104682922,0.7628865838050842,0.11062486541064173,0.19176930313521218,0.2848064901935411,0.14840308043982214,0.208472570168773,0.3173339514474901,0.11764771491289139,0.15633715689182281,0.15545326471328735
205,\\srv-fs.ad.nudz.cz\BV_data\Brejtr\ActiveProjects\Microscopy\20251104\3_3_PSYHARMIN_7_Multichannel Z-Stack_20251104_183.vsi,3_3_PSYHARMIN_7_Multichannel Z-Stack_20251104_183.npy,\\srv-fs.ad.nudz.cz\BV_data\Brejtr\ActiveProjects\Microscopy\20251104\3_3_PSYHARMIN_7_Multichannel Z-Stack_20251104_183.vsi,324,ch2,0.3127724113858508,0.27683804130242784,,False,,0.6335877776145935,0.7426470518112183,0.7714285850524902,0.15234129187095638,0.231681493772304,0.27683804130242784,0.18281821346423396,0.24788157622448911,0.3127724113858508,0.12341403216123581,0.15429680049419403,0.16288675367832184
206,\\srv-fs.ad.nudz.cz\BV_data\Brejtr\ActiveProjects\Microscopy\20251104\3_3_PSYHARMIN_8_Multichannel Z-Stack_20251104_184.vsi,3_3_PSYHARMIN_8_Multichannel Z-Stack_20251104_184.npy,\\srv-fs.ad.nudz.cz\BV_data\Brejtr\ActiveProjects\Microscopy\20251104\3_3_PSYHARMIN_8_Multichannel Z-Stack_20251104_184.vsi,324,ch2,0.27616108678782814,0.2411108860619862,,False,,0.6610169410705566,0.7283950448036194,0.7666666507720947,0.11122335131227344,0.20857644486032614,0.2411108860619862,0.14839844146035425,0.22683182255677983,0.27616108678782814,0.12657161056995392,0.1506340056657791,0.16130635142326355
207,\\srv-fs.ad.nudz.cz\BV_data\Brejtr\ActiveProjects\Microscopy\20251104\3_3_PSYHARMIN_9_Multichannel Z-Stack_20251104_185.vsi,3_3_PSYHARMIN_9_Multichannel Z-Stack_20251104_185.npy,\\srv-fs.ad.nudz.cz\BV_data\Brejtr\ActiveProjects\Microscopy\20251104\3_3_PSYHARMIN_9_Multichannel Z-Stack_20251104_185.vsi,324,ch2,0.17535037922505417,0.14924490962995254,,False,,0.6252873539924622,0.7306889295578003,0.7445651888847351,0.05509038350401211,0.054261887846682066,0.14924490962995254,0.09610304733101843,0.07106191208868064,0.17535037922505417,0.12233629077672958,0.15045955777168274,0.1550702154636383
208,\\srv-fs.ad.nudz.cz\BV_data\Brejtr\ActiveProjects\Microscopy\20251104\3_3_PSY_10_Multichannel Z-Stack_20251104_176.vsi,3_3_PSY_10_Multichannel Z-Stack_20251104_176.npy,\\srv-fs.ad.nudz.cz\BV_data\Brejtr\ActiveProjects\Microscopy\20251104\3_3_PSY_10_Multichannel Z-Stack_20251104_176.vsi,324,ch2,0.27354825368979674,0.24217956695699727,,False,,0.5465116500854492,0.78125,0.752293586730957,0.12678596951945245,0.23810944962482003,0.24217956695699727,0.16255968344575594,0.2529364657269386,0.27354825368979674,0.10731729120016098,0.1653546541929245,0.15582230687141418
209,\\srv-fs.ad.nudz.cz\BV_data\Brejtr\ActiveProjects\Microscopy\20251104\3_3_PSY_1A_Multichannel Z-Stack_20251104_167.vsi,3_3_PSY_1A_Multichannel Z-Stack_20251104_167.npy,\\srv-fs.ad.nudz.cz\BV_data\Brejtr\ActiveProjects\Microscopy\20251104\3_3_PSY_1A_Multichannel Z-Stack_20251104_167.vsi,324,ch2,0.2788244933046979,0.2480524806084492,,False,,0.595588207244873,0.760869562625885,0.7727272510528564,0.14057697865734695,0.19789850727189798,0.2480524806084492,0.16882385197184302,0.21317702133799152,0.2788244933046979,0.1155618354678154,0.1613270342350006,0.1593557745218277
210,\\srv-fs.ad.nudz.cz\BV_data\Brejtr\ActiveProjects\Microscopy\20251104\3_3_PSY_1_Multichannel Z-Stack_20251104_166.vsi,3_3_PSY_1_Multichannel Z-Stack_20251104_166.npy,\\srv-fs.ad.nudz.cz\BV_data\Brejtr\ActiveProjects\Microscopy\20251104\3_3_PSY_1_Multichannel Z-Stack_20251104_166.vsi,324,ch2,0.26313010864741115,0.23200476344411178,,False,,0.6075085401535034,0.7552447319030762,0.7647058963775635,0.13216390767562242,0.19356802391689695,0.23200476344411178,0.16026262275581396,0.20844982711288373,0.26313010864741115,0.11701230704784393,0.15940997004508972,0.15856695175170898
211,\\srv-fs.ad.nudz.cz\BV_data\Brejtr\ActiveProjects\Microscopy\20251104\3_3_PSY_2_Multichannel Z-Stack_20251104_168.vsi,3_3_PSY_2_Multichannel Z-Stack_20251104_168.npy,\\srv-fs.ad.nudz.cz\BV_data\Brejtr\ActiveProjects\Microscopy\20251104\3_3_PSY_2_Multichannel Z-Stack_20251104_168.vsi,324,ch2,0.2853751764432066,0.25427993054432446,,False,,0.6059602499008179,0.7368420958518982,0.7477477192878723,0.12173945540188226,0.1720973401214794,0.25427993054432446,0.15131600821047417,0.1870129744388965,0.2853751764432066,0.1143736019730568,0.15066848695278168,0.1511572003364563
212,\\srv-fs.ad.nudz.cz\BV_data\Brejtr\ActiveProjects\Microscopy\20251104\3_3_PSY_3_Multichannel Z-Stack_20251104_169.vsi,3_3_PSY_3_Multichannel Z-Stack_20251104_169.npy,\\srv-fs.ad.nudz.cz\BV_data\Brejtr\ActiveProjects\Microscopy\20251104\3_3_PSY_3_Multichannel Z-Stack_20251104_169.vsi,324,ch2,0.22780453627640934,0.20207050201934876,,False,,0.6285714507102966,0.4455782175064087,0.6100628972053528,0.09555990108652664,0.13567146966479884,0.20207050201934876,0.1258798137289328,0.1481355909152336,0.22780453627640934,0.11676951497793198,0.09861042350530624,0.12490331381559372
213,\\srv-fs.ad.nudz.cz\BV_data\Brejtr\ActiveProjects\Microscopy\20251104\3_3_PSY_4_Multichannel Z-Stack_20251104_170.vsi,3_3_PSY_4_Multichannel Z-Stack_20251104_170.npy,\\srv-fs.ad.nudz.cz\BV_data\Brejtr\ActiveProjects\Microscopy\20251104\3_3_PSY_4_Multichannel Z-Stack_20251104_170.vsi,324,ch2,0.23191042861550212,0.2039050959577288,,False,,0.6356382966041565,0.7663043737411499,0.7716535329818726,0.1130721188174495,0.1539926982186939,0.2039050959577288,0.15127482205181292,0.1716158428510907,0.23191042861550212,0.12134851515293121,0.16410186886787415,0.16244913637638092
214,\\srv-fs.ad.nudz.cz\BV_data\Brejtr\ActiveProjects\Microscopy\20251104\3_3_PSY_5_Multichannel Z-Stack_20251104_171.vsi,3_3_PSY_5_Multichannel Z-Stack_20251104_171.npy,\\srv-fs.ad.nudz.cz\BV_data\Brejtr\ActiveProjects\Microscopy\20251104\3_3_PSY_5_Multichannel Z-Stack_20251104_171.vsi,324,ch2,0.335402322352908,0.3105227255222903,,False,,0.5922746658325195,0.8031495809555054,0.7790697813034058,0.13575706796295617,0.17844973252437232,0.3105227255222903,0.17010657714385546,0.19195771054918276,0.335402322352908,0.11691074818372726,0.17520257830619812,0.15965178608894348
215,\\srv-fs.ad.nudz.cz\BV_data\Brejtr\ActiveProjects\Microscopy\20251104\3_3_PSY_6_Multichannel Z-Stack_20251104_172.vsi,3_3_PSY_6_Multichannel Z-Stack_20251104_172.npy,\\srv-fs.ad.nudz.cz\BV_data\Brejtr\ActiveProjects\Microscopy\20251104\3_3_PSY_6_Multichannel Z-Stack_20251104_172.vsi,324,ch2,0.3393602137345539,0.3126245540470175,,False,,0.5674418807029724,0.7692307829856873,0.7558139562606812,0.13805571005112202,0.1915164178519998,0.3126245540470175,0.17237291584081108,0.20759690978177744,0.3393602137345539,0.11137670278549194,0.16335377097129822,0.15397055447101593
216,\\srv-fs.ad.nudz.cz\BV_data\Brejtr\ActiveProjects\Microscopy\20251104\3_3_PSY_7_Multichannel Z-Stack_20251104_173.vsi,3_3_PSY_7_Multichannel Z-Stack_20251104_173.npy,\\srv-fs.ad.nudz.cz\BV_data\Brejtr\ActiveProjects\Microscopy\20251104\3_3_PSY_7_Multichannel Z-Stack_20251104_173.vsi,324,ch2,0.28489521356403225,0.2541319300353962,,False,,0.557939887046814,0.7777777910232544,0.761904776096344,0.1269588743818752,0.17624711759732037,0.2541319300353962,0.15745820866229449,0.19091909240925145,0.28489521356403225,0.11019612848758698,0.16205784678459167,0.15874949097633362
217,\\srv-fs.ad.nudz.cz\BV_data\Brejtr\ActiveProjects\Microscopy\20251104\3_3_PSY_8_Multichannel Z-Stack_20251104_174.vsi,3_3_PSY_8_Multichannel Z-Stack_20251104_174.npy,\\srv-fs.ad.nudz.cz\BV_data\Brejtr\ActiveProjects\Microscopy\20251104\3_3_PSY_8_Multichannel Z-Stack_20251104_174.vsi,324,ch2,0.281823200794721,0.25065571232138506,,False,,0.5727272629737854,0.7542372941970825,0.7592592835426331,0.14271562319989156,0.21126440400196944,0.25065571232138506,0.17864365129374915,0.22982611432420766,0.281823200794721,0.11309555172920227,0.16272155940532684,0.1567908227443695
218,\\srv-fs.ad.nudz.cz\BV_data\Brejtr\ActiveProjects\Microscopy\20251104\3_3_PSY_9_Multichannel Z-Stack_20251104_175.vsi,3_3_PSY_9_Multichannel Z-Stack_20251104_175.npy,\\srv-fs.ad.nudz.cz\BV_data\Brejtr\ActiveProjects\Microscopy\20251104\3_3_PSY_9_Multichannel Z-Stack_20251104_175.vsi,324,ch2,0.2859622585274952,0.25736706484029914,,False,,0.5897436141967773,0.7716535329818726,0.7676767706871033,0.15549626898238825,0.18941671160735693,0.25736706484029914,0.18902264426016532,0.20590093532963388,0.2859622585274952,0.11641790717840195,0.1633560061454773,0.16046281158924103
251,\\srv-fs.ad.nudz.cz\BV_data\Brejtr\ActiveProjects\Microscopy\20251205\5_LITHIUM_1uM_24hod_1_Multichannel Z-Stack_20251205_206.vsi,5_LITHIUM_1uM_24hod_1_Multichannel Z-Stack_20251205_206.npy,\\srv-fs.ad.nudz.cz\BV_data\Brejtr\ActiveProjects\Microscopy\20251205\5_LITHIUM_1uM_24hod_1_Multichannel Z-Stack_20251205_206.vsi,324,ch2,0.7510109214409765,0.7573430922344664,ch1;ch2,True,,0.7872340679168701,0.7674418687820435,0.7894737124443054,0.5472682863085616,0.6319508532370943,0.7573430922344664,0.5485747319643486,0.6292499081412246,0.7510109214409765,0.1565621942281723,0.15600574016571045,0.1622229367494583
252,\\srv-fs.ad.nudz.cz\BV_data\Brejtr\ActiveProjects\Microscopy\20251205\5_LITHIUM_1uM_24hod_2_Multichannel Z-Stack_20251205_207.vsi,5_LITHIUM_1uM_24hod_2_Multichannel Z-Stack_20251205_207.npy,\\srv-fs.ad.nudz.cz\BV_data\Brejtr\ActiveProjects\Microscopy\20251205\5_LITHIUM_1uM_24hod_2_Multichannel Z-Stack_20251205_207.vsi,324,ch2,0.812373230689536,0.8194514590955857,ch0;ch1;ch2,True,,0.761904776096344,0.7837837934494019,0.7837837934494019,0.6666039051463011,0.7752676945778711,0.8194514590955857,0.6658054955081845,0.7702230392784363,0.812373230689536,0.15103749930858612,0.15611711144447327,0.15781012177467346
253,\\srv-fs.ad.nudz.cz\BV_data\Brejtr\ActiveProjects\Microscopy\20251205\5_LITHIUM_1uM_24hod_3_Multichannel Z-Stack_20251205_208.vsi,5_LITHIUM_1uM_24hod_3_Multichannel Z-Stack_20251205_208.npy,\\srv-fs.ad.nudz.cz\BV_data\Brejtr\ActiveProjects\Microscopy\20251205\5_LITHIUM_1uM_24hod_3_Multichannel Z-Stack_20251205_208.vsi,324,ch2,0.802857348687889,0.8101335354415309,ch0;ch1;ch2,True,,0.7894737124443054,0.8055555820465088,0.7837837934494019,0.7386240375562092,0.7984564609801686,0.8101335354415309,0.7331210397780615,0.7914797916880858,0.802857348687889,0.15710192918777466,0.15846198797225952,0.15958571434020996
254,\\srv-fs.ad.nudz.cz\BV_data\Brejtr\ActiveProjects\Microscopy\20251205\5_PSI1h10uM_WO_24hod_10_Multichannel Z-Stack_20251205_172.vsi,5_PSI1h10uM_WO_24hod_10_Multichannel Z-Stack_20251205_172.npy,\\srv-fs.ad.nudz.cz\BV_data\Brejtr\ActiveProjects\Microscopy\20251205\5_PSI1h10uM_WO_24hod_10_Multichannel Z-Stack_20251205_172.vsi,324,ch2,0.08307423053435813,0.04751035208113663,,False,,0.6584679484367371,0.6960711479187012,0.6704936623573303,0.029548701144248457,0.03412807521949584,0.04751035208113663,0.06799137692201136,0.06777341143196469,0.08307423053435813,0.12964583933353424,0.1371070295572281,0.1354503035545349
255,\\srv-fs.ad.nudz.cz\BV_data\Brejtr\ActiveProjects\Microscopy\20251205\5_PSI1h10uM_WO_24hod_1_Multichannel Z-Stack_20251205_162.vsi,5_PSI1h10uM_WO_24hod_1_Multichannel Z-Stack_20251205_162.npy,\\srv-fs.ad.nudz.cz\BV_data\Brejtr\ActiveProjects\Microscopy\20251205\5_PSI1h10uM_WO_24hod_1_Multichannel Z-Stack_20251205_162.vsi,324,ch2,0.11942183039455663,0.0880883367198675,,False,,0.6699801087379456,0.6862244606018066,0.725806474685669,0.039401251836595166,0.03685649034354081,0.0880883367198675,0.07349982826340479,0.0639256603418841,0.11942183039455663,0.1386326402425766,0.1413937658071518,0.14975140988826752
256,\\srv-fs.ad.nudz.cz\BV_data\Brejtr\ActiveProjects\Microscopy\20251205\5_PSI1h10uM_WO_24hod_2_Multichannel Z-Stack_20251205_163.vsi,5_PSI1h10uM_WO_24hod_2_Multichannel Z-Stack_20251205_163.npy,\\srv-fs.ad.nudz.cz\BV_data\Brejtr\ActiveProjects\Microscopy\20251205\5_PSI1h10uM_WO_24hod_2_Multichannel Z-Stack_20251205_163.vsi,324,ch2,0.11204322630552274,0.08281673244732456,,False,,0.6813939213752747,0.6832214593887329,0.7048192620277405,0.03388453978500789,0.03798155113867446,0.08281673244732456,0.06340685231401892,0.0652828095707467,0.11204322630552274,0.14097629487514496,0.1413768231868744,0.14599524438381195
257,\\srv-fs.ad.nudz.cz\BV_data\Brejtr\ActiveProjects\Microscopy\20251205\5_PSI1h10uM_WO_24hod_3_Multichannel Z-Stack_20251205_164.vsi,5_PSI1h10uM_WO_24hod_3_Multichannel Z-Stack_20251205_164.npy,\\srv-fs.ad.nudz.cz\BV_data\Brejtr\ActiveProjects\Microscopy\20251205\5_PSI1h10uM_WO_24hod_3_Multichannel Z-Stack_20251205_164.vsi,324,ch2,0.14745403404952998,0.11560212816173313,,False,,0.6643073558807373,0.6513944268226624,0.6919831037521362,0.042714999582512,0.051830437393796135,0.11560212816173313,0.074608114266061,0.07712979848011324,0.14745403404952998,0.1294877976179123,0.12869861721992493,0.13979549705982208
258,\\srv-fs.ad.nudz.cz\BV_data\Brejtr\ActiveProjects\Microscopy\20251205\5_PSI1h10uM_WO_24hod_4_Multichannel Z-Stack_20251205_165.vsi,5_PSI1h10uM_WO_24hod_4_Multichannel Z-Stack_20251205_165.npy,\\srv-fs.ad.nudz.cz\BV_data\Brejtr\ActiveProjects\Microscopy\20251205\5_PSI1h10uM_WO_24hod_4_Multichannel Z-Stack_20251205_165.vsi,324,ch2,0.191250739588541,0.1528079909928778,,False,,0.5831750899549369,0.6030534505844116,0.6517412662506104,0.05552279149945525,0.07749538313986547,0.1528079909928778,0.0945148929916238,0.11002082114375784,0.191250739588541,0.10978507995605469,0.11628316342830658,0.12713143229484558
259,\\srv-fs.ad.nudz.cz\BV_data\Brejtr\ActiveProjects\Microscopy\20251205\5_PSI1h10uM_WO_24hod_5_Multichannel Z-Stack_20251205_166.vsi,5_PSI1h10uM_WO_24hod_5_Multichannel Z-Stack_20251205_166.npy,\\srv-fs.ad.nudz.cz\BV_data\Brejtr\ActiveProjects\Microscopy\20251205\5_PSI1h10uM_WO_24hod_5_Multichannel Z-Stack_20251205_166.vsi,324,ch2,0.09973078472644752,0.07591398733508727,,False,,0.6773566603660583,0.6878048777580261,0.5328798294067383,0.04638061711715334,0.04364062456707103,0.07591398733508727,0.08051832830342766,0.06885912254872216,0.09973078472644752,0.13448701798915863,0.1360524296760559,0.10642805695533752
260,\\srv-fs.ad.nudz.cz\BV_data\Brejtr\ActiveProjects\Microscopy\20251205\5_PSI1h10uM_WO_24hod_6_Multichannel Z-Stack_20251205_167.vsi,5_PSI1h10uM_WO_24hod_6_Multichannel Z-Stack_20251205_167.npy,\\srv-fs.ad.nudz.cz\BV_data\Brejtr\ActiveProjects\Microscopy\20251205\5_PSI1h10uM_WO_24hod_6_Multichannel Z-Stack_20251205_167.vsi,324,ch2,0.09935952258735567,0.07639706834365054,,False,,0.5421209335327148,0.5927977561950684,0.4608501195907593,0.04283348438621912,0.07457745295757486,0.07639706834365054,0.07287134588866521,0.0985514185394282,0.09935952258735567,0.10250385105609894,0.11638947576284409,0.09095830470323563
261,\\srv-fs.ad.nudz.cz\BV_data\Brejtr\ActiveProjects\Microscopy\20251205\5_PSI1h10uM_WO_24hod_7_Multichannel Z-Stack_20251205_168.vsi,5_PSI1h10uM_WO_24hod_7_Multichannel Z-Stack_20251205_168.npy,\\srv-fs.ad.nudz.cz\BV_data\Brejtr\ActiveProjects\Microscopy\20251205\5_PSI1h10uM_WO_24hod_7_Multichannel Z-Stack_20251205_168.vsi,324,ch2,0.16752289120101788,0.1286557913481918,,False,,0.672897219657898,0.692307710647583,0.7063829898834229,0.0625300059815011,0.05839863640457043,0.1286557913481918,0.10361951026837264,0.09778958542984835,0.16752289120101788,0.13641247153282166,0.13785332441329956,0.14563573896884918
262,\\srv-fs.ad.nudz.cz\BV_data\Brejtr\ActiveProjects\Microscopy\20251205\5_PSI1h10uM_WO_24hod_8_Multichannel Z-Stack_20251205_169.vsi,5_PSI1h10uM_WO_24hod_8_Multichannel Z-Stack_20251205_169.npy,\\srv-fs.ad.nudz.cz\BV_data\Brejtr\ActiveProjects\Microscopy\20251205\5_PSI1h10uM_WO_24hod_8_Multichannel Z-Stack_20251205_169.vsi,324,ch2,0.08638302700020295,0.0648618017119974,,False,,0.6587982773780823,0.6345381736755371,0.4209558963775635,0.0460665300894843,0.055602080323331526,0.0648618017119974,0.07972406415973944,0.08566575789940477,0.08638302700020295,0.13228797912597656,0.12572109699249268,0.08850707113742828
263,\\srv-fs.ad.nudz.cz\BV_data\Brejtr\ActiveProjects\Microscopy\20251205\5_PSI1h10uM_WO_24hod_9_Multichannel Z-Stack_20251205_170.vsi,5_PSI1h10uM_WO_24hod_9_Multichannel Z-Stack_20251205_170.npy,\\srv-fs.ad.nudz.cz\BV_data\Brejtr\ActiveProjects\Microscopy\20251205\5_PSI1h10uM_WO_24hod_9_Multichannel Z-Stack_20251205_170.vsi,324,ch2,0.09508319490569721,0.07375338415109611,,False,,0.622710645198822,0.6145610213279724,0.4928229749202728,0.05162463275800792,0.05442882475529969,0.07375338415109611,0.08583994494331317,0.08101704825864244,0.09508319490569721,0.12376118451356888,0.11851442605257034,0.09480732679367065
264,\\srv-fs.ad.nudz.cz\BV_data\Brejtr\ActiveProjects\Microscopy\20251205\5_PSI1h10uM_WO_24hod_9_Multichannel Z-Stack_20251205_171.vsi,5_PSI1h10uM_WO_24hod_9_Multichannel Z-Stack_20251205_171.npy,\\srv-fs.ad.nudz.cz\BV_data\Brejtr\ActiveProjects\Microscopy\20251205\5_PSI1h10uM_WO_24hod_9_Multichannel Z-Stack_20251205_171.vsi,324,ch2,0.08541251898228891,0.05044618665920619,,False,,0.5978647470474243,0.6188380122184753,0.6398928761482239,0.029957248038626996,0.033880120003411944,0.05044618665920619,0.0670818495431417,0.06527422049358651,0.08541251898228891,0.11256660521030426,0.11836366355419159,0.12515789270401
265,\\srv-fs.ad.nudz.cz\BV_data\Brejtr\ActiveProjects\Microscopy\20251205\5_PSI1h1uM_WO_10_Multichannel Z-Stack_20251205_161.vsi,5_PSI1h1uM_WO_10_Multichannel Z-Stack_20251205_161.npy,\\srv-fs.ad.nudz.cz\BV_data\Brejtr\ActiveProjects\Microscopy\20251205\5_PSI1h1uM_WO_10_Multichannel Z-Stack_20251205_161.vsi,324,ch2,0.13816540671865174,0.10720631835836947,,False,,0.6340121030807495,0.6340996026992798,0.6486486196517944,0.04871800576008912,0.04667045352903522,0.10720631835836947,0.08662240637678874,0.07373981881475812,0.13816540671865174,0.12522275745868683,0.12283965200185776,0.12664467096328735
266,\\srv-fs.ad.nudz.cz\BV_data\Brejtr\ActiveProjects\Microscopy\20251205\5_PSI1h1uM_WO_1_Multichannel Z-Stack_20251205_151.vsi,5_PSI1h1uM_WO_1_Multichannel Z-Stack_20251205_151.npy,\\srv-fs.ad.nudz.cz\BV_data\Brejtr\ActiveProjects\Microscopy\20251205\5_PSI1h1uM_WO_1_Multichannel Z-Stack_20251205_151.vsi,324,ch2,0.15875189656684613,0.12098970933019636,,False,,0.6444256901741028,0.6565144062042236,0.6796875,0.04645976159669134,0.05002876354380542,0.12098970933019636,0.08412817981655499,0.08044970782658561,0.15875189656684613,0.12876717746257782,0.1313532143831253,0.13848106563091278
267,\\srv-fs.ad.nudz.cz\BV_data\Brejtr\ActiveProjects\Microscopy\20251205\5_PSI1h1uM_WO_2_Multichannel Z-Stack_20251205_152.vsi,5_PSI1h1uM_WO_2_Multichannel Z-Stack_20251205_152.npy,\\srv-fs.ad.nudz.cz\BV_data\Brejtr\ActiveProjects\Microscopy\20251205\5_PSI1h1uM_WO_2_Multichannel Z-Stack_20251205_152.vsi,324,ch2,0.14082128021329188,0.10880418877759383,,False,,0.6390284895896912,0.6813187003135681,0.6743295192718506,0.041837840746741635,0.04898637428528643,0.10880418877759383,0.0738406966991498,0.07494071812100604,0.14082128021329188,0.12894591689109802,0.1385146826505661,0.14141258597373962
268,\\srv-fs.ad.nudz.cz\BV_data\Brejtr\ActiveProjects\Microscopy\20251205\5_PSI1h1uM_WO_2_Multichannel Z-Stack_20251205_153.vsi,5_PSI1h1uM_WO_2_Multichannel Z-Stack_20251205_153.npy,\\srv-fs.ad.nudz.cz\BV_data\Brejtr\ActiveProjects\Microscopy\20251205\5_PSI1h1uM_WO_2_Multichannel Z-Stack_20251205_153.vsi,324,ch2,0.15187033789671445,0.1128920891138903,,False,,0.6894463896751404,0.6919770836830139,0.7050847411155701,0.05379641056059675,0.049955387400580614,0.1128920891138903,0.09450312294384815,0.08465158399980481,0.15187033789671445,0.14116205275058746,0.14410075545310974,0.14721055328845978
269,\\srv-fs.ad.nudz.cz\BV_data\Brejtr\ActiveProjects\Microscopy\20251205\5_PSI1h1uM_WO_3_Multichannel Z-Stack_20251205_154.vsi,5_PSI1h1uM_WO_3_Multichannel Z-Stack_20251205_154.npy,\\srv-fs.ad.nudz.cz\BV_data\Brejtr\ActiveProjects\Microscopy\20251205\5_PSI1h1uM_WO_3_Multichannel Z-Stack_20251205_154.vsi,324,ch2,0.15183993385529865,0.11800794163876832,,False,,0.5722952485084534,0.5739348530769348,0.6171875,0.044554533889662754,0.06830437593576545,0.11800794163876832,0.08177936291417658,0.09560614989419035,0.15183993385529865,0.10917337238788605,0.11457166075706482,0.12004683166742325
270,\\srv-fs.ad.nudz.cz\BV_data\Brejtr\ActiveProjects\Microscopy\20251205\5_PSI1h1uM_WO_4_Multichannel Z-Stack_20251205_155.vsi,5_PSI1h1uM_WO_4_Multichannel Z-Stack_20251205_155.npy,\\srv-fs.ad.nudz.cz\BV_data\Brejtr\ActiveProjects\Microscopy\20251205\5_PSI1h1uM_WO_4_Multichannel Z-Stack_20251205_155.vsi,324,ch2,0.16739658758187587,0.13396899939437443,,False,,0.5515021681785583,0.5581790119398063,0.5964125394821167,0.046452552525217086,0.08418480238463973,0.13396899939437443,0.08334474582861211,0.11109838297610689,0.16739658758187587,0.10370596498250961,0.11171674728393555,0.11611811816692352
271,\\srv-fs.ad.nudz.cz\BV_data\Brejtr\ActiveProjects\Microscopy\20251205\5_PSI1h1uM_WO_5_Multichannel Z-Stack_20251205_156.vsi,5_PSI1h1uM_WO_5_Multichannel Z-Stack_20251205_156.npy,\\srv-fs.ad.nudz.cz\BV_data\Brejtr\ActiveProjects\Microscopy\20251205\5_PSI1h1uM_WO_5_Multichannel Z-Stack_20251205_156.vsi,324,ch2,0.1187124321730152,0.08782197177765576,,False,,0.6794978976249695,0.6849507689476013,0.7192429304122925,0.04061247152032866,0.03975849782968722,0.08782197177765576,0.07347949284453092,0.06807671802674818,0.1187124321730152,0.13784123957157135,0.13717706501483917,0.14471574127674103
272,\\srv-fs.ad.nudz.cz\BV_data\Brejtr\ActiveProjects\Microscopy\20251205\5_PSI1h1uM_WO_6_Multichannel Z-Stack_20251205_157.vsi,5_PSI1h1uM_WO_6_Multichannel Z-Stack_20251205_157.npy,\\srv-fs.ad.nudz.cz\BV_data\Brejtr\ActiveProjects\Microscopy\20251205\5_PSI1h1uM_WO_6_Multichannel Z-Stack_20251205_157.vsi,324,ch2,0.12813086538897497,0.0961533960282714,,False,,0.6294559240341187,0.6260162591934204,0.659649133682251,0.04234544383241724,0.04286853483992944,0.0961533960282714,0.07784329756299325,0.07327161869680544,0.12813086538897497,0.12123862653970718,0.11765684187412262,0.12867042422294617
273,\\srv-fs.ad.nudz.cz\BV_data\Brejtr\ActiveProjects\Microscopy\20251205\5_PSI1h1uM_WO_7_Multichannel Z-Stack_20251205_158.vsi,5_PSI1h1uM_WO_7_Multichannel Z-Stack_20251205_158.npy,\\srv-fs.ad.nudz.cz\BV_data\Brejtr\ActiveProjects\Microscopy\20251205\5_PSI1h1uM_WO_7_Multichannel Z-Stack_20251205_158.vsi,324,ch2,0.16599550158349835,0.1252819928166268,,False,,0.7069717049598694,0.7264437675476074,0.7279411554336548,0.0620167449433972,0.0552361138379999,0.1252819928166268,0.10312050506572865,0.09119547198440858,0.16599550158349835,0.14693838357925415,0.15238232910633087,0.15030740201473236
274,\\srv-fs.ad.nudz.cz\BV_data\Brejtr\ActiveProjects\Microscopy\20251205\5_PSI1h1uM_WO_8_Multichannel Z-Stack_20251205_159.vsi,5_PSI1h1uM_WO_8_Multichannel Z-Stack_20251205_159.npy,\\srv-fs.ad.nudz.cz\BV_data\Brejtr\ActiveProjects\Microscopy\20251205\5_PSI1h1uM_WO_8_Multichannel Z-Stack_20251205_159.vsi,324,ch2,0.13339302356017538,0.10015786799059491,,False,,0.6653027534484863,0.6392617225646973,0.6892856955528259,0.041571059462266025,0.050628238417368195,0.10015786799059491,0.07553600745186258,0.08485104769130866,0.13339302356017538,0.13179154694080353,0.12659262120723724,0.13643942773342133
275,\\srv-fs.ad.nudz.cz\BV_data\Brejtr\ActiveProjects\Microscopy\20251205\5_PSI1h1uM_WO_9_Multichannel Z-Stack_20251205_160.vsi,5_PSI1h1uM_WO_9_Multichannel Z-Stack_20251205_160.npy,\\srv-fs.ad.nudz.cz\BV_data\Brejtr\ActiveProjects\Microscopy\20251205\5_PSI1h1uM_WO_9_Multichannel Z-Stack_20251205_160.vsi,324,ch2,0.14166916644351063,0.10551102863745217,,False,,0.6426513195037842,0.6612903475761414,0.6666666865348816,0.04126156503301879,0.05378923021995308,0.10551102863745217,0.0801825309557935,0.08937123704464926,0.14166916644351063,0.1231716200709343,0.1289009153842926,0.13176266849040985
276,\\srv-fs.ad.nudz.cz\BV_data\Brejtr\ActiveProjects\Microscopy\20251205\5_PSI_01uM_24hod_10_Multichannel Z-Stack_20251205_183.vsi,5_PSI_01uM_24hod_10_Multichannel Z-Stack_20251205_183.npy,\\srv-fs.ad.nudz.cz\BV_data\Brejtr\ActiveProjects\Microscopy\20251205\5_PSI_01uM_24hod_10_Multichannel Z-Stack_20251205_183.vsi,324,ch2,0.19176168771112947,0.15560210461182217,,False,,0.6677796244621277,0.7385057210922241,0.6770833134651184,0.0720847817739698,0.06836085951611552,0.15560210461182217,0.11006061465765506,0.0922343300676253,0.19176168771112947,0.13351139426231384,0.15283623337745667,0.13777410984039307
277,\\srv-fs.ad.nudz.cz\BV_data\Brejtr\ActiveProjects\Microscopy\20251205\5_PSI_01uM_24hod_1_Multichannel Z-Stack_20251205_173.vsi,5_PSI_01uM_24hod_1_Multichannel Z-Stack_20251205_173.npy,\\srv-fs.ad.nudz.cz\BV_data\Brejtr\ActiveProjects\Microscopy\20251205\5_PSI_01uM_24hod_1_Multichannel Z-Stack_20251205_173.vsi,324,ch2,0.19002350922023173,0.1520094874628398,,False,,0.6315789222717285,0.6595744490623474,0.6559139490127563,0.05062365215462338,0.07513338222577108,0.1520094874628398,0.09033809891892089,0.10650047880667836,0.19002350922023173,0.12263862788677216,0.1278383880853653,0.12913720309734344
278,\\srv-fs.ad.nudz.cz\BV_data\Brejtr\ActiveProjects\Microscopy\20251205\5_PSI_01uM_24hod_2_Multichannel Z-Stack_20251205_174.vsi,5_PSI_01uM_24hod_2_Multichannel Z-Stack_20251205_174.npy,\\srv-fs.ad.nudz.cz\BV_data\Brejtr\ActiveProjects\Microscopy\20251205\5_PSI_01uM_24hod_2_Multichannel Z-Stack_20251205_174.vsi,324,ch2,0.2020515815631279,0.16560763293582595,,False,,0.6336866617202759,0.6605504751205444,0.6832298040390015,0.05158852011284952,0.07576027245205748,0.16560763293582595,0.09141330563695452,0.10651696677092014,0.2020515815631279,0.12267181277275085,0.12720729410648346,0.13450177013874054
279,\\srv-fs.ad.nudz.cz\BV_data\Brejtr\ActiveProjects\Microscopy\20251205\5_PSI_01uM_24hod_3_Multichannel Z-Stack_20251205_175.vsi,5_PSI_01uM_24hod_3_Multichannel Z-Stack_20251205_175.npy,\\srv-fs.ad.nudz.cz\BV_data\Brejtr\ActiveProjects\Microscopy\20251205\5_PSI_01uM_24hod_3_Multichannel Z-Stack_20251205_175.vsi,324,ch2,0.13751721669056943,0.10966069673743342,,False,,0.6888633966445923,0.6499999761581421,0.6307692527770996,0.05063654777854011,0.04189791423166062,0.10966069673743342,0.08400733652803795,0.06207396895092368,0.13751721669056943,0.14486677944660187,0.1359240561723709,0.13279061019420624
280,\\srv-fs.ad.nudz.cz\BV_data\Brejtr\ActiveProjects\Microscopy\20251205\5_PSI_01uM_24hod_4_Multichannel Z-Stack_20251205_176.vsi,5_PSI_01uM_24hod_4_Multichannel Z-Stack_20251205_176.npy,\\srv-fs.ad.nudz.cz\BV_data\Brejtr\ActiveProjects\Microscopy\20251205\5_PSI_01uM_24hod_4_Multichannel Z-Stack_20251205_176.vsi,324,ch2,0.1608249001644092,0.12851088672932257,,False,,0.6973684430122375,0.7110552787780762,0.6976743936538696,0.0581273238893629,0.06580279379396005,0.12851088672932257,0.09541062045401125,0.09468145972154568,0.1608249001644092,0.14245830476284027,0.14595521986484528,0.1425333023071289
281,\\srv-fs.ad.nudz.cz\BV_data\Brejtr\ActiveProjects\Microscopy\20251205\5_PSI_01uM_24hod_5_Multichannel Z-Stack_20251205_177.vsi,5_PSI_01uM_24hod_5_Multichannel Z-Stack_20251205_177.npy,\\srv-fs.ad.nudz.cz\BV_data\Brejtr\ActiveProjects\Microscopy\20251205\5_PSI_01uM_24hod_5_Multichannel Z-Stack_20251205_177.vsi,324,ch2,0.1739055010428044,0.1413582031039757,,False,,0.6913408041000366,0.7052896618843079,0.699999988079071,0.05897184549363464,0.06633490649516444,0.1413582031039757,0.09623394365027285,0.0954533657172902,0.1739055010428044,0.1413516104221344,0.14438901841640472,0.14420095086097717
282,\\srv-fs.ad.nudz.cz\BV_data\Brejtr\ActiveProjects\Microscopy\20251205\5_PSI_01uM_24hod_6_Multichannel Z-Stack_20251205_178.vsi,5_PSI_01uM_24hod_6_Multichannel Z-Stack_20251205_178.npy,\\srv-fs.ad.nudz.cz\BV_data\Brejtr\ActiveProjects\Microscopy\20251205\5_PSI_01uM_24hod_6_Multichannel Z-Stack_20251205_178.vsi,324,ch2,0.20127493252746248,0.16980963589151277,,False,,0.6541666388511658,0.7204610705375671,0.6871165633201599,0.06048697931747587,0.06687379019116396,0.16980963589151277,0.09505086549326723,0.08976035254622863,0.20127493252746248,0.12932343780994415,0.1451176404953003,0.1366657018661499
283,\\srv-fs.ad.nudz.cz\BV_data\Brejtr\ActiveProjects\Microscopy\20251205\5_PSI_01uM_24hod_7_Multichannel Z-Stack_20251205_179.vsi,5_PSI_01uM_24hod_7_Multichannel Z-Stack_20251205_179.npy,\\srv-fs.ad.nudz.cz\BV_data\Brejtr\ActiveProjects\Microscopy\20251205\5_PSI_01uM_24hod_7_Multichannel Z-Stack_20251205_179.vsi,324,ch2,0.23680274247211028,0.20477680635176068,,False,,0.6327230930328369,0.6589595079421997,0.7058823704719543,0.04909922352373062,0.07780833347425072,0.20477680635176068,0.08241861520612777,0.10500667944658051,0.23680274247211028,0.12114380300045013,0.12981656193733215,0.1378525197505951
284,\\srv-fs.ad.nudz.cz\BV_data\Brejtr\ActiveProjects\Microscopy\20251205\5_PSI_01uM_24hod_7_Multichannel Z-Stack_20251205_180.vsi,5_PSI_01uM_24hod_7_Multichannel Z-Stack_20251205_180.npy,\\srv-fs.ad.nudz.cz\BV_data\Brejtr\ActiveProjects\Microscopy\20251205\5_PSI_01uM_24hod_7_Multichannel Z-Stack_20251205_180.vsi,324,ch2,0.19202874320257654,0.16086185338726278,,False,,0.6258596777915955,0.6807692050933838,0.715976357460022,0.06391488303183378,0.04889505878410209,0.16086185338726278,0.09732029811725176,0.06658230867799772,0.19202874320257654,0.12358622997999191,0.12930899858474731,0.1456824094057083
285,\\srv-fs.ad.nudz.cz\BV_data\Brejtr\ActiveProjects\Microscopy\20251205\5_PSI_01uM_24hod_8_Multichannel Z-Stack_20251205_181.vsi,5_PSI_01uM_24hod_8_Multichannel Z-Stack_20251205_181.npy,\\srv-fs.ad.nudz.cz\BV_data\Brejtr\ActiveProjects\Microscopy\20251205\5_PSI_01uM_24hod_8_Multichannel Z-Stack_20251205_181.vsi,324,ch2,0.19705912388685748,0.16330200930808256,,False,,0.6447831392288208,0.672897219657898,0.680232584476471,0.05599737096371065,0.06612742089113632,0.16330200930808256,0.09246968813669923,0.09743860426747371,0.19705912388685748,0.12737534940242767,0.13270142674446106,0.1352560967206955
286,\\srv-fs.ad.nudz.cz\BV_data\Brejtr\ActiveProjects\Microscopy\20251205\5_PSI_01uM_24hod_9_Multichannel Z-Stack_20251205_182.vsi,5_PSI_01uM_24hod_9_Multichannel Z-Stack_20251205_182.npy,\\srv-fs.ad.nudz.cz\BV_data\Brejtr\ActiveProjects\Microscopy\20251205\5_PSI_01uM_24hod_9_Multichannel Z-Stack_20251205_182.vsi,324,ch2,0.21178770965694038,0.1805638665570303,,False,,0.6639232039451599,0.6706730723381042,0.6933333277702332,0.05918752882077626,0.06792221785040335,0.1805638665570303,0.09543864446388203,0.09932284920458664,0.21178770965694038,0.13023582100868225,0.13195346295833588,0.1374482810497284
287,\\srv-fs.ad.nudz.cz\BV_data\Brejtr\ActiveProjects\Microscopy\20251205\5_PSI_10uM_24hod_10_Multichannel Z-Stack_20251205_205.vsi,5_PSI_10uM_24hod_10_Multichannel Z-Stack_20251205_205.npy,\\srv-fs.ad.nudz.cz\BV_data\Brejtr\ActiveProjects\Microscopy\20251205\5_PSI_10uM_24hod_10_Multichannel Z-Stack_20251205_205.vsi,324,ch2,0.16565309339930195,0.1350956533795269,,False,,0.650586724281311,0.6583541035652161,0.6804733872413635,0.04173899020001456,0.055095714834445045,0.1350956533795269,0.07870410549747024,0.08817020702016203,0.16565309339930195,0.12934350967407227,0.1270560622215271,0.1352366805076599
288,\\srv-fs.ad.nudz.cz\BV_data\Brejtr\ActiveProjects\Microscopy\20251205\5_PSI_10uM_24hod_1A_Multichannel Z-Stack_20251205_195.vsi,5_PSI_10uM_24hod_1A_Multichannel Z-Stack_20251205_195.npy,\\srv-fs.ad.nudz.cz\BV_data\Brejtr\ActiveProjects\Microscopy\20251205\5_PSI_10uM_24hod_1A_Multichannel Z-Stack_20251205_195.vsi,324,ch2,0.624854464784037,0.625863016477288,ch2,True,,0.6714285612106323,0.6867470145225525,0.7777777910232544,0.1339782611126038,0.2820340627869966,0.625863016477288,0.15556791092274472,0.2954481238449168,0.624854464784037,0.13262048363685608,0.13407856225967407,0.15641643106937408
289,\\srv-fs.ad.nudz.cz\BV_data\Brejtr\ActiveProjects\Microscopy\20251205\5_PSI_10uM_24hod_1_Multichannel Z-Stack_20251205_194.vsi,5_PSI_10uM_24hod_1_Multichannel Z-Stack_20251205_194.npy,\\srv-fs.ad.nudz.cz\BV_data\Brejtr\ActiveProjects\Microscopy\20251205\5_PSI_10uM_24hod_1_Multichannel Z-Stack_20251205_194.vsi,324,ch2,0.7896226784331959,0.795649346233194,ch0;ch1;ch2,True,,0.6666666865348816,0.7058823704719543,0.7749999761581421,0.5889798171413663,0.6121171675609248,0.795649346233194,0.58729822853639,0.6090497443518812,0.7896226784331959,0.12940983474254608,0.13298723101615906,0.15640142560005188
290,\\srv-fs.ad.nudz.cz\BV_data\Brejtr\ActiveProjects\Microscopy\20251205\5_PSI_10uM_24hod_2A_Multichannel Z-Stack_20251205_196.vsi,5_PSI_10uM_24hod_2A_Multichannel Z-Stack_20251205_196.npy,\\srv-fs.ad.nudz.cz\BV_data\Brejtr\ActiveProjects\Microscopy\20251205\5_PSI_10uM_24hod_2A_Multichannel Z-Stack_20251205_196.vsi,324,ch2,0.6167702543730511,0.6205797521706147,ch2,True,,0.7244898080825806,0.7727272510528564,0.7777777910232544,0.18993456442098258,0.31810691834107885,0.6205797521706147,0.19837189633886498,0.32149894121709616,0.6167702543730511,0.1451631784439087,0.15328505635261536,0.15599019825458527
291,\\srv-fs.ad.nudz.cz\BV_data\Brejtr\ActiveProjects\Microscopy\20251205\5_PSI_10uM_24hod_3A_Multichannel Z-Stack_20251205_197.vsi,5_PSI_10uM_24hod_3A_Multichannel Z-Stack_20251205_197.npy,\\srv-fs.ad.nudz.cz\BV_data\Brejtr\ActiveProjects\Microscopy\20251205\5_PSI_10uM_24hod_3A_Multichannel Z-Stack_20251205_197.vsi,324,ch2,0.2905796164753415,0.2770999825947931,,False,,0.6641221642494202,0.6756756901741028,0.5486725568771362,0.0807792520127001,0.13577233379322462,0.2770999825947931,0.11252359432931958,0.15912444234657,0.2905796164753415,0.1307458132505417,0.1329309493303299,0.10679518431425095
292,\\srv-fs.ad.nudz.cz\BV_data\Brejtr\ActiveProjects\Microscopy\20251205\5_PSI_10uM_24hod_4_Multichannel Z-Stack_20251205_198.vsi,5_PSI_10uM_24hod_4_Multichannel Z-Stack_20251205_198.npy,\\srv-fs.ad.nudz.cz\BV_data\Brejtr\ActiveProjects\Microscopy\20251205\5_PSI_10uM_24hod_4_Multichannel Z-Stack_20251205_198.vsi,324,ch2,0.15582787566764378,0.13342158557962006,,False,,0.65234375,0.6629213690757751,0.6871165633201599,0.04728813582656613,0.07311133190493935,0.13342158557962006,0.0796064286691854,0.0976218813976423,0.15582787566764378,0.12720917165279388,0.13149644434452057,0.13315938413143158
293,\\srv-fs.ad.nudz.cz\BV_data\Brejtr\ActiveProjects\Microscopy\20251205\5_PSI_10uM_24hod_5_Multichannel Z-Stack_20251205_199.vsi,5_PSI_10uM_24hod_5_Multichannel Z-Stack_20251205_199.npy,\\srv-fs.ad.nudz.cz\BV_data\Brejtr\ActiveProjects\Microscopy\20251205\5_PSI_10uM_24hod_5_Multichannel Z-Stack_20251205_199.vsi,324,ch2,0.19252881915209313,0.17218185497084443,,False,,0.682539701461792,0.6652892827987671,0.7295082211494446,0.05621732786140212,0.07453485448921343,0.17218185497084443,0.0863399299234149,0.09800634051993926,0.19252881915209313,0.13502928614616394,0.13514120876789093,0.14298015832901
294,\\srv-fs.ad.nudz.cz\BV_data\Brejtr\ActiveProjects\Microscopy\20251205\5_PSI_10uM_24hod_6_Multichannel Z-Stack_20251205_200.vsi,5_PSI_10uM_24hod_6_Multichannel Z-Stack_20251205_200.npy,\\srv-fs.ad.nudz.cz\BV_data\Brejtr\ActiveProjects\Microscopy\20251205\5_PSI_10uM_24hod_6_Multichannel Z-Stack_20251205_200.vsi,324,ch2,0.25586524609534717,0.2358470626923713,,False,,0.6739811897277832,0.6619718074798584,0.7346938848495483,0.06692428694617024,0.09172702839305764,0.2358470626923713,0.09691054830659135,0.11664432578117487,0.25586524609534717,0.1336475908756256,0.13471083343029022,0.14543551206588745
295,\\srv-fs.ad.nudz.cz\BV_data\Brejtr\ActiveProjects\Microscopy\20251205\5_PSI_10uM_24hod_6_Multichannel Z-Stack_20251205_201.vsi,5_PSI_10uM_24hod_6_Multichannel Z-Stack_20251205_201.npy,\\srv-fs.ad.nudz.cz\BV_data\Brejtr\ActiveProjects\Microscopy\20251205\5_PSI_10uM_24hod_6_Multichannel Z-Stack_20251205_201.vsi,324,ch2,0.3162729127865154,0.3102292793010951,,False,,0.665354311466217,0.652482271194458,0.5757575631141663,0.0654418933881242,0.13383263612544094,0.3102292793010951,0.0844478578550708,0.14639741510695664,0.3162729127865154,0.1314021199941635,0.12811996042728424,0.10988229513168335
296,\\srv-fs.ad.nudz.cz\BV_data\Brejtr\ActiveProjects\Microscopy\20251205\5_PSI_10uM_24hod_7_Multichannel Z-Stack_20251205_202.vsi,5_PSI_10uM_24hod_7_Multichannel Z-Stack_20251205_202.npy,\\srv-fs.ad.nudz.cz\BV_data\Brejtr\ActiveProjects\Microscopy\20251205\5_PSI_10uM_24hod_7_Multichannel Z-Stack_20251205_202.vsi,324,ch2,0.2646628107426889,0.2441088096837426,,False,,0.6514523029327393,0.6035714149475098,0.6960784196853638,0.05199310713273449,0.07574289400824528,0.2441088096837426,0.08077114099657687,0.10236212663361165,0.2646628107426889,0.12046955525875092,0.11663932353258133,0.13277597725391388
297,\\srv-fs.ad.nudz.cz\BV_data\Brejtr\ActiveProjects\Microscopy\20251205\5_PSI_10uM_24hod_8_Multichannel Z-Stack_20251205_203.vsi,5_PSI_10uM_24hod_8_Multichannel Z-Stack_20251205_203.npy,\\srv-fs.ad.nudz.cz\BV_data\Brejtr\ActiveProjects\Microscopy\20251205\5_PSI_10uM_24hod_8_Multichannel Z-Stack_20251205_203.vsi,324,ch1,0.08355782377750601,0.059147604516914615,,False,,0.6377708911895752,0.684374988079071,0.45169082283973694,0.04218676906773543,0.059147604516914615,0.05854562152785568,0.0738889143938629,0.08355782377750601,0.0727573390569946,0.12842413783073425,0.13977357745170593,0.08975941687822342
298,\\srv-fs.ad.nudz.cz\BV_data\Brejtr\ActiveProjects\Microscopy\20251205\5_PSI_10uM_24hod_9_Multichannel Z-Stack_20251205_204.vsi,5_PSI_10uM_24hod_9_Multichannel Z-Stack_20251205_204.npy,\\srv-fs.ad.nudz.cz\BV_data\Brejtr\ActiveProjects\Microscopy\20251205\5_PSI_10uM_24hod_9_Multichannel Z-Stack_20251205_204.vsi,324,ch2,0.16926084749041212,0.14789971312171435,,False,,0.6791744828224182,0.6738350987434387,0.7037037014961243,0.04014888902706195,0.05999839287111214,0.14789971312171435,0.07107882723208124,0.08529923019296573,0.16926084749041212,0.13602986931800842,0.1342058628797531,0.13734686374664307
299,\\srv-fs.ad.nudz.cz\BV_data\Brejtr\ActiveProjects\Microscopy\20251205\5_PSI_1uM_24hod_10_Multichannel Z-Stack_20251205_193.vsi,5_PSI_1uM_24hod_10_Multichannel Z-Stack_20251205_193.npy,\\srv-fs.ad.nudz.cz\BV_data\Brejtr\ActiveProjects\Microscopy\20251205\5_PSI_1uM_24hod_10_Multichannel Z-Stack_20251205_193.vsi,324,ch2,0.1685682463930691,0.1307499558799081,,False,,0.6243780851364136,0.6263157725334167,0.6860986351966858,0.05624015693463743,0.05480883788621987,0.1307499558799081,0.09867611104353805,0.0903109829254713,0.1685682463930691,0.11975561827421188,0.1231326162815094,0.13854549825191498
300,\\srv-fs.ad.nudz.cz\BV_data\Brejtr\ActiveProjects\Microscopy\20251205\5_PSI_1uM_24hod_1_Multichannel Z-Stack_20251205_184.vsi,5_PSI_1uM_24hod_1_Multichannel Z-Stack_20251205_184.npy,\\srv-fs.ad.nudz.cz\BV_data\Brejtr\ActiveProjects\Microscopy\20251205\5_PSI_1uM_24hod_1_Multichannel Z-Stack_20251205_184.vsi,324,ch2,0.13265966668518236,0.09929410520188774,,False,,0.6786885261535645,0.6269727349281311,0.7067669034004211,0.04192234053226393,0.04144491317510185,0.09929410520188774,0.08015556249925068,0.07244983531893558,0.13265966668518236,0.1365407109260559,0.12557800114154816,0.1437225341796875
301,\\srv-fs.ad.nudz.cz\BV_data\Brejtr\ActiveProjects\Microscopy\20251205\5_PSI_1uM_24hod_2_Multichannel Z-Stack_20251205_185.vsi,5_PSI_1uM_24hod_2_Multichannel Z-Stack_20251205_185.npy,\\srv-fs.ad.nudz.cz\BV_data\Brejtr\ActiveProjects\Microscopy\20251205\5_PSI_1uM_24hod_2_Multichannel Z-Stack_20251205_185.vsi,324,ch2,0.13940637641395864,0.10559998325738328,,False,,0.6480118036270142,0.6482617855072021,0.6413043737411499,0.038492925866171625,0.05542635450032931,0.10559998325738328,0.07384354249718898,0.08703657365075299,0.13940637641395864,0.12261347472667694,0.12594714760780334,0.12424907088279724
302,\\srv-fs.ad.nudz.cz\BV_data\Brejtr\ActiveProjects\Microscopy\20251205\5_PSI_1uM_24hod_3_Multichannel Z-Stack_20251205_186.vsi,5_PSI_1uM_24hod_3_Multichannel Z-Stack_20251205_186.npy,\\srv-fs.ad.nudz.cz\BV_data\Brejtr\ActiveProjects\Microscopy\20251205\5_PSI_1uM_24hod_3_Multichannel Z-Stack_20251205_186.vsi,324,ch2,0.13473346834987548,0.09987799735747442,,False,,0.6698459386825562,0.7003257274627686,0.6879194378852844,0.04145489157891846,0.046970455309458814,0.09987799735747442,0.07890986274354024,0.07931187079078282,0.13473346834987548,0.13286857306957245,0.14257557690143585,0.13861683011054993
303,\\srv-fs.ad.nudz.cz\BV_data\Brejtr\ActiveProjects\Microscopy\20251205\5_PSI_1uM_24hod_4_Multichannel Z-Stack_20251205_187.vsi,5_PSI_1uM_24hod_4_Multichannel Z-Stack_20251205_187.npy,\\srv-fs.ad.nudz.cz\BV_data\Brejtr\ActiveProjects\Microscopy\20251205\5_PSI_1uM_24hod_4_Multichannel Z-Stack_20251205_187.vsi,324,ch2,0.14508333070847892,0.11132924648443897,,False,,0.6439267992973328,0.677734375,0.6842105388641357,0.04183894778187705,0.053913009328256066,0.11132924648443897,0.07902177400179121,0.08454831755223742,0.14508333070847892,0.12690827250480652,0.1332813948392868,0.13713091611862183
304,\\srv-fs.ad.nudz.cz\BV_data\Brejtr\ActiveProjects\Microscopy\20251205\5_PSI_1uM_24hod_5_Multichannel Z-Stack_20251205_188.vsi,5_PSI_1uM_24hod_5_Multichannel Z-Stack_20251205_188.npy,\\srv-fs.ad.nudz.cz\BV_data\Brejtr\ActiveProjects\Microscopy\20251205\5_PSI_1uM_24hod_5_Multichannel Z-Stack_20251205_188.vsi,324,ch2,0.1667526761085237,0.13064595298370796,,False,,0.6905697584152222,0.7158836722373962,0.7042253613471985,0.04714229965055695,0.0605633160062847,0.13064595298370796,0.08457037052452104,0.09265147927699567,0.1667526761085237,0.13952597975730896,0.1461857110261917,0.1438460350036621
305,\\srv-fs.ad.nudz.cz\BV_data\Brejtr\ActiveProjects\Microscopy\20251205\5_PSI_1uM_24hod_6_Multichannel Z-Stack_20251205_189.vsi,5_PSI_1uM_24hod_6_Multichannel Z-Stack_20251205_189.npy,\\srv-fs.ad.nudz.cz\BV_data\Brejtr\ActiveProjects\Microscopy\20251205\5_PSI_1uM_24hod_6_Multichannel Z-Stack_20251205_189.vsi,324,ch2,0.18657902468661314,0.1535820662852124,,False,,0.6057692170143127,0.6465517282485962,0.6574585437774658,0.04114085819600636,0.05830223950901313,0.1535820662852124,0.07615667427296141,0.08685602549206063,0.18657902468661314,0.11403173953294754,0.12605389952659607,0.12749449908733368
306,\\srv-fs.ad.nudz.cz\BV_data\Brejtr\ActiveProjects\Microscopy\20251205\5_PSI_1uM_24hod_7_Multichannel Z-Stack_20251205_190.vsi,5_PSI_1uM_24hod_7_Multichannel Z-Stack_20251205_190.npy,\\srv-fs.ad.nudz.cz\BV_data\Brejtr\ActiveProjects\Microscopy\20251205\5_PSI_1uM_24hod_7_Multichannel Z-Stack_20251205_190.vsi,324,ch2,0.14950050905542817,0.1202613296680675,,False,,0.583518922328949,0.6421663165092468,0.6392694115638733,0.04333875796439858,0.04094185687150934,0.1202613296680675,0.07472625567141004,0.061455697523875516,0.14950050905542817,0.10818557441234589,0.11491043120622635,0.12277354300022125
307,\\srv-fs.ad.nudz.cz\BV_data\Brejtr\ActiveProjects\Microscopy\20251205\5_PSI_1uM_24hod_8_Multichannel Z-Stack_20251205_191.vsi,5_PSI_1uM_24hod_8_Multichannel Z-Stack_20251205_191.npy,\\srv-fs.ad.nudz.cz\BV_data\Brejtr\ActiveProjects\Microscopy\20251205\5_PSI_1uM_24hod_8_Multichannel Z-Stack_20251205_191.vsi,324,ch2,0.165734695306544,0.1279764081183534,,False,,0.6223404407501221,0.6440367102622986,0.665217399597168,0.052909193784033595,0.055956932097255496,0.1279764081183534,0.09602454832315921,0.09195493787296424,0.165734695306544,0.12167119979858398,0.12556007504463196,0.13508714735507965
308,\\srv-fs.ad.nudz.cz\BV_data\Brejtr\ActiveProjects\Microscopy\20251205\5_PSI_1uM_24hod_9_Multichannel Z-Stack_20251205_192.vsi,5_PSI_1uM_24hod_9_Multichannel Z-Stack_20251205_192.npy,\\srv-fs.ad.nudz.cz\BV_data\Brejtr\ActiveProjects\Microscopy\20251205\5_PSI_1uM_24hod_9_Multichannel Z-Stack_20251205_192.vsi,324,ch2,0.17125007212556434,0.13486304212047906,,False,,0.6061294078826904,0.6420664191246033,0.6729857921600342,0.05424400276431441,0.05647577171683655,0.13486304212047906,0.09742885580662496,0.093008865453713,0.17125007212556434,0.11902497708797455,0.12495560199022293,0.135171040892601
320,\\srv-fs.ad.nudz.cz\BV_data\Brejtr\ActiveProjects\Microscopy\20251208\5_PSI1h01uM_WO_48hod_10_Multichannel Z-Stack_20251208_240.vsi,5_PSI1h01uM_WO_48hod_10_Multichannel Z-Stack_20251208_240.npy,\\srv-fs.ad.nudz.cz\BV_data\Brejtr\ActiveProjects\Microscopy\20251208\5_PSI1h01uM_WO_48hod_10_Multichannel Z-Stack_20251208_240.vsi,324,ch1,0.1475506876922856,0.13370588437235306,,False,,0.6633465886116028,0.7162162065505981,0.7075098752975464,0.05253104786232625,0.13370588437235306,0.09185121895729861,0.08488035893000892,0.1475506876922856,0.11858070656201505,0.13085317611694336,0.14630430936813354,0.14113444089889526
321,\\srv-fs.ad.nudz.cz\BV_data\Brejtr\ActiveProjects\Microscopy\20251208\5_PSI1h01uM_WO_48hod_1_Multichannel Z-Stack_20251208_231.vsi,5_PSI1h01uM_WO_48hod_1_Multichannel Z-Stack_20251208_231.npy,\\srv-fs.ad.nudz.cz\BV_data\Brejtr\ActiveProjects\Microscopy\20251208\5_PSI1h01uM_WO_48hod_1_Multichannel Z-Stack_20251208_231.vsi,324,ch0,0.43395366430686716,0.42754385657622473,,False,,0.7818182110786438,0.7924528121948242,0.72826087474823,0.42754385657622473,0.4297123900787594,0.24256906563684807,0.43395366430686716,0.43126921447731165,0.24667619634327617,0.15738160908222198,0.16313296556472778,0.13900922238826752
322,\\srv-fs.ad.nudz.cz\BV_data\Brejtr\ActiveProjects\Microscopy\20251208\5_PSI1h01uM_WO_48hod_2_Multichannel Z-Stack_20251208_232.vsi,5_PSI1h01uM_WO_48hod_2_Multichannel Z-Stack_20251208_232.npy,\\srv-fs.ad.nudz.cz\BV_data\Brejtr\ActiveProjects\Microscopy\20251208\5_PSI1h01uM_WO_48hod_2_Multichannel Z-Stack_20251208_232.vsi,324,ch1,0.43420030061590714,0.43169696483104886,,False,,0.7288135886192322,0.7241379022598267,0.6633663177490234,0.4234169255721242,0.43169696483104886,0.2397303612862654,0.431159931263469,0.43420030061590714,0.24557858004957472,0.14219976961612701,0.14295008778572083,0.12132196128368378
323,\\srv-fs.ad.nudz.cz\BV_data\Brejtr\ActiveProjects\Microscopy\20251208\5_PSI1h01uM_WO_48hod_3_Multichannel Z-Stack_20251208_233.vsi,5_PSI1h01uM_WO_48hod_3_Multichannel Z-Stack_20251208_233.npy,\\srv-fs.ad.nudz.cz\BV_data\Brejtr\ActiveProjects\Microscopy\20251208\5_PSI1h01uM_WO_48hod_3_Multichannel Z-Stack_20251208_233.vsi,324,ch1,0.40082605229578444,0.3962637476310615,,False,,0.6911764740943909,0.75,0.6542056202888489,0.38833607345454496,0.3962637476310615,0.22834776048653532,0.39897962487461774,0.40082605229578444,0.23639713196328863,0.13289697468280792,0.14890708029270172,0.12070038169622421
324,\\srv-fs.ad.nudz.cz\BV_data\Brejtr\ActiveProjects\Microscopy\20251208\5_PSI1h01uM_WO_48hod_3_Multichannel Z-Stack_20251208_234.vsi,5_PSI1h01uM_WO_48hod_3_Multichannel Z-Stack_20251208_234.npy,\\srv-fs.ad.nudz.cz\BV_data\Brejtr\ActiveProjects\Microscopy\20251208\5_PSI1h01uM_WO_48hod_3_Multichannel Z-Stack_20251208_234.vsi,324,ch1,0.4106274600601991,0.4061834527038454,,False,,0.6823529601097107,0.7543859481811523,0.7021276354789734,0.2676623711352747,0.4061834527038454,0.24889051237298673,0.2827607185012746,0.4106274600601991,0.2583021580366453,0.13482940196990967,0.1580219864845276,0.1345861852169037
325,\\srv-fs.ad.nudz.cz\BV_data\Brejtr\ActiveProjects\Microscopy\20251208\5_PSI1h01uM_WO_48hod_4_Multichannel Z-Stack_20251208_235.vsi,5_PSI1h01uM_WO_48hod_4_Multichannel Z-Stack_20251208_235.npy,\\srv-fs.ad.nudz.cz\BV_data\Brejtr\ActiveProjects\Microscopy\20251208\5_PSI1h01uM_WO_48hod_4_Multichannel Z-Stack_20251208_235.vsi,324,ch0,0.39992208267820223,0.38749832990123056,,False,,0.7419354915618896,0.7833333611488342,0.7142857313156128,0.38749832990123056,0.35358358461857053,0.20624779333457552,0.39992208267820223,0.35888637090395187,0.21453167700126252,0.14833252131938934,0.16173912584781647,0.1331007033586502
326,\\srv-fs.ad.nudz.cz\BV_data\Brejtr\ActiveProjects\Microscopy\20251208\5_PSI1h01uM_WO_48hod_6_Multichannel Z-Stack_20251208_236.vsi,5_PSI1h01uM_WO_48hod_6_Multichannel Z-Stack_20251208_236.npy,\\srv-fs.ad.nudz.cz\BV_data\Brejtr\ActiveProjects\Microscopy\20251208\5_PSI1h01uM_WO_48hod_6_Multichannel Z-Stack_20251208_236.vsi,324,ch0,0.1521265854256745,0.12353217762745902,,False,,0.6519337296485901,0.75,0.6678832173347473,0.12353217762745902,0.12437587503399207,0.0827362779472983,0.1521265854256745,0.14109381548070943,0.10214464721223995,0.13103795051574707,0.1592378169298172,0.12746070325374603
327,\\srv-fs.ad.nudz.cz\BV_data\Brejtr\ActiveProjects\Microscopy\20251208\5_PSI1h01uM_WO_48hod_7_Multichannel Z-Stack_20251208_237.vsi,5_PSI1h01uM_WO_48hod_7_Multichannel Z-Stack_20251208_237.npy,\\srv-fs.ad.nudz.cz\BV_data\Brejtr\ActiveProjects\Microscopy\20251208\5_PSI1h01uM_WO_48hod_7_Multichannel Z-Stack_20251208_237.vsi,324,ch0,0.14534316969709354,0.11535423517208698,,False,,0.6649746298789978,0.7207792401313782,0.695652186870575,0.11535423517208698,0.12334167623465342,0.086335924645651,0.14534316969709354,0.14326011405898784,0.10847442899727286,0.13468100130558014,0.1504431813955307,0.13546061515808105
328,\\srv-fs.ad.nudz.cz\BV_data\Brejtr\ActiveProjects\Microscopy\20251208\5_PSI1h01uM_WO_48hod_8_Multichannel Z-Stack_20251208_238.vsi,5_PSI1h01uM_WO_48hod_8_Multichannel Z-Stack_20251208_238.npy,\\srv-fs.ad.nudz.cz\BV_data\Brejtr\ActiveProjects\Microscopy\20251208\5_PSI1h01uM_WO_48hod_8_Multichannel Z-Stack_20251208_238.vsi,324,ch0,0.15298770703734468,0.12686516049382857,,False,,0.6800000071525574,0.7372262477874756,0.6745762825012207,0.12686516049382857,0.133165471998195,0.08195611512399219,0.15298770703734468,0.14822359050840891,0.10123301320339137,0.1416955441236496,0.16029787063598633,0.12728755176067352
329,\\srv-fs.ad.nudz.cz\BV_data\Brejtr\ActiveProjects\Microscopy\20251208\5_PSI1h01uM_WO_48hod_9_Multichannel Z-Stack_20251208_239.vsi,5_PSI1h01uM_WO_48hod_9_Multichannel Z-Stack_20251208_239.npy,\\srv-fs.ad.nudz.cz\BV_data\Brejtr\ActiveProjects\Microscopy\20251208\5_PSI1h01uM_WO_48hod_9_Multichannel Z-Stack_20251208_239.vsi,324,ch1,0.17445688106275017,0.16079235471701278,,False,,0.6569767594337463,0.7796609997749329,0.7066115736961365,0.07720499438321216,0.16079235471701278,0.0972692755187592,0.11201770037894536,0.17445688106275017,0.12116794675868212,0.12975747883319855,0.17065991461277008,0.13987790048122406
330,\\srv-fs.ad.nudz.cz\BV_data\Brejtr\ActiveProjects\Microscopy\20251208\5_PSI1h10uM_WO_48hod_10_Multichannel Z-Stack_20251208_250.vsi,5_PSI1h10uM_WO_48hod_10_Multichannel Z-Stack_20251208_250.npy,\\srv-fs.ad.nudz.cz\BV_data\Brejtr\ActiveProjects\Microscopy\20251208\5_PSI1h10uM_WO_48hod_10_Multichannel Z-Stack_20251208_250.vsi,324,ch2,0.2558593286483308,0.23777664214018868,,False,,0.7041420340538025,0.7769230604171753,0.6936936974525452,0.17953895107120849,0.15091871406829965,0.23777664214018868,0.2050006373599605,0.16863196414828527,0.2558593286483308,0.14034684002399445,0.16685429215431213,0.13609851896762848
331,\\srv-fs.ad.nudz.cz\BV_data\Brejtr\ActiveProjects\Microscopy\20251208\5_PSI1h10uM_WO_48hod_1_Multichannel Z-Stack_20251208_241.vsi,5_PSI1h10uM_WO_48hod_1_Multichannel Z-Stack_20251208_241.npy,\\srv-fs.ad.nudz.cz\BV_data\Brejtr\ActiveProjects\Microscopy\20251208\5_PSI1h10uM_WO_48hod_1_Multichannel Z-Stack_20251208_241.vsi,324,ch0,0.5520554569931181,0.5488139496034202,ch0,True,,0.7551020383834839,0.7843137383460999,0.7142857313156128,0.5488139496034202,0.4667314023110834,0.31817059220977656,0.5520554569931181,0.4684159688988512,0.324130318944342,0.15041343867778778,0.1604972630739212,0.14082071185112
332,\\srv-fs.ad.nudz.cz\BV_data\Brejtr\ActiveProjects\Microscopy\20251208\5_PSI1h10uM_WO_48hod_2_Multichannel Z-Stack_20251208_242.vsi,5_PSI1h10uM_WO_48hod_2_Multichannel Z-Stack_20251208_242.npy,\\srv-fs.ad.nudz.cz\BV_data\Brejtr\ActiveProjects\Microscopy\20251208\5_PSI1h10uM_WO_48hod_2_Multichannel Z-Stack_20251208_242.vsi,324,ch0,0.5584448197095097,0.5534894515588583,ch0,True,,0.7708333134651184,0.7307692170143127,0.701298713684082,0.5534894515588583,0.5090555110394667,0.34240654304262935,0.5584448197095097,0.509975805294482,0.34720032551401264,0.15124590694904327,0.14723844826221466,0.13267019391059875
333,\\srv-fs.ad.nudz.cz\BV_data\Brejtr\ActiveProjects\Microscopy\20251208\5_PSI1h10uM_WO_48hod_3_Multichannel Z-Stack_20251208_243.vsi,5_PSI1h10uM_WO_48hod_3_Multichannel Z-Stack_20251208_243.npy,\\srv-fs.ad.nudz.cz\BV_data\Brejtr\ActiveProjects\Microscopy\20251208\5_PSI1h10uM_WO_48hod_3_Multichannel Z-Stack_20251208_243.vsi,324,ch0,0.4254726082491863,0.4144042939163491,,False,,0.7333333492279053,0.7719298005104065,0.7160493731498718,0.4144042939163491,0.41073484602292665,0.28745638542878,0.4254726082491863,0.4159910181682317,0.2972246315692563,0.14507485926151276,0.1539807766675949,0.14337237179279327
334,\\srv-fs.ad.nudz.cz\BV_data\Brejtr\ActiveProjects\Microscopy\20251208\5_PSI1h10uM_WO_48hod_4_Multichannel Z-Stack_20251208_244.vsi,5_PSI1h10uM_WO_48hod_4_Multichannel Z-Stack_20251208_244.npy,\\srv-fs.ad.nudz.cz\BV_data\Brejtr\ActiveProjects\Microscopy\20251208\5_PSI1h10uM_WO_48hod_4_Multichannel Z-Stack_20251208_244.vsi,324,ch0,0.3911355677097886,0.3792450264800255,,False,,0.7540983557701111,0.7681159377098083,0.7291666865348816,0.3792450264800255,0.2941775696838759,0.227845234990083,0.3911355677097886,0.3006493187525937,0.23777495967238432,0.1537512242794037,0.15927386283874512,0.14311128854751587
335,\\srv-fs.ad.nudz.cz\BV_data\Brejtr\ActiveProjects\Microscopy\20251208\5_PSI1h10uM_WO_48hod_5_Multichannel Z-Stack_20251208_245.vsi,5_PSI1h10uM_WO_48hod_5_Multichannel Z-Stack_20251208_245.npy,\\srv-fs.ad.nudz.cz\BV_data\Brejtr\ActiveProjects\Microscopy\20251208\5_PSI1h10uM_WO_48hod_5_Multichannel Z-Stack_20251208_245.vsi,324,ch1,0.4675428933924602,0.4622665440408464,,False,,0.7377049326896667,0.7884615659713745,0.7127659320831299,0.39537459302262895,0.4622665440408464,0.24356771628165494,0.4083197177309382,0.4675428933924602,0.2548040545797592,0.14880001544952393,0.15874083340168,0.13839107751846313
336,\\srv-fs.ad.nudz.cz\BV_data\Brejtr\ActiveProjects\Microscopy\20251208\5_PSI1h10uM_WO_48hod_6_Multichannel Z-Stack_20251208_246.vsi,5_PSI1h10uM_WO_48hod_6_Multichannel Z-Stack_20251208_246.npy,\\srv-fs.ad.nudz.cz\BV_data\Brejtr\ActiveProjects\Microscopy\20251208\5_PSI1h10uM_WO_48hod_6_Multichannel Z-Stack_20251208_246.vsi,324,ch0,0.42866264544824784,0.41573011163028145,,False,,0.6935483813285828,0.75,0.7222222089767456,0.41573011163028145,0.3941285254402008,0.34395267185798256,0.42866264544824784,0.3990396324486007,0.353063203551995,0.13808117806911469,0.14596951007843018,0.14057327806949615
337,\\srv-fs.ad.nudz.cz\BV_data\Brejtr\ActiveProjects\Microscopy\20251208\5_PSI1h10uM_WO_48hod_7_Multichannel Z-Stack_20251208_247.vsi,5_PSI1h10uM_WO_48hod_7_Multichannel Z-Stack_20251208_247.npy,\\srv-fs.ad.nudz.cz\BV_data\Brejtr\ActiveProjects\Microscopy\20251208\5_PSI1h10uM_WO_48hod_7_Multichannel Z-Stack_20251208_247.vsi,324,ch1,0.48311246729224994,0.4800053982237818,,False,,0.725806474685669,0.7692307829856873,0.7088607549667358,0.4031530257491642,0.4800053982237818,0.3082494141971806,0.4139297291331961,0.48311246729224994,0.317306079027904,0.13980284333229065,0.14971329271793365,0.13632367551326752
338,\\srv-fs.ad.nudz.cz\BV_data\Brejtr\ActiveProjects\Microscopy\20251208\5_PSI1h10uM_WO_48hod_8_Multichannel Z-Stack_20251208_248.vsi,5_PSI1h10uM_WO_48hod_8_Multichannel Z-Stack_20251208_248.npy,\\srv-fs.ad.nudz.cz\BV_data\Brejtr\ActiveProjects\Microscopy\20251208\5_PSI1h10uM_WO_48hod_8_Multichannel Z-Stack_20251208_248.vsi,324,ch1,0.47909904643082407,0.478234210129308,,False,,0.7454545497894287,0.7407407164573669,0.6913580298423767,0.4545319866177435,0.478234210129308,0.3017337530515379,0.4611983362577118,0.47909904643082407,0.30832333339791346,0.1498187631368637,0.14671477675437927,0.13657015562057495
339,\\srv-fs.ad.nudz.cz\BV_data\Brejtr\ActiveProjects\Microscopy\20251208\5_PSI1h10uM_WO_48hod_9_Multichannel Z-Stack_20251208_249.vsi,5_PSI1h10uM_WO_48hod_9_Multichannel Z-Stack_20251208_249.npy,\\srv-fs.ad.nudz.cz\BV_data\Brejtr\ActiveProjects\Microscopy\20251208\5_PSI1h10uM_WO_48hod_9_Multichannel Z-Stack_20251208_249.vsi,324,ch1,0.5963265101638421,0.5959135148886142,ch0;ch1,True,,0.75,0.7906976938247681,0.6935483813285828,0.5471654432367067,0.5959135148886142,0.445340267467137,0.5524094314660382,0.5963265101638421,0.4510736448545719,0.150007963180542,0.15970347821712494,0.140223428606987
340,\\srv-fs.ad.nudz.cz\BV_data\Brejtr\ActiveProjects\Microscopy\20251208\5_PSI_01UM_48hod_10_Multichannel Z-Stack_20251208_230.vsi,5_PSI_01UM_48hod_10_Multichannel Z-Stack_20251208_230.npy,\\srv-fs.ad.nudz.cz\BV_data\Brejtr\ActiveProjects\Microscopy\20251208\5_PSI_01UM_48hod_10_Multichannel Z-Stack_20251208_230.vsi,324,ch0,0.14724194104081428,0.11347535039164966,,False,,0.6919831037521362,0.7486910820007324,0.6695652008056641,0.11347535039164966,0.10474718640608306,0.08219261651539167,0.14724194104081428,0.12758857205109683,0.10496484434995551,0.14442166686058044,0.16534525156021118,0.13178229331970215
341,\\srv-fs.ad.nudz.cz\BV_data\Brejtr\ActiveProjects\Microscopy\20251208\5_PSI_01UM_48hod_1_Multichannel Z-Stack_20251208_220.vsi,5_PSI_01UM_48hod_1_Multichannel Z-Stack_20251208_220.npy,\\srv-fs.ad.nudz.cz\BV_data\Brejtr\ActiveProjects\Microscopy\20251208\5_PSI_01UM_48hod_1_Multichannel Z-Stack_20251208_220.vsi,324,ch0,0.12815955304556156,0.09905150631499934,,False,,0.6061776280403137,0.6834170818328857,0.6303501725196838,0.09905150631499934,0.09541307066004615,0.0978422886781731,0.12815955304556156,0.11657416338526286,0.1193323852551457,0.1168961375951767,0.13908140361309052,0.12272340059280396
342,\\srv-fs.ad.nudz.cz\BV_data\Brejtr\ActiveProjects\Microscopy\20251208\5_PSI_01UM_48hod_2_Multichannel Z-Stack_20251208_221.vsi,5_PSI_01UM_48hod_2_Multichannel Z-Stack_20251208_221.npy,\\srv-fs.ad.nudz.cz\BV_data\Brejtr\ActiveProjects\Microscopy\20251208\5_PSI_01UM_48hod_2_Multichannel Z-Stack_20251208_221.vsi,324,ch0,0.13344555096836552,0.10412045136241432,,False,,0.6056910753250122,0.6850000023841858,0.6470588445663452,0.10412045136241432,0.09571473266755677,0.10193573701140302,0.13344555096836552,0.11723767990865333,0.12307059818792634,0.11655846983194351,0.13947972655296326,0.12659673392772675
343,\\srv-fs.ad.nudz.cz\BV_data\Brejtr\ActiveProjects\Microscopy\20251208\5_PSI_01UM_48hod_3_Multichannel Z-Stack_20251208_222.vsi,5_PSI_01UM_48hod_3_Multichannel Z-Stack_20251208_222.npy,\\srv-fs.ad.nudz.cz\BV_data\Brejtr\ActiveProjects\Microscopy\20251208\5_PSI_01UM_48hod_3_Multichannel Z-Stack_20251208_222.vsi,324,ch0,0.13465396657819628,0.10449158343823045,,False,,0.62890625,0.6666666865348816,0.6233062148094177,0.10449158343823045,0.09839531450835794,0.07799338447677008,0.13465396657819628,0.12144003591352609,0.10054926421099956,0.12198435515165329,0.13298043608665466,0.12228748202323914
344,\\srv-fs.ad.nudz.cz\BV_data\Brejtr\ActiveProjects\Microscopy\20251208\5_PSI_01UM_48hod_4_Multichannel Z-Stack_20251208_223.vsi,5_PSI_01UM_48hod_4_Multichannel Z-Stack_20251208_223.npy,\\srv-fs.ad.nudz.cz\BV_data\Brejtr\ActiveProjects\Microscopy\20251208\5_PSI_01UM_48hod_4_Multichannel Z-Stack_20251208_223.vsi,324,ch0,0.15271653162976956,0.11753568084115747,,False,,0.62109375,0.7142857313156128,0.6685393452644348,0.11753568084115747,0.10385113912920009,0.08440007482249641,0.15271653162976956,0.12889386896362728,0.10969525943604674,0.126809224486351,0.15282011032104492,0.13217845559120178
345,\\srv-fs.ad.nudz.cz\BV_data\Brejtr\ActiveProjects\Microscopy\20251208\5_PSI_01UM_48hod_5_Multichannel Z-Stack_20251208_224.vsi,5_PSI_01UM_48hod_5_Multichannel Z-Stack_20251208_224.npy,\\srv-fs.ad.nudz.cz\BV_data\Brejtr\ActiveProjects\Microscopy\20251208\5_PSI_01UM_48hod_5_Multichannel Z-Stack_20251208_224.vsi,324,ch1,0.15596335177116913,0.13027900565399184,,False,,0.6008583903312683,0.6727272868156433,0.6360543966293335,0.11476449355827134,0.13027900565399184,0.09496454002567961,0.1467184252746104,0.15596335177116913,0.12084258340037961,0.11532971262931824,0.13720408082008362,0.12405557185411453
346,\\srv-fs.ad.nudz.cz\BV_data\Brejtr\ActiveProjects\Microscopy\20251208\5_PSI_01UM_48hod_6_Multichannel Z-Stack_20251208_225.vsi,5_PSI_01UM_48hod_6_Multichannel Z-Stack_20251208_225.npy,\\srv-fs.ad.nudz.cz\BV_data\Brejtr\ActiveProjects\Microscopy\20251208\5_PSI_01UM_48hod_6_Multichannel Z-Stack_20251208_225.vsi,324,ch0,0.17412693512229582,0.13714752775146927,,False,,0.5952380895614624,0.6777777671813965,0.6261398196220398,0.13714752775146927,0.11355019231199764,0.08874938034069221,0.17412693512229582,0.13596636735023676,0.1136619165921468,0.11716944724321365,0.13882288336753845,0.1182047575712204
347,\\srv-fs.ad.nudz.cz\BV_data\Brejtr\ActiveProjects\Microscopy\20251208\5_PSI_01UM_48hod_6_Multichannel Z-Stack_20251208_226.vsi,5_PSI_01UM_48hod_6_Multichannel Z-Stack_20251208_226.npy,\\srv-fs.ad.nudz.cz\BV_data\Brejtr\ActiveProjects\Microscopy\20251208\5_PSI_01UM_48hod_6_Multichannel Z-Stack_20251208_226.vsi,324,ch0,0.14581647666474606,0.11302758703375712,,False,,0.6487603187561035,0.7407407164573669,0.7009063363075256,0.11302758703375712,0.10292638153444329,0.08233526927528605,0.14581647666474606,0.12610248140937805,0.10541528404833005,0.13454894721508026,0.1628435105085373,0.1377665251493454
348,\\srv-fs.ad.nudz.cz\BV_data\Brejtr\ActiveProjects\Microscopy\20251208\5_PSI_01UM_48hod_7_Multichannel Z-Stack_20251208_227.vsi,5_PSI_01UM_48hod_7_Multichannel Z-Stack_20251208_227.npy,\\srv-fs.ad.nudz.cz\BV_data\Brejtr\ActiveProjects\Microscopy\20251208\5_PSI_01UM_48hod_7_Multichannel Z-Stack_20251208_227.vsi,324,ch0,0.18716444496414095,0.1568644522113908,,False,,0.689497709274292,0.7371428608894348,0.27243590354919434,0.1568644522113908,0.1238222699455319,0.041743492745384234,0.18716444496414095,0.14559557424892552,0.0568285201273601,0.13386750221252441,0.1592426747083664,0.07297942787408829
349,\\srv-fs.ad.nudz.cz\BV_data\Brejtr\ActiveProjects\Microscopy\20251208\5_PSI_01UM_48hod_8_Multichannel Z-Stack_20251208_228.vsi,5_PSI_01UM_48hod_8_Multichannel Z-Stack_20251208_228.npy,\\srv-fs.ad.nudz.cz\BV_data\Brejtr\ActiveProjects\Microscopy\20251208\5_PSI_01UM_48hod_8_Multichannel Z-Stack_20251208_228.vsi,324,ch0,0.19857481988937123,0.16635398970573284,,False,,0.6724137663841248,0.7407407164573669,0.5698924660682678,0.16635398970573284,0.13556781740509122,0.16855301675547912,0.19857481988937123,0.15644314153692704,0.1909724835366494,0.13000337779521942,0.15790630877017975,0.1135549247264862
350,\\srv-fs.ad.nudz.cz\BV_data\Brejtr\ActiveProjects\Microscopy\20251208\5_PSI_01UM_48hod_9_Multichannel Z-Stack_20251208_229.vsi,5_PSI_01UM_48hod_9_Multichannel Z-Stack_20251208_229.npy,\\srv-fs.ad.nudz.cz\BV_data\Brejtr\ActiveProjects\Microscopy\20251208\5_PSI_01UM_48hod_9_Multichannel Z-Stack_20251208_229.vsi,324,ch0,0.16287834000147666,0.13403963704866673,,False,,0.6105263233184814,0.6706587076187134,0.6086956262588501,0.13403963704866673,0.12211659953100741,0.09705096624247143,0.16287834000147666,0.14348660972461047,0.1189851889499499,0.11800752580165863,0.13201475143432617,0.11906950920820236
351,\\srv-fs.ad.nudz.cz\BV_data\Brejtr\ActiveProjects\Microscopy\20251208\5_PSI_01uM_48hod_10_Multichannel Z-Stack_20251208_260.vsi,5_PSI_01uM_48hod_10_Multichannel Z-Stack_20251208_260.npy,\\srv-fs.ad.nudz.cz\BV_data\Brejtr\ActiveProjects\Microscopy\20251208\5_PSI_01uM_48hod_10_Multichannel Z-Stack_20251208_260.vsi,324,ch0,0.6351886658405568,0.6344302127243245,ch0;ch1,True,,0.7674418687820435,0.800000011920929,0.692307710647583,0.6344302127243245,0.5758663309435692,0.4331846155302591,0.6351886658405568,0.575757126943118,0.4340376627334162,0.15690289437770844,0.1599767506122589,0.13523462414741516
352,\\srv-fs.ad.nudz.cz\BV_data\Brejtr\ActiveProjects\Microscopy\20251208\5_PSI_01uM_48hod_1_Multichannel Z-Stack_20251208_251.vsi,5_PSI_01uM_48hod_1_Multichannel Z-Stack_20251208_251.npy,\\srv-fs.ad.nudz.cz\BV_data\Brejtr\ActiveProjects\Microscopy\20251208\5_PSI_01uM_48hod_1_Multichannel Z-Stack_20251208_251.vsi,324,ch0,0.7512914721699362,0.7549576954256282,ch0;ch1,True,,0.7631579041481018,0.7749999761581421,0.6875,0.7549576954256282,0.6781027205637231,0.4519251501527497,0.7512914721699362,0.6755855017780137,0.4528597595528054,0.15542244911193848,0.15839986503124237,0.13189055025577545
353,\\srv-fs.ad.nudz.cz\BV_data\Brejtr\ActiveProjects\Microscopy\20251208\5_PSI_01uM_48hod_2_Multichannel Z-Stack_20251208_252.vsi,5_PSI_01uM_48hod_2_Multichannel Z-Stack_20251208_252.npy,\\srv-fs.ad.nudz.cz\BV_data\Brejtr\ActiveProjects\Microscopy\20251208\5_PSI_01uM_48hod_2_Multichannel Z-Stack_20251208_252.vsi,324,ch0,0.6172959817829359,0.6148366159271172,ch0,True,,0.7555555701255798,0.7407407164573669,0.7118644118309021,0.6148366159271172,0.4698151646581862,0.4752854511516713,0.6172959817829359,0.4736795561319216,0.47680471687631826,0.1493528187274933,0.1470402181148529,0.13951438665390015
354,\\srv-fs.ad.nudz.cz\BV_data\Brejtr\ActiveProjects\Microscopy\20251208\5_PSI_01uM_48hod_3_Multichannel Z-Stack_20251208_253.vsi,5_PSI_01uM_48hod_3_Multichannel Z-Stack_20251208_253.npy,\\srv-fs.ad.nudz.cz\BV_data\Brejtr\ActiveProjects\Microscopy\20251208\5_PSI_01uM_48hod_3_Multichannel Z-Stack_20251208_253.vsi,324,ch1,0.45482088740951365,0.44993819512928845,,False,,0.7241379022598267,0.7735849022865295,0.658823549747467,0.4329528780269162,0.44993819512928845,0.31077745755020486,0.4433596373235141,0.45482088740951365,0.31646903560159,0.14552278816699982,0.15809683501720428,0.12688398361206055
355,\\srv-fs.ad.nudz.cz\BV_data\Brejtr\ActiveProjects\Microscopy\20251208\5_PSI_01uM_48hod_4_Multichannel Z-Stack_20251208_254.vsi,5_PSI_01uM_48hod_4_Multichannel Z-Stack_20251208_254.npy,\\srv-fs.ad.nudz.cz\BV_data\Brejtr\ActiveProjects\Microscopy\20251208\5_PSI_01uM_48hod_4_Multichannel Z-Stack_20251208_254.vsi,324,ch0,0.6540252815291835,0.654032393717031,ch0;ch1,True,,0.7441860437393188,0.7727272510528564,0.6666666865348816,0.654032393717031,0.6133914860024294,0.46564288702285145,0.6540252815291835,0.6128838295527655,0.4672034114309131,0.15004059672355652,0.152947336435318,0.13085167109966278
356,\\srv-fs.ad.nudz.cz\BV_data\Brejtr\ActiveProjects\Microscopy\20251208\5_PSI_01uM_48hod_5_Multichannel Z-Stack_20251208_255.vsi,5_PSI_01uM_48hod_5_Multichannel Z-Stack_20251208_255.npy,\\srv-fs.ad.nudz.cz\BV_data\Brejtr\ActiveProjects\Microscopy\20251208\5_PSI_01uM_48hod_5_Multichannel Z-Stack_20251208_255.vsi,324,ch0,0.5291205142654307,0.5279767881255331,,False,,0.7254902124404907,0.7884615659713745,0.6853932738304138,0.5279767881255331,0.44546373747780754,0.25959818988194566,0.5291205142654307,0.44590510522134513,0.2620903365269758,0.1459788829088211,0.15891392529010773,0.13321085274219513
357,\\srv-fs.ad.nudz.cz\BV_data\Brejtr\ActiveProjects\Microscopy\20251208\5_PSI_01uM_48hod_6_Multichannel Z-Stack_20251208_256.vsi,5_PSI_01uM_48hod_6_Multichannel Z-Stack_20251208_256.npy,\\srv-fs.ad.nudz.cz\BV_data\Brejtr\ActiveProjects\Microscopy\20251208\5_PSI_01uM_48hod_6_Multichannel Z-Stack_20251208_256.vsi,324,ch0,0.6896528788097823,0.6920352146140256,ch0;ch1,True,,0.7749999761581421,0.800000011920929,0.7068965435028076,0.6920352146140256,0.6696972612142136,0.48637809113851765,0.6896528788097823,0.6664686883438719,0.4850214006441681,0.155637726187706,0.15918469429016113,0.13825242221355438
358,\\srv-fs.ad.nudz.cz\BV_data\Brejtr\ActiveProjects\Microscopy\20251208\5_PSI_01uM_48hod_7_Multichannel Z-Stack_20251208_257.vsi,5_PSI_01uM_48hod_7_Multichannel Z-Stack_20251208_257.npy,\\srv-fs.ad.nudz.cz\BV_data\Brejtr\ActiveProjects\Microscopy\20251208\5_PSI_01uM_48hod_7_Multichannel Z-Stack_20251208_257.vsi,324,ch0,0.6716548000152541,0.6734394554598825,ch0;ch1,True,,0.7804877758026123,0.800000011920929,0.7241379022598267,0.6734394554598825,0.6396664994480591,0.47171319950892737,0.6716548000152541,0.6370055900596112,0.47146859747025005,0.1548607349395752,0.16521891951560974,0.14441616833209991
359,\\srv-fs.ad.nudz.cz\BV_data\Brejtr\ActiveProjects\Microscopy\20251208\5_PSI_01uM_48hod_8_Multichannel Z-Stack_20251208_258.vsi,5_PSI_01uM_48hod_8_Multichannel Z-Stack_20251208_258.npy,\\srv-fs.ad.nudz.cz\BV_data\Brejtr\ActiveProjects\Microscopy\20251208\5_PSI_01uM_48hod_8_Multichannel Z-Stack_20251208_258.vsi,324,ch0,0.580217307651658,0.5784390620684119,ch0,True,,0.760869562625885,0.7592592835426331,0.6962025165557861,0.5784390620684119,0.4392662737332703,0.31156272150092035,0.580217307651658,0.44203718349852045,0.3148052019879606,0.153961181640625,0.15537044405937195,0.13510563969612122
360,\\srv-fs.ad.nudz.cz\BV_data\Brejtr\ActiveProjects\Microscopy\20251208\5_PSI_01uM_48hod_9_Multichannel Z-Stack_20251208_259.vsi,5_PSI_01uM_48hod_9_Multichannel Z-Stack_20251208_259.npy,\\srv-fs.ad.nudz.cz\BV_data\Brejtr\ActiveProjects\Microscopy\20251208\5_PSI_01uM_48hod_9_Multichannel Z-Stack_20251208_259.vsi,324,ch0,0.55753392379507,0.5550037939915364,ch0,True,,0.7346938848495483,0.75,0.6590909361839294,0.5550037939915364,0.4301494790203176,0.29339428372600257,0.55753392379507,0.43396483750255627,0.2978002611141235,0.14730629324913025,0.1523708999156952,0.1263457089662552
361,\\srv-fs.ad.nudz.cz\BV_data\Brejtr\ActiveProjects\Microscopy\20251208\5_PSI_10uM_48hod_10_Multichannel Z-Stack_20251208_270.vsi,5_PSI_10uM_48hod_10_Multichannel Z-Stack_20251208_270.npy,\\srv-fs.ad.nudz.cz\BV_data\Brejtr\ActiveProjects\Microscopy\20251208\5_PSI_10uM_48hod_10_Multichannel Z-Stack_20251208_270.vsi,324,ch1,0.5644110922490179,0.5676122741415857,ch1,True,,0.7156862616539001,0.7659574747085571,0.761904776096344,0.2443682141688473,0.5676122741415857,0.3872703545845821,0.2468232094446689,0.5644110922490179,0.3857358087642159,0.1393018513917923,0.15886971354484558,0.1565445214509964
362,\\srv-fs.ad.nudz.cz\BV_data\Brejtr\ActiveProjects\Microscopy\20251208\5_PSI_10uM_48hod_1_Multichannel Z-Stack_20251208_261.vsi,5_PSI_10uM_48hod_1_Multichannel Z-Stack_20251208_261.npy,\\srv-fs.ad.nudz.cz\BV_data\Brejtr\ActiveProjects\Microscopy\20251208\5_PSI_10uM_48hod_1_Multichannel Z-Stack_20251208_261.vsi,324,ch1,0.73382565482189,0.7393746136004172,ch0;ch1;ch2,True,,0.5396825671195984,0.7894737124443054,0.7659574747085571,0.5803409918595672,0.7393746136004172,0.6023018433568474,0.5773853803567133,0.73382565482189,0.5986440582161177,0.10976669937372208,0.1593957096338272,0.15166062116622925
363,\\srv-fs.ad.nudz.cz\BV_data\Brejtr\ActiveProjects\Microscopy\20251208\5_PSI_10uM_48hod_2_Multichannel Z-Stack_20251208_262.vsi,5_PSI_10uM_48hod_2_Multichannel Z-Stack_20251208_262.npy,\\srv-fs.ad.nudz.cz\BV_data\Brejtr\ActiveProjects\Microscopy\20251208\5_PSI_10uM_48hod_2_Multichannel Z-Stack_20251208_262.vsi,324,ch1,0.7970420799480318,0.8040011380644876,ch0;ch1;ch2,True,,0.707317054271698,0.7837837934494019,0.8048780560493469,0.7765018075841696,0.8040011380644876,0.6993639186557705,0.7701670565544408,0.7970420799480318,0.6934030169964791,0.14187294244766235,0.15436245501041412,0.15980678796768188
364,\\srv-fs.ad.nudz.cz\BV_data\Brejtr\ActiveProjects\Microscopy\20251208\5_PSI_10uM_48hod_3_Multichannel Z-Stack_20251208_263.vsi,5_PSI_10uM_48hod_3_Multichannel Z-Stack_20251208_263.npy,\\srv-fs.ad.nudz.cz\BV_data\Brejtr\ActiveProjects\Microscopy\20251208\5_PSI_10uM_48hod_3_Multichannel Z-Stack_20251208_263.vsi,324,ch0,0.7644077060730624,0.7703996348266965,ch0;ch1;ch2,True,,0.7894737124443054,0.7837837934494019,0.739130437374115,0.7703996348266965,0.7664812646151331,0.6565687562332508,0.7644077060730624,0.7603846362756885,0.6512272150103829,0.15453754365444183,0.15929929912090302,0.1466856747865677
365,\\srv-fs.ad.nudz.cz\BV_data\Brejtr\ActiveProjects\Microscopy\20251208\5_PSI_10uM_48hod_4_Multichannel Z-Stack_20251208_264.vsi,5_PSI_10uM_48hod_4_Multichannel Z-Stack_20251208_264.npy,\\srv-fs.ad.nudz.cz\BV_data\Brejtr\ActiveProjects\Microscopy\20251208\5_PSI_10uM_48hod_4_Multichannel Z-Stack_20251208_264.vsi,324,ch1,0.7623410734531505,0.7680290915019096,ch0;ch1;ch2,True,,0.7560975551605225,0.7837837934494019,0.7346938848495483,0.7090332703737311,0.7680290915019096,0.5831660970869734,0.7061542069692568,0.7623410734531505,0.5802257391645081,0.14986683428287506,0.15846092998981476,0.14761517941951752
366,\\srv-fs.ad.nudz.cz\BV_data\Brejtr\ActiveProjects\Microscopy\20251208\5_PSI_10uM_48hod_5_Multichannel Z-Stack_20251208_265.vsi,5_PSI_10uM_48hod_5_Multichannel Z-Stack_20251208_265.npy,\\srv-fs.ad.nudz.cz\BV_data\Brejtr\ActiveProjects\Microscopy\20251208\5_PSI_10uM_48hod_5_Multichannel Z-Stack_20251208_265.vsi,324,ch1,0.7565275200861441,0.7625469849268821,ch0;ch1;ch2,True,,0.7692307829856873,0.7837837934494019,0.7346938848495483,0.7445609970611161,0.7625469849268821,0.6002464432306299,0.7396362925612563,0.7565275200861441,0.5960226980932569,0.1534222811460495,0.1601218432188034,0.14739523828029633
367,\\srv-fs.ad.nudz.cz\BV_data\Brejtr\ActiveProjects\Microscopy\20251208\5_PSI_10uM_48hod_6_Multichannel Z-Stack_20251208_266.vsi,5_PSI_10uM_48hod_6_Multichannel Z-Stack_20251208_266.npy,\\srv-fs.ad.nudz.cz\BV_data\Brejtr\ActiveProjects\Microscopy\20251208\5_PSI_10uM_48hod_6_Multichannel Z-Stack_20251208_266.vsi,324,ch0,0.8014958226503487,0.8077944672560741,ch0;ch1;ch2,True,,0.7837837934494019,0.7837837934494019,0.739130437374115,0.8077944672560741,0.7753782545513795,0.6477717459562806,0.8014958226503487,0.7687753491202887,0.6426431182007587,0.15475556254386902,0.1582709103822708,0.14894022047519684
368,\\srv-fs.ad.nudz.cz\BV_data\Brejtr\ActiveProjects\Microscopy\20251208\5_PSI_10uM_48hod_7_Multichannel Z-Stack_20251208_267.vsi,5_PSI_10uM_48hod_7_Multichannel Z-Stack_20251208_267.npy,\\srv-fs.ad.nudz.cz\BV_data\Brejtr\ActiveProjects\Microscopy\20251208\5_PSI_10uM_48hod_7_Multichannel Z-Stack_20251208_267.vsi,324,ch0,0.5693220349205212,0.5739324222147042,ch0;ch1,True,,0.7647058963775635,0.6065573692321777,0.6779661178588867,0.5739324222147042,0.5565629143513064,0.5272799982045052,0.5693220349205212,0.5518901331495656,0.5228243010742567,0.15816493332386017,0.11912267655134201,0.13045163452625275
369,\\srv-fs.ad.nudz.cz\BV_data\Brejtr\ActiveProjects\Microscopy\20251208\5_PSI_10uM_48hod_8_Multichannel Z-Stack_20251208_268.vsi,5_PSI_10uM_48hod_8_Multichannel Z-Stack_20251208_268.npy,\\srv-fs.ad.nudz.cz\BV_data\Brejtr\ActiveProjects\Microscopy\20251208\5_PSI_10uM_48hod_8_Multichannel Z-Stack_20251208_268.vsi,324,ch1,0.6166872765973095,0.6219121912096711,ch1,True,,0.8039215803146362,0.7906976938247681,0.7407407164573669,0.5488521997575603,0.6219121912096711,0.5149649887154124,0.544663529791628,0.6166872765973095,0.5106375097157015,0.16416983306407928,0.1602509617805481,0.1460994929075241
370,\\srv-fs.ad.nudz.cz\BV_data\Brejtr\ActiveProjects\Microscopy\20251208\5_PSI_10uM_48hod_9_Multichannel Z-Stack_20251208_269.vsi,5_PSI_10uM_48hod_9_Multichannel Z-Stack_20251208_269.npy,\\srv-fs.ad.nudz.cz\BV_data\Brejtr\ActiveProjects\Microscopy\20251208\5_PSI_10uM_48hod_9_Multichannel Z-Stack_20251208_269.vsi,324,ch1,0.6705164066078504,0.676126131436889,ch0;ch1;ch2,True,,0.8333333134651184,0.7804877758026123,0.800000011920929,0.5988146252932244,0.676126131436889,0.629134750261428,0.5938163733104418,0.6705164066078504,0.6237978982981401,0.1721116602420807,0.16276706755161285,0.1586405485868454
391,\\srv-fs.ad.nudz.cz\BV_data\Brejtr\ActiveProjects\Microscopy\20251213\5_PSI1H10UM_WO_48HOD_10_Multichannel Z-Stack_20251213_453.vsi,5_PSI1H10UM_WO_48HOD_10_Multichannel Z-Stack_20251213_453.npy,\\srv-fs.ad.nudz.cz\BV_data\Brejtr\ActiveProjects\Microscopy\20251213\5_PSI1H10UM_WO_48HOD_10_Multichannel Z-Stack_20251213_453.vsi,324,ch1,0.17557802775530237,0.1526677568709533,,False,,0.6238095164299011,0.7037037014961243,0.6284403800964355,0.12140012750294338,0.1526677568709533,0.12528116344005086,0.15417083175442287,0.17557802775530237,0.1543502656384707,0.12331211566925049,0.14283215999603271,0.12502560019493103
392,\\srv-fs.ad.nudz.cz\BV_data\Brejtr\ActiveProjects\Microscopy\20251213\5_PSI1H10UM_WO_48HOD_1_Multichannel Z-Stack_20251213_444.vsi,5_PSI1H10UM_WO_48HOD_1_Multichannel Z-Stack_20251213_444.npy,\\srv-fs.ad.nudz.cz\BV_data\Brejtr\ActiveProjects\Microscopy\20251213\5_PSI1H10UM_WO_48HOD_1_Multichannel Z-Stack_20251213_444.vsi,324,ch0,0.17214447084292367,0.14049678965388374,,False,,0.6742857098579407,0.7290322780609131,0.681034505367279,0.14049678965388374,0.13345693612748064,0.11542051170560318,0.17214447084292367,0.15848581857314994,0.1435261723807522,0.13631312549114227,0.15371784567832947,0.1365722417831421
393,\\srv-fs.ad.nudz.cz\BV_data\Brejtr\ActiveProjects\Microscopy\20251213\5_PSI1H10UM_WO_48HOD_2_Multichannel Z-Stack_20251213_445.vsi,5_PSI1H10UM_WO_48HOD_2_Multichannel Z-Stack_20251213_445.npy,\\srv-fs.ad.nudz.cz\BV_data\Brejtr\ActiveProjects\Microscopy\20251213\5_PSI1H10UM_WO_48HOD_2_Multichannel Z-Stack_20251213_445.vsi,324,ch0,0.18991859859656543,0.1601191666801264,,False,,0.7034482955932617,0.7597402334213257,0.708737850189209,0.1601191666801264,0.1175762531257917,0.11789161998292177,0.18991859859656543,0.13680227711838006,0.1427537904717679,0.1461125761270523,0.1627320647239685,0.14469976723194122
394,\\srv-fs.ad.nudz.cz\BV_data\Brejtr\ActiveProjects\Microscopy\20251213\5_PSI1H10UM_WO_48HOD_3_Multichannel Z-Stack_20251213_446.vsi,5_PSI1H10UM_WO_48HOD_3_Multichannel Z-Stack_20251213_446.npy,\\srv-fs.ad.nudz.cz\BV_data\Brejtr\ActiveProjects\Microscopy\20251213\5_PSI1H10UM_WO_48HOD_3_Multichannel Z-Stack_20251213_446.vsi,324,ch0,0.17296541001589283,0.14845167088624836,,False,,0.6622516512870789,0.6123595237731934,0.6637930870056152,0.14845167088624836,0.11772833260333294,0.1071322977437163,0.17296541001589283,0.1307966510751412,0.130235388665005,0.13385659456253052,0.12450865656137466,0.1338333785533905
395,\\srv-fs.ad.nudz.cz\BV_data\Brejtr\ActiveProjects\Microscopy\20251213\5_PSI1H10UM_WO_48HOD_4_Multichannel Z-Stack_20251213_447.vsi,5_PSI1H10UM_WO_48HOD_4_Multichannel Z-Stack_20251213_447.npy,\\srv-fs.ad.nudz.cz\BV_data\Brejtr\ActiveProjects\Microscopy\20251213\5_PSI1H10UM_WO_48HOD_4_Multichannel Z-Stack_20251213_447.vsi,324,ch0,0.18137419931049212,0.15002875067793428,,False,,0.6807228922843933,0.7571428418159485,0.6756756901741028,0.15002875067793428,0.14335707955407082,0.1264876459923976,0.18137419931049212,0.1662200626076471,0.15636069344577225,0.1384490579366684,0.16322587430477142,0.13930660486221313
396,\\srv-fs.ad.nudz.cz\BV_data\Brejtr\ActiveProjects\Microscopy\20251213\5_PSI1H10UM_WO_48HOD_5_Multichannel Z-Stack_20251213_448.vsi,5_PSI1H10UM_WO_48HOD_5_Multichannel Z-Stack_20251213_448.npy,\\srv-fs.ad.nudz.cz\BV_data\Brejtr\ActiveProjects\Microscopy\20251213\5_PSI1H10UM_WO_48HOD_5_Multichannel Z-Stack_20251213_448.vsi,324,ch0,0.18625862183371714,0.15805172337886614,,False,,0.6600000262260437,0.7438016533851624,0.7053139805793762,0.15805172337886614,0.16480755932214142,0.11846021119549269,0.18625862183371714,0.18602154719949132,0.14350977427859682,0.13224227726459503,0.1556648313999176,0.14100806415081024
397,\\srv-fs.ad.nudz.cz\BV_data\Brejtr\ActiveProjects\Microscopy\20251213\5_PSI1H10UM_WO_48HOD_6_Multichannel Z-Stack_20251213_449.vsi,5_PSI1H10UM_WO_48HOD_6_Multichannel Z-Stack_20251213_449.npy,\\srv-fs.ad.nudz.cz\BV_data\Brejtr\ActiveProjects\Microscopy\20251213\5_PSI1H10UM_WO_48HOD_6_Multichannel Z-Stack_20251213_449.vsi,324,ch1,0.16667829334659037,0.14698061748832333,,False,,0.6761363744735718,0.765625,0.6326530575752258,0.1343634474170163,0.14698061748832333,0.11238479504133506,0.16336467467904445,0.16667829334659037,0.13757903912918068,0.13822786509990692,0.16474615037441254,0.12779289484024048
398,\\srv-fs.ad.nudz.cz\BV_data\Brejtr\ActiveProjects\Microscopy\20251213\5_PSI1H10UM_WO_48HOD_7_Multichannel Z-Stack_20251213_450.vsi,5_PSI1H10UM_WO_48HOD_7_Multichannel Z-Stack_20251213_450.npy,\\srv-fs.ad.nudz.cz\BV_data\Brejtr\ActiveProjects\Microscopy\20251213\5_PSI1H10UM_WO_48HOD_7_Multichannel Z-Stack_20251213_450.vsi,324,ch0,0.1805631252658604,0.14960351942537894,,False,,0.7088607549667358,0.7680000066757202,0.7136363387107849,0.14960351942537894,0.15673780737216214,0.11864076877399604,0.1805631252658604,0.17781320492595545,0.1465579026830621,0.14805519580841064,0.16677965223789215,0.14775612950325012
399,\\srv-fs.ad.nudz.cz\BV_data\Brejtr\ActiveProjects\Microscopy\20251213\5_PSI1H10UM_WO_48HOD_8_Multichannel Z-Stack_20251213_451.vsi,5_PSI1H10UM_WO_48HOD_8_Multichannel Z-Stack_20251213_451.npy,\\srv-fs.ad.nudz.cz\BV_data\Brejtr\ActiveProjects\Microscopy\20251213\5_PSI1H10UM_WO_48HOD_8_Multichannel Z-Stack_20251213_451.vsi,324,ch1,0.16748329924984148,0.14476842200463866,,False,,0.5745614171028137,0.6947368383407593,0.6565656661987305,0.11626595057757874,0.14476842200463866,0.13149547072648024,0.15080932362505492,0.16748329924984148,0.16044793321913697,0.1124332919716835,0.13892579078674316,0.12917450070381165
400,\\srv-fs.ad.nudz.cz\BV_data\Brejtr\ActiveProjects\Microscopy\20251213\5_PSI1H10UM_WO_48HOD_9_Multichannel Z-Stack_20251213_452.vsi,5_PSI1H10UM_WO_48HOD_9_Multichannel Z-Stack_20251213_452.npy,\\srv-fs.ad.nudz.cz\BV_data\Brejtr\ActiveProjects\Microscopy\20251213\5_PSI1H10UM_WO_48HOD_9_Multichannel Z-Stack_20251213_452.vsi,324,ch1,0.1617539582012088,0.1416531049775687,,False,,0.6683937907218933,0.753731369972229,0.7129629850387573,0.12329321353011216,0.1416531049775687,0.1159887355275444,0.15288757908749903,0.1617539582012088,0.1421661271184475,0.13635359704494476,0.15992335975170135,0.14393745362758636
401,\\srv-fs.ad.nudz.cz\BV_data\Brejtr\ActiveProjects\Microscopy\20251213\5_PSI1H1UM_WO_48HOD_10_Multichannel Z-Stack_20251213_443.vsi,5_PSI1H1UM_WO_48HOD_10_Multichannel Z-Stack_20251213_443.npy,\\srv-fs.ad.nudz.cz\BV_data\Brejtr\ActiveProjects\Microscopy\20251213\5_PSI1H1UM_WO_48HOD_10_Multichannel Z-Stack_20251213_443.vsi,324,ch1,0.1811381285093955,0.16774921126396108,,False,,0.560693621635437,0.6747967600822449,0.6208333373069763,0.14856116791851878,0.16774921126396108,0.10405615230565367,0.176565675995315,0.1811381285093955,0.1249411224868113,0.10837903618812561,0.126765176653862,0.11676938086748123
402,\\srv-fs.ad.nudz.cz\BV_data\Brejtr\ActiveProjects\Microscopy\20251213\5_PSI1H1UM_WO_48HOD_1_Multichannel Z-Stack_20251213_434.vsi,5_PSI1H1UM_WO_48HOD_1_Multichannel Z-Stack_20251213_434.npy,\\srv-fs.ad.nudz.cz\BV_data\Brejtr\ActiveProjects\Microscopy\20251213\5_PSI1H1UM_WO_48HOD_1_Multichannel Z-Stack_20251213_434.vsi,324,ch0,0.1500349914605849,0.11626584033138183,,False,,0.567685604095459,0.6842105388641357,0.6281588673591614,0.11626584033138183,0.13026965971102608,0.09581324646935874,0.1500349914605849,0.14963033160808628,0.11917130941627392,0.10837364941835403,0.1322013884782791,0.11957522481679916
403,\\srv-fs.ad.nudz.cz\BV_data\Brejtr\ActiveProjects\Microscopy\20251213\5_PSI1H1UM_WO_48HOD_2_Multichannel Z-Stack_20251213_435.vsi,5_PSI1H1UM_WO_48HOD_2_Multichannel Z-Stack_20251213_435.npy,\\srv-fs.ad.nudz.cz\BV_data\Brejtr\ActiveProjects\Microscopy\20251213\5_PSI1H1UM_WO_48HOD_2_Multichannel Z-Stack_20251213_435.vsi,324,ch0,0.12384267338020542,0.09248728057567349,,False,,0.6617100238800049,0.6818181872367859,0.7108014225959778,0.09248728057567349,0.08860552774434866,0.08754694821271082,0.12384267338020542,0.11074000681549873,0.11203799155348801,0.132711261510849,0.14385387301445007,0.14377833902835846
404,\\srv-fs.ad.nudz.cz\BV_data\Brejtr\ActiveProjects\Microscopy\20251213\5_PSI1H1UM_WO_48HOD_3_Multichannel Z-Stack_20251213_436.vsi,5_PSI1H1UM_WO_48HOD_3_Multichannel Z-Stack_20251213_436.npy,\\srv-fs.ad.nudz.cz\BV_data\Brejtr\ActiveProjects\Microscopy\20251213\5_PSI1H1UM_WO_48HOD_3_Multichannel Z-Stack_20251213_436.vsi,324,ch0,0.14607673140331995,0.11696287988198908,,False,,0.6800000071525574,0.7565789222717285,0.64453125,0.11696287988198908,0.12273246157307409,0.10147450893476354,0.14607673140331995,0.14197712728974612,0.12375460355895934,0.1404692530632019,0.16275721788406372,0.1286018192768097
405,\\srv-fs.ad.nudz.cz\BV_data\Brejtr\ActiveProjects\Microscopy\20251213\5_PSI1H1UM_WO_48HOD_4_Multichannel Z-Stack_20251213_437.vsi,5_PSI1H1UM_WO_48HOD_4_Multichannel Z-Stack_20251213_437.npy,\\srv-fs.ad.nudz.cz\BV_data\Brejtr\ActiveProjects\Microscopy\20251213\5_PSI1H1UM_WO_48HOD_4_Multichannel Z-Stack_20251213_437.vsi,324,ch1,0.09964272523388974,0.08564816921378769,,False,,0.5671428442001343,0.6767676472663879,0.6823529601097107,0.04197595628319157,0.08564816921378769,0.06646638529881398,0.07376279147054268,0.09964272523388974,0.08747299467592966,0.10654773563146591,0.1353200078010559,0.12592780590057373
406,\\srv-fs.ad.nudz.cz\BV_data\Brejtr\ActiveProjects\Microscopy\20251213\5_PSI1H1UM_WO_48HOD_5_Multichannel Z-Stack_20251213_438.vsi,5_PSI1H1UM_WO_48HOD_5_Multichannel Z-Stack_20251213_438.npy,\\srv-fs.ad.nudz.cz\BV_data\Brejtr\ActiveProjects\Microscopy\20251213\5_PSI1H1UM_WO_48HOD_5_Multichannel Z-Stack_20251213_438.vsi,324,ch1,0.13583370698036124,0.11682678351974299,,False,,0.6705882549285889,0.7566137313842773,0.699404776096344,0.05613956210756137,0.11682678351974299,0.08693620836816172,0.09006074800084554,0.13583370698036124,0.1145084026256907,0.1344010978937149,0.15947416424751282,0.13722285628318787
407,\\srv-fs.ad.nudz.cz\BV_data\Brejtr\ActiveProjects\Microscopy\20251213\5_PSI1H1UM_WO_48HOD_6_Multichannel Z-Stack_20251213_439.vsi,5_PSI1H1UM_WO_48HOD_6_Multichannel Z-Stack_20251213_439.npy,\\srv-fs.ad.nudz.cz\BV_data\Brejtr\ActiveProjects\Microscopy\20251213\5_PSI1H1UM_WO_48HOD_6_Multichannel Z-Stack_20251213_439.vsi,324,ch1,0.11688677343686578,0.10367598587754294,,False,,0.6203473806381226,0.7423312664031982,0.7042253613471985,0.037308282388993703,0.10367598587754294,0.06833284014915672,0.06670475619880067,0.11688677343686578,0.09185165610620105,0.12101508677005768,0.1579262763261795,0.13786765933036804
408,\\srv-fs.ad.nudz.cz\BV_data\Brejtr\ActiveProjects\Microscopy\20251213\5_PSI1H1UM_WO_48HOD_7_Multichannel Z-Stack_20251213_440.vsi,5_PSI1H1UM_WO_48HOD_7_Multichannel Z-Stack_20251213_440.npy,\\srv-fs.ad.nudz.cz\BV_data\Brejtr\ActiveProjects\Microscopy\20251213\5_PSI1H1UM_WO_48HOD_7_Multichannel Z-Stack_20251213_440.vsi,324,ch1,0.13924500109616578,0.11886533160582777,,False,,0.6489675641059875,0.7456647157669067,0.7128205299377441,0.05112869717237346,0.11886533160582777,0.06744886881885416,0.08884535736217448,0.13924500109616578,0.09027456002613754,0.127482607960701,0.16102904081344604,0.13819746673107147
409,\\srv-fs.ad.nudz.cz\BV_data\Brejtr\ActiveProjects\Microscopy\20251213\5_PSI1H1UM_WO_48HOD_8_Multichannel Z-Stack_20251213_441.vsi,5_PSI1H1UM_WO_48HOD_8_Multichannel Z-Stack_20251213_441.npy,\\srv-fs.ad.nudz.cz\BV_data\Brejtr\ActiveProjects\Microscopy\20251213\5_PSI1H1UM_WO_48HOD_8_Multichannel Z-Stack_20251213_441.vsi,324,ch1,0.1015297498605284,0.08581279495630544,,False,,0.6686303615570068,0.733031690120697,0.707988977432251,0.05090992978129612,0.08581279495630544,0.07599274266296759,0.08550583504536485,0.1015297498605284,0.10119444315743523,0.13524292409420013,0.1598796248435974,0.13876844942569733
410,\\srv-fs.ad.nudz.cz\BV_data\Brejtr\ActiveProjects\Microscopy\20251213\5_PSI1H1UM_WO_48HOD_9_Multichannel Z-Stack_20251213_442.vsi,5_PSI1H1UM_WO_48HOD_9_Multichannel Z-Stack_20251213_442.npy,\\srv-fs.ad.nudz.cz\BV_data\Brejtr\ActiveProjects\Microscopy\20251213\5_PSI1H1UM_WO_48HOD_9_Multichannel Z-Stack_20251213_442.vsi,324,ch0,0.13997463473186336,0.11413646245123818,,False,,0.6751269102096558,0.7597402334213257,0.658777117729187,0.11413646245123818,0.10529049492504458,0.09682544495923194,0.13997463473186336,0.12007646006409298,0.1191728334919507,0.14073754847049713,0.16527077555656433,0.1361769735813141
411,\\srv-fs.ad.nudz.cz\BV_data\Brejtr\ActiveProjects\Microscopy\20251213\5_PSI_01UM_48HOD_10_Multichannel Z-Stack_20251213_433.vsi,5_PSI_01UM_48HOD_10_Multichannel Z-Stack_20251213_433.npy,\\srv-fs.ad.nudz.cz\BV_data\Brejtr\ActiveProjects\Microscopy\20251213\5_PSI_01UM_48HOD_10_Multichannel Z-Stack_20251213_433.vsi,324,ch0,0.11151976360113516,0.08026699807950553,,False,,0.6564416885375977,0.7154471278190613,0.6749225854873657,0.08026699807950553,0.07529270286618271,0.08045399746426297,0.11151976360113516,0.09529091683998137,0.10358410878690569,0.1302151381969452,0.14820747077465057,0.133283331990242
412,\\srv-fs.ad.nudz.cz\BV_data\Brejtr\ActiveProjects\Microscopy\20251213\5_PSI_01UM_48HOD_1_Multichannel Z-Stack_20251213_424.vsi,5_PSI_01UM_48HOD_1_Multichannel Z-Stack_20251213_424.npy,\\srv-fs.ad.nudz.cz\BV_data\Brejtr\ActiveProjects\Microscopy\20251213\5_PSI_01UM_48HOD_1_Multichannel Z-Stack_20251213_424.vsi,324,ch2,0.1280111292199869,0.10333256806769235,,False,,0.5841270089149475,0.6684492230415344,0.6538461446762085,0.08151454748183627,0.09870274730192177,0.10333256806769235,0.11092913888437762,0.11814053099595931,0.1280111292199869,0.1133628785610199,0.13444051146507263,0.12918266654014587
413,\\srv-fs.ad.nudz.cz\BV_data\Brejtr\ActiveProjects\Microscopy\20251213\5_PSI_01UM_48HOD_2_Multichannel Z-Stack_20251213_425.vsi,5_PSI_01UM_48HOD_2_Multichannel Z-Stack_20251213_425.npy,\\srv-fs.ad.nudz.cz\BV_data\Brejtr\ActiveProjects\Microscopy\20251213\5_PSI_01UM_48HOD_2_Multichannel Z-Stack_20251213_425.vsi,324,ch0,0.1256804583059875,0.09618669968235892,,False,,0.7014925479888916,0.7568627595901489,0.7236467003822327,0.09618669968235892,0.07129263198213899,0.07320061374332977,0.1256804583059875,0.09053524727124547,0.09542614417079318,0.14696240425109863,0.16522051393985748,0.1490567922592163
414,\\srv-fs.ad.nudz.cz\BV_data\Brejtr\ActiveProjects\Microscopy\20251213\5_PSI_01UM_48HOD_3_Multichannel Z-Stack_20251213_426.vsi,5_PSI_01UM_48HOD_3_Multichannel Z-Stack_20251213_426.npy,\\srv-fs.ad.nudz.cz\BV_data\Brejtr\ActiveProjects\Microscopy\20251213\5_PSI_01UM_48HOD_3_Multichannel Z-Stack_20251213_426.vsi,324,ch0,0.1305852671639234,0.09736281267311876,,False,,0.6559139490127563,0.7291666865348816,0.6737805008888245,0.09736281267311876,0.07775215044852951,0.08080067098310253,0.1305852671639234,0.10057027253429802,0.10520028521619006,0.13081477582454681,0.15297263860702515,0.13377319276332855
415,\\srv-fs.ad.nudz.cz\BV_data\Brejtr\ActiveProjects\Microscopy\20251213\5_PSI_01UM_48HOD_4_Multichannel Z-Stack_20251213_427.vsi,5_PSI_01UM_48HOD_4_Multichannel Z-Stack_20251213_427.npy,\\srv-fs.ad.nudz.cz\BV_data\Brejtr\ActiveProjects\Microscopy\20251213\5_PSI_01UM_48HOD_4_Multichannel Z-Stack_20251213_427.vsi,324,ch0,0.12876102264203276,0.09959781776982518,,False,,0.6528925895690918,0.7303921580314636,0.6656249761581421,0.09959781776982518,0.0825156795346567,0.07899828093856291,0.12876102264203276,0.10155310978540628,0.10131850673970465,0.13564732670783997,0.16031233966350555,0.13313601911067963
416,\\srv-fs.ad.nudz.cz\BV_data\Brejtr\ActiveProjects\Microscopy\20251213\5_PSI_01UM_48HOD_5_Multichannel Z-Stack_20251213_428.vsi,5_PSI_01UM_48HOD_5_Multichannel Z-Stack_20251213_428.npy,\\srv-fs.ad.nudz.cz\BV_data\Brejtr\ActiveProjects\Microscopy\20251213\5_PSI_01UM_48HOD_5_Multichannel Z-Stack_20251213_428.vsi,324,ch0,0.12120480180771236,0.0927473561265601,,False,,0.6515151262283325,0.7309644818305969,0.6160458326339722,0.0927473561265601,0.08824582936672037,0.07455206495774275,0.12120480180771236,0.10838400733594945,0.09574912404703499,0.12987317144870758,0.15262502431869507,0.12158924341201782
417,\\srv-fs.ad.nudz.cz\BV_data\Brejtr\ActiveProjects\Microscopy\20251213\5_PSI_01UM_48HOD_6_Multichannel Z-Stack_20251213_429.vsi,5_PSI_01UM_48HOD_6_Multichannel Z-Stack_20251213_429.npy,\\srv-fs.ad.nudz.cz\BV_data\Brejtr\ActiveProjects\Microscopy\20251213\5_PSI_01UM_48HOD_6_Multichannel Z-Stack_20251213_429.vsi,324,ch0,0.14152299236044652,0.11107424302294518,,False,,0.718367338180542,0.7808765172958374,0.736994206905365,0.11107424302294518,0.07782497926677436,0.08134149363709427,0.14152299236044652,0.09703090110497718,0.1051308965745631,0.15364012122154236,0.17245014011859894,0.1550820767879486
418,\\srv-fs.ad.nudz.cz\BV_data\Brejtr\ActiveProjects\Microscopy\20251213\5_PSI_01UM_48HOD_7_Multichannel Z-Stack_20251213_430.vsi,5_PSI_01UM_48HOD_7_Multichannel Z-Stack_20251213_430.npy,\\srv-fs.ad.nudz.cz\BV_data\Brejtr\ActiveProjects\Microscopy\20251213\5_PSI_01UM_48HOD_7_Multichannel Z-Stack_20251213_430.vsi,324,ch1,0.10533663586227401,0.0857434375726738,,False,,0.22602321207523346,0.7453703880310059,0.6385809183120728,0.04379355224174904,0.0857434375726738,0.06494388749124312,0.056891779096304426,0.10533663586227401,0.08573557976951762,0.06601465493440628,0.1604612171649933,0.12622028589248657
419,\\srv-fs.ad.nudz.cz\BV_data\Brejtr\ActiveProjects\Microscopy\20251213\5_PSI_01UM_48HOD_8_Multichannel Z-Stack_20251213_431.vsi,5_PSI_01UM_48HOD_8_Multichannel Z-Stack_20251213_431.npy,\\srv-fs.ad.nudz.cz\BV_data\Brejtr\ActiveProjects\Microscopy\20251213\5_PSI_01UM_48HOD_8_Multichannel Z-Stack_20251213_431.vsi,324,ch0,0.1473744171464426,0.11686849229985749,,False,,0.6231454014778137,0.6848739385604858,0.6595744490623474,0.11686849229985749,0.0887222824066735,0.1090024949694453,0.1473744171464426,0.10949500626813295,0.13376438099760632,0.11494852602481842,0.13689038157463074,0.12752462923526764
420,\\srv-fs.ad.nudz.cz\BV_data\Brejtr\ActiveProjects\Microscopy\20251213\5_PSI_01UM_48HOD_9_Multichannel Z-Stack_20251213_432.vsi,5_PSI_01UM_48HOD_9_Multichannel Z-Stack_20251213_432.npy,\\srv-fs.ad.nudz.cz\BV_data\Brejtr\ActiveProjects\Microscopy\20251213\5_PSI_01UM_48HOD_9_Multichannel Z-Stack_20251213_432.vsi,324,ch0,0.156919273855456,0.12829310223669194,,False,,0.6666666865348816,0.7192118167877197,0.675159215927124,0.12829310223669194,0.10696350100340489,0.09265085873333799,0.156919273855456,0.12980605552998994,0.120325333177306,0.13130642473697662,0.15183986723423004,0.1336381584405899
421,\\srv-fs.ad.nudz.cz\BV_data\Brejtr\ActiveProjects\Microscopy\20251213\5_PSI_01UM_72HOD_10_Multichannel Z-Stack_20251213_485.vsi,5_PSI_01UM_72HOD_10_Multichannel Z-Stack_20251213_485.npy,\\srv-fs.ad.nudz.cz\BV_data\Brejtr\ActiveProjects\Microscopy\20251213\5_PSI_01UM_72HOD_10_Multichannel Z-Stack_20251213_485.vsi,324,ch2,0.10702299352633868,0.07515767023811985,,False,,0.6693055033683777,0.729468584060669,0.7325905561447144,0.03518740031401587,0.06217850396666337,0.07515767023811985,0.07729341796203378,0.08957864548701383,0.10702299352633868,0.13548871874809265,0.1508554220199585,0.15128427743911743
422,\\srv-fs.ad.nudz.cz\BV_data\Brejtr\ActiveProjects\Microscopy\20251213\5_PSI_01UM_72HOD_1_Multichannel Z-Stack_20251213_474.vsi,5_PSI_01UM_72HOD_1_Multichannel Z-Stack_20251213_474.npy,\\srv-fs.ad.nudz.cz\BV_data\Brejtr\ActiveProjects\Microscopy\20251213\5_PSI_01UM_72HOD_1_Multichannel Z-Stack_20251213_474.vsi,324,ch2,0.074282974098262,0.05198039934600332,,False,,0.6442491412162781,0.6857749223709106,0.5941422581672668,0.02512970552083789,0.04284141194999586,0.05198039934600332,0.05855223380754424,0.06321907458095995,0.074282974098262,0.12388152629137039,0.1401979774236679,0.12345046550035477
423,\\srv-fs.ad.nudz.cz\BV_data\Brejtr\ActiveProjects\Microscopy\20251213\5_PSI_01UM_72HOD_2_Multichannel Z-Stack_20251213_475.vsi,5_PSI_01UM_72HOD_2_Multichannel Z-Stack_20251213_475.npy,\\srv-fs.ad.nudz.cz\BV_data\Brejtr\ActiveProjects\Microscopy\20251213\5_PSI_01UM_72HOD_2_Multichannel Z-Stack_20251213_475.vsi,324,ch1,0.09744336990903459,0.06626605821040027,,False,,0.6453162431716919,0.6932989954948425,0.6051282286643982,0.040673169433691196,0.06626605821040027,0.07100269973468025,0.08096934099440763,0.09744336990903459,0.0945669423758219,0.1258164495229721,0.13809968531131744,0.12454564869403839
424,\\srv-fs.ad.nudz.cz\BV_data\Brejtr\ActiveProjects\Microscopy\20251213\5_PSI_01UM_72HOD_3_Multichannel Z-Stack_20251213_476.vsi,5_PSI_01UM_72HOD_3_Multichannel Z-Stack_20251213_476.npy,\\srv-fs.ad.nudz.cz\BV_data\Brejtr\ActiveProjects\Microscopy\20251213\5_PSI_01UM_72HOD_3_Multichannel Z-Stack_20251213_476.vsi,324,ch2,0.12190912140018259,0.09374113771118851,,False,,0.6086186766624451,0.613772451877594,0.646616518497467,0.03381824250289894,0.07164656800586505,0.09374113771118851,0.07233745011272345,0.09491773107551767,0.12190912140018259,0.11770367622375488,0.1268017590045929,0.13082735240459442
425,\\srv-fs.ad.nudz.cz\BV_data\Brejtr\ActiveProjects\Microscopy\20251213\5_PSI_01UM_72HOD_4_Multichannel Z-Stack_20251213_477.vsi,5_PSI_01UM_72HOD_4_Multichannel Z-Stack_20251213_477.npy,\\srv-fs.ad.nudz.cz\BV_data\Brejtr\ActiveProjects\Microscopy\20251213\5_PSI_01UM_72HOD_4_Multichannel Z-Stack_20251213_477.vsi,324,ch2,0.11810089607380964,0.08866331679185024,,False,,0.7010198831558228,0.7645348906517029,0.76408451795578,0.03823982422827636,0.07252335911340818,0.08866331679185024,0.08035101195407633,0.100845877088659,0.11810089607380964,0.14345934987068176,0.16055969893932343,0.15831293165683746
426,\\srv-fs.ad.nudz.cz\BV_data\Brejtr\ActiveProjects\Microscopy\20251213\5_PSI_01UM_72HOD_5_Multichannel Z-Stack_20251213_478.vsi,5_PSI_01UM_72HOD_5_Multichannel Z-Stack_20251213_478.npy,\\srv-fs.ad.nudz.cz\BV_data\Brejtr\ActiveProjects\Microscopy\20251213\5_PSI_01UM_72HOD_5_Multichannel Z-Stack_20251213_478.vsi,324,ch2,0.10699108095257376,0.08104263837476554,,False,,0.6080732941627502,0.5856481194496155,0.6074766516685486,0.035312657019113756,0.058363284811165844,0.08104263837476554,0.07496978287556577,0.0804216227971096,0.10699108095257376,0.1209193617105484,0.1202598437666893,0.12488099187612534
427,\\srv-fs.ad.nudz.cz\BV_data\Brejtr\ActiveProjects\Microscopy\20251213\5_PSI_01UM_72HOD_5{2]_Multichannel Z-Stack_20251213_479.vsi,5_PSI_01UM_72HOD_5{2]_Multichannel Z-Stack_20251213_479.npy,\\srv-fs.ad.nudz.cz\BV_data\Brejtr\ActiveProjects\Microscopy\20251213\5_PSI_01UM_72HOD_5{2]_Multichannel Z-Stack_20251213_479.vsi,324,ch2,0.1112555903737149,0.08534055435028082,,False,,0.6063376069068909,0.5846500992774963,0.6052631735801697,0.035869539079811046,0.057657174250928506,0.08534055435028082,0.07565260506987942,0.07972451757398206,0.1112555903737149,0.12073948979377747,0.11934231966733932,0.12394624203443527
428,\\srv-fs.ad.nudz.cz\BV_data\Brejtr\ActiveProjects\Microscopy\20251213\5_PSI_01UM_72HOD_5{3]_Multichannel Z-Stack_20251213_480.vsi,5_PSI_01UM_72HOD_5{3]_Multichannel Z-Stack_20251213_480.npy,\\srv-fs.ad.nudz.cz\BV_data\Brejtr\ActiveProjects\Microscopy\20251213\5_PSI_01UM_72HOD_5{3]_Multichannel Z-Stack_20251213_480.vsi,324,ch2,0.11160127459264885,0.0856770691010423,,False,,0.6419354677200317,0.7196765542030334,0.732600748538971,0.036162465693958104,0.060401598167355824,0.0856770691010423,0.07444221216621767,0.08312710595290626,0.11160127459264885,0.12582193315029144,0.14798444509506226,0.15022408962249756
429,\\srv-fs.ad.nudz.cz\BV_data\Brejtr\ActiveProjects\Microscopy\20251213\5_PSI_01UM_72HOD_6_Multichannel Z-Stack_20251213_481.vsi,5_PSI_01UM_72HOD_6_Multichannel Z-Stack_20251213_481.npy,\\srv-fs.ad.nudz.cz\BV_data\Brejtr\ActiveProjects\Microscopy\20251213\5_PSI_01UM_72HOD_6_Multichannel Z-Stack_20251213_481.vsi,324,ch2,0.09685213921553207,0.06802182476795406,,False,,0.5903671979904175,0.6716791987419128,0.6891891956329346,0.03476485160756295,0.05806955561214119,0.06802182476795406,0.07637298584986449,0.08345198644943445,0.09685213921553207,0.10992085188627243,0.1336609572172165,0.13565774261951447
430,\\srv-fs.ad.nudz.cz\BV_data\Brejtr\ActiveProjects\Microscopy\20251213\5_PSI_01UM_72HOD_7_Multichannel Z-Stack_20251213_482.vsi,5_PSI_01UM_72HOD_7_Multichannel Z-Stack_20251213_482.npy,\\srv-fs.ad.nudz.cz\BV_data\Brejtr\ActiveProjects\Microscopy\20251213\5_PSI_01UM_72HOD_7_Multichannel Z-Stack_20251213_482.vsi,324,ch2,0.09428109161593552,0.06343989343657949,,False,,0.6185958385467529,0.6424580812454224,0.6580645442008972,0.035349824283192055,0.05420394530871336,0.06343989343657949,0.07783972319218709,0.08228995325772422,0.09428109161593552,0.12038839608430862,0.132167786359787,0.13614052534103394
431,\\srv-fs.ad.nudz.cz\BV_data\Brejtr\ActiveProjects\Microscopy\20251213\5_PSI_01UM_72HOD_8_Multichannel Z-Stack_20251213_483.vsi,5_PSI_01UM_72HOD_8_Multichannel Z-Stack_20251213_483.npy,\\srv-fs.ad.nudz.cz\BV_data\Brejtr\ActiveProjects\Microscopy\20251213\5_PSI_01UM_72HOD_8_Multichannel Z-Stack_20251213_483.vsi,324,ch2,0.08312264057631004,0.05818858525857845,,False,,0.6221662759780884,0.6553910970687866,0.7050387382497698,0.030771755916552443,0.04651566184805552,0.05818858525857845,0.06866207602277438,0.06769770719968676,0.08312264057631004,0.11579210311174393,0.13223809003829956,0.14274342358112335
432,\\srv-fs.ad.nudz.cz\BV_data\Brejtr\ActiveProjects\Microscopy\20251213\5_PSI_01UM_72HOD_9_Multichannel Z-Stack_20251213_484.vsi,5_PSI_01UM_72HOD_9_Multichannel Z-Stack_20251213_484.npy,\\srv-fs.ad.nudz.cz\BV_data\Brejtr\ActiveProjects\Microscopy\20251213\5_PSI_01UM_72HOD_9_Multichannel Z-Stack_20251213_484.vsi,324,ch2,0.10669815140294496,0.07566784965353739,,False,,0.6873170733451843,0.7291196584701538,0.7556818127632141,0.03940240713682849,0.05910541278698668,0.07566784965353739,0.08371305966137846,0.08849595994897626,0.10669815140294496,0.140971377491951,0.15201781690120697,0.15825800597667694
433,\\srv-fs.ad.nudz.cz\BV_data\Brejtr\ActiveProjects\Microscopy\20251213\5_PSI_10UM_48HOD_10_Multichannel Z-Stack_20251213_473.vsi,5_PSI_10UM_48HOD_10_Multichannel Z-Stack_20251213_473.npy,\\srv-fs.ad.nudz.cz\BV_data\Brejtr\ActiveProjects\Microscopy\20251213\5_PSI_10UM_48HOD_10_Multichannel Z-Stack_20251213_473.vsi,324,ch0,0.1420460575216301,0.10550656343146939,,False,,0.6643598675727844,0.6782945990562439,0.7283582091331482,0.10550656343146939,0.08692895568188698,0.08901742188296351,0.1420460575216301,0.10364561991533253,0.11458335446905739,0.13301141560077667,0.1386493295431137,0.14211247861385345
434,\\srv-fs.ad.nudz.cz\BV_data\Brejtr\ActiveProjects\Microscopy\20251213\5_PSI_10UM_48HOD_1_Multichannel Z-Stack_20251213_464.vsi,5_PSI_10UM_48HOD_1_Multichannel Z-Stack_20251213_464.npy,\\srv-fs.ad.nudz.cz\BV_data\Brejtr\ActiveProjects\Microscopy\20251213\5_PSI_10UM_48HOD_1_Multichannel Z-Stack_20251213_464.vsi,324,ch0,0.1768221321730937,0.13937509222125272,,False,,0.67136150598526,0.7719298005104065,0.6524063944816589,0.13937509222125272,0.1234398254759009,0.08967465099296015,0.1768221321730937,0.14342849499900356,0.11363366306541717,0.13944225013256073,0.16680654883384705,0.12353184074163437
435,\\srv-fs.ad.nudz.cz\BV_data\Brejtr\ActiveProjects\Microscopy\20251213\5_PSI_10UM_48HOD_2_Multichannel Z-Stack_20251213_465.vsi,5_PSI_10UM_48HOD_2_Multichannel Z-Stack_20251213_465.npy,\\srv-fs.ad.nudz.cz\BV_data\Brejtr\ActiveProjects\Microscopy\20251213\5_PSI_10UM_48HOD_2_Multichannel Z-Stack_20251213_465.vsi,324,ch0,0.14100805573699107,0.10769467872648442,,False,,0.6363636255264282,0.6071428656578064,0.5664335489273071,0.10769467872648442,0.10252385270097203,0.07396982004440728,0.14100805573699107,0.12149455753712181,0.09457814180001264,0.12715815007686615,0.1270419955253601,0.11088504642248154
436,\\srv-fs.ad.nudz.cz\BV_data\Brejtr\ActiveProjects\Microscopy\20251213\5_PSI_10UM_48HOD_3_Multichannel Z-Stack_20251213_466.vsi,5_PSI_10UM_48HOD_3_Multichannel Z-Stack_20251213_466.npy,\\srv-fs.ad.nudz.cz\BV_data\Brejtr\ActiveProjects\Microscopy\20251213\5_PSI_10UM_48HOD_3_Multichannel Z-Stack_20251213_466.vsi,324,ch0,0.12678010482375027,0.09476862295988321,,False,,0.6758620738983154,0.7567567825317383,0.6546391844749451,0.09476862295988321,0.08141427471844565,0.07513586591753205,0.12678010482375027,0.09929239614810116,0.09789965377999593,0.13700132071971893,0.16060197353363037,0.13620451092720032
437,\\srv-fs.ad.nudz.cz\BV_data\Brejtr\ActiveProjects\Microscopy\20251213\5_PSI_10UM_48HOD_4_Multichannel Z-Stack_20251213_467.vsi,5_PSI_10UM_48HOD_4_Multichannel Z-Stack_20251213_467.npy,\\srv-fs.ad.nudz.cz\BV_data\Brejtr\ActiveProjects\Microscopy\20251213\5_PSI_10UM_48HOD_4_Multichannel Z-Stack_20251213_467.vsi,324,ch1,0.15277049912283444,0.13358734115890808,,False,,0.5894308686256409,0.7039473652839661,0.6620689630508423,0.11127168615231835,0.13358734115890808,0.09556202244195791,0.1438977674371297,0.15277049912283444,0.12207054150001626,0.1132216528058052,0.1416839361190796,0.13131889700889587
438,\\srv-fs.ad.nudz.cz\BV_data\Brejtr\ActiveProjects\Microscopy\20251213\5_PSI_10UM_48HOD_5_Multichannel Z-Stack_20251213_468.vsi,5_PSI_10UM_48HOD_5_Multichannel Z-Stack_20251213_468.npy,\\srv-fs.ad.nudz.cz\BV_data\Brejtr\ActiveProjects\Microscopy\20251213\5_PSI_10UM_48HOD_5_Multichannel Z-Stack_20251213_468.vsi,324,ch1,0.1961702496150476,0.17331434511140562,,False,,0.5555555820465088,0.6641790866851807,0.6576576828956604,0.1434526278580287,0.17331434511140562,0.12445293709536703,0.1782624272327553,0.1961702496150476,0.15424316171693273,0.11016932874917984,0.1335349678993225,0.13232842087745667
439,\\srv-fs.ad.nudz.cz\BV_data\Brejtr\ActiveProjects\Microscopy\20251213\5_PSI_10UM_48HOD_6_Multichannel Z-Stack_20251213_469.vsi,5_PSI_10UM_48HOD_6_Multichannel Z-Stack_20251213_469.npy,\\srv-fs.ad.nudz.cz\BV_data\Brejtr\ActiveProjects\Microscopy\20251213\5_PSI_10UM_48HOD_6_Multichannel Z-Stack_20251213_469.vsi,324,ch1,0.13946647846170246,0.11617986397028335,,False,,0.6313993334770203,0.6878306865692139,0.6746575236320496,0.09979585378264276,0.11617986397028335,0.0998246051211667,0.13673441715011062,0.13946647846170246,0.12757951918837904,0.1230916678905487,0.14200210571289062,0.13238386809825897
440,\\srv-fs.ad.nudz.cz\BV_data\Brejtr\ActiveProjects\Microscopy\20251213\5_PSI_10UM_48HOD_7_Multichannel Z-Stack_20251213_470.vsi,5_PSI_10UM_48HOD_7_Multichannel Z-Stack_20251213_470.npy,\\srv-fs.ad.nudz.cz\BV_data\Brejtr\ActiveProjects\Microscopy\20251213\5_PSI_10UM_48HOD_7_Multichannel Z-Stack_20251213_470.vsi,324,ch0,0.14612219296744247,0.10899334547911879,,False,,0.6644067764282227,0.7731958627700806,0.7157190442085266,0.10899334547911879,0.11178098457615597,0.10528288544301904,0.14612219296744247,0.13145290368763252,0.1341312300604598,0.1348116546869278,0.16870538890361786,0.14855119585990906
441,\\srv-fs.ad.nudz.cz\BV_data\Brejtr\ActiveProjects\Microscopy\20251213\5_PSI_10UM_48HOD_8_Multichannel Z-Stack_20251213_471.vsi,5_PSI_10UM_48HOD_8_Multichannel Z-Stack_20251213_471.npy,\\srv-fs.ad.nudz.cz\BV_data\Brejtr\ActiveProjects\Microscopy\20251213\5_PSI_10UM_48HOD_8_Multichannel Z-Stack_20251213_471.vsi,324,ch0,0.13786200239178292,0.1047379001004056,,False,,0.6516854166984558,0.7844311594963074,0.7137681245803833,0.1047379001004056,0.1065725141151235,0.102807364342722,0.13786200239178292,0.12380306679314923,0.13122184833141007,0.1345946192741394,0.17339439690113068,0.1509416550397873
442,\\srv-fs.ad.nudz.cz\BV_data\Brejtr\ActiveProjects\Microscopy\20251213\5_PSI_10UM_48HOD_9_Multichannel Z-Stack_20251213_472.vsi,5_PSI_10UM_48HOD_9_Multichannel Z-Stack_20251213_472.npy,\\srv-fs.ad.nudz.cz\BV_data\Brejtr\ActiveProjects\Microscopy\20251213\5_PSI_10UM_48HOD_9_Multichannel Z-Stack_20251213_472.vsi,324,ch1,0.17212238511008213,0.15060156896819193,,False,,0.5636363625526428,0.6875,0.6803653240203857,0.11034545827539848,0.15060156896819193,0.12887575236720342,0.14794499056320692,0.17212238511008213,0.16160539270849772,0.10729288309812546,0.1403718888759613,0.1353929191827774
443,\\srv-fs.ad.nudz.cz\BV_data\Brejtr\ActiveProjects\Microscopy\20251213\5_PSI_1UM_48HOD_10_Multichannel Z-Stack_20251213_463.vsi,5_PSI_1UM_48HOD_10_Multichannel Z-Stack_20251213_463.npy,\\srv-fs.ad.nudz.cz\BV_data\Brejtr\ActiveProjects\Microscopy\20251213\5_PSI_1UM_48HOD_10_Multichannel Z-Stack_20251213_463.vsi,324,ch0,0.12831463228354442,0.1034937270898007,,False,,0.6757990717887878,0.7326202988624573,0.6520270109176636,0.1034937270898007,0.09045150661633539,0.07954471072827804,0.12831463228354442,0.10802371019688845,0.09876879311028554,0.14056800305843353,0.15636752545833588,0.12748172879219055
444,\\srv-fs.ad.nudz.cz\BV_data\Brejtr\ActiveProjects\Microscopy\20251213\5_PSI_1UM_48HOD_1_Multichannel Z-Stack_20251213_454.vsi,5_PSI_1UM_48HOD_1_Multichannel Z-Stack_20251213_454.npy,\\srv-fs.ad.nudz.cz\BV_data\Brejtr\ActiveProjects\Microscopy\20251213\5_PSI_1UM_48HOD_1_Multichannel Z-Stack_20251213_454.vsi,324,ch0,0.15443753204255262,0.1179723776629061,,False,,0.6387665271759033,0.7190476059913635,0.695035457611084,0.1179723776629061,0.0930577125032982,0.09503461728124178,0.15443753204255262,0.11826426063753061,0.12316209216650899,0.13052137196063995,0.15228800475597382,0.1406150609254837
445,\\srv-fs.ad.nudz.cz\BV_data\Brejtr\ActiveProjects\Microscopy\20251213\5_PSI_1UM_48HOD_2_Multichannel Z-Stack_20251213_455.vsi,5_PSI_1UM_48HOD_2_Multichannel Z-Stack_20251213_455.npy,\\srv-fs.ad.nudz.cz\BV_data\Brejtr\ActiveProjects\Microscopy\20251213\5_PSI_1UM_48HOD_2_Multichannel Z-Stack_20251213_455.vsi,324,ch0,0.1317345002286719,0.10190653064214629,,False,,0.6224899888038635,0.6790123581886292,0.6644951105117798,0.10190653064214629,0.07891670640015286,0.08511451873578371,0.1317345002286719,0.10136952567642522,0.11065902888612748,0.12498407065868378,0.13784191012382507,0.133236825466156
446,\\srv-fs.ad.nudz.cz\BV_data\Brejtr\ActiveProjects\Microscopy\20251213\5_PSI_1UM_48HOD_3_Multichannel Z-Stack_20251213_456.vsi,5_PSI_1UM_48HOD_3_Multichannel Z-Stack_20251213_456.npy,\\srv-fs.ad.nudz.cz\BV_data\Brejtr\ActiveProjects\Microscopy\20251213\5_PSI_1UM_48HOD_3_Multichannel Z-Stack_20251213_456.vsi,324,ch0,0.14796942454081172,0.11372235968160972,,False,,0.6598360538482666,0.7226890921592712,0.6882022619247437,0.11372235968160972,0.09101521049686406,0.08409854394276298,0.14796942454081172,0.11817745074041909,0.11089207818693703,0.13649201393127441,0.15336745977401733,0.13774387538433075
447,\\srv-fs.ad.nudz.cz\BV_data\Brejtr\ActiveProjects\Microscopy\20251213\5_PSI_1UM_48HOD_4_Multichannel Z-Stack_20251213_457.vsi,5_PSI_1UM_48HOD_4_Multichannel Z-Stack_20251213_457.npy,\\srv-fs.ad.nudz.cz\BV_data\Brejtr\ActiveProjects\Microscopy\20251213\5_PSI_1UM_48HOD_4_Multichannel Z-Stack_20251213_457.vsi,324,ch0,0.13474894520966196,0.10725362505070046,,False,,0.5864979028701782,0.708791196346283,0.5862069129943848,0.10725362505070046,0.10188080528504295,0.07776475624651562,0.13474894520966196,0.1246710987428625,0.09914107680653327,0.11823476105928421,0.1475304365158081,0.11359546333551407
448,\\srv-fs.ad.nudz.cz\BV_data\Brejtr\ActiveProjects\Microscopy\20251213\5_PSI_1UM_48HOD_5_Multichannel Z-Stack_20251213_458.vsi,5_PSI_1UM_48HOD_5_Multichannel Z-Stack_20251213_458.npy,\\srv-fs.ad.nudz.cz\BV_data\Brejtr\ActiveProjects\Microscopy\20251213\5_PSI_1UM_48HOD_5_Multichannel Z-Stack_20251213_458.vsi,324,ch0,0.14047696694532721,0.1133077873408318,,False,,0.6587677597999573,0.7365591526031494,0.6889632344245911,0.1133077873408318,0.09691963681382594,0.08396169281700325,0.14047696694532721,0.11691359529821842,0.10686497295521126,0.13720563054084778,0.15920571982860565,0.13751491904258728
449,\\srv-fs.ad.nudz.cz\BV_data\Brejtr\ActiveProjects\Microscopy\20251213\5_PSI_1UM_48HOD_6_Multichannel Z-Stack_20251213_459.vsi,5_PSI_1UM_48HOD_6_Multichannel Z-Stack_20251213_459.npy,\\srv-fs.ad.nudz.cz\BV_data\Brejtr\ActiveProjects\Microscopy\20251213\5_PSI_1UM_48HOD_6_Multichannel Z-Stack_20251213_459.vsi,324,ch0,0.14617224273647536,0.11409824548872025,,False,,0.6853448152542114,0.7170542478561401,0.702194333076477,0.11409824548872025,0.08143115843937519,0.08877702617928875,0.14617224273647536,0.1031974878732945,0.11434766079992928,0.1422453671693802,0.1506115049123764,0.1410321146249771
450,\\srv-fs.ad.nudz.cz\BV_data\Brejtr\ActiveProjects\Microscopy\20251213\5_PSI_1UM_48HOD_7_Multichannel Z-Stack_20251213_460.vsi,5_PSI_1UM_48HOD_7_Multichannel Z-Stack_20251213_460.npy,\\srv-fs.ad.nudz.cz\BV_data\Brejtr\ActiveProjects\Microscopy\20251213\5_PSI_1UM_48HOD_7_Multichannel Z-Stack_20251213_460.vsi,324,ch0,0.15170412139434425,0.11785041906450185,,False,,0.6942148804664612,0.7547892928123474,0.6927223801612854,0.11785041906450185,0.08506735977071571,0.08496023969215984,0.15170412139434425,0.10898293075292732,0.11111844129650786,0.14548508822917938,0.15993554890155792,0.13891705870628357
451,\\srv-fs.ad.nudz.cz\BV_data\Brejtr\ActiveProjects\Microscopy\20251213\5_PSI_1UM_48HOD_8_Multichannel Z-Stack_20251213_461.vsi,5_PSI_1UM_48HOD_8_Multichannel Z-Stack_20251213_461.npy,\\srv-fs.ad.nudz.cz\BV_data\Brejtr\ActiveProjects\Microscopy\20251213\5_PSI_1UM_48HOD_8_Multichannel Z-Stack_20251213_461.vsi,324,ch0,0.1613201483931474,0.1272817193787213,,False,,0.6742081642150879,0.75,0.6917808055877686,0.1272817193787213,0.08929487970522247,0.10434741265307972,0.1613201483931474,0.11253860360602247,0.13395823384939431,0.14043451845645905,0.16268382966518402,0.14213168621063232
452,\\srv-fs.ad.nudz.cz\BV_data\Brejtr\ActiveProjects\Microscopy\20251213\5_PSI_1UM_48HOD_9_Multichannel Z-Stack_20251213_462.vsi,5_PSI_1UM_48HOD_9_Multichannel Z-Stack_20251213_462.npy,\\srv-fs.ad.nudz.cz\BV_data\Brejtr\ActiveProjects\Microscopy\20251213\5_PSI_1UM_48HOD_9_Multichannel Z-Stack_20251213_462.vsi,324,ch0,0.151072982478115,0.11841214947400477,,False,,0.6785714030265808,0.7560975551605225,0.6418337821960449,0.11841214947400477,0.09520338049427433,0.08231210615697723,0.151072982478115,0.11614254021819899,0.10478705802069255,0.14095160365104675,0.1624361127614975,0.12407420575618744
453,\\srv-fs.ad.nudz.cz\BV_data\Brejtr\ActiveProjects\Microscopy\20251213\6_1_HARMIN_24hod_10_Multichannel Z-Stack_20251213_311.vsi,6_1_HARMIN_24hod_10_Multichannel Z-Stack_20251213_311.npy,\\srv-fs.ad.nudz.cz\BV_data\Brejtr\ActiveProjects\Microscopy\20251213\6_1_HARMIN_24hod_10_Multichannel Z-Stack_20251213_311.vsi,324,ch2,0.12652678620649838,0.09924627933770903,,False,,0.6291291117668152,0.7032257914543152,0.7184115648269653,0.059661663942727323,0.0734693301385899,0.09924627933770903,0.09425434456918191,0.09769409266658725,0.12652678620649838,0.12798495590686798,0.14556561410427094,0.1463606357574463
454,\\srv-fs.ad.nudz.cz\BV_data\Brejtr\ActiveProjects\Microscopy\20251213\6_1_HARMIN_24hod_1_Multichannel Z-Stack_20251213_302.vsi,6_1_HARMIN_24hod_1_Multichannel Z-Stack_20251213_302.npy,\\srv-fs.ad.nudz.cz\BV_data\Brejtr\ActiveProjects\Microscopy\20251213\6_1_HARMIN_24hod_1_Multichannel Z-Stack_20251213_302.vsi,324,ch2,0.12674482226822542,0.09626168325000735,,False,,0.6086387634277344,0.6574802994728088,0.7022653818130493,0.05865962131791375,0.08932374548423597,0.09626168325000735,0.09606113136021267,0.11339174853796526,0.12674482226822542,0.11925448477268219,0.13262459635734558,0.13799184560775757
455,\\srv-fs.ad.nudz.cz\BV_data\Brejtr\ActiveProjects\Microscopy\20251213\6_1_HARMIN_24hod_2_Multichannel Z-Stack_20251213_303.vsi,6_1_HARMIN_24hod_2_Multichannel Z-Stack_20251213_303.npy,\\srv-fs.ad.nudz.cz\BV_data\Brejtr\ActiveProjects\Microscopy\20251213\6_1_HARMIN_24hod_2_Multichannel Z-Stack_20251213_303.vsi,324,ch2,0.143891577426428,0.11355109413721369,,False,,0.5380434989929199,0.6666666865348816,0.6575875282287598,0.060396601994122445,0.10870467583082519,0.11355109413721369,0.09024221466231869,0.1272148053409157,0.143891577426428,0.10874328017234802,0.13273656368255615,0.13240386545658112
456,\\srv-fs.ad.nudz.cz\BV_data\Brejtr\ActiveProjects\Microscopy\20251213\6_1_HARMIN_24hod_3_Multichannel Z-Stack_20251213_304.vsi,6_1_HARMIN_24hod_3_Multichannel Z-Stack_20251213_304.npy,\\srv-fs.ad.nudz.cz\BV_data\Brejtr\ActiveProjects\Microscopy\20251213\6_1_HARMIN_24hod_3_Multichannel Z-Stack_20251213_304.vsi,324,ch2,0.11221708090015976,0.08581990559585201,,False,,0.6175637245178223,0.6955017447471619,0.7319276928901672,0.05685617917486715,0.07268450754993935,0.08581990559585201,0.08889771530834242,0.09396077502398202,0.11221708090015976,0.1253315955400467,0.14090415835380554,0.14647306501865387
457,\\srv-fs.ad.nudz.cz\BV_data\Brejtr\ActiveProjects\Microscopy\20251213\6_1_HARMIN_24hod_4_Multichannel Z-Stack_20251213_305.vsi,6_1_HARMIN_24hod_4_Multichannel Z-Stack_20251213_305.npy,\\srv-fs.ad.nudz.cz\BV_data\Brejtr\ActiveProjects\Microscopy\20251213\6_1_HARMIN_24hod_4_Multichannel Z-Stack_20251213_305.vsi,324,ch2,0.12945535865732818,0.09968208610302019,,False,,0.6302250623703003,0.7051281929016113,0.7157894968986511,0.06161486674734323,0.08448351632907548,0.09968208610302019,0.09607621563619713,0.10527058089648003,0.12945535865732818,0.12714605033397675,0.14779162406921387,0.14554311335086823
458,\\srv-fs.ad.nudz.cz\BV_data\Brejtr\ActiveProjects\Microscopy\20251213\6_1_HARMIN_24hod_5_Multichannel Z-Stack_20251213_306.vsi,6_1_HARMIN_24hod_5_Multichannel Z-Stack_20251213_306.npy,\\srv-fs.ad.nudz.cz\BV_data\Brejtr\ActiveProjects\Microscopy\20251213\6_1_HARMIN_24hod_5_Multichannel Z-Stack_20251213_306.vsi,324,ch2,0.1268500611170891,0.09834394592440171,,False,,0.6343283653259277,0.6909871101379395,0.7142857313156128,0.05799583354947155,0.08450326013136718,0.09834394592440171,0.09198681428926608,0.10399763592409066,0.1268500611170891,0.12650065124034882,0.1412176638841629,0.14263483881950378
459,\\srv-fs.ad.nudz.cz\BV_data\Brejtr\ActiveProjects\Microscopy\20251213\6_1_HARMIN_24hod_6_Multichannel Z-Stack_20251213_307.vsi,6_1_HARMIN_24hod_6_Multichannel Z-Stack_20251213_307.npy,\\srv-fs.ad.nudz.cz\BV_data\Brejtr\ActiveProjects\Microscopy\20251213\6_1_HARMIN_24hod_6_Multichannel Z-Stack_20251213_307.vsi,324,ch2,0.13630298360689794,0.10426400665624502,,False,,0.6681159138679504,0.7491748929023743,0.7438271641731262,0.07601394082731255,0.08588662201949868,0.10426400665624502,0.11789545544556518,0.11261860021895935,0.13630298360689794,0.13705497980117798,0.1589343100786209,0.15209534764289856
460,\\srv-fs.ad.nudz.cz\BV_data\Brejtr\ActiveProjects\Microscopy\20251213\6_1_HARMIN_24hod_7_Multichannel Z-Stack_20251213_308.vsi,6_1_HARMIN_24hod_7_Multichannel Z-Stack_20251213_308.npy,\\srv-fs.ad.nudz.cz\BV_data\Brejtr\ActiveProjects\Microscopy\20251213\6_1_HARMIN_24hod_7_Multichannel Z-Stack_20251213_308.vsi,324,ch2,0.1376815248064362,0.10615641888225838,,False,,0.6781250238418579,0.7728813290596008,0.7375415563583374,0.07736327456304282,0.08265803382803943,0.10615641888225838,0.1178818366971905,0.10714260006792571,0.1376815248064362,0.14062432944774628,0.16600875556468964,0.1550147831439972
461,\\srv-fs.ad.nudz.cz\BV_data\Brejtr\ActiveProjects\Microscopy\20251213\6_1_HARMIN_24hod_8_Multichannel Z-Stack_20251213_309.vsi,6_1_HARMIN_24hod_8_Multichannel Z-Stack_20251213_309.npy,\\srv-fs.ad.nudz.cz\BV_data\Brejtr\ActiveProjects\Microscopy\20251213\6_1_HARMIN_24hod_8_Multichannel Z-Stack_20251213_309.vsi,324,ch2,0.1264388219580463,0.09816820907334631,,False,,0.625,0.7227723002433777,0.7205387353897095,0.0626625500527828,0.07486274771504986,0.09816820907334631,0.09943056502609303,0.09863567884119392,0.1264388219580463,0.12932832539081573,0.1518370807170868,0.14779320359230042
462,\\srv-fs.ad.nudz.cz\BV_data\Brejtr\ActiveProjects\Microscopy\20251213\6_1_HARMIN_24hod_9_Multichannel Z-Stack_20251213_310.vsi,6_1_HARMIN_24hod_9_Multichannel Z-Stack_20251213_310.npy,\\srv-fs.ad.nudz.cz\BV_data\Brejtr\ActiveProjects\Microscopy\20251213\6_1_HARMIN_24hod_9_Multichannel Z-Stack_20251213_310.vsi,324,ch2,0.12953537195397163,0.09944858440261886,,False,,0.6676602363586426,0.75,0.758169949054718,0.06931024273412922,0.07437595429313797,0.09944858440261886,0.1069909972146146,0.09846547604802276,0.12953537195397163,0.14074628055095673,0.1614234745502472,0.1590002328157425
473,\\srv-fs.ad.nudz.cz\BV_data\Brejtr\ActiveProjects\Microscopy\20251213\6_2_PSIHARMIN_24hod_10_Multichannel Z-Stack_20251213_331.vsi,6_2_PSIHARMIN_24hod_10_Multichannel Z-Stack_20251213_331.npy,\\srv-fs.ad.nudz.cz\BV_data\Brejtr\ActiveProjects\Microscopy\20251213\6_2_PSIHARMIN_24hod_10_Multichannel Z-Stack_20251213_331.vsi,324,ch2,0.08637619365386834,0.06573522107816275,,False,,0.6021080613136292,0.6745561957359314,0.7111716866493225,0.05099224370679866,0.057775222359282334,0.06573522107816275,0.08261774383099699,0.07842589348493385,0.08637619365386834,0.11649128049612045,0.13065506517887115,0.13816459476947784
474,\\srv-fs.ad.nudz.cz\BV_data\Brejtr\ActiveProjects\Microscopy\20251213\6_2_PSIHARMIN_24hod_11_Multichannel Z-Stack_20251213_332.vsi,6_2_PSIHARMIN_24hod_11_Multichannel Z-Stack_20251213_332.npy,\\srv-fs.ad.nudz.cz\BV_data\Brejtr\ActiveProjects\Microscopy\20251213\6_2_PSIHARMIN_24hod_11_Multichannel Z-Stack_20251213_332.vsi,324,ch0,0.08808171710778956,0.050053387162739944,,False,,0.5934803485870361,0.6958763003349304,0.7303370833396912,0.050053387162739944,0.05277665123932974,0.05915709681944064,0.08808171710778956,0.07623569910627834,0.08070680781907805,0.11574555933475494,0.14135529100894928,0.1451682150363922
475,\\srv-fs.ad.nudz.cz\BV_data\Brejtr\ActiveProjects\Microscopy\20251213\6_2_PSIHARMIN_24hod_1_Multichannel Z-Stack_20251213_322.vsi,6_2_PSIHARMIN_24hod_1_Multichannel Z-Stack_20251213_322.npy,\\srv-fs.ad.nudz.cz\BV_data\Brejtr\ActiveProjects\Microscopy\20251213\6_2_PSIHARMIN_24hod_1_Multichannel Z-Stack_20251213_322.vsi,324,ch2,0.13319601636986825,0.10389711216372097,,False,,0.5883424282073975,0.6359832882881165,0.6582733988761902,0.07218201481594269,0.09484047371434697,0.10389711216372097,0.11226365972264098,0.12235160390158219,0.13319601636986825,0.11565156280994415,0.1249372661113739,0.12702427804470062
476,\\srv-fs.ad.nudz.cz\BV_data\Brejtr\ActiveProjects\Microscopy\20251213\6_2_PSIHARMIN_24hod_2_Multichannel Z-Stack_20251213_323.vsi,6_2_PSIHARMIN_24hod_2_Multichannel Z-Stack_20251213_323.npy,\\srv-fs.ad.nudz.cz\BV_data\Brejtr\ActiveProjects\Microscopy\20251213\6_2_PSIHARMIN_24hod_2_Multichannel Z-Stack_20251213_323.vsi,324,ch0,0.11650009541856358,0.07435766476939107,,False,,0.6322378516197205,0.7182741165161133,0.687915027141571,0.07435766476939107,0.06511551880083469,0.08472526705420579,0.11650009541856358,0.09771743929185236,0.11313562593306435,0.12835708260536194,0.14559011161327362,0.13709430396556854
477,\\srv-fs.ad.nudz.cz\BV_data\Brejtr\ActiveProjects\Microscopy\20251213\6_2_PSIHARMIN_24hod_3_Multichannel Z-Stack_20251213_324.vsi,6_2_PSIHARMIN_24hod_3_Multichannel Z-Stack_20251213_324.npy,\\srv-fs.ad.nudz.cz\BV_data\Brejtr\ActiveProjects\Microscopy\20251213\6_2_PSIHARMIN_24hod_3_Multichannel Z-Stack_20251213_324.vsi,324,ch0,0.10273350312530727,0.06409012875383625,,False,,0.612500011920929,0.694915235042572,0.7017045617103577,0.06409012875383625,0.06297313116125752,0.07588902025631587,0.10273350312530727,0.09197732508869548,0.10076228018677284,0.12256497144699097,0.13834670186042786,0.1386834979057312
478,\\srv-fs.ad.nudz.cz\BV_data\Brejtr\ActiveProjects\Microscopy\20251213\6_2_PSIHARMIN_24hod_4_Multichannel Z-Stack_20251213_325.vsi,6_2_PSIHARMIN_24hod_4_Multichannel Z-Stack_20251213_325.npy,\\srv-fs.ad.nudz.cz\BV_data\Brejtr\ActiveProjects\Microscopy\20251213\6_2_PSIHARMIN_24hod_4_Multichannel Z-Stack_20251213_325.vsi,324,ch0,0.10413811665519378,0.06574988440047612,,False,,0.637155294418335,0.7152466177940369,0.7081218361854553,0.06574988440047612,0.05170949495891901,0.07258305493433843,0.10413811665519378,0.07784110146946435,0.09657583013565264,0.1293354034423828,0.1455327570438385,0.14097650349140167
479,\\srv-fs.ad.nudz.cz\BV_data\Brejtr\ActiveProjects\Microscopy\20251213\6_2_PSIHARMIN_24hod_5_Multichannel Z-Stack_20251213_326.vsi,6_2_PSIHARMIN_24hod_5_Multichannel Z-Stack_20251213_326.npy,\\srv-fs.ad.nudz.cz\BV_data\Brejtr\ActiveProjects\Microscopy\20251213\6_2_PSIHARMIN_24hod_5_Multichannel Z-Stack_20251213_326.vsi,324,ch2,0.1078853017084629,0.08253219860698977,,False,,0.6216216087341309,0.693989098072052,0.7151898741722107,0.0663622656266284,0.06298368016237728,0.08253219860698977,0.1057617538001108,0.09276218909267882,0.1078853017084629,0.12406691163778305,0.1388867050409317,0.1416967660188675
480,\\srv-fs.ad.nudz.cz\BV_data\Brejtr\ActiveProjects\Microscopy\20251213\6_2_PSIHARMIN_24hod_6_Multichannel Z-Stack_20251213_327.vsi,6_2_PSIHARMIN_24hod_6_Multichannel Z-Stack_20251213_327.npy,\\srv-fs.ad.nudz.cz\BV_data\Brejtr\ActiveProjects\Microscopy\20251213\6_2_PSIHARMIN_24hod_6_Multichannel Z-Stack_20251213_327.vsi,324,ch2,0.0967587272395531,0.07435406679241628,,False,,0.6037735939025879,0.6722407937049866,0.6545960903167725,0.059487548439755684,0.06733274111251929,0.07435406679241628,0.09489038276042203,0.09093793109617514,0.0967587272395531,0.11730971187353134,0.13225281238555908,0.12258508056402206
481,\\srv-fs.ad.nudz.cz\BV_data\Brejtr\ActiveProjects\Microscopy\20251213\6_2_PSIHARMIN_24hod_7_Multichannel Z-Stack_20251213_328.vsi,6_2_PSIHARMIN_24hod_7_Multichannel Z-Stack_20251213_328.npy,\\srv-fs.ad.nudz.cz\BV_data\Brejtr\ActiveProjects\Microscopy\20251213\6_2_PSIHARMIN_24hod_7_Multichannel Z-Stack_20251213_328.vsi,324,ch0,0.09957671337439886,0.061215544136724226,,False,,0.6174582839012146,0.7115384340286255,0.713936448097229,0.061215544136724226,0.04994671002649403,0.0707636028652326,0.09957671337439886,0.07644398213820963,0.09631219643595487,0.12430879473686218,0.14764732122421265,0.14784345030784607
482,\\srv-fs.ad.nudz.cz\BV_data\Brejtr\ActiveProjects\Microscopy\20251213\6_2_PSIHARMIN_24hod_8_Multichannel Z-Stack_20251213_329.vsi,6_2_PSIHARMIN_24hod_8_Multichannel Z-Stack_20251213_329.npy,\\srv-fs.ad.nudz.cz\BV_data\Brejtr\ActiveProjects\Microscopy\20251213\6_2_PSIHARMIN_24hod_8_Multichannel Z-Stack_20251213_329.vsi,324,ch0,0.09481966916968856,0.059790372676092614,,False,,0.6352112889289856,0.7002096176147461,0.7129411697387695,0.059790372676092614,0.04441368771001316,0.06108283475151533,0.09481966916968856,0.06623215824912468,0.08234927863924993,0.13069020211696625,0.14335539937019348,0.14511515200138092
483,\\srv-fs.ad.nudz.cz\BV_data\Brejtr\ActiveProjects\Microscopy\20251213\6_2_PSIHARMIN_24hod_9_Multichannel Z-Stack_20251213_330.vsi,6_2_PSIHARMIN_24hod_9_Multichannel Z-Stack_20251213_330.npy,\\srv-fs.ad.nudz.cz\BV_data\Brejtr\ActiveProjects\Microscopy\20251213\6_2_PSIHARMIN_24hod_9_Multichannel Z-Stack_20251213_330.vsi,324,ch2,0.0835832824609864,0.06302948558463449,,False,,0.5982587337493896,0.6735904812812805,0.703797459602356,0.04930636853932647,0.05816572937829667,0.06302948558463449,0.08087006448507258,0.07876380189869872,0.0835832824609864,0.11622465401887894,0.13110865652561188,0.1374402493238449
484,\\srv-fs.ad.nudz.cz\BV_data\Brejtr\ActiveProjects\Microscopy\20251213\6_2_PSI_24hod_10_Multichannel Z-Stack_20251213_321.vsi,6_2_PSI_24hod_10_Multichannel Z-Stack_20251213_321.npy,\\srv-fs.ad.nudz.cz\BV_data\Brejtr\ActiveProjects\Microscopy\20251213\6_2_PSI_24hod_10_Multichannel Z-Stack_20251213_321.vsi,324,ch0,0.10584595505320889,0.06528970601974562,,False,,0.6384323835372925,0.699999988079071,0.7433628439903259,0.06528970601974562,0.05949265188308415,0.07677563347745112,0.10584595505320889,0.08647458418860979,0.09984840471558494,0.1256176084280014,0.13899335265159607,0.14991049468517303
485,\\srv-fs.ad.nudz.cz\BV_data\Brejtr\ActiveProjects\Microscopy\20251213\6_2_PSI_24hod_1_Multichannel Z-Stack_20251213_312.vsi,6_2_PSI_24hod_1_Multichannel Z-Stack_20251213_312.npy,\\srv-fs.ad.nudz.cz\BV_data\Brejtr\ActiveProjects\Microscopy\20251213\6_2_PSI_24hod_1_Multichannel Z-Stack_20251213_312.vsi,324,ch0,0.10718500764066774,0.06512457628583637,,False,,0.6246882677078247,0.6847826242446899,0.7431421279907227,0.06512457628583637,0.05530686389854949,0.07030461140695904,0.10718500764066774,0.08584014579022198,0.09548948554670883,0.1262134313583374,0.13935869932174683,0.15310847759246826
486,\\srv-fs.ad.nudz.cz\BV_data\Brejtr\ActiveProjects\Microscopy\20251213\6_2_PSI_24hod_2_Multichannel Z-Stack_20251213_313.vsi,6_2_PSI_24hod_2_Multichannel Z-Stack_20251213_313.npy,\\srv-fs.ad.nudz.cz\BV_data\Brejtr\ActiveProjects\Microscopy\20251213\6_2_PSI_24hod_2_Multichannel Z-Stack_20251213_313.vsi,324,ch0,0.09182440747763582,0.05719680677252438,,False,,0.6151797771453857,0.653923511505127,0.7198067903518677,0.05719680677252438,0.04741416533246571,0.06670284358259411,0.09182440747763582,0.07216067843211617,0.08965652654526328,0.12179504334926605,0.12587395310401917,0.14750272035598755
487,\\srv-fs.ad.nudz.cz\BV_data\Brejtr\ActiveProjects\Microscopy\20251213\6_2_PSI_24hod_3_Multichannel Z-Stack_20251213_314.vsi,6_2_PSI_24hod_3_Multichannel Z-Stack_20251213_314.npy,\\srv-fs.ad.nudz.cz\BV_data\Brejtr\ActiveProjects\Microscopy\20251213\6_2_PSI_24hod_3_Multichannel Z-Stack_20251213_314.vsi,324,ch0,0.09335393858132669,0.058890582038874706,,False,,0.6049723625183105,0.6532257795333862,0.7117347121238708,0.058890582038874706,0.048035153001997496,0.06929293274907686,0.09335393858132669,0.07293532999960323,0.09194076959906851,0.11911267042160034,0.1252172887325287,0.14430838823318481
488,\\srv-fs.ad.nudz.cz\BV_data\Brejtr\ActiveProjects\Microscopy\20251213\6_2_PSI_24hod_4_Multichannel Z-Stack_20251213_315.vsi,6_2_PSI_24hod_4_Multichannel Z-Stack_20251213_315.npy,\\srv-fs.ad.nudz.cz\BV_data\Brejtr\ActiveProjects\Microscopy\20251213\6_2_PSI_24hod_4_Multichannel Z-Stack_20251213_315.vsi,324,ch0,0.11204882204371257,0.06981308992158033,,False,,0.646039605140686,0.71875,0.7516340017318726,0.06981308992158033,0.05506786418887348,0.06853204236453318,0.11204882204371257,0.087411013183862,0.09374108765201294,0.13267318904399872,0.1520056426525116,0.15984292328357697
489,\\srv-fs.ad.nudz.cz\BV_data\Brejtr\ActiveProjects\Microscopy\20251213\6_2_PSI_24hod_5_Multichannel Z-Stack_20251213_316.vsi,6_2_PSI_24hod_5_Multichannel Z-Stack_20251213_316.npy,\\srv-fs.ad.nudz.cz\BV_data\Brejtr\ActiveProjects\Microscopy\20251213\6_2_PSI_24hod_5_Multichannel Z-Stack_20251213_316.vsi,324,ch0,0.11737247867551896,0.07201290283643769,,False,,0.637107789516449,0.6921241283416748,0.7270588278770447,0.07201290283643769,0.0654207237456865,0.07442827168332408,0.11737247867551896,0.10021566790786747,0.10186261087946231,0.12751555442810059,0.14027264714241028,0.14839813113212585
490,\\srv-fs.ad.nudz.cz\BV_data\Brejtr\ActiveProjects\Microscopy\20251213\6_2_PSI_24hod_6_Multichannel Z-Stack_20251213_317.vsi,6_2_PSI_24hod_6_Multichannel Z-Stack_20251213_317.npy,\\srv-fs.ad.nudz.cz\BV_data\Brejtr\ActiveProjects\Microscopy\20251213\6_2_PSI_24hod_6_Multichannel Z-Stack_20251213_317.vsi,324,ch0,0.1095828487238024,0.0680978473866916,,False,,0.6196236610412598,0.687089741230011,0.7356321811676025,0.0680978473866916,0.059475865814920495,0.06841556714530768,0.1095828487238024,0.09242794611140209,0.09273308971724831,0.12580788135528564,0.13917990028858185,0.14917238056659698
491,\\srv-fs.ad.nudz.cz\BV_data\Brejtr\ActiveProjects\Microscopy\20251213\6_2_PSI_24hod_7_Multichannel Z-Stack_20251213_318.vsi,6_2_PSI_24hod_7_Multichannel Z-Stack_20251213_318.npy,\\srv-fs.ad.nudz.cz\BV_data\Brejtr\ActiveProjects\Microscopy\20251213\6_2_PSI_24hod_7_Multichannel Z-Stack_20251213_318.vsi,324,ch0,0.10798843549110258,0.06473972566908295,,False,,0.6173633337020874,0.6832151412963867,0.7098321318626404,0.06473972566908295,0.06126399340904437,0.07232522742298973,0.10798843549110258,0.08930091742199724,0.0988587892955828,0.12022056430578232,0.13287025690078735,0.14010818302631378
492,\\srv-fs.ad.nudz.cz\BV_data\Brejtr\ActiveProjects\Microscopy\20251213\6_2_PSI_24hod_8_Multichannel Z-Stack_20251213_319.vsi,6_2_PSI_24hod_8_Multichannel Z-Stack_20251213_319.npy,\\srv-fs.ad.nudz.cz\BV_data\Brejtr\ActiveProjects\Microscopy\20251213\6_2_PSI_24hod_8_Multichannel Z-Stack_20251213_319.vsi,324,ch0,0.10448860107846362,0.06339862602176305,,False,,0.6180790662765503,0.6917808055877686,0.7234042286872864,0.06339862602176305,0.057924078239380374,0.06855258494964712,0.10448860107846362,0.08459016970252006,0.09212987662509667,0.12165001779794693,0.1370875984430313,0.14466120302677155
493,\\srv-fs.ad.nudz.cz\BV_data\Brejtr\ActiveProjects\Microscopy\20251213\6_2_PSI_24hod_9_Multichannel Z-Stack_20251213_320.vsi,6_2_PSI_24hod_9_Multichannel Z-Stack_20251213_320.npy,\\srv-fs.ad.nudz.cz\BV_data\Brejtr\ActiveProjects\Microscopy\20251213\6_2_PSI_24hod_9_Multichannel Z-Stack_20251213_320.vsi,324,ch0,0.10819076531625356,0.06643093999092908,,False,,0.6448717713356018,0.6987341642379761,0.7441176176071167,0.06643093999092908,0.06324902077440911,0.07963785201361463,0.10819076531625356,0.09079857347122945,0.10489878259742753,0.12716777622699738,0.14047861099243164,0.1524091362953186
494,\\srv-fs.ad.nudz.cz\BV_data\Brejtr\ActiveProjects\Microscopy\20251213\6_3_PSYHARMIN_24hod_10_Multichannel Z-Stack_20251213_352.vsi,6_3_PSYHARMIN_24hod_10_Multichannel Z-Stack_20251213_352.npy,\\srv-fs.ad.nudz.cz\BV_data\Brejtr\ActiveProjects\Microscopy\20251213\6_3_PSYHARMIN_24hod_10_Multichannel Z-Stack_20251213_352.vsi,324,ch2,0.09455883447088677,0.06918397691714917,,False,,0.5877318382263184,0.6772009134292603,0.7025641202926636,0.03676889533039146,0.0453400178167313,0.06918397691714917,0.07010189668423122,0.06482456734898,0.09455883447088677,0.11277904361486435,0.12979254126548767,0.13866066932678223
495,\\srv-fs.ad.nudz.cz\BV_data\Brejtr\ActiveProjects\Microscopy\20251213\6_3_PSYHARMIN_24hod_1_Multichannel Z-Stack_20251213_343.vsi,6_3_PSYHARMIN_24hod_1_Multichannel Z-Stack_20251213_343.npy,\\srv-fs.ad.nudz.cz\BV_data\Brejtr\ActiveProjects\Microscopy\20251213\6_3_PSYHARMIN_24hod_1_Multichannel Z-Stack_20251213_343.vsi,324,ch2,0.10234803109468586,0.07462432794391274,,False,,0.6404995322227478,0.7157106995582581,0.7372262477874756,0.056722361753736614,0.06530928910430633,0.07462432794391274,0.10074361827194665,0.09413506936310645,0.10234803109468586,0.12633077800273895,0.14608758687973022,0.146480530500412
496,\\srv-fs.ad.nudz.cz\BV_data\Brejtr\ActiveProjects\Microscopy\20251213\6_3_PSYHARMIN_24hod_2_Multichannel Z-Stack_20251213_344.vsi,6_3_PSYHARMIN_24hod_2_Multichannel Z-Stack_20251213_344.npy,\\srv-fs.ad.nudz.cz\BV_data\Brejtr\ActiveProjects\Microscopy\20251213\6_3_PSYHARMIN_24hod_2_Multichannel Z-Stack_20251213_344.vsi,324,ch2,0.09625737506402016,0.06971321428669801,,False,,0.6636838316917419,0.7458033561706543,0.748792290687561,0.04780235882778147,0.057033282756853744,0.06971321428669801,0.08712135122381903,0.08227985385575047,0.09625737506402016,0.12976707518100739,0.15840400755405426,0.1555735468864441
497,\\srv-fs.ad.nudz.cz\BV_data\Brejtr\ActiveProjects\Microscopy\20251213\6_3_PSYHARMIN_24hod_3_Multichannel Z-Stack_20251213_345.vsi,6_3_PSYHARMIN_24hod_3_Multichannel Z-Stack_20251213_345.npy,\\srv-fs.ad.nudz.cz\BV_data\Brejtr\ActiveProjects\Microscopy\20251213\6_3_PSYHARMIN_24hod_3_Multichannel Z-Stack_20251213_345.vsi,324,ch2,0.10428542414852811,0.07551864265413367,,False,,0.6801556348800659,0.7409090995788574,0.7581047415733337,0.05331186895347421,0.060672375684527866,0.07551864265413367,0.0976409173279771,0.09029040816850278,0.10428542414852811,0.1342250555753708,0.15662620961666107,0.1587677299976349
498,\\srv-fs.ad.nudz.cz\BV_data\Brejtr\ActiveProjects\Microscopy\20251213\6_3_PSYHARMIN_24hod_4_Multichannel Z-Stack_20251213_346.vsi,6_3_PSYHARMIN_24hod_4_Multichannel Z-Stack_20251213_346.npy,\\srv-fs.ad.nudz.cz\BV_data\Brejtr\ActiveProjects\Microscopy\20251213\6_3_PSYHARMIN_24hod_4_Multichannel Z-Stack_20251213_346.vsi,324,ch2,0.10630876583594054,0.07729830967158326,,False,,0.6818885207176208,0.7562814354896545,0.7645569443702698,0.05232393261868412,0.06609736635902094,0.07729830967158326,0.09532809213808664,0.09389635364205343,0.10630876583594054,0.1333354413509369,0.15842245519161224,0.15719430148601532
499,\\srv-fs.ad.nudz.cz\BV_data\Brejtr\ActiveProjects\Microscopy\20251213\6_3_PSYHARMIN_24hod_5_Multichannel Z-Stack_20251213_347.vsi,6_3_PSYHARMIN_24hod_5_Multichannel Z-Stack_20251213_347.npy,\\srv-fs.ad.nudz.cz\BV_data\Brejtr\ActiveProjects\Microscopy\20251213\6_3_PSYHARMIN_24hod_5_Multichannel Z-Stack_20251213_347.vsi,324,ch2,0.093069772313799,0.06815890379265548,,False,,0.621931254863739,0.707317054271698,0.725301206111908,0.04771726427157937,0.059583682765591464,0.06815890379265548,0.08757541185960929,0.08430856398890893,0.093069772313799,0.12355156987905502,0.1433805525302887,0.14531543850898743
500,\\srv-fs.ad.nudz.cz\BV_data\Brejtr\ActiveProjects\Microscopy\20251213\6_3_PSYHARMIN_24hod_6_Multichannel Z-Stack_20251213_348.vsi,6_3_PSYHARMIN_24hod_6_Multichannel Z-Stack_20251213_348.npy,\\srv-fs.ad.nudz.cz\BV_data\Brejtr\ActiveProjects\Microscopy\20251213\6_3_PSYHARMIN_24hod_6_Multichannel Z-Stack_20251213_348.vsi,324,ch2,0.10197493616542992,0.07452138583635094,,False,,0.6230158805847168,0.7281553149223328,0.7375327944755554,0.05043101177281061,0.058076382951600544,0.07452138583635094,0.09128370080252504,0.08353224546260635,0.10197493616542992,0.12409742921590805,0.1516437977552414,0.1516641229391098
501,\\srv-fs.ad.nudz.cz\BV_data\Brejtr\ActiveProjects\Microscopy\20251213\6_3_PSYHARMIN_24hod_7_Multichannel Z-Stack_20251213_349.vsi,6_3_PSYHARMIN_24hod_7_Multichannel Z-Stack_20251213_349.npy,\\srv-fs.ad.nudz.cz\BV_data\Brejtr\ActiveProjects\Microscopy\20251213\6_3_PSYHARMIN_24hod_7_Multichannel Z-Stack_20251213_349.vsi,324,ch2,0.1014477642409473,0.0748214410327529,,False,,0.5522788166999817,0.6703910827636719,0.6883468627929688,0.04611069922215411,0.06232109953280979,0.0748214410327529,0.08512731276571195,0.0861583944038213,0.1014477642409473,0.10671863704919815,0.1309535652399063,0.1350528448820114
502,\\srv-fs.ad.nudz.cz\BV_data\Brejtr\ActiveProjects\Microscopy\20251213\6_3_PSYHARMIN_24hod_8_Multichannel Z-Stack_20251213_350.vsi,6_3_PSYHARMIN_24hod_8_Multichannel Z-Stack_20251213_350.npy,\\srv-fs.ad.nudz.cz\BV_data\Brejtr\ActiveProjects\Microscopy\20251213\6_3_PSYHARMIN_24hod_8_Multichannel Z-Stack_20251213_350.vsi,324,ch2,0.09368954416637025,0.06657447469748956,,False,,0.6764922738075256,0.7523364424705505,0.7582159638404846,0.04871086321121033,0.05412896086639223,0.06657447469748956,0.08926608336500448,0.07936628938126251,0.09368954416637025,0.1349160075187683,0.1573563516139984,0.15471422672271729
503,\\srv-fs.ad.nudz.cz\BV_data\Brejtr\ActiveProjects\Microscopy\20251213\6_3_PSYHARMIN_24hod_9_Multichannel Z-Stack_20251213_351.vsi,6_3_PSYHARMIN_24hod_9_Multichannel Z-Stack_20251213_351.npy,\\srv-fs.ad.nudz.cz\BV_data\Brejtr\ActiveProjects\Microscopy\20251213\6_3_PSYHARMIN_24hod_9_Multichannel Z-Stack_20251213_351.vsi,324,ch2,0.08326987792065416,0.0612123732979789,,False,,0.6938013434410095,0.7581047415733337,0.777011513710022,0.04384569179758512,0.054866308839221736,0.0612123732979789,0.07799438190233483,0.07444968806123956,0.08326987792065416,0.13874350488185883,0.15932582318782806,0.15864896774291992
504,\\srv-fs.ad.nudz.cz\BV_data\Brejtr\ActiveProjects\Microscopy\20251213\6_3_PSY_24hod_10_Multichannel Z-Stack_20251213_342.vsi,6_3_PSY_24hod_10_Multichannel Z-Stack_20251213_342.npy,\\srv-fs.ad.nudz.cz\BV_data\Brejtr\ActiveProjects\Microscopy\20251213\6_3_PSY_24hod_10_Multichannel Z-Stack_20251213_342.vsi,324,ch0,0.10737858570220711,0.06497033281886318,,False,,0.5933147668838501,0.7298136353492737,0.7027649879455566,0.06497033281886318,0.06583143476207834,0.06762196593454427,0.10737858570220711,0.09050448873174459,0.09084684244366141,0.11599978059530258,0.15251220762729645,0.1386941820383072
505,\\srv-fs.ad.nudz.cz\BV_data\Brejtr\ActiveProjects\Microscopy\20251213\6_3_PSY_24hod_1_Multichannel Z-Stack_20251213_333.vsi,6_3_PSY_24hod_1_Multichannel Z-Stack_20251213_333.npy,\\srv-fs.ad.nudz.cz\BV_data\Brejtr\ActiveProjects\Microscopy\20251213\6_3_PSY_24hod_1_Multichannel Z-Stack_20251213_333.vsi,324,ch0,0.11156527800207529,0.0657274727556564,,False,,0.5799031257629395,0.6848484873771667,0.7131367325782776,0.0657274727556564,0.07502065315721111,0.08058988340621599,0.11156527800207529,0.10568933234167378,0.1093958799398694,0.11199566721916199,0.13877661526203156,0.14327892661094666
506,\\srv-fs.ad.nudz.cz\BV_data\Brejtr\ActiveProjects\Microscopy\20251213\6_3_PSY_24hod_2_Multichannel Z-Stack_20251213_334.vsi,6_3_PSY_24hod_2_Multichannel Z-Stack_20251213_334.npy,\\srv-fs.ad.nudz.cz\BV_data\Brejtr\ActiveProjects\Microscopy\20251213\6_3_PSY_24hod_2_Multichannel Z-Stack_20251213_334.vsi,324,ch0,0.10412348804826026,0.06257681703162246,,False,,0.5826558470726013,0.6580645442008972,0.6727748513221741,0.06257681703162246,0.07099143195761706,0.07342758631150834,0.10412348804826026,0.0957808622480844,0.09767598912060423,0.11315448582172394,0.1337592750787735,0.12887167930603027
507,\\srv-fs.ad.nudz.cz\BV_data\Brejtr\ActiveProjects\Microscopy\20251213\6_3_PSY_24hod_3_Multichannel Z-Stack_20251213_335.vsi,6_3_PSY_24hod_3_Multichannel Z-Stack_20251213_335.npy,\\srv-fs.ad.nudz.cz\BV_data\Brejtr\ActiveProjects\Microscopy\20251213\6_3_PSY_24hod_3_Multichannel Z-Stack_20251213_335.vsi,324,ch2,0.11454036254351206,0.08679190051767799,,False,,0.5761154890060425,0.6944444179534912,0.6450704336166382,0.06588862056980326,0.07201722882983522,0.08679190051767799,0.10906271722072133,0.09392950663132474,0.11454036254351206,0.11169813573360443,0.14337289333343506,0.12515947222709656
508,\\srv-fs.ad.nudz.cz\BV_data\Brejtr\ActiveProjects\Microscopy\20251213\6_3_PSY_24hod_4_Multichannel Z-Stack_20251213_336.vsi,6_3_PSY_24hod_4_Multichannel Z-Stack_20251213_336.npy,\\srv-fs.ad.nudz.cz\BV_data\Brejtr\ActiveProjects\Microscopy\20251213\6_3_PSY_24hod_4_Multichannel Z-Stack_20251213_336.vsi,324,ch2,0.11857124731382739,0.08949886837400511,,False,,0.6294642686843872,0.7522658705711365,0.7241379022598267,0.07514503300246012,0.0690301292784171,0.08949886837400511,0.11625417770900727,0.09373093255477892,0.11857124731382739,0.12640295922756195,0.16064785420894623,0.15270790457725525
509,\\srv-fs.ad.nudz.cz\BV_data\Brejtr\ActiveProjects\Microscopy\20251213\6_3_PSY_24hod_5_Multichannel Z-Stack_20251213_337.vsi,6_3_PSY_24hod_5_Multichannel Z-Stack_20251213_337.npy,\\srv-fs.ad.nudz.cz\BV_data\Brejtr\ActiveProjects\Microscopy\20251213\6_3_PSY_24hod_5_Multichannel Z-Stack_20251213_337.vsi,324,ch0,0.11216169171441245,0.07110645846984377,,False,,0.5925925970077515,0.7130177617073059,0.642259418964386,0.07110645846984377,0.07769285263881341,0.07542511124566646,0.11216169171441245,0.10474779250374644,0.10223894255590306,0.11647875607013702,0.14557111263275146,0.1293286681175232
510,\\srv-fs.ad.nudz.cz\BV_data\Brejtr\ActiveProjects\Microscopy\20251213\6_3_PSY_24hod_6_Multichannel_20251213_338.vsi,6_3_PSY_24hod_6_Multichannel_20251213_338.npy,\\srv-fs.ad.nudz.cz\BV_data\Brejtr\ActiveProjects\Microscopy\20251213\6_3_PSY_24hod_6_Multichannel_20251213_338.vsi,324,ch1,0.42367109694906385,0.425940401999213,,False,,0.5421052575111389,0.4660194218158722,0.35944700241088867,0.38487862641837656,0.425940401999213,0.18809869889451467,0.38388640790641004,0.42367109694906385,0.19004388925021665,0.10281656682491302,0.10125712305307388,0.07917284220457077
511,\\srv-fs.ad.nudz.cz\BV_data\Brejtr\ActiveProjects\Microscopy\20251213\6_3_PSY_24hod_7_Multichannel Z-Stack_20251213_339.vsi,6_3_PSY_24hod_7_Multichannel Z-Stack_20251213_339.npy,\\srv-fs.ad.nudz.cz\BV_data\Brejtr\ActiveProjects\Microscopy\20251213\6_3_PSY_24hod_7_Multichannel Z-Stack_20251213_339.vsi,324,ch2,0.13032629181476713,0.09846810358120346,,False,,0.6100795865058899,0.7337110638618469,0.746081531047821,0.07648949689869101,0.07381274531568845,0.09846810358120346,0.12050655615080698,0.10184841371365452,0.13032629181476713,0.1205713301897049,0.151192769408226,0.1556445062160492
512,\\srv-fs.ad.nudz.cz\BV_data\Brejtr\ActiveProjects\Microscopy\20251213\6_3_PSY_24hod_8_Multichannel Z-Stack_20251213_340.vsi,6_3_PSY_24hod_8_Multichannel Z-Stack_20251213_340.npy,\\srv-fs.ad.nudz.cz\BV_data\Brejtr\ActiveProjects\Microscopy\20251213\6_3_PSY_24hod_8_Multichannel Z-Stack_20251213_340.vsi,324,ch1,0.6992088394105701,0.7044890931474703,ch0;ch1;ch2,True,,0.5254237055778503,0.6739130616188049,0.6129032373428345,0.6454392175423106,0.7044890931474703,0.6349936002881226,0.6407770472242706,0.6992088394105701,0.6310808612812586,0.12251351773738861,0.1564931571483612,0.14136219024658203
513,\\srv-fs.ad.nudz.cz\BV_data\Brejtr\ActiveProjects\Microscopy\20251213\6_3_PSY_24hod_9_Multichannel Z-Stack_20251213_341.vsi,6_3_PSY_24hod_9_Multichannel Z-Stack_20251213_341.npy,\\srv-fs.ad.nudz.cz\BV_data\Brejtr\ActiveProjects\Microscopy\20251213\6_3_PSY_24hod_9_Multichannel Z-Stack_20251213_341.vsi,324,ch0,0.11577369949964475,0.0715232443294446,,False,,0.6283687949180603,0.7054455280303955,0.7268041372299194,0.0715232443294446,0.062449943958944334,0.07459660637462878,0.11577369949964475,0.09214535386358545,0.1004163325025468,0.12392498552799225,0.14524021744728088,0.14640532433986664
514,\\srv-fs.ad.nudz.cz\BV_data\Brejtr\ActiveProjects\Microscopy\20251213\6_4_NORPSIHARMIN_24hod_10_Multichannel Z-Stack_20251213_373.vsi,6_4_NORPSIHARMIN_24hod_10_Multichannel Z-Stack_20251213_373.npy,\\srv-fs.ad.nudz.cz\BV_data\Brejtr\ActiveProjects\Microscopy\20251213\6_4_NORPSIHARMIN_24hod_10_Multichannel Z-Stack_20251213_373.vsi,324,ch0,0.11576633770171994,0.07304531829452857,,False,,0.6305031180381775,0.7206266522407532,0.7384615540504456,0.07304531829452857,0.0629603952776689,0.08747386891680484,0.11576633770171994,0.09148924698501731,0.1153852743014314,0.1274479329586029,0.14956222474575043,0.152891144156456
515,\\srv-fs.ad.nudz.cz\BV_data\Brejtr\ActiveProjects\Microscopy\20251213\6_4_NORPSIHARMIN_24hod_1A_Multichannel Z-Stack_20251213_364.vsi,6_4_NORPSIHARMIN_24hod_1A_Multichannel Z-Stack_20251213_364.npy,\\srv-fs.ad.nudz.cz\BV_data\Brejtr\ActiveProjects\Microscopy\20251213\6_4_NORPSIHARMIN_24hod_1A_Multichannel Z-Stack_20251213_364.vsi,324,ch0,0.10596254817190616,0.07026268393678625,,False,,0.6288848519325256,0.7242990732192993,0.7613292932510376,0.07026268393678625,0.05204956793319361,0.07670896309617574,0.10596254817190616,0.0760826047192106,0.09980800297065817,0.13036467134952545,0.1488635092973709,0.16229484975337982
516,\\srv-fs.ad.nudz.cz\BV_data\Brejtr\ActiveProjects\Microscopy\20251213\6_4_NORPSIHARMIN_24hod_1_Multichannel Z-Stack_20251213_363.vsi,6_4_NORPSIHARMIN_24hod_1_Multichannel Z-Stack_20251213_363.npy,\\srv-fs.ad.nudz.cz\BV_data\Brejtr\ActiveProjects\Microscopy\20251213\6_4_NORPSIHARMIN_24hod_1_Multichannel Z-Stack_20251213_363.vsi,324,ch0,0.10440807373678945,0.06858459888750007,,False,,0.6254295706748962,0.7226107120513916,0.761904776096344,0.06858459888750007,0.05150240278187619,0.07299107255102022,0.10440807373678945,0.07528961302526202,0.0960457939401375,0.13020749390125275,0.14888544380664825,0.1625320166349411
517,\\srv-fs.ad.nudz.cz\BV_data\Brejtr\ActiveProjects\Microscopy\20251213\6_4_NORPSIHARMIN_24hod_2_Multichannel Z-Stack_20251213_365.vsi,6_4_NORPSIHARMIN_24hod_2_Multichannel Z-Stack_20251213_365.npy,\\srv-fs.ad.nudz.cz\BV_data\Brejtr\ActiveProjects\Microscopy\20251213\6_4_NORPSIHARMIN_24hod_2_Multichannel Z-Stack_20251213_365.vsi,324,ch2,0.0931632686821823,0.07365914272851423,,False,,0.5720824003219604,0.6102719306945801,0.6407185792922974,0.0637245441205848,0.0556914684554007,0.07365914272851423,0.09215263115423666,0.07101567664683747,0.0931632686821823,0.11003083735704422,0.10804928094148636,0.11946369707584381
518,\\srv-fs.ad.nudz.cz\BV_data\Brejtr\ActiveProjects\Microscopy\20251213\6_4_NORPSIHARMIN_24hod_3_Multichannel Z-Stack_20251213_366.vsi,6_4_NORPSIHARMIN_24hod_3_Multichannel Z-Stack_20251213_366.npy,\\srv-fs.ad.nudz.cz\BV_data\Brejtr\ActiveProjects\Microscopy\20251213\6_4_NORPSIHARMIN_24hod_3_Multichannel Z-Stack_20251213_366.vsi,324,ch2,0.11978043943954603,0.09325462761327993,,False,,0.6153846383094788,0.7026143670082092,0.7060931921005249,0.07186494336761196,0.06699551524322313,0.09325462761327993,0.10937711170832114,0.09377593350919024,0.11978043943954603,0.12239759415388107,0.13847285509109497,0.1422654539346695
519,\\srv-fs.ad.nudz.cz\BV_data\Brejtr\ActiveProjects\Microscopy\20251213\6_4_NORPSIHARMIN_24hod_4_Multichannel Z-Stack_20251213_367.vsi,6_4_NORPSIHARMIN_24hod_4_Multichannel Z-Stack_20251213_367.npy,\\srv-fs.ad.nudz.cz\BV_data\Brejtr\ActiveProjects\Microscopy\20251213\6_4_NORPSIHARMIN_24hod_4_Multichannel Z-Stack_20251213_367.vsi,324,ch2,0.13121198221717947,0.0979459630107051,,False,,0.6356707215309143,0.7445482611656189,0.7614678740501404,0.07966592361542373,0.07758341028611893,0.0979459630107051,0.12042718358800045,0.10723163301483972,0.13121198221717947,0.12678882479667664,0.15559186041355133,0.16315917670726776
520,\\srv-fs.ad.nudz.cz\BV_data\Brejtr\ActiveProjects\Microscopy\20251213\6_4_NORPSIHARMIN_24hod_5_Multichannel Z-Stack_20251213_368.vsi,6_4_NORPSIHARMIN_24hod_5_Multichannel Z-Stack_20251213_368.npy,\\srv-fs.ad.nudz.cz\BV_data\Brejtr\ActiveProjects\Microscopy\20251213\6_4_NORPSIHARMIN_24hod_5_Multichannel Z-Stack_20251213_368.vsi,324,ch2,0.12148878894329651,0.09201610591519607,,False,,0.5796703100204468,0.6576271057128906,0.7229299545288086,0.06526376548751375,0.08318275618378723,0.09201610591519607,0.10386974768902645,0.11021079855076252,0.12148878894329651,0.11027341336011887,0.1307831108570099,0.14568519592285156
521,\\srv-fs.ad.nudz.cz\BV_data\Brejtr\ActiveProjects\Microscopy\20251213\6_4_NORPSIHARMIN_24hod_6_Multichannel Z-Stack_20251213_369.vsi,6_4_NORPSIHARMIN_24hod_6_Multichannel Z-Stack_20251213_369.npy,\\srv-fs.ad.nudz.cz\BV_data\Brejtr\ActiveProjects\Microscopy\20251213\6_4_NORPSIHARMIN_24hod_6_Multichannel Z-Stack_20251213_369.vsi,324,ch2,0.12660466751254368,0.09338599185027804,,False,,0.5844017267227173,0.6751269102096558,0.7325227856636047,0.06151225012275736,0.06554679876412113,0.09338599185027804,0.10603410247819743,0.09642128708288245,0.12660466751254368,0.1135954037308693,0.13260751962661743,0.14999619126319885
522,\\srv-fs.ad.nudz.cz\BV_data\Brejtr\ActiveProjects\Microscopy\20251213\6_4_NORPSIHARMIN_24hod_7_Multichannel Z-Stack_20251213_370.vsi,6_4_NORPSIHARMIN_24hod_7_Multichannel Z-Stack_20251213_370.npy,\\srv-fs.ad.nudz.cz\BV_data\Brejtr\ActiveProjects\Microscopy\20251213\6_4_NORPSIHARMIN_24hod_7_Multichannel Z-Stack_20251213_370.vsi,324,ch2,0.12664675391371535,0.09622301833186894,,False,,0.6340693831443787,0.6878612637519836,0.7115384340286255,0.07334723024248428,0.07435842893531237,0.09622301833186894,0.11634707367246278,0.10507648850310083,0.12664675391371535,0.12665803730487823,0.13806205987930298,0.14226111769676208
523,\\srv-fs.ad.nudz.cz\BV_data\Brejtr\ActiveProjects\Microscopy\20251213\6_4_NORPSIHARMIN_24hod_8_Multichannel Z-Stack_20251213_371.vsi,6_4_NORPSIHARMIN_24hod_8_Multichannel Z-Stack_20251213_371.npy,\\srv-fs.ad.nudz.cz\BV_data\Brejtr\ActiveProjects\Microscopy\20251213\6_4_NORPSIHARMIN_24hod_8_Multichannel Z-Stack_20251213_371.vsi,324,ch2,0.09623908393421057,0.07388394567802593,,False,,0.5897833108901978,0.6638888716697693,0.7073863744735718,0.06131943952931793,0.06057995795691754,0.07388394567802593,0.09522236347398161,0.08310771305973899,0.09623908393421057,0.1188955307006836,0.13325180113315582,0.1429109275341034
524,\\srv-fs.ad.nudz.cz\BV_data\Brejtr\ActiveProjects\Microscopy\20251213\6_4_NORPSIHARMIN_24hod_9_Multichannel Z-Stack_20251213_372.vsi,6_4_NORPSIHARMIN_24hod_9_Multichannel Z-Stack_20251213_372.npy,\\srv-fs.ad.nudz.cz\BV_data\Brejtr\ActiveProjects\Microscopy\20251213\6_4_NORPSIHARMIN_24hod_9_Multichannel Z-Stack_20251213_372.vsi,324,ch2,0.11822733394546968,0.09150729256518542,,False,,0.5894378423690796,0.6848484873771667,0.7166666388511658,0.06992525604844901,0.06627621017508854,0.09150729256518542,0.1096414531976094,0.0907944762451217,0.11822733394546968,0.11725860089063644,0.13719309866428375,0.14503198862075806
525,\\srv-fs.ad.nudz.cz\BV_data\Brejtr\ActiveProjects\Microscopy\20251213\6_4_NORPSI_24hod_10_Multichannel Z-Stack_20251213_362.vsi,6_4_NORPSI_24hod_10_Multichannel Z-Stack_20251213_362.npy,\\srv-fs.ad.nudz.cz\BV_data\Brejtr\ActiveProjects\Microscopy\20251213\6_4_NORPSI_24hod_10_Multichannel Z-Stack_20251213_362.vsi,324,ch2,0.1514006839746103,0.12049160444717046,,False,,0.5933504104614258,0.6515151262283325,0.6808510422706604,0.08715141357467883,0.10863525989752817,0.12049160444717046,0.11915719791696643,0.12200910984907876,0.1514006839746103,0.11060608923435211,0.1301102489233017,0.13657304644584656
526,\\srv-fs.ad.nudz.cz\BV_data\Brejtr\ActiveProjects\Microscopy\20251213\6_4_NORPSI_24hod_1_Multichannel Z-Stack_20251213_353.vsi,6_4_NORPSI_24hod_1_Multichannel Z-Stack_20251213_353.npy,\\srv-fs.ad.nudz.cz\BV_data\Brejtr\ActiveProjects\Microscopy\20251213\6_4_NORPSI_24hod_1_Multichannel Z-Stack_20251213_353.vsi,324,ch0,0.11306856490196346,0.07574422374146428,,False,,0.6272578239440918,0.7358024716377258,0.7750677466392517,0.07574422374146428,0.05656352091461497,0.07218339891702674,0.11306856490196346,0.07999369919552658,0.09450313590031889,0.12862902879714966,0.15304002165794373,0.167688250541687
527,\\srv-fs.ad.nudz.cz\BV_data\Brejtr\ActiveProjects\Microscopy\20251213\6_4_NORPSI_24hod_2_Multichannel Z-Stack_20251213_354.vsi,6_4_NORPSI_24hod_2_Multichannel Z-Stack_20251213_354.npy,\\srv-fs.ad.nudz.cz\BV_data\Brejtr\ActiveProjects\Microscopy\20251213\6_4_NORPSI_24hod_2_Multichannel Z-Stack_20251213_354.vsi,324,ch0,0.11552958587814109,0.07308643978724372,,False,,0.6186708807945251,0.7004830837249756,0.746073305606842,0.07308643978724372,0.057368894113124826,0.07117224616946029,0.11552958587814109,0.08565919229461652,0.09538908012211472,0.1258549690246582,0.1423788070678711,0.1558970808982849
528,\\srv-fs.ad.nudz.cz\BV_data\Brejtr\ActiveProjects\Microscopy\20251213\6_4_NORPSI_24hod_3_Multichannel Z-Stack_20251213_355.vsi,6_4_NORPSI_24hod_3_Multichannel Z-Stack_20251213_355.npy,\\srv-fs.ad.nudz.cz\BV_data\Brejtr\ActiveProjects\Microscopy\20251213\6_4_NORPSI_24hod_3_Multichannel Z-Stack_20251213_355.vsi,324,ch0,0.1162498824193947,0.0727225820653304,,False,,0.6362228989601135,0.6987951993942261,0.7252747416496277,0.0727225820653304,0.07299269489551345,0.0791533556958382,0.1162498824193947,0.10145505071353898,0.1053037643253812,0.12617701292037964,0.13851220905780792,0.14478260278701782
529,\\srv-fs.ad.nudz.cz\BV_data\Brejtr\ActiveProjects\Microscopy\20251213\6_4_NORPSI_24hod_4_Multichannel Z-Stack_20251213_356.vsi,6_4_NORPSI_24hod_4_Multichannel Z-Stack_20251213_356.npy,\\srv-fs.ad.nudz.cz\BV_data\Brejtr\ActiveProjects\Microscopy\20251213\6_4_NORPSI_24hod_4_Multichannel Z-Stack_20251213_356.vsi,324,ch0,0.11704893621730604,0.07159084173109236,,False,,0.5804877877235413,0.64682537317276,0.6957831382751465,0.07159084173109236,0.08932931124043822,0.08323699894621155,0.11704893621730604,0.11378393303711867,0.10957307923889763,0.11216498166322708,0.1317586898803711,0.13503022491931915
530,\\srv-fs.ad.nudz.cz\BV_data\Brejtr\ActiveProjects\Microscopy\20251213\6_4_NORPSI_24hod_5_Multichannel Z-Stack_20251213_357.vsi,6_4_NORPSI_24hod_5_Multichannel Z-Stack_20251213_357.npy,\\srv-fs.ad.nudz.cz\BV_data\Brejtr\ActiveProjects\Microscopy\20251213\6_4_NORPSI_24hod_5_Multichannel Z-Stack_20251213_357.vsi,324,ch0,0.11250544991005892,0.06841875425592867,,False,,0.6012558937072754,0.6323987245559692,0.6778711676597595,0.06841875425592867,0.07413809648883463,0.08212470967542335,0.11250544991005892,0.10126489180688263,0.10941836637155737,0.11799608170986176,0.12788954377174377,0.13620193302631378
531,\\srv-fs.ad.nudz.cz\BV_data\Brejtr\ActiveProjects\Microscopy\20251213\6_4_NORPSI_24hod_6_Multichannel Z-Stack_20251213_358.vsi,6_4_NORPSI_24hod_6_Multichannel Z-Stack_20251213_358.npy,\\srv-fs.ad.nudz.cz\BV_data\Brejtr\ActiveProjects\Microscopy\20251213\6_4_NORPSI_24hod_6_Multichannel Z-Stack_20251213_358.vsi,324,ch1,0.10417705544962953,0.08020196019388626,,False,,0.555716335773468,0.6298932433128357,0.7055555582046509,0.06027226309528127,0.08020196019388626,0.0724474478355341,0.09810906151861029,0.10417705544962953,0.09638964897315629,0.10755375772714615,0.12448981404304504,0.14017197489738464
532,\\srv-fs.ad.nudz.cz\BV_data\Brejtr\ActiveProjects\Microscopy\20251213\6_4_NORPSI_24hod_7_Multichannel Z-Stack_20251213_359.vsi,6_4_NORPSI_24hod_7_Multichannel Z-Stack_20251213_359.npy,\\srv-fs.ad.nudz.cz\BV_data\Brejtr\ActiveProjects\Microscopy\20251213\6_4_NORPSI_24hod_7_Multichannel Z-Stack_20251213_359.vsi,324,ch0,0.09187757955766766,0.05754158997158126,,False,,0.5964912176132202,0.6791979670524597,0.7252475023269653,0.05754158997158126,0.05530954514114602,0.06663941249570482,0.09187757955766766,0.07648056190357752,0.08861016019783874,0.11475198715925217,0.12928742170333862,0.14447353780269623
533,\\srv-fs.ad.nudz.cz\BV_data\Brejtr\ActiveProjects\Microscopy\20251213\6_4_NORPSI_24hod_8_Multichannel Z-Stack_20251213_360.vsi,6_4_NORPSI_24hod_8_Multichannel Z-Stack_20251213_360.npy,\\srv-fs.ad.nudz.cz\BV_data\Brejtr\ActiveProjects\Microscopy\20251213\6_4_NORPSI_24hod_8_Multichannel Z-Stack_20251213_360.vsi,324,ch2,0.1553295723235131,0.1251887501977566,,False,,0.6152980923652649,0.7096773982048035,0.7268722653388977,0.07337018330819031,0.07729663667405764,0.1251887501977566,0.11835288372425207,0.10792676932327035,0.1553295723235131,0.12025626748800278,0.14462757110595703,0.1491604447364807
534,\\srv-fs.ad.nudz.cz\BV_data\Brejtr\ActiveProjects\Microscopy\20251213\6_4_NORPSI_24hod_9_Multichannel Z-Stack_20251213_361.vsi,6_4_NORPSI_24hod_9_Multichannel Z-Stack_20251213_361.npy,\\srv-fs.ad.nudz.cz\BV_data\Brejtr\ActiveProjects\Microscopy\20251213\6_4_NORPSI_24hod_9_Multichannel Z-Stack_20251213_361.vsi,324,ch2,0.1591909854158117,0.13143523188563913,,False,,0.6213235259056091,0.7235293984413147,0.7263681888580322,0.07419925837388906,0.0760905340934345,0.13143523188563913,0.11905027687012422,0.10054097457353706,0.1591909854158117,0.12068504840135574,0.14811737835407257,0.14885593950748444
535,\\srv-fs.ad.nudz.cz\BV_data\Brejtr\ActiveProjects\Microscopy\20251213\6_5_BAEOHARMIN_24hod_10_Multichannel Z-Stack_20251213_393.vsi,6_5_BAEOHARMIN_24hod_10_Multichannel Z-Stack_20251213_393.npy,\\srv-fs.ad.nudz.cz\BV_data\Brejtr\ActiveProjects\Microscopy\20251213\6_5_BAEOHARMIN_24hod_10_Multichannel Z-Stack_20251213_393.vsi,324,ch0,0.09869146180164005,0.06444174173892107,,False,,0.6385321021080017,0.7019230723381042,0.7252475023269653,0.06444174173892107,0.04463585988075909,0.06611186066710699,0.09869146180164005,0.05987583297591433,0.08741330938182082,0.12855331599712372,0.1389850229024887,0.1518162190914154
536,\\srv-fs.ad.nudz.cz\BV_data\Brejtr\ActiveProjects\Microscopy\20251213\6_5_BAEOHARMIN_24hod_1_Multichannel Z-Stack_20251213_384.vsi,6_5_BAEOHARMIN_24hod_1_Multichannel Z-Stack_20251213_384.npy,\\srv-fs.ad.nudz.cz\BV_data\Brejtr\ActiveProjects\Microscopy\20251213\6_5_BAEOHARMIN_24hod_1_Multichannel Z-Stack_20251213_384.vsi,324,ch2,0.12232807889156569,0.09884275480408597,,False,,0.6075649857521057,0.6864407062530518,0.7397260069847107,0.06694605566150322,0.07730397356259897,0.09884275480408597,0.1009931416801788,0.09879641629345236,0.12232807889156569,0.11968185752630234,0.14050184190273285,0.15623068809509277
537,\\srv-fs.ad.nudz.cz\BV_data\Brejtr\ActiveProjects\Microscopy\20251213\6_5_BAEOHARMIN_24hod_2_Multichannel Z-Stack_20251213_385.vsi,6_5_BAEOHARMIN_24hod_2_Multichannel Z-Stack_20251213_385.npy,\\srv-fs.ad.nudz.cz\BV_data\Brejtr\ActiveProjects\Microscopy\20251213\6_5_BAEOHARMIN_24hod_2_Multichannel Z-Stack_20251213_385.vsi,324,ch0,0.10185622268328082,0.06515855684637516,,False,,0.6420454382896423,0.6916167736053467,0.7561728358268738,0.06515855684637516,0.06276643934048584,0.07723730217087336,0.10185622268328082,0.08769754520328682,0.10106200541470772,0.1269017904996872,0.13985544443130493,0.15436992049217224
538,\\srv-fs.ad.nudz.cz\BV_data\Brejtr\ActiveProjects\Microscopy\20251213\6_5_BAEOHARMIN_24hod_3_Multichannel Z-Stack_20251213_386.vsi,6_5_BAEOHARMIN_24hod_3_Multichannel Z-Stack_20251213_386.npy,\\srv-fs.ad.nudz.cz\BV_data\Brejtr\ActiveProjects\Microscopy\20251213\6_5_BAEOHARMIN_24hod_3_Multichannel Z-Stack_20251213_386.vsi,324,ch0,0.10892206396620749,0.06932411532467979,,False,,0.654411792755127,0.7079038023948669,0.7514970302581787,0.06932411532467979,0.07433932203742301,0.07642592586342373,0.10892206396620749,0.09941058137890171,0.10070104341508211,0.13052566349506378,0.1450638771057129,0.1547902226448059
539,\\srv-fs.ad.nudz.cz\BV_data\Brejtr\ActiveProjects\Microscopy\20251213\6_5_BAEOHARMIN_24hod_4_Multichannel Z-Stack_20251213_387.vsi,6_5_BAEOHARMIN_24hod_4_Multichannel Z-Stack_20251213_387.npy,\\srv-fs.ad.nudz.cz\BV_data\Brejtr\ActiveProjects\Microscopy\20251213\6_5_BAEOHARMIN_24hod_4_Multichannel Z-Stack_20251213_387.vsi,324,ch0,0.11053199483043995,0.07100349961996118,,False,,0.6550387740135193,0.7098976373672485,0.7484848499298096,0.07100349961996118,0.07391606116134367,0.07725901839920915,0.11053199483043995,0.09915883373180288,0.10152590659268569,0.1302657574415207,0.14479069411754608,0.15420496463775635
540,\\srv-fs.ad.nudz.cz\BV_data\Brejtr\ActiveProjects\Microscopy\20251213\6_5_BAEOHARMIN_24hod_5_Multichannel Z-Stack_20251213_388.vsi,6_5_BAEOHARMIN_24hod_5_Multichannel Z-Stack_20251213_388.npy,\\srv-fs.ad.nudz.cz\BV_data\Brejtr\ActiveProjects\Microscopy\20251213\6_5_BAEOHARMIN_24hod_5_Multichannel Z-Stack_20251213_388.vsi,324,ch0,0.11671913536615296,0.07426210541846276,,False,,0.6593406796455383,0.7172414064407349,0.7403846383094788,0.07426210541846276,0.08011436821859248,0.088566272104495,0.11671913536615296,0.10763001182679577,0.11629426409814649,0.1321793645620346,0.14588391780853271,0.15226921439170837
541,\\srv-fs.ad.nudz.cz\BV_data\Brejtr\ActiveProjects\Microscopy\20251213\6_5_BAEOHARMIN_24hod_6_Multichannel Z-Stack_20251213_389.vsi,6_5_BAEOHARMIN_24hod_6_Multichannel Z-Stack_20251213_389.npy,\\srv-fs.ad.nudz.cz\BV_data\Brejtr\ActiveProjects\Microscopy\20251213\6_5_BAEOHARMIN_24hod_6_Multichannel Z-Stack_20251213_389.vsi,324,ch0,0.11219822607114713,0.07724803713502684,,False,,0.568306028842926,0.6313559412956238,0.7190082669258118,0.07724803713502684,0.08807209831188569,0.07122900613693446,0.11219822607114713,0.10847935979870882,0.09384930585121058,0.10637062788009644,0.12476611882448196,0.14243270456790924
542,\\srv-fs.ad.nudz.cz\BV_data\Brejtr\ActiveProjects\Microscopy\20251213\6_5_BAEOHARMIN_24hod_7_Multichannel Z-Stack_20251213_390.vsi,6_5_BAEOHARMIN_24hod_7_Multichannel Z-Stack_20251213_390.npy,\\srv-fs.ad.nudz.cz\BV_data\Brejtr\ActiveProjects\Microscopy\20251213\6_5_BAEOHARMIN_24hod_7_Multichannel Z-Stack_20251213_390.vsi,324,ch0,0.11612473931127118,0.0813457906888601,,False,,0.5676470398902893,0.6329113841056824,0.7147436141967773,0.0813457906888601,0.08806538007512385,0.07991525906039763,0.11612473931127118,0.10855716985989744,0.10324048035536998,0.10668707638978958,0.12405004352331161,0.14192309975624084
543,\\srv-fs.ad.nudz.cz\BV_data\Brejtr\ActiveProjects\Microscopy\20251213\6_5_BAEOHARMIN_24hod_8_Multichannel Z-Stack_20251213_391.vsi,6_5_BAEOHARMIN_24hod_8_Multichannel Z-Stack_20251213_391.npy,\\srv-fs.ad.nudz.cz\BV_data\Brejtr\ActiveProjects\Microscopy\20251213\6_5_BAEOHARMIN_24hod_8_Multichannel Z-Stack_20251213_391.vsi,324,ch0,0.13137126495081566,0.0933534221106053,,False,,0.6760563254356384,0.720588207244873,0.7594339847564697,0.0933534221106053,0.07277779902966817,0.0676638751644463,0.13137126495081566,0.0988522023914642,0.08967192633235453,0.13651782274246216,0.14563900232315063,0.15382781624794006
544,\\srv-fs.ad.nudz.cz\BV_data\Brejtr\ActiveProjects\Microscopy\20251213\6_5_BAEOHARMIN_24hod_9_Multichannel Z-Stack_20251213_392.vsi,6_5_BAEOHARMIN_24hod_9_Multichannel Z-Stack_20251213_392.npy,\\srv-fs.ad.nudz.cz\BV_data\Brejtr\ActiveProjects\Microscopy\20251213\6_5_BAEOHARMIN_24hod_9_Multichannel Z-Stack_20251213_392.vsi,324,ch0,0.1274187174935851,0.08370250350785234,,False,,0.6589595079421997,0.7351190447807312,0.7484471797943115,0.08370250350785234,0.07191794447776698,0.09293764099548062,0.1274187174935851,0.10094588949995278,0.12231821645509403,0.1326688677072525,0.15281780064105988,0.1556556075811386
545,\\srv-fs.ad.nudz.cz\BV_data\Brejtr\ActiveProjects\Microscopy\20251213\6_5_BAEO_24hod_10_Multichannel Z-Stack_20251213_383.vsi,6_5_BAEO_24hod_10_Multichannel Z-Stack_20251213_383.npy,\\srv-fs.ad.nudz.cz\BV_data\Brejtr\ActiveProjects\Microscopy\20251213\6_5_BAEO_24hod_10_Multichannel Z-Stack_20251213_383.vsi,324,ch2,0.12004926965277098,0.08495649957647423,,False,,0.6124346256256104,0.6734177470207214,0.6878452897071838,0.041023416609142375,0.0632482897345379,0.08495649957647423,0.08276530715591632,0.09260604238199807,0.12004926965277098,0.11915500462055206,0.1353914737701416,0.1397346705198288
546,\\srv-fs.ad.nudz.cz\BV_data\Brejtr\ActiveProjects\Microscopy\20251213\6_5_BAEO_24hod_1_Multichannel Z-Stack_20251213_374.vsi,6_5_BAEO_24hod_1_Multichannel Z-Stack_20251213_374.npy,\\srv-fs.ad.nudz.cz\BV_data\Brejtr\ActiveProjects\Microscopy\20251213\6_5_BAEO_24hod_1_Multichannel Z-Stack_20251213_374.vsi,324,ch2,0.09886198863236519,0.07044953242575851,,False,,0.6148521304130554,0.7244094610214233,0.7105882167816162,0.047609348993622104,0.06427412284445895,0.07044953242575851,0.08976874067476633,0.09162628999867686,0.09886198863236519,0.11997735500335693,0.14680851995944977,0.14313098788261414
547,\\srv-fs.ad.nudz.cz\BV_data\Brejtr\ActiveProjects\Microscopy\20251213\6_5_BAEO_24hod_2_Multichannel Z-Stack_20251213_375.vsi,6_5_BAEO_24hod_2_Multichannel Z-Stack_20251213_375.npy,\\srv-fs.ad.nudz.cz\BV_data\Brejtr\ActiveProjects\Microscopy\20251213\6_5_BAEO_24hod_2_Multichannel Z-Stack_20251213_375.vsi,324,ch0,0.09405897063307733,0.05182303446136432,,False,,0.6134920716285706,0.7114967703819275,0.7316513657569885,0.05182303446136432,0.05043574685100695,0.06506070566592162,0.09405897063307733,0.07353569908239911,0.08854793767729079,0.12289552390575409,0.1507246345281601,0.15232698619365692
548,\\srv-fs.ad.nudz.cz\BV_data\Brejtr\ActiveProjects\Microscopy\20251213\6_5_BAEO_24hod_3_Multichannel Z-Stack_20251213_376.vsi,6_5_BAEO_24hod_3_Multichannel Z-Stack_20251213_376.npy,\\srv-fs.ad.nudz.cz\BV_data\Brejtr\ActiveProjects\Microscopy\20251213\6_5_BAEO_24hod_3_Multichannel Z-Stack_20251213_376.vsi,324,ch2,0.09937544218761805,0.07223020873936183,,False,,0.6495726704597473,0.6929637789726257,0.7575757503509521,0.04565846277485512,0.055279304969548346,0.07223020873936183,0.08563572589537857,0.08401462554537172,0.09937544218761805,0.12430842965841293,0.1406979113817215,0.15965566039085388
549,\\srv-fs.ad.nudz.cz\BV_data\Brejtr\ActiveProjects\Microscopy\20251213\6_5_BAEO_24hod_4_Multichannel Z-Stack_20251213_377.vsi,6_5_BAEO_24hod_4_Multichannel Z-Stack_20251213_377.npy,\\srv-fs.ad.nudz.cz\BV_data\Brejtr\ActiveProjects\Microscopy\20251213\6_5_BAEO_24hod_4_Multichannel Z-Stack_20251213_377.vsi,324,ch2,0.0827246905244679,0.0584747997044703,,False,,0.6537348031997681,0.7023060917854309,0.7482993006706238,0.03796867176626804,0.04658928397615756,0.0584747997044703,0.07427459242969912,0.07050129965482639,0.0827246905244679,0.13010308146476746,0.14584937691688538,0.15724673867225647
550,\\srv-fs.ad.nudz.cz\BV_data\Brejtr\ActiveProjects\Microscopy\20251213\6_5_BAEO_24hod_5_Multichannel Z-Stack_20251213_378.vsi,6_5_BAEO_24hod_5_Multichannel Z-Stack_20251213_378.npy,\\srv-fs.ad.nudz.cz\BV_data\Brejtr\ActiveProjects\Microscopy\20251213\6_5_BAEO_24hod_5_Multichannel Z-Stack_20251213_378.vsi,324,ch2,0.11134340974568695,0.07803613664950428,,False,,0.6158503293991089,0.7024999856948853,0.7091836929321289,0.03991165669734665,0.060960607941113215,0.07803613664950428,0.08075367306960501,0.0880377738522717,0.11134340974568695,0.11905967444181442,0.14375297725200653,0.14344187080860138
551,\\srv-fs.ad.nudz.cz\BV_data\Brejtr\ActiveProjects\Microscopy\20251213\6_5_BAEO_24hod_6_Multichannel Z-Stack_20251213_379.vsi,6_5_BAEO_24hod_6_Multichannel Z-Stack_20251213_379.npy,\\srv-fs.ad.nudz.cz\BV_data\Brejtr\ActiveProjects\Microscopy\20251213\6_5_BAEO_24hod_6_Multichannel Z-Stack_20251213_379.vsi,324,ch2,0.12495593428634293,0.09274034670613464,,False,,0.5473901033401489,0.672672688961029,0.6737805008888245,0.04057279520379405,0.07453937783570078,0.09274034670613464,0.08051150209584798,0.10236492890799098,0.12495593428634293,0.10348423570394516,0.13416698575019836,0.13298343122005463
552,\\srv-fs.ad.nudz.cz\BV_data\Brejtr\ActiveProjects\Microscopy\20251213\6_5_BAEO_24hod_7_Multichannel Z-Stack_20251213_380.vsi,6_5_BAEO_24hod_7_Multichannel Z-Stack_20251213_380.npy,\\srv-fs.ad.nudz.cz\BV_data\Brejtr\ActiveProjects\Microscopy\20251213\6_5_BAEO_24hod_7_Multichannel Z-Stack_20251213_380.vsi,324,ch2,0.11726536234272997,0.08496727993288941,,False,,0.613545835018158,0.7202796936035156,0.7114846110343933,0.04040137118532999,0.05924622495420676,0.08496727993288941,0.07961418075993387,0.08692028631060757,0.11726536234272997,0.11793151497840881,0.1460307091474533,0.14082396030426025
553,\\srv-fs.ad.nudz.cz\BV_data\Brejtr\ActiveProjects\Microscopy\20251213\6_5_BAEO_24hod_8_Multichannel Z-Stack_20251213_381.vsi,6_5_BAEO_24hod_8_Multichannel Z-Stack_20251213_381.npy,\\srv-fs.ad.nudz.cz\BV_data\Brejtr\ActiveProjects\Microscopy\20251213\6_5_BAEO_24hod_8_Multichannel Z-Stack_20251213_381.vsi,324,ch2,0.0970295041955561,0.06653589932206538,,False,,0.5838068127632141,0.6219007968902588,0.6481069326400757,0.03430165767771458,0.04732608964153022,0.06653589932206538,0.06966599435264063,0.06986482249759436,0.0970295041955561,0.10895151644945145,0.12025253474712372,0.1262327879667282
554,\\srv-fs.ad.nudz.cz\BV_data\Brejtr\ActiveProjects\Microscopy\20251213\6_5_BAEO_24hod_9_Multichannel Z-Stack_20251213_382.vsi,6_5_BAEO_24hod_9_Multichannel Z-Stack_20251213_382.npy,\\srv-fs.ad.nudz.cz\BV_data\Brejtr\ActiveProjects\Microscopy\20251213\6_5_BAEO_24hod_9_Multichannel Z-Stack_20251213_382.vsi,324,ch2,0.09803074859229809,0.06841679674522361,,False,,0.5925387740135193,0.6831395626068115,0.6266094446182251,0.032807645762987024,0.06777388767699587,0.06841679674522361,0.06808079131878332,0.09057401128842811,0.09803074859229809,0.11104754358530045,0.13477900624275208,0.12496209889650345
555,\\srv-fs.ad.nudz.cz\BV_data\Brejtr\ActiveProjects\Microscopy\20251213\6_6_AERUG_24hod_10_Multichannel Z-Stack_20251213_413.vsi,6_6_AERUG_24hod_10_Multichannel Z-Stack_20251213_413.npy,\\srv-fs.ad.nudz.cz\BV_data\Brejtr\ActiveProjects\Microscopy\20251213\6_6_AERUG_24hod_10_Multichannel Z-Stack_20251213_413.vsi,324,ch2,0.1074676331706962,0.08117230648138928,,False,,0.6266666650772095,0.7366864085197449,0.7348242998123169,0.045134782053193566,0.06454537489250317,0.08117230648138928,0.0859827841400046,0.08632268723817162,0.1074676331706962,0.12436084449291229,0.15246446430683136,0.15006650984287262
556,\\srv-fs.ad.nudz.cz\BV_data\Brejtr\ActiveProjects\Microscopy\20251213\6_6_AERUG_24hod_1_Multichannel Z-Stack_20251213_404.vsi,6_6_AERUG_24hod_1_Multichannel Z-Stack_20251213_404.npy,\\srv-fs.ad.nudz.cz\BV_data\Brejtr\ActiveProjects\Microscopy\20251213\6_6_AERUG_24hod_1_Multichannel Z-Stack_20251213_404.vsi,324,ch2,0.10825130581200382,0.08104895086322463,,False,,0.6302521228790283,0.723127007484436,0.7319884896278381,0.04728068894680948,0.07545268205518832,0.08104895086322463,0.08734412580347675,0.0957518948730852,0.10825130581200382,0.12262216210365295,0.14401014149188995,0.14501412212848663
557,\\srv-fs.ad.nudz.cz\BV_data\Brejtr\ActiveProjects\Microscopy\20251213\6_6_AERUG_24hod_2_Multichannel Z-Stack_20251213_405.vsi,6_6_AERUG_24hod_2_Multichannel Z-Stack_20251213_405.npy,\\srv-fs.ad.nudz.cz\BV_data\Brejtr\ActiveProjects\Microscopy\20251213\6_6_AERUG_24hod_2_Multichannel Z-Stack_20251213_405.vsi,324,ch2,0.11117349145023307,0.08431057090583735,,False,,0.6746411323547363,0.7744807004928589,0.7529069781303406,0.05311957839107177,0.06833931366373477,0.08431057090583735,0.09264030299108734,0.08977560082232967,0.11117349145023307,0.13583828508853912,0.17003121972084045,0.16065557301044464
558,\\srv-fs.ad.nudz.cz\BV_data\Brejtr\ActiveProjects\Microscopy\20251213\6_6_AERUG_24hod_3_Multichannel Z-Stack_20251213_406.vsi,6_6_AERUG_24hod_3_Multichannel Z-Stack_20251213_406.npy,\\srv-fs.ad.nudz.cz\BV_data\Brejtr\ActiveProjects\Microscopy\20251213\6_6_AERUG_24hod_3_Multichannel Z-Stack_20251213_406.vsi,324,ch2,0.09485929138726289,0.07057291606955657,,False,,0.6381475925445557,0.75698322057724,0.7493403553962708,0.04360978166830837,0.05975371979955966,0.07057291606955657,0.08314650733970678,0.07995631390269953,0.09485929138726289,0.12541963160037994,0.15565092861652374,0.1492946296930313
559,\\srv-fs.ad.nudz.cz\BV_data\Brejtr\ActiveProjects\Microscopy\20251213\6_6_AERUG_24hod_4_Multichannel Z-Stack_20251213_407.vsi,6_6_AERUG_24hod_4_Multichannel Z-Stack_20251213_407.npy,\\srv-fs.ad.nudz.cz\BV_data\Brejtr\ActiveProjects\Microscopy\20251213\6_6_AERUG_24hod_4_Multichannel Z-Stack_20251213_407.vsi,324,ch2,0.1331144680482019,0.10131205706830569,,False,,0.6635600924491882,0.7641509175300598,0.7388535141944885,0.05585804371756197,0.07873695903757566,0.10131205706830569,0.09841571662509058,0.1036324218349521,0.1331144680482019,0.13153176009655,0.1626431941986084,0.15173614025115967
560,\\srv-fs.ad.nudz.cz\BV_data\Brejtr\ActiveProjects\Microscopy\20251213\6_6_AERUG_24hod_5_Multichannel Z-Stack_20251213_408.vsi,6_6_AERUG_24hod_5_Multichannel Z-Stack_20251213_408.npy,\\srv-fs.ad.nudz.cz\BV_data\Brejtr\ActiveProjects\Microscopy\20251213\6_6_AERUG_24hod_5_Multichannel Z-Stack_20251213_408.vsi,324,ch2,0.11354624054060349,0.0843136388834289,,False,,0.6550580263137817,0.7545454502105713,0.7275204062461853,0.051189916609305566,0.0783485484594296,0.0843136388834289,0.09421307776624388,0.10507660368152726,0.11354624054060349,0.13112452626228333,0.15650540590286255,0.1477668732404709
561,\\srv-fs.ad.nudz.cz\BV_data\Brejtr\ActiveProjects\Microscopy\20251213\6_6_AERUG_24hod_6_Multichannel Z-Stack_20251213_409.vsi,6_6_AERUG_24hod_6_Multichannel Z-Stack_20251213_409.npy,\\srv-fs.ad.nudz.cz\BV_data\Brejtr\ActiveProjects\Microscopy\20251213\6_6_AERUG_24hod_6_Multichannel Z-Stack_20251213_409.vsi,324,ch2,0.10114609397096767,0.07513834331596063,,False,,0.6281446814537048,0.736389696598053,0.7378917336463928,0.04533316575693872,0.06310126104299493,0.07513834331596063,0.08590716472379692,0.08443961677778243,0.10114609397096767,0.12405379116535187,0.15236543118953705,0.15162493288516998
562,\\srv-fs.ad.nudz.cz\BV_data\Brejtr\ActiveProjects\Microscopy\20251213\6_6_AERUG_24hod_7_Multichannel Z-Stack_20251213_410.vsi,6_6_AERUG_24hod_7_Multichannel Z-Stack_20251213_410.npy,\\srv-fs.ad.nudz.cz\BV_data\Brejtr\ActiveProjects\Microscopy\20251213\6_6_AERUG_24hod_7_Multichannel Z-Stack_20251213_410.vsi,324,ch2,0.10673094702900782,0.08015345479676625,,False,,0.6541598439216614,0.7458563446998596,0.7471590638160706,0.048252187505827555,0.06466232122574765,0.08015345479676625,0.08818247136199274,0.08582866083969509,0.10673094702900782,0.13089410960674286,0.15266907215118408,0.1529710590839386
563,\\srv-fs.ad.nudz.cz\BV_data\Brejtr\ActiveProjects\Microscopy\20251213\6_6_AERUG_24hod_8_Multichannel Z-Stack_20251213_411.vsi,6_6_AERUG_24hod_8_Multichannel Z-Stack_20251213_411.npy,\\srv-fs.ad.nudz.cz\BV_data\Brejtr\ActiveProjects\Microscopy\20251213\6_6_AERUG_24hod_8_Multichannel Z-Stack_20251213_411.vsi,324,ch2,0.09695302897473154,0.0706307288795954,,False,,0.6730360984802246,0.7248322367668152,0.7330096960067749,0.04496863842803864,0.054853099801674444,0.0706307288795954,0.08366308589043565,0.07812823131817301,0.09695302897473154,0.13705258071422577,0.14957569539546967,0.15053795278072357
564,\\srv-fs.ad.nudz.cz\BV_data\Brejtr\ActiveProjects\Microscopy\20251213\6_6_AERUG_24hod_9_Multichannel Z-Stack_20251213_412.vsi,6_6_AERUG_24hod_9_Multichannel Z-Stack_20251213_412.npy,\\srv-fs.ad.nudz.cz\BV_data\Brejtr\ActiveProjects\Microscopy\20251213\6_6_AERUG_24hod_9_Multichannel Z-Stack_20251213_412.vsi,324,ch2,0.1096623267786106,0.08358432251667262,,False,,0.654049277305603,0.7411444187164307,0.7461300492286682,0.04869465944972014,0.06308763748787967,0.08358432251667262,0.08886708640736497,0.08405516501930978,0.1096623267786106,0.13088016211986542,0.1518632173538208,0.15315790474414825
565,\\srv-fs.ad.nudz.cz\BV_data\Brejtr\ActiveProjects\Microscopy\20251213\6_6_NORBAEO_24hod_10_Multichannel Z-Stack_20251213_403.vsi,6_6_NORBAEO_24hod_10_Multichannel Z-Stack_20251213_403.npy,\\srv-fs.ad.nudz.cz\BV_data\Brejtr\ActiveProjects\Microscopy\20251213\6_6_NORBAEO_24hod_10_Multichannel Z-Stack_20251213_403.vsi,324,ch2,0.09349838587341959,0.06805033830256299,,False,,0.6468965411186218,0.6851485371589661,0.725806474685669,0.04030275415456107,0.04431485623799863,0.06805033830256299,0.07758155524578221,0.06609300564642186,0.09349838587341959,0.12828895449638367,0.1421031802892685,0.14908753335475922
566,\\srv-fs.ad.nudz.cz\BV_data\Brejtr\ActiveProjects\Microscopy\20251213\6_6_NORBAEO_24hod_1_Multichannel Z-Stack_20251213_394.vsi,6_6_NORBAEO_24hod_1_Multichannel Z-Stack_20251213_394.npy,\\srv-fs.ad.nudz.cz\BV_data\Brejtr\ActiveProjects\Microscopy\20251213\6_6_NORBAEO_24hod_1_Multichannel Z-Stack_20251213_394.vsi,324,ch2,0.09478597672613032,0.07037578836774976,,False,,0.6444921493530273,0.7189189195632935,0.727011501789093,0.03771712408594497,0.05387473087688525,0.07037578836774976,0.07183623288856497,0.0716440494824384,0.09478597672613032,0.12352151423692703,0.14347754418849945,0.14519231021404266
567,\\srv-fs.ad.nudz.cz\BV_data\Brejtr\ActiveProjects\Microscopy\20251213\6_6_NORBAEO_24hod_2_Multichannel Z-Stack_20251213_395.vsi,6_6_NORBAEO_24hod_2_Multichannel Z-Stack_20251213_395.npy,\\srv-fs.ad.nudz.cz\BV_data\Brejtr\ActiveProjects\Microscopy\20251213\6_6_NORBAEO_24hod_2_Multichannel Z-Stack_20251213_395.vsi,324,ch2,0.09575989613521914,0.07124192359863538,,False,,0.6406959295272827,0.7138964533805847,0.728863000869751,0.03829871335992199,0.054989294922775434,0.07124192359863538,0.07256313467255726,0.07341357862589214,0.09575989613521914,0.12355148792266846,0.14262732863426208,0.1451263725757599
568,\\srv-fs.ad.nudz.cz\BV_data\Brejtr\ActiveProjects\Microscopy\20251213\6_6_NORBAEO_24hod_3_Multichannel Z-Stack_20251213_396.vsi,6_6_NORBAEO_24hod_3_Multichannel Z-Stack_20251213_396.npy,\\srv-fs.ad.nudz.cz\BV_data\Brejtr\ActiveProjects\Microscopy\20251213\6_6_NORBAEO_24hod_3_Multichannel Z-Stack_20251213_396.vsi,324,ch2,0.10201524164402273,0.0764855029818589,,False,,0.6112430691719055,0.7264437675476074,0.7042682766914368,0.04099752672829187,0.058502910439512876,0.0764855029818589,0.07760010980226037,0.07453537380435035,0.10201524164402273,0.11928576976060867,0.13622242212295532,0.13145215809345245
569,\\srv-fs.ad.nudz.cz\BV_data\Brejtr\ActiveProjects\Microscopy\20251213\6_6_NORBAEO_24hod_4_Multichannel Z-Stack_20251213_397.vsi,6_6_NORBAEO_24hod_4_Multichannel Z-Stack_20251213_397.npy,\\srv-fs.ad.nudz.cz\BV_data\Brejtr\ActiveProjects\Microscopy\20251213\6_6_NORBAEO_24hod_4_Multichannel Z-Stack_20251213_397.vsi,324,ch2,0.12158023615766987,0.09170948680157102,,False,,0.6123595237731934,0.7041800618171692,0.6928327679634094,0.045518710344389535,0.06882942939066301,0.09170948680157102,0.08563303317888506,0.09061396356110384,0.12158023615766987,0.12054494768381119,0.1414065957069397,0.13700029253959656
570,\\srv-fs.ad.nudz.cz\BV_data\Brejtr\ActiveProjects\Microscopy\20251213\6_6_NORBAEO_24hod_5_Multichannel Z-Stack_20251213_398.vsi,6_6_NORBAEO_24hod_5_Multichannel Z-Stack_20251213_398.npy,\\srv-fs.ad.nudz.cz\BV_data\Brejtr\ActiveProjects\Microscopy\20251213\6_6_NORBAEO_24hod_5_Multichannel Z-Stack_20251213_398.vsi,324,ch2,0.12887472076905374,0.09811271998458365,,False,,0.6303088665008545,0.7064515948295593,0.6576271057128906,0.05383962206478234,0.06904909590007764,0.09811271998458365,0.0970673158033691,0.08993261623055775,0.12887472076905374,0.12425840646028519,0.13857212662696838,0.12877243757247925
571,\\srv-fs.ad.nudz.cz\BV_data\Brejtr\ActiveProjects\Microscopy\20251213\6_6_NORBAEO_24hod_6_Multichannel Z-Stack_20251213_399.vsi,6_6_NORBAEO_24hod_6_Multichannel Z-Stack_20251213_399.npy,\\srv-fs.ad.nudz.cz\BV_data\Brejtr\ActiveProjects\Microscopy\20251213\6_6_NORBAEO_24hod_6_Multichannel Z-Stack_20251213_399.vsi,324,ch2,0.11194491606427197,0.08469385127028102,,False,,0.6528028845787048,0.7340720295906067,0.7467948794364929,0.050439514837026626,0.0602065550502436,0.08469385127028102,0.09114692381546359,0.08081272554686354,0.11194491606427197,0.1311357468366623,0.15336833894252777,0.15485066175460815
572,\\srv-fs.ad.nudz.cz\BV_data\Brejtr\ActiveProjects\Microscopy\20251213\6_6_NORBAEO_24hod_7_Multichannel Z-Stack_20251213_400.vsi,6_6_NORBAEO_24hod_7_Multichannel Z-Stack_20251213_400.npy,\\srv-fs.ad.nudz.cz\BV_data\Brejtr\ActiveProjects\Microscopy\20251213\6_6_NORBAEO_24hod_7_Multichannel Z-Stack_20251213_400.vsi,324,ch2,0.11758788644703143,0.09055343702365298,,False,,0.6549364328384399,0.7353760600090027,0.7394366264343262,0.05163239489199577,0.060629570226461656,0.09055343702365298,0.09265606509665153,0.08136951474216353,0.11758788644703143,0.13077886402606964,0.15339472889900208,0.15369947254657745
573,\\srv-fs.ad.nudz.cz\BV_data\Brejtr\ActiveProjects\Microscopy\20251213\6_6_NORBAEO_24hod_8_Multichannel Z-Stack_20251213_401.vsi,6_6_NORBAEO_24hod_8_Multichannel Z-Stack_20251213_401.npy,\\srv-fs.ad.nudz.cz\BV_data\Brejtr\ActiveProjects\Microscopy\20251213\6_6_NORBAEO_24hod_8_Multichannel Z-Stack_20251213_401.vsi,324,ch2,0.09631146140667175,0.07226630112146606,,False,,0.6204208731651306,0.6758620738983154,0.7151162624359131,0.04549778707251484,0.04695470673647561,0.07226630112146606,0.08255674545644745,0.06437051242472086,0.09631146140667175,0.12370902299880981,0.13834097981452942,0.1448729932308197
574,\\srv-fs.ad.nudz.cz\BV_data\Brejtr\ActiveProjects\Microscopy\20251213\6_6_NORBAEO_24hod_9_Multichannel Z-Stack_20251213_402.vsi,6_6_NORBAEO_24hod_9_Multichannel Z-Stack_20251213_402.npy,\\srv-fs.ad.nudz.cz\BV_data\Brejtr\ActiveProjects\Microscopy\20251213\6_6_NORBAEO_24hod_9_Multichannel Z-Stack_20251213_402.vsi,324,ch2,0.09721230997858382,0.07189476462121903,,False,,0.582034170627594,0.6967213153839111,0.7046783566474915,0.04050391267569631,0.054166643234745855,0.07189476462121903,0.07945821903636398,0.07298952836146697,0.09721230997858382,0.11292343586683273,0.14060340821743011,0.13956275582313538
577,\\srv-fs.ad.nudz.cz\BV_data\Brejtr\ActiveProjects\Microscopy\20251219\7_1_HARMIN_24hod_10_Multichannel Z-Stack_20251219_517.vsi,7_1_HARMIN_24hod_10_Multichannel Z-Stack_20251219_517.npy,\\srv-fs.ad.nudz.cz\BV_data\Brejtr\ActiveProjects\Microscopy\20251219\7_1_HARMIN_24hod_10_Multichannel Z-Stack_20251219_517.vsi,324,ch2,0.10709602812773772,0.07486692949773009,,False,,0.6270543336868286,0.6551059484481812,0.6976743936538696,0.0489740558307651,0.06391183178230386,0.07486692949773009,0.08786219714205189,0.10398812787215218,0.10709602812773772,0.1240786761045456,0.12617579102516174,0.14006362855434418
578,\\srv-fs.ad.nudz.cz\BV_data\Brejtr\ActiveProjects\Microscopy\20251219\7_1_HARMIN_24hod_1_Multichannel Z-Stack_20251219_508.vsi,7_1_HARMIN_24hod_1_Multichannel Z-Stack_20251219_508.npy,\\srv-fs.ad.nudz.cz\BV_data\Brejtr\ActiveProjects\Microscopy\20251219\7_1_HARMIN_24hod_1_Multichannel Z-Stack_20251219_508.vsi,324,ch2,0.10800402648138148,0.07968425645408729,,False,,0.5575641989707947,0.4945652186870575,0.6453333497047424,0.0478632651168096,0.07556302921524777,0.07968425645408729,0.08180409575442867,0.10637540833155688,0.10800402648138148,0.11039312183856964,0.09910158812999725,0.12738175690174103
579,\\srv-fs.ad.nudz.cz\BV_data\Brejtr\ActiveProjects\Microscopy\20251219\7_1_HARMIN_24hod_2_Multichannel Z-Stack_20251219_509.vsi,7_1_HARMIN_24hod_2_Multichannel Z-Stack_20251219_509.npy,\\srv-fs.ad.nudz.cz\BV_data\Brejtr\ActiveProjects\Microscopy\20251219\7_1_HARMIN_24hod_2_Multichannel Z-Stack_20251219_509.vsi,324,ch2,0.12024576320477717,0.08590970094447127,,False,,0.6254948377609253,0.5889570713043213,0.6682577729225159,0.06003535953202576,0.07283448623570456,0.08590970094447127,0.10447020672431477,0.11745497760361816,0.12024576320477717,0.12348723411560059,0.11162954568862915,0.13150307536125183
580,\\srv-fs.ad.nudz.cz\BV_data\Brejtr\ActiveProjects\Microscopy\20251219\7_1_HARMIN_24hod_3_Multichannel Z-Stack_20251219_510.vsi,7_1_HARMIN_24hod_3_Multichannel Z-Stack_20251219_510.npy,\\srv-fs.ad.nudz.cz\BV_data\Brejtr\ActiveProjects\Microscopy\20251219\7_1_HARMIN_24hod_3_Multichannel Z-Stack_20251219_510.vsi,324,ch2,0.1208859760710821,0.08585727437433055,,False,,0.6507329344749451,0.6449704170227051,0.7172897458076477,0.05468726823905129,0.0689844261329358,0.08585727437433055,0.09594013142192938,0.11062670771994983,0.1208859760710821,0.13067491352558136,0.12531419098377228,0.1451103538274765
581,\\srv-fs.ad.nudz.cz\BV_data\Brejtr\ActiveProjects\Microscopy\20251219\7_1_HARMIN_24hod_4_Multichannel Z-Stack_20251219_511.vsi,7_1_HARMIN_24hod_4_Multichannel Z-Stack_20251219_511.npy,\\srv-fs.ad.nudz.cz\BV_data\Brejtr\ActiveProjects\Microscopy\20251219\7_1_HARMIN_24hod_4_Multichannel Z-Stack_20251219_511.vsi,324,ch2,0.12672882904547042,0.09132686727313435,,False,,0.6497290134429932,0.6302816867828369,0.7033247947692871,0.05611837860467439,0.06437683735174608,0.09132686727313435,0.09699488333784263,0.10570864093776414,0.12672882904547042,0.12966060638427734,0.12020143866539001,0.14161154627799988
582,\\srv-fs.ad.nudz.cz\BV_data\Brejtr\ActiveProjects\Microscopy\20251219\7_1_HARMIN_24hod_5_Multichannel Z-Stack_20251219_512.vsi,7_1_HARMIN_24hod_5_Multichannel Z-Stack_20251219_512.npy,\\srv-fs.ad.nudz.cz\BV_data\Brejtr\ActiveProjects\Microscopy\20251219\7_1_HARMIN_24hod_5_Multichannel Z-Stack_20251219_512.vsi,324,ch2,0.11229873500548085,0.08108213723804009,,False,,0.6804049015045166,0.6556521654129028,0.7446300983428955,0.055237213372327496,0.06360020045905296,0.08108213723804009,0.09433477211848673,0.10430007146491271,0.11229873500548085,0.13593611121177673,0.12750913202762604,0.15624606609344482
583,\\srv-fs.ad.nudz.cz\BV_data\Brejtr\ActiveProjects\Microscopy\20251219\7_1_HARMIN_24hod_6_Multichannel Z-Stack_20251219_513.vsi,7_1_HARMIN_24hod_6_Multichannel Z-Stack_20251219_513.npy,\\srv-fs.ad.nudz.cz\BV_data\Brejtr\ActiveProjects\Microscopy\20251219\7_1_HARMIN_24hod_6_Multichannel Z-Stack_20251219_513.vsi,324,ch2,0.1171647329182849,0.08312078679167813,,False,,0.6425702571868896,0.5983871221542358,0.6941747665405273,0.051518266875328685,0.06348186289645937,0.08312078679167813,0.09206770832421211,0.10889250091133422,0.1171647329182849,0.12630882859230042,0.1121605783700943,0.13815937936306
584,\\srv-fs.ad.nudz.cz\BV_data\Brejtr\ActiveProjects\Microscopy\20251219\7_1_HARMIN_24hod_7_Multichannel Z-Stack_20251219_514.vsi,7_1_HARMIN_24hod_7_Multichannel Z-Stack_20251219_514.npy,\\srv-fs.ad.nudz.cz\BV_data\Brejtr\ActiveProjects\Microscopy\20251219\7_1_HARMIN_24hod_7_Multichannel Z-Stack_20251219_514.vsi,324,ch2,0.12173569288968074,0.0889048009925986,,False,,0.6068759560585022,0.6112600564956665,0.6591478586196899,0.04707013643839939,0.0778708244686842,0.0889048009925986,0.08211616995888923,0.1120954425615664,0.12173569288968074,0.11624877899885178,0.11578019708395004,0.13140343129634857
585,\\srv-fs.ad.nudz.cz\BV_data\Brejtr\ActiveProjects\Microscopy\20251219\7_1_HARMIN_24hod_8_Multichannel Z-Stack_20251219_515.vsi,7_1_HARMIN_24hod_8_Multichannel Z-Stack_20251219_515.npy,\\srv-fs.ad.nudz.cz\BV_data\Brejtr\ActiveProjects\Microscopy\20251219\7_1_HARMIN_24hod_8_Multichannel Z-Stack_20251219_515.vsi,324,ch2,0.10862760575962635,0.0769511674580428,,False,,0.6755753755569458,0.6552315354347229,0.7161862254142761,0.04764872305596158,0.05750739618404006,0.0769511674580428,0.08354036217585184,0.0961466766193883,0.10862760575962635,0.13409793376922607,0.1259029358625412,0.14759495854377747
586,\\srv-fs.ad.nudz.cz\BV_data\Brejtr\ActiveProjects\Microscopy\20251219\7_1_HARMIN_24hod_9_Multichannel Z-Stack_20251219_516.vsi,7_1_HARMIN_24hod_9_Multichannel Z-Stack_20251219_516.npy,\\srv-fs.ad.nudz.cz\BV_data\Brejtr\ActiveProjects\Microscopy\20251219\7_1_HARMIN_24hod_9_Multichannel Z-Stack_20251219_516.vsi,324,ch1,0.12922068500064673,0.09519175203340524,,False,,0.5318777561187744,0.5419355034828186,0.6530054807662964,0.04859469573222965,0.09519175203340524,0.08942367154874133,0.083944596434897,0.12922068500064673,0.12000185511340777,0.10419818758964539,0.10571028292179108,0.12500272691249847
597,\\srv-fs.ad.nudz.cz\BV_data\Brejtr\ActiveProjects\Microscopy\20251219\7_2_PSIHARMIN_24hod_10_Multichannel Z-Stack_20251219_537.vsi,7_2_PSIHARMIN_24hod_10_Multichannel Z-Stack_20251219_537.npy,\\srv-fs.ad.nudz.cz\BV_data\Brejtr\ActiveProjects\Microscopy\20251219\7_2_PSIHARMIN_24hod_10_Multichannel Z-Stack_20251219_537.vsi,324,ch1,0.09300162538697121,0.054106023678456495,,False,,0.6281754970550537,0.6148282289505005,0.6857798099517822,0.046718168295015565,0.054106023678456495,0.06544372862892231,0.08446779005111327,0.09300162538697121,0.09163661866600074,0.12649548053741455,0.11844636499881744,0.13545751571655273
598,\\srv-fs.ad.nudz.cz\BV_data\Brejtr\ActiveProjects\Microscopy\20251219\7_2_PSIHARMIN_24hod_11_Multichannel Z-Stack_20251219_528.vsi,7_2_PSIHARMIN_24hod_11_Multichannel Z-Stack_20251219_528.npy,\\srv-fs.ad.nudz.cz\BV_data\Brejtr\ActiveProjects\Microscopy\20251219\7_2_PSIHARMIN_24hod_11_Multichannel Z-Stack_20251219_528.vsi,324,ch2,0.09411231027590912,0.06763825731963984,,False,,0.6561900973320007,0.6319845914840698,0.7331671118736267,0.04557459608052189,0.055024267715288636,0.06763825731963984,0.08060293437708488,0.08904385937424951,0.09411231027590912,0.13179992139339447,0.12226871401071548,0.15044757723808289
599,\\srv-fs.ad.nudz.cz\BV_data\Brejtr\ActiveProjects\Microscopy\20251219\7_2_PSIHARMIN_24hod_2_Multichannel Z-Stack_20251219_529.vsi,7_2_PSIHARMIN_24hod_2_Multichannel Z-Stack_20251219_529.npy,\\srv-fs.ad.nudz.cz\BV_data\Brejtr\ActiveProjects\Microscopy\20251219\7_2_PSIHARMIN_24hod_2_Multichannel Z-Stack_20251219_529.vsi,324,ch2,0.11462283801572538,0.0740315888747412,,False,,0.6160998344421387,0.6314199566841125,0.6724806427955627,0.04499373068037474,0.05670207424682884,0.0740315888747412,0.09044021968253323,0.1001247238091679,0.11462283801572538,0.12336302548646927,0.12146380543708801,0.13741034269332886
600,\\srv-fs.ad.nudz.cz\BV_data\Brejtr\ActiveProjects\Microscopy\20251219\7_2_PSIHARMIN_24hod_3_Multichannel Z-Stack_20251219_530.vsi,7_2_PSIHARMIN_24hod_3_Multichannel Z-Stack_20251219_530.npy,\\srv-fs.ad.nudz.cz\BV_data\Brejtr\ActiveProjects\Microscopy\20251219\7_2_PSIHARMIN_24hod_3_Multichannel Z-Stack_20251219_530.vsi,324,ch1,0.08751517222413906,0.05107160623444157,,False,,0.6017910242080688,0.5810344815254211,0.6481113433837891,0.03991723542611929,0.05107160623444157,0.06062295142241931,0.07625759778719551,0.08751517222413906,0.08672450507487624,0.11856655031442642,0.11024826020002365,0.1262793242931366
601,\\srv-fs.ad.nudz.cz\BV_data\Brejtr\ActiveProjects\Microscopy\20251219\7_2_PSIHARMIN_24hod_4_Multichannel Z-Stack_20251219_531.vsi,7_2_PSIHARMIN_24hod_4_Multichannel Z-Stack_20251219_531.npy,\\srv-fs.ad.nudz.cz\BV_data\Brejtr\ActiveProjects\Microscopy\20251219\7_2_PSIHARMIN_24hod_4_Multichannel Z-Stack_20251219_531.vsi,324,ch1,0.09447221454481997,0.05110356772403795,,False,,0.684108555316925,0.6662320494651794,0.7022900581359863,0.045840388173360884,0.05110356772403795,0.06165044231840166,0.08195163457690484,0.09447221454481997,0.08917847506039503,0.14281317591667175,0.13234569132328033,0.1456608772277832
602,\\srv-fs.ad.nudz.cz\BV_data\Brejtr\ActiveProjects\Microscopy\20251219\7_2_PSIHARMIN_24hod_5_Multichannel Z-Stack_20251219_532.vsi,7_2_PSIHARMIN_24hod_5_Multichannel Z-Stack_20251219_532.npy,\\srv-fs.ad.nudz.cz\BV_data\Brejtr\ActiveProjects\Microscopy\20251219\7_2_PSIHARMIN_24hod_5_Multichannel Z-Stack_20251219_532.vsi,324,ch1,0.08526592086542649,0.0513274641143798,,False,,0.6332138776779175,0.6236363649368286,0.6695652008056641,0.03978401846008079,0.0513274641143798,0.048494949161431475,0.07524570992429833,0.08526592086542649,0.0691819941329352,0.12491615116596222,0.12030093371868134,0.13052573800086975
603,\\srv-fs.ad.nudz.cz\BV_data\Brejtr\ActiveProjects\Microscopy\20251219\7_2_PSIHARMIN_24hod_6_Multichannel Z-Stack_20251219_533.vsi,7_2_PSIHARMIN_24hod_6_Multichannel Z-Stack_20251219_533.npy,\\srv-fs.ad.nudz.cz\BV_data\Brejtr\ActiveProjects\Microscopy\20251219\7_2_PSIHARMIN_24hod_6_Multichannel Z-Stack_20251219_533.vsi,324,ch1,0.08867237394300466,0.051910455890773095,,False,,0.5937303900718689,0.5657657384872437,0.6215139627456665,0.04231643360078129,0.051910455890773095,0.05833821910610782,0.08086582921987777,0.08867237394300466,0.08327152424215425,0.1155928373336792,0.10682567954063416,0.12053914368152618
604,\\srv-fs.ad.nudz.cz\BV_data\Brejtr\ActiveProjects\Microscopy\20251219\7_2_PSIHARMIN_24hod_7_Multichannel Z-Stack_20251219_534.vsi,7_2_PSIHARMIN_24hod_7_Multichannel Z-Stack_20251219_534.npy,\\srv-fs.ad.nudz.cz\BV_data\Brejtr\ActiveProjects\Microscopy\20251219\7_2_PSIHARMIN_24hod_7_Multichannel Z-Stack_20251219_534.vsi,324,ch1,0.08857268000882393,0.048519206758767724,,False,,0.6235668659210205,0.6016483306884766,0.6917148232460022,0.04300236682514856,0.048519206758767724,0.05416349888782905,0.07950816607667331,0.08857268000882393,0.07791647583176574,0.1255725622177124,0.11360485106706619,0.1357910931110382
605,\\srv-fs.ad.nudz.cz\BV_data\Brejtr\ActiveProjects\Microscopy\20251219\7_2_PSIHARMIN_24hod_8_Multichannel Z-Stack_20251219_535.vsi,7_2_PSIHARMIN_24hod_8_Multichannel Z-Stack_20251219_535.npy,\\srv-fs.ad.nudz.cz\BV_data\Brejtr\ActiveProjects\Microscopy\20251219\7_2_PSIHARMIN_24hod_8_Multichannel Z-Stack_20251219_535.vsi,324,ch1,0.09719730893570694,0.05836300947789679,,False,,0.6649214625358582,0.665354311466217,0.7180722951889038,0.04580533678417286,0.05836300947789679,0.06544860748538339,0.08223394964868644,0.09719730893570694,0.09083304887135508,0.13238921761512756,0.13090558350086212,0.14319923520088196
606,\\srv-fs.ad.nudz.cz\BV_data\Brejtr\ActiveProjects\Microscopy\20251219\7_2_PSIHARMIN_24hod_9_Multichannel Z-Stack_20251219_536.vsi,7_2_PSIHARMIN_24hod_9_Multichannel Z-Stack_20251219_536.npy,\\srv-fs.ad.nudz.cz\BV_data\Brejtr\ActiveProjects\Microscopy\20251219\7_2_PSIHARMIN_24hod_9_Multichannel Z-Stack_20251219_536.vsi,324,ch1,0.09098984847219495,0.05207525577072843,,False,,0.6524645090103149,0.6487889289855957,0.6795699000358582,0.0488775568084271,0.05207525577072843,0.06134002514600334,0.08609304112165782,0.09098984847219495,0.08621837035408716,0.13279320299625397,0.12373920530080795,0.12965792417526245
607,\\srv-fs.ad.nudz.cz\BV_data\Brejtr\ActiveProjects\Microscopy\20251219\7_2_PSI_24hod_10_Multichannel Z-Stack_20251219_527.vsi,7_2_PSI_24hod_10_Multichannel Z-Stack_20251219_527.npy,\\srv-fs.ad.nudz.cz\BV_data\Brejtr\ActiveProjects\Microscopy\20251219\7_2_PSI_24hod_10_Multichannel Z-Stack_20251219_527.vsi,324,ch1,0.10447141561946174,0.06034766192825032,,False,,0.6569164991378784,0.6560121774673462,0.6708185076713562,0.049920683019411334,0.06034766192825032,0.0662237407157999,0.09088355111849643,0.10447141561946174,0.09670043942982458,0.13226620852947235,0.12872128188610077,0.13436128199100494
608,\\srv-fs.ad.nudz.cz\BV_data\Brejtr\ActiveProjects\Microscopy\20251219\7_2_PSI_24hod_1_Multichannel Z-Stack_20251219_518.vsi,7_2_PSI_24hod_1_Multichannel Z-Stack_20251219_518.npy,\\srv-fs.ad.nudz.cz\BV_data\Brejtr\ActiveProjects\Microscopy\20251219\7_2_PSI_24hod_1_Multichannel Z-Stack_20251219_518.vsi,324,ch1,0.09429920964357376,0.057800368826765605,,False,,0.6110552549362183,0.5534979701042175,0.6004183888435364,0.04619372632531204,0.057800368826765605,0.06468388092223783,0.07940568787234478,0.09429920964357376,0.09039790287111034,0.12244734913110733,0.10461637377738953,0.11693555116653442
609,\\srv-fs.ad.nudz.cz\BV_data\Brejtr\ActiveProjects\Microscopy\20251219\7_2_PSI_24hod_2_Multichannel Z-Stack_20251219_519.vsi,7_2_PSI_24hod_2_Multichannel Z-Stack_20251219_519.npy,\\srv-fs.ad.nudz.cz\BV_data\Brejtr\ActiveProjects\Microscopy\20251219\7_2_PSI_24hod_2_Multichannel Z-Stack_20251219_519.vsi,324,ch1,0.09445868075922804,0.05092727718964129,,False,,0.6721611618995667,0.6380281448364258,0.6937618255615234,0.04897620969065183,0.05092727718964129,0.05841530403258337,0.08430216033532138,0.09445868075922804,0.08487581375757311,0.1396886557340622,0.12254265695810318,0.13947252929210663
610,\\srv-fs.ad.nudz.cz\BV_data\Brejtr\ActiveProjects\Microscopy\20251219\7_2_PSI_24hod_3_Multichannel Z-Stack_20251219_520.vsi,7_2_PSI_24hod_3_Multichannel Z-Stack_20251219_520.npy,\\srv-fs.ad.nudz.cz\BV_data\Brejtr\ActiveProjects\Microscopy\20251219\7_2_PSI_24hod_3_Multichannel Z-Stack_20251219_520.vsi,324,ch1,0.10367299316000139,0.05947449056439282,,False,,0.6767283082008362,0.6381118893623352,0.6479166746139526,0.05495590994350551,0.05947449056439282,0.07099103190070538,0.09419898664176578,0.10367299316000139,0.10170046897234072,0.13866937160491943,0.12441689521074295,0.13051314651966095
611,\\srv-fs.ad.nudz.cz\BV_data\Brejtr\ActiveProjects\Microscopy\20251219\7_2_PSI_24hod_4_Multichannel Z-Stack_20251219_521.vsi,7_2_PSI_24hod_4_Multichannel Z-Stack_20251219_521.npy,\\srv-fs.ad.nudz.cz\BV_data\Brejtr\ActiveProjects\Microscopy\20251219\7_2_PSI_24hod_4_Multichannel Z-Stack_20251219_521.vsi,324,ch1,0.09777292036552533,0.0546157489435786,,False,,0.6303142309188843,0.6342943906784058,0.6603773832321167,0.047932280121586644,0.0546157489435786,0.06364467813659785,0.08666207397985322,0.09777292036552533,0.09416848500897179,0.12669794261455536,0.12127871066331863,0.1313566267490387
612,\\srv-fs.ad.nudz.cz\BV_data\Brejtr\ActiveProjects\Microscopy\20251219\7_2_PSI_24hod_5_Multichannel Z-Stack_20251219_522.vsi,7_2_PSI_24hod_5_Multichannel Z-Stack_20251219_522.npy,\\srv-fs.ad.nudz.cz\BV_data\Brejtr\ActiveProjects\Microscopy\20251219\7_2_PSI_24hod_5_Multichannel Z-Stack_20251219_522.vsi,324,ch1,0.09405553075707919,0.056938290752743544,,False,,0.6137521266937256,0.5806451439857483,0.657940685749054,0.03820136623081405,0.056938290752743544,0.05519348022773978,0.0760331052175515,0.09405553075707919,0.08319418572292821,0.11683211475610733,0.10936851054430008,0.13143672049045563
613,\\srv-fs.ad.nudz.cz\BV_data\Brejtr\ActiveProjects\Microscopy\20251219\7_2_PSI_24hod_6_Multichannel Z-Stack_20251219_523.vsi,7_2_PSI_24hod_6_Multichannel Z-Stack_20251219_523.npy,\\srv-fs.ad.nudz.cz\BV_data\Brejtr\ActiveProjects\Microscopy\20251219\7_2_PSI_24hod_6_Multichannel Z-Stack_20251219_523.vsi,324,ch1,0.09917129380903358,0.05751947307234506,,False,,0.608313798904419,0.6402640342712402,0.6970874071121216,0.04443285939792077,0.05751947307234506,0.06457876495912156,0.08036401832171608,0.09917129380903358,0.0924684979692533,0.12320033460855484,0.12455864250659943,0.14223629236221313
614,\\srv-fs.ad.nudz.cz\BV_data\Brejtr\ActiveProjects\Microscopy\20251219\7_2_PSI_24hod_7_Multichannel Z-Stack_20251219_524.vsi,7_2_PSI_24hod_7_Multichannel Z-Stack_20251219_524.npy,\\srv-fs.ad.nudz.cz\BV_data\Brejtr\ActiveProjects\Microscopy\20251219\7_2_PSI_24hod_7_Multichannel Z-Stack_20251219_524.vsi,324,ch2,0.11183864918285512,0.07806200561120327,,False,,0.6655017733573914,0.6142061352729797,0.7075664401054382,0.04897907077734528,0.05656315730818411,0.07806200561120327,0.09215192022186293,0.09745353872757948,0.11183864918285512,0.13292399048805237,0.1207834854722023,0.14355362951755524
615,\\srv-fs.ad.nudz.cz\BV_data\Brejtr\ActiveProjects\Microscopy\20251219\7_2_PSI_24hod_8_Multichannel Z-Stack_20251219_525.vsi,7_2_PSI_24hod_8_Multichannel Z-Stack_20251219_525.npy,\\srv-fs.ad.nudz.cz\BV_data\Brejtr\ActiveProjects\Microscopy\20251219\7_2_PSI_24hod_8_Multichannel Z-Stack_20251219_525.vsi,324,ch1,0.09473529825157317,0.05451918578154882,,False,,0.6744885444641113,0.6493710875511169,0.693220317363739,0.04602199189107919,0.05451918578154882,0.056247118846729775,0.08517239303938504,0.09473529825157317,0.08235480279672741,0.1369476020336151,0.12610574066638947,0.14131198823451996
616,\\srv-fs.ad.nudz.cz\BV_data\Brejtr\ActiveProjects\Microscopy\20251219\7_2_PSI_24hod_9_Multichannel Z-Stack_20251219_526.vsi,7_2_PSI_24hod_9_Multichannel Z-Stack_20251219_526.npy,\\srv-fs.ad.nudz.cz\BV_data\Brejtr\ActiveProjects\Microscopy\20251219\7_2_PSI_24hod_9_Multichannel Z-Stack_20251219_526.vsi,324,ch1,0.10138780418736477,0.05654212058360553,,False,,0.59305340051651,0.5869894027709961,0.6340579986572266,0.04401867422552371,0.05654212058360553,0.06456097238517892,0.08579857120792694,0.10138780418736477,0.09635359531097352,0.11533397436141968,0.10983306169509888,0.1250520944595337
617,\\srv-fs.ad.nudz.cz\BV_data\Brejtr\ActiveProjects\Microscopy\20251219\7_3_PSYHARMIN_24hod_10_Multichannel Z-Stack_20251219_557.vsi,7_3_PSYHARMIN_24hod_10_Multichannel Z-Stack_20251219_557.npy,\\srv-fs.ad.nudz.cz\BV_data\Brejtr\ActiveProjects\Microscopy\20251219\7_3_PSYHARMIN_24hod_10_Multichannel Z-Stack_20251219_557.vsi,324,ch1,0.09955595838349687,0.06180770687596771,,False,,0.6411347389221191,0.6594488024711609,0.678260862827301,0.05004299943907239,0.06180770687596771,0.07030311019531654,0.08956205703777133,0.09955595838349687,0.09767652943419007,0.12477021664381027,0.12810370326042175,0.1339254379272461
618,\\srv-fs.ad.nudz.cz\BV_data\Brejtr\ActiveProjects\Microscopy\20251219\7_3_PSYHARMIN_24hod_1_Multichannel Z-Stack_20251219_548.vsi,7_3_PSYHARMIN_24hod_1_Multichannel Z-Stack_20251219_548.npy,\\srv-fs.ad.nudz.cz\BV_data\Brejtr\ActiveProjects\Microscopy\20251219\7_3_PSYHARMIN_24hod_1_Multichannel Z-Stack_20251219_548.vsi,324,ch2,0.10284039825027964,0.07432182420710619,,False,,0.6306818127632141,0.5833333134651184,0.6683416962623596,0.04958929297913575,0.059114186637711466,0.07432182420710619,0.08828702451098139,0.09945372939589181,0.10284039825027964,0.12629729509353638,0.11043485999107361,0.13311445713043213
619,\\srv-fs.ad.nudz.cz\BV_data\Brejtr\ActiveProjects\Microscopy\20251219\7_3_PSYHARMIN_24hod_2_Multichannel Z-Stack_20251219_549.vsi,7_3_PSYHARMIN_24hod_2_Multichannel Z-Stack_20251219_549.npy,\\srv-fs.ad.nudz.cz\BV_data\Brejtr\ActiveProjects\Microscopy\20251219\7_3_PSYHARMIN_24hod_2_Multichannel Z-Stack_20251219_549.vsi,324,ch1,0.10491711979276905,0.0615670745759926,,False,,0.6308973431587219,0.5920577645301819,0.6743589639663696,0.051264113112714345,0.0615670745759926,0.0752268770957624,0.0886830785301591,0.10491711979276905,0.10437579361026944,0.12651877105236053,0.11133358627557755,0.13458050787448883
620,\\srv-fs.ad.nudz.cz\BV_data\Brejtr\ActiveProjects\Microscopy\20251219\7_3_PSYHARMIN_24hod_3_Multichannel Z-Stack_20251219_550.vsi,7_3_PSYHARMIN_24hod_3_Multichannel Z-Stack_20251219_550.npy,\\srv-fs.ad.nudz.cz\BV_data\Brejtr\ActiveProjects\Microscopy\20251219\7_3_PSYHARMIN_24hod_3_Multichannel Z-Stack_20251219_550.vsi,324,ch2,0.09994719058138476,0.07236781598555847,,False,,0.6417791843414307,0.6259689927101135,0.7007125616073608,0.047701298918254434,0.06133690450366615,0.07236781598555847,0.08470554161192244,0.09992997905072115,0.09994719058138476,0.12875178456306458,0.12041323632001877,0.1405097395181656
621,\\srv-fs.ad.nudz.cz\BV_data\Brejtr\ActiveProjects\Microscopy\20251219\7_3_PSYHARMIN_24hod_4_Multichannel Z-Stack_20251219_551.vsi,7_3_PSYHARMIN_24hod_4_Multichannel Z-Stack_20251219_551.npy,\\srv-fs.ad.nudz.cz\BV_data\Brejtr\ActiveProjects\Microscopy\20251219\7_3_PSYHARMIN_24hod_4_Multichannel Z-Stack_20251219_551.vsi,324,ch1,0.0923318834961081,0.05635427478349696,,False,,0.6303901672363281,0.6410748362541199,0.6722846627235413,0.04477249994717957,0.05635427478349696,0.058735626142617306,0.08165050781548575,0.0923318834961081,0.08208307559361779,0.12488455325365067,0.12562990188598633,0.1321091651916504
622,\\srv-fs.ad.nudz.cz\BV_data\Brejtr\ActiveProjects\Microscopy\20251219\7_3_PSYHARMIN_24hod_5_Multichannel Z-Stack_20251219_552.vsi,7_3_PSYHARMIN_24hod_5_Multichannel Z-Stack_20251219_552.npy,\\srv-fs.ad.nudz.cz\BV_data\Brejtr\ActiveProjects\Microscopy\20251219\7_3_PSYHARMIN_24hod_5_Multichannel Z-Stack_20251219_552.vsi,324,ch1,0.09799563232276999,0.05491022799276841,,False,,0.6457023024559021,0.6480891704559326,0.6554934978485107,0.05175286204739982,0.05491022799276841,0.06411780755520209,0.0932613644091468,0.09799563232276999,0.09077374010443427,0.12776680290699005,0.12412571161985397,0.13042020797729492
623,\\srv-fs.ad.nudz.cz\BV_data\Brejtr\ActiveProjects\Microscopy\20251219\7_3_PSYHARMIN_24hod_6_Multichannel Z-Stack_20251219_553.vsi,7_3_PSYHARMIN_24hod_6_Multichannel Z-Stack_20251219_553.npy,\\srv-fs.ad.nudz.cz\BV_data\Brejtr\ActiveProjects\Microscopy\20251219\7_3_PSYHARMIN_24hod_6_Multichannel Z-Stack_20251219_553.vsi,324,ch1,0.0912962137426748,0.05152791649824035,,False,,0.6520584225654602,0.6743849515914917,0.6708407998085022,0.04982277754603667,0.05152791649824035,0.060465706026113,0.08810338739673074,0.0912962137426748,0.08485933267870742,0.1340414583683014,0.13382159173488617,0.13455134630203247
624,\\srv-fs.ad.nudz.cz\BV_data\Brejtr\ActiveProjects\Microscopy\20251219\7_3_PSYHARMIN_24hod_7_Multichannel Z-Stack_20251219_554.vsi,7_3_PSYHARMIN_24hod_7_Multichannel Z-Stack_20251219_554.npy,\\srv-fs.ad.nudz.cz\BV_data\Brejtr\ActiveProjects\Microscopy\20251219\7_3_PSYHARMIN_24hod_7_Multichannel Z-Stack_20251219_554.vsi,324,ch2,0.10375151285295875,0.07305052728189039,,False,,0.6294528245925903,0.6188924908638,0.6499999761581421,0.05224177943959033,0.05458767779420698,0.07305052728189039,0.09439692513695717,0.09837418935331253,0.10375151285295875,0.12315277010202408,0.11567361652851105,0.1294778436422348
625,\\srv-fs.ad.nudz.cz\BV_data\Brejtr\ActiveProjects\Microscopy\20251219\7_3_PSYHARMIN_24hod_8_Multichannel Z-Stack_20251219_555.vsi,7_3_PSYHARMIN_24hod_8_Multichannel Z-Stack_20251219_555.npy,\\srv-fs.ad.nudz.cz\BV_data\Brejtr\ActiveProjects\Microscopy\20251219\7_3_PSYHARMIN_24hod_8_Multichannel Z-Stack_20251219_555.vsi,324,ch2,0.1063530465037792,0.07610648746346337,,False,,0.6738165616989136,0.6788321137428284,0.6681715846061707,0.05165373531145035,0.06115747204701781,0.07610648746346337,0.09132900856800692,0.10363268612630795,0.1063530465037792,0.13463281095027924,0.13233506679534912,0.13595318794250488
626,\\srv-fs.ad.nudz.cz\BV_data\Brejtr\ActiveProjects\Microscopy\20251219\7_3_PSYHARMIN_24hod_9_Multichannel Z-Stack_20251219_556.vsi,7_3_PSYHARMIN_24hod_9_Multichannel Z-Stack_20251219_556.npy,\\srv-fs.ad.nudz.cz\BV_data\Brejtr\ActiveProjects\Microscopy\20251219\7_3_PSYHARMIN_24hod_9_Multichannel Z-Stack_20251219_556.vsi,324,ch1,0.0968571404107004,0.05434942996136166,,False,,0.6544252634048462,0.647909939289093,0.6358490586280823,0.050436529709485374,0.05434942996136166,0.06352794344462384,0.09061998238849636,0.0968571404107004,0.08887210153361312,0.1287035346031189,0.12493222951889038,0.12552271783351898
627,\\srv-fs.ad.nudz.cz\BV_data\Brejtr\ActiveProjects\Microscopy\20251219\7_3_PSY_24hod_10_Multichannel Z-Stack_20251219_547.vsi,7_3_PSY_24hod_10_Multichannel Z-Stack_20251219_547.npy,\\srv-fs.ad.nudz.cz\BV_data\Brejtr\ActiveProjects\Microscopy\20251219\7_3_PSY_24hod_10_Multichannel Z-Stack_20251219_547.vsi,324,ch1,0.1026891703316254,0.06437225591933174,,False,,0.6619282960891724,0.689587414264679,0.7053045034408569,0.04918080315534753,0.06437225591933174,0.06682141168037302,0.08866480023298914,0.1026891703316254,0.09418211218711213,0.1332693099975586,0.13564687967300415,0.14194586873054504
628,\\srv-fs.ad.nudz.cz\BV_data\Brejtr\ActiveProjects\Microscopy\20251219\7_3_PSY_24hod_1_Multichannel Z-Stack_20251219_538.vsi,7_3_PSY_24hod_1_Multichannel Z-Stack_20251219_538.npy,\\srv-fs.ad.nudz.cz\BV_data\Brejtr\ActiveProjects\Microscopy\20251219\7_3_PSY_24hod_1_Multichannel Z-Stack_20251219_538.vsi,324,ch1,0.09617142553818052,0.05900045676952137,,False,,0.6055798530578613,0.6199616193771362,0.6685082912445068,0.04356759197381568,0.05900045676952137,0.06016878877822801,0.08340212966140036,0.09617142553818052,0.08687084795977075,0.11785073578357697,0.11817717552185059,0.13238070905208588
629,\\srv-fs.ad.nudz.cz\BV_data\Brejtr\ActiveProjects\Microscopy\20251219\7_3_PSY_24hod_2_Multichannel Z-Stack_20251219_539.vsi,7_3_PSY_24hod_2_Multichannel Z-Stack_20251219_539.npy,\\srv-fs.ad.nudz.cz\BV_data\Brejtr\ActiveProjects\Microscopy\20251219\7_3_PSY_24hod_2_Multichannel Z-Stack_20251219_539.vsi,324,ch1,0.09910341933065113,0.05848941237796827,,False,,0.6374553442001343,0.6245421171188354,0.7014925479888916,0.04805672548495699,0.05848941237796827,0.06743634991381427,0.08873609888542074,0.09910341933065113,0.09650453629219416,0.12828272581100464,0.12059085071086884,0.14165116846561432
630,\\srv-fs.ad.nudz.cz\BV_data\Brejtr\ActiveProjects\Microscopy\20251219\7_3_PSY_24hod_3_Multichannel Z-Stack_20251219_540.vsi,7_3_PSY_24hod_3_Multichannel Z-Stack_20251219_540.npy,\\srv-fs.ad.nudz.cz\BV_data\Brejtr\ActiveProjects\Microscopy\20251219\7_3_PSY_24hod_3_Multichannel Z-Stack_20251219_540.vsi,324,ch1,0.09603823688625679,0.061052261239458165,,False,,0.6473087668418884,0.5749486684799194,0.7038724422454834,0.04792754832947785,0.061052261239458165,0.06566126746076884,0.08785672208404241,0.09603823688625679,0.09127839291902534,0.12595655024051666,0.11197582632303238,0.13929668068885803
631,\\srv-fs.ad.nudz.cz\BV_data\Brejtr\ActiveProjects\Microscopy\20251219\7_3_PSY_24hod_4_Multichannel Z-Stack_20251219_541.vsi,7_3_PSY_24hod_4_Multichannel Z-Stack_20251219_541.npy,\\srv-fs.ad.nudz.cz\BV_data\Brejtr\ActiveProjects\Microscopy\20251219\7_3_PSY_24hod_4_Multichannel Z-Stack_20251219_541.vsi,324,ch1,0.10143745418174337,0.06323227551946475,,False,,0.6490113139152527,0.6303030252456665,0.7247058749198914,0.05065987547168422,0.06323227551946475,0.07241415820191296,0.0925345810697501,0.10143745418174337,0.10073886527141514,0.1274568885564804,0.12329494953155518,0.14932501316070557
632,\\srv-fs.ad.nudz.cz\BV_data\Brejtr\ActiveProjects\Microscopy\20251219\7_3_PSY_24hod_5_Multichannel Z-Stack_20251219_542.vsi,7_3_PSY_24hod_5_Multichannel Z-Stack_20251219_542.npy,\\srv-fs.ad.nudz.cz\BV_data\Brejtr\ActiveProjects\Microscopy\20251219\7_3_PSY_24hod_5_Multichannel Z-Stack_20251219_542.vsi,324,ch2,0.11429404747433437,0.08168524738272634,,False,,0.6891385912895203,0.6936416029930115,0.7247058749198914,0.05599121281154091,0.06823179680453945,0.08168524738272634,0.09937979533271621,0.11365190455526313,0.11429404747433437,0.13809120655059814,0.13734914362430573,0.1484399288892746
633,\\srv-fs.ad.nudz.cz\BV_data\Brejtr\ActiveProjects\Microscopy\20251219\7_3_PSY_24hod_6_Multichannel Z-Stack_20251219_543.vsi,7_3_PSY_24hod_6_Multichannel Z-Stack_20251219_543.npy,\\srv-fs.ad.nudz.cz\BV_data\Brejtr\ActiveProjects\Microscopy\20251219\7_3_PSY_24hod_6_Multichannel Z-Stack_20251219_543.vsi,324,ch1,0.09227015926134341,0.05669180912497076,,False,,0.6583924293518066,0.681506872177124,0.6721804738044739,0.051593825048771046,0.05669180912497076,0.05410414948508854,0.09198691261693184,0.09227015926134341,0.07680494050039666,0.1316620260477066,0.13493941724300385,0.1329316645860672
634,\\srv-fs.ad.nudz.cz\BV_data\Brejtr\ActiveProjects\Microscopy\20251219\7_3_PSY_24hod_7_Multichannel Z-Stack_20251219_544.vsi,7_3_PSY_24hod_7_Multichannel Z-Stack_20251219_544.npy,\\srv-fs.ad.nudz.cz\BV_data\Brejtr\ActiveProjects\Microscopy\20251219\7_3_PSY_24hod_7_Multichannel Z-Stack_20251219_544.vsi,324,ch1,0.08290872683904787,0.05097828569263888,,False,,0.580297589302063,0.6434937715530396,0.650231122970581,0.043424858455392845,0.05097828569263888,0.049839705219011356,0.0828110792313731,0.08290872683904787,0.07236445937051587,0.1140647754073143,0.12761273980140686,0.1262812465429306
635,\\srv-fs.ad.nudz.cz\BV_data\Brejtr\ActiveProjects\Microscopy\20251219\7_3_PSY_24hod_8_Multichannel Z-Stack_20251219_545.vsi,7_3_PSY_24hod_8_Multichannel Z-Stack_20251219_545.npy,\\srv-fs.ad.nudz.cz\BV_data\Brejtr\ActiveProjects\Microscopy\20251219\7_3_PSY_24hod_8_Multichannel Z-Stack_20251219_545.vsi,324,ch1,0.10008360145010389,0.061884214260999014,,False,,0.6325757503509521,0.6690777540206909,0.715242862701416,0.049588069302953126,0.061884214260999014,0.05743576394657208,0.09167599930862204,0.10008360145010389,0.08210956897602115,0.12454982846975327,0.13441212475299835,0.14015620946884155
636,\\srv-fs.ad.nudz.cz\BV_data\Brejtr\ActiveProjects\Microscopy\20251219\7_3_PSY_24hod_9_Multichannel Z-Stack_20251219_546.vsi,7_3_PSY_24hod_9_Multichannel Z-Stack_20251219_546.npy,\\srv-fs.ad.nudz.cz\BV_data\Brejtr\ActiveProjects\Microscopy\20251219\7_3_PSY_24hod_9_Multichannel Z-Stack_20251219_546.vsi,324,ch1,0.10221303482241807,0.06283867457071751,,False,,0.6800000071525574,0.7185840606689453,0.6950998306274414,0.053966639537759806,0.06283867457071751,0.07019685953283916,0.09563346106360593,0.10221303482241807,0.09878508721347387,0.1377865970134735,0.14543144404888153,0.14316226541996002
637,\\srv-fs.ad.nudz.cz\BV_data\Brejtr\ActiveProjects\Microscopy\20251219\7_4_NORPSIHARMIN_24hod_10_Multichannel Z-Stack_20251219_577.vsi,7_4_NORPSIHARMIN_24hod_10_Multichannel Z-Stack_20251219_577.npy,\\srv-fs.ad.nudz.cz\BV_data\Brejtr\ActiveProjects\Microscopy\20251219\7_4_NORPSIHARMIN_24hod_10_Multichannel Z-Stack_20251219_577.vsi,324,ch2,0.1183192120097638,0.08567625113076222,,False,,0.6287878751754761,0.615015983581543,0.7234042286872864,0.051711253665366434,0.052641341776129655,0.08567625113076222,0.08769651399431265,0.0954098677818366,0.1183192120097638,0.12618519365787506,0.11592122167348862,0.1477920114994049
638,\\srv-fs.ad.nudz.cz\BV_data\Brejtr\ActiveProjects\Microscopy\20251219\7_4_NORPSIHARMIN_24hod_1_Multichannel Z-Stack_20251219_568.vsi,7_4_NORPSIHARMIN_24hod_1_Multichannel Z-Stack_20251219_568.npy,\\srv-fs.ad.nudz.cz\BV_data\Brejtr\ActiveProjects\Microscopy\20251219\7_4_NORPSIHARMIN_24hod_1_Multichannel Z-Stack_20251219_568.vsi,324,ch2,0.1244457709098878,0.09289130242573473,,False,,0.609929084777832,0.5600000023841858,0.6767676472663879,0.05826010051206811,0.056512049369627185,0.09289130242573473,0.09349298691937553,0.09760011649536804,0.1244457709098878,0.1228882223367691,0.1039104238152504,0.13474035263061523
639,\\srv-fs.ad.nudz.cz\BV_data\Brejtr\ActiveProjects\Microscopy\20251219\7_4_NORPSIHARMIN_24hod_2_Multichannel Z-Stack_20251219_569.vsi,7_4_NORPSIHARMIN_24hod_2_Multichannel Z-Stack_20251219_569.npy,\\srv-fs.ad.nudz.cz\BV_data\Brejtr\ActiveProjects\Microscopy\20251219\7_4_NORPSIHARMIN_24hod_2_Multichannel Z-Stack_20251219_569.vsi,324,ch2,0.11317802478142962,0.08182846306985145,,False,,0.651442289352417,0.636227548122406,0.7387640476226807,0.06120556050800672,0.05611955265617293,0.08182846306985145,0.09765088910717298,0.1021133843981772,0.11317802478142962,0.13448579609394073,0.12035724520683289,0.15168380737304688
640,\\srv-fs.ad.nudz.cz\BV_data\Brejtr\ActiveProjects\Microscopy\20251219\7_4_NORPSIHARMIN_24hod_3_Multichannel Z-Stack_20251219_570.vsi,7_4_NORPSIHARMIN_24hod_3_Multichannel Z-Stack_20251219_570.npy,\\srv-fs.ad.nudz.cz\BV_data\Brejtr\ActiveProjects\Microscopy\20251219\7_4_NORPSIHARMIN_24hod_3_Multichannel Z-Stack_20251219_570.vsi,324,ch2,0.11424360232283957,0.08407763959234893,,False,,0.6155844330787659,0.6097561120986938,0.6656891703605652,0.047541633867707454,0.0616177001751443,0.08407763959234893,0.0858749921767113,0.10153794232002612,0.11424360232283957,0.12216895818710327,0.11649642139673233,0.13091401755809784
641,\\srv-fs.ad.nudz.cz\BV_data\Brejtr\ActiveProjects\Microscopy\20251219\7_4_NORPSIHARMIN_24hod_4_Multichannel Z-Stack_20251219_571.vsi,7_4_NORPSIHARMIN_24hod_4_Multichannel Z-Stack_20251219_571.npy,\\srv-fs.ad.nudz.cz\BV_data\Brejtr\ActiveProjects\Microscopy\20251219\7_4_NORPSIHARMIN_24hod_4_Multichannel Z-Stack_20251219_571.vsi,324,ch1,0.10439691564879693,0.06458309317952957,,False,,0.6828685402870178,0.680672287940979,0.7211538553237915,0.04992990965445749,0.06458309317952957,0.07143502908943906,0.0870349621292969,0.10439691564879693,0.09660011481352808,0.13608229160308838,0.13577336072921753,0.1453585922718048
642,\\srv-fs.ad.nudz.cz\BV_data\Brejtr\ActiveProjects\Microscopy\20251219\7_4_NORPSIHARMIN_24hod_5_Multichannel Z-Stack_20251219_572.vsi,7_4_NORPSIHARMIN_24hod_5_Multichannel Z-Stack_20251219_572.npy,\\srv-fs.ad.nudz.cz\BV_data\Brejtr\ActiveProjects\Microscopy\20251219\7_4_NORPSIHARMIN_24hod_5_Multichannel Z-Stack_20251219_572.vsi,324,ch2,0.10026043839683815,0.07102224218640656,,False,,0.6384615302085876,0.6130573153495789,0.6791568994522095,0.04634015018934745,0.049820613773318576,0.07102224218640656,0.08341323875184536,0.09015985381436813,0.10026043839683815,0.12927214801311493,0.11702878773212433,0.13570468127727509
643,\\srv-fs.ad.nudz.cz\BV_data\Brejtr\ActiveProjects\Microscopy\20251219\7_4_NORPSIHARMIN_24hod_6_Multichannel Z-Stack_20251219_573.vsi,7_4_NORPSIHARMIN_24hod_6_Multichannel Z-Stack_20251219_573.npy,\\srv-fs.ad.nudz.cz\BV_data\Brejtr\ActiveProjects\Microscopy\20251219\7_4_NORPSIHARMIN_24hod_6_Multichannel Z-Stack_20251219_573.vsi,324,ch2,0.11269327338413244,0.08040154341741763,,False,,0.6396648287773132,0.613223135471344,0.7290502786636353,0.05172709466842975,0.0610258829714307,0.08040154341741763,0.09052944950307833,0.10962664100078708,0.11269327338413244,0.12864308059215546,0.11527394503355026,0.1494588702917099
644,\\srv-fs.ad.nudz.cz\BV_data\Brejtr\ActiveProjects\Microscopy\20251219\7_4_NORPSIHARMIN_24hod_7_Multichannel Z-Stack_20251219_574.vsi,7_4_NORPSIHARMIN_24hod_7_Multichannel Z-Stack_20251219_574.npy,\\srv-fs.ad.nudz.cz\BV_data\Brejtr\ActiveProjects\Microscopy\20251219\7_4_NORPSIHARMIN_24hod_7_Multichannel Z-Stack_20251219_574.vsi,324,ch2,0.12146282655388224,0.08760813240363799,,False,,0.5897260308265686,0.541891872882843,0.6686567068099976,0.045436956715287385,0.04967884551911141,0.08760813240363799,0.08259153056232665,0.08880111067177412,0.12146282655388224,0.11144596338272095,0.1004745364189148,0.1353411227464676
645,\\srv-fs.ad.nudz.cz\BV_data\Brejtr\ActiveProjects\Microscopy\20251219\7_4_NORPSIHARMIN_24hod_8_Multichannel Z-Stack_20251219_575.vsi,7_4_NORPSIHARMIN_24hod_8_Multichannel Z-Stack_20251219_575.npy,\\srv-fs.ad.nudz.cz\BV_data\Brejtr\ActiveProjects\Microscopy\20251219\7_4_NORPSIHARMIN_24hod_8_Multichannel Z-Stack_20251219_575.vsi,324,ch2,0.11793143574555062,0.08723811333801311,,False,,0.6077097654342651,0.624454140663147,0.6769230961799622,0.053525788584912595,0.0629347287983702,0.08723811333801311,0.09050014130017425,0.10589285234205054,0.11793143574555062,0.12416346371173859,0.1163824051618576,0.13542723655700684
646,\\srv-fs.ad.nudz.cz\BV_data\Brejtr\ActiveProjects\Microscopy\20251219\7_4_NORPSIHARMIN_24hod_9_Multichannel Z-Stack_20251219_576.vsi,7_4_NORPSIHARMIN_24hod_9_Multichannel Z-Stack_20251219_576.npy,\\srv-fs.ad.nudz.cz\BV_data\Brejtr\ActiveProjects\Microscopy\20251219\7_4_NORPSIHARMIN_24hod_9_Multichannel Z-Stack_20251219_576.vsi,324,ch1,0.09794946806973573,0.054426158026988664,,False,,0.663489043712616,0.6472060084342957,0.6839506030082703,0.04623165768377549,0.054426158026988664,0.06959610459611429,0.0807883058139299,0.09794946806973573,0.09734190856774125,0.13518007099628448,0.12437859922647476,0.1362372785806656
647,\\srv-fs.ad.nudz.cz\BV_data\Brejtr\ActiveProjects\Microscopy\20251219\7_4_NORPSI_24hod_10_Multichannel Z-Stack_20251219_567.vsi,7_4_NORPSI_24hod_10_Multichannel Z-Stack_20251219_567.npy,\\srv-fs.ad.nudz.cz\BV_data\Brejtr\ActiveProjects\Microscopy\20251219\7_4_NORPSI_24hod_10_Multichannel Z-Stack_20251219_567.vsi,324,ch1,0.10583070517455262,0.06778282690366708,,False,,0.6590723991394043,0.6363636255264282,0.7131578922271729,0.047425328319897764,0.06778282690366708,0.07473280000098408,0.084415962908304,0.10583070517455262,0.10133630637345495,0.13225692510604858,0.12036299705505371,0.14187006652355194
648,\\srv-fs.ad.nudz.cz\BV_data\Brejtr\ActiveProjects\Microscopy\20251219\7_4_NORPSI_24hod_1_Multichannel Z-Stack_20251219_558.vsi,7_4_NORPSI_24hod_1_Multichannel Z-Stack_20251219_558.npy,\\srv-fs.ad.nudz.cz\BV_data\Brejtr\ActiveProjects\Microscopy\20251219\7_4_NORPSI_24hod_1_Multichannel Z-Stack_20251219_558.vsi,324,ch1,0.10136838123721227,0.06876121307023564,,False,,0.6134880185127258,0.6229507923126221,0.6507537961006165,0.04550474541050395,0.06876121307023564,0.07120870005323424,0.08294626583289837,0.10136838123721227,0.097781957004392,0.11794940382242203,0.11989836394786835,0.12514282763004303
649,\\srv-fs.ad.nudz.cz\BV_data\Brejtr\ActiveProjects\Microscopy\20251219\7_4_NORPSI_24hod_2_Multichannel Z-Stack_20251219_559.vsi,7_4_NORPSI_24hod_2_Multichannel Z-Stack_20251219_559.npy,\\srv-fs.ad.nudz.cz\BV_data\Brejtr\ActiveProjects\Microscopy\20251219\7_4_NORPSI_24hod_2_Multichannel Z-Stack_20251219_559.vsi,324,ch1,0.09810213079127399,0.06645267315801327,,False,,0.6315419673919678,0.6543535590171814,0.6742268204689026,0.04510507457402216,0.06645267315801327,0.06138404160061705,0.08381187868433873,0.09810213079127399,0.08531848177766858,0.12377642840147018,0.13070039451122284,0.13054870069026947
650,\\srv-fs.ad.nudz.cz\BV_data\Brejtr\ActiveProjects\Microscopy\20251219\7_4_NORPSI_24hod_3_Multichannel Z-Stack_20251219_560.vsi,7_4_NORPSI_24hod_3_Multichannel Z-Stack_20251219_560.npy,\\srv-fs.ad.nudz.cz\BV_data\Brejtr\ActiveProjects\Microscopy\20251219\7_4_NORPSI_24hod_3_Multichannel Z-Stack_20251219_560.vsi,324,ch1,0.09312153071893187,0.05874381035719038,,False,,0.6787564754486084,0.7078431248664856,0.6640776991844177,0.05052688773587861,0.05874381035719038,0.06717484985431925,0.08799549486852515,0.09312153071893187,0.09280041809284773,0.13736453652381897,0.14563341438770294,0.1375998854637146
651,\\srv-fs.ad.nudz.cz\BV_data\Brejtr\ActiveProjects\Microscopy\20251219\7_4_NORPSI_24hod_4_Multichannel Z-Stack_20251219_561.vsi,7_4_NORPSI_24hod_4_Multichannel Z-Stack_20251219_561.npy,\\srv-fs.ad.nudz.cz\BV_data\Brejtr\ActiveProjects\Microscopy\20251219\7_4_NORPSI_24hod_4_Multichannel Z-Stack_20251219_561.vsi,324,ch1,0.10071020959581423,0.06128064023428106,,False,,0.6394343972206116,0.6555323600769043,0.6553784608840942,0.05310440913829218,0.06128064023428106,0.060364768529381406,0.0950776073286253,0.10071020959581423,0.08506027595740848,0.12860293686389923,0.12731797993183136,0.1258133053779602
652,\\srv-fs.ad.nudz.cz\BV_data\Brejtr\ActiveProjects\Microscopy\20251219\7_4_NORPSI_24hod_5_Multichannel Z-Stack_20251219_562.vsi,7_4_NORPSI_24hod_5_Multichannel Z-Stack_20251219_562.npy,\\srv-fs.ad.nudz.cz\BV_data\Brejtr\ActiveProjects\Microscopy\20251219\7_4_NORPSI_24hod_5_Multichannel Z-Stack_20251219_562.vsi,324,ch1,0.09952326033386336,0.05969425839260011,,False,,0.656263530254364,0.6773888468742371,0.685606062412262,0.049010454994754725,0.05969425839260011,0.05862503768729394,0.08712782465898573,0.09952326033386336,0.0824619357123727,0.13348446786403656,0.1320873647928238,0.13603921234607697
653,\\srv-fs.ad.nudz.cz\BV_data\Brejtr\ActiveProjects\Microscopy\20251219\7_4_NORPSI_24hod_6_Multichannel Z-Stack_20251219_563.vsi,7_4_NORPSI_24hod_6_Multichannel Z-Stack_20251219_563.npy,\\srv-fs.ad.nudz.cz\BV_data\Brejtr\ActiveProjects\Microscopy\20251219\7_4_NORPSI_24hod_6_Multichannel Z-Stack_20251219_563.vsi,324,ch1,0.09460319720208363,0.059436659924044156,,False,,0.6475570201873779,0.6712871193885803,0.6881287693977356,0.04476702152636176,0.059436659924044156,0.06303028669510488,0.08211830332012716,0.09460319720208363,0.08854347370683323,0.13180238008499146,0.13204604387283325,0.13983005285263062
654,\\srv-fs.ad.nudz.cz\BV_data\Brejtr\ActiveProjects\Microscopy\20251219\7_4_NORPSI_24hod_7_Multichannel Z-Stack_20251219_564.vsi,7_4_NORPSI_24hod_7_Multichannel Z-Stack_20251219_564.npy,\\srv-fs.ad.nudz.cz\BV_data\Brejtr\ActiveProjects\Microscopy\20251219\7_4_NORPSI_24hod_7_Multichannel Z-Stack_20251219_564.vsi,324,ch1,0.09624874862672915,0.05720976300576213,,False,,0.6587250232696533,0.6371099948883057,0.7157257795333862,0.04950820001320138,0.05720976300576213,0.0664584034443543,0.089592234177703,0.09624874862672915,0.09412632644613102,0.13291344046592712,0.12545447051525116,0.14751291275024414
655,\\srv-fs.ad.nudz.cz\BV_data\Brejtr\ActiveProjects\Microscopy\20251219\7_4_NORPSI_24hod_8_Multichannel Z-Stack_20251219_565.vsi,7_4_NORPSI_24hod_8_Multichannel Z-Stack_20251219_565.npy,\\srv-fs.ad.nudz.cz\BV_data\Brejtr\ActiveProjects\Microscopy\20251219\7_4_NORPSI_24hod_8_Multichannel Z-Stack_20251219_565.vsi,324,ch2,0.09896506321325932,0.07289976085994936,,False,,0.6509919166564941,0.634743869304657,0.7067669034004211,0.04318766829768247,0.06157322670540715,0.07289976085994936,0.07718481044704774,0.0939826354025161,0.09896506321325932,0.1282329559326172,0.12399200350046158,0.14314261078834534
656,\\srv-fs.ad.nudz.cz\BV_data\Brejtr\ActiveProjects\Microscopy\20251219\7_4_NORPSI_24hod_9_Multichannel Z-Stack_20251219_566.vsi,7_4_NORPSI_24hod_9_Multichannel Z-Stack_20251219_566.npy,\\srv-fs.ad.nudz.cz\BV_data\Brejtr\ActiveProjects\Microscopy\20251219\7_4_NORPSI_24hod_9_Multichannel Z-Stack_20251219_566.vsi,324,ch1,0.10103745996416783,0.07000889302275402,,False,,0.639276921749115,0.6713880896568298,0.6860158443450928,0.04460888001112122,0.07000889302275402,0.07450096207228891,0.08056682092288177,0.10103745996416783,0.09930665474617505,0.1286061555147171,0.131591796875,0.13696357607841492
657,\\srv-fs.ad.nudz.cz\BV_data\Brejtr\ActiveProjects\Microscopy\20251219\7_5_BAEOHARMIN_24hod_10_Multichannel Z-Stack_20251219_597.vsi,7_5_BAEOHARMIN_24hod_10_Multichannel Z-Stack_20251219_597.npy,\\srv-fs.ad.nudz.cz\BV_data\Brejtr\ActiveProjects\Microscopy\20251219\7_5_BAEOHARMIN_24hod_10_Multichannel Z-Stack_20251219_597.vsi,324,ch2,0.10362149310860819,0.07700620247598079,,False,,0.6583783626556396,0.6514806151390076,0.663239061832428,0.052580598264414136,0.06407957479513127,0.07700620247598079,0.08888277735047573,0.10292812608278765,0.10362149310860819,0.13324254751205444,0.12533101439476013,0.1317606121301651
658,\\srv-fs.ad.nudz.cz\BV_data\Brejtr\ActiveProjects\Microscopy\20251219\7_5_BAEOHARMIN_24hod_1_Multichannel Z-Stack_20251219_588.vsi,7_5_BAEOHARMIN_24hod_1_Multichannel Z-Stack_20251219_588.npy,\\srv-fs.ad.nudz.cz\BV_data\Brejtr\ActiveProjects\Microscopy\20251219\7_5_BAEOHARMIN_24hod_1_Multichannel Z-Stack_20251219_588.vsi,324,ch1,0.09461924264848193,0.0621923441517804,,False,,0.5966047048568726,0.6440678238868713,0.6537585258483887,0.043222627691752474,0.0621923441517804,0.06565154013750582,0.0789372040529423,0.09461924264848193,0.08987270815505846,0.11795729398727417,0.12391556054353714,0.12983208894729614
659,\\srv-fs.ad.nudz.cz\BV_data\Brejtr\ActiveProjects\Microscopy\20251219\7_5_BAEOHARMIN_24hod_2_Multichannel Z-Stack_20251219_589.vsi,7_5_BAEOHARMIN_24hod_2_Multichannel Z-Stack_20251219_589.npy,\\srv-fs.ad.nudz.cz\BV_data\Brejtr\ActiveProjects\Microscopy\20251219\7_5_BAEOHARMIN_24hod_2_Multichannel Z-Stack_20251219_589.vsi,324,ch2,0.10971633191212295,0.07958400683160004,,False,,0.625,0.6456211805343628,0.6578947305679321,0.053568740208902774,0.06596029810518925,0.07958400683160004,0.09417077756737884,0.10719344960260135,0.10971633191212295,0.12426961213350296,0.12176584452390671,0.13153603672981262
660,\\srv-fs.ad.nudz.cz\BV_data\Brejtr\ActiveProjects\Microscopy\20251219\7_5_BAEOHARMIN_24hod_3_Multichannel Z-Stack_20251219_590.vsi,7_5_BAEOHARMIN_24hod_3_Multichannel Z-Stack_20251219_590.npy,\\srv-fs.ad.nudz.cz\BV_data\Brejtr\ActiveProjects\Microscopy\20251219\7_5_BAEOHARMIN_24hod_3_Multichannel Z-Stack_20251219_590.vsi,324,ch2,0.10857366267422104,0.08050705451382645,,False,,0.6538049578666687,0.649350643157959,0.6838046312332153,0.05622816155402012,0.0726713057457266,0.08050705451382645,0.09444584839614577,0.10809046908434328,0.10857366267422104,0.13123075664043427,0.1266949325799942,0.13639704883098602
661,\\srv-fs.ad.nudz.cz\BV_data\Brejtr\ActiveProjects\Microscopy\20251219\7_5_BAEOHARMIN_24hod_4_Multichannel Z-Stack_20251219_591.vsi,7_5_BAEOHARMIN_24hod_4_Multichannel Z-Stack_20251219_591.npy,\\srv-fs.ad.nudz.cz\BV_data\Brejtr\ActiveProjects\Microscopy\20251219\7_5_BAEOHARMIN_24hod_4_Multichannel Z-Stack_20251219_591.vsi,324,ch1,0.10150342812093721,0.06259829202032026,,False,,0.6652719378471375,0.6513158082962036,0.6721311211585999,0.05219477654659807,0.06259829202032026,0.07177187954460831,0.08846468349007372,0.10150342812093721,0.09783049294565908,0.13427600264549255,0.12565752863883972,0.13320282101631165
662,\\srv-fs.ad.nudz.cz\BV_data\Brejtr\ActiveProjects\Microscopy\20251219\7_5_BAEOHARMIN_24hod_5_Multichannel Z-Stack_20251219_592.vsi,7_5_BAEOHARMIN_24hod_5_Multichannel Z-Stack_20251219_592.npy,\\srv-fs.ad.nudz.cz\BV_data\Brejtr\ActiveProjects\Microscopy\20251219\7_5_BAEOHARMIN_24hod_5_Multichannel Z-Stack_20251219_592.vsi,324,ch2,0.14135045864786422,0.11591029952444012,,False,,0.6277836561203003,0.5661478638648987,0.6419214010238647,0.05574065367853931,0.05799503781985716,0.11591029952444012,0.09064409892530828,0.09150592141663601,0.14135045864786422,0.12673455476760864,0.10992763936519623,0.1276646852493286
663,\\srv-fs.ad.nudz.cz\BV_data\Brejtr\ActiveProjects\Microscopy\20251219\7_5_BAEOHARMIN_24hod_6_Multichannel Z-Stack_20251219_593.vsi,7_5_BAEOHARMIN_24hod_6_Multichannel Z-Stack_20251219_593.npy,\\srv-fs.ad.nudz.cz\BV_data\Brejtr\ActiveProjects\Microscopy\20251219\7_5_BAEOHARMIN_24hod_6_Multichannel Z-Stack_20251219_593.vsi,324,ch2,0.11096016903697788,0.08130227081529325,,False,,0.6332288384437561,0.6260683536529541,0.6762402057647705,0.057502611372319205,0.06548524853190696,0.08130227081529325,0.09717912872388351,0.10542316934692422,0.11096016903697788,0.12528039515018463,0.11850304156541824,0.13253293931484222
664,\\srv-fs.ad.nudz.cz\BV_data\Brejtr\ActiveProjects\Microscopy\20251219\7_5_BAEOHARMIN_24hod_7_Multichannel Z-Stack_20251219_594.vsi,7_5_BAEOHARMIN_24hod_7_Multichannel Z-Stack_20251219_594.npy,\\srv-fs.ad.nudz.cz\BV_data\Brejtr\ActiveProjects\Microscopy\20251219\7_5_BAEOHARMIN_24hod_7_Multichannel Z-Stack_20251219_594.vsi,324,ch2,0.14703121641443842,0.1149498773487423,,False,,0.6551724076271057,0.6514523029327393,0.6904761791229248,0.054503860935480056,0.06625731691974283,0.1149498773487423,0.09135507001940926,0.10437270110903359,0.14703121641443842,0.13110902905464172,0.12568038702011108,0.1411151885986328
665,\\srv-fs.ad.nudz.cz\BV_data\Brejtr\ActiveProjects\Microscopy\20251219\7_5_BAEOHARMIN_24hod_8_Multichannel Z-Stack_20251219_595.vsi,7_5_BAEOHARMIN_24hod_8_Multichannel Z-Stack_20251219_595.npy,\\srv-fs.ad.nudz.cz\BV_data\Brejtr\ActiveProjects\Microscopy\20251219\7_5_BAEOHARMIN_24hod_8_Multichannel Z-Stack_20251219_595.vsi,324,ch2,0.09903205039647993,0.07358102435904953,,False,,0.6532663106918335,0.6711229681968689,0.6801007390022278,0.048696245171477345,0.06592135720601905,0.07358102435904953,0.08210407908517706,0.09735768157166441,0.09903205039647993,0.13397035002708435,0.132281094789505,0.13586033880710602
666,\\srv-fs.ad.nudz.cz\BV_data\Brejtr\ActiveProjects\Microscopy\20251219\7_5_BAEOHARMIN_24hod_9_Multichannel Z-Stack_20251219_596.vsi,7_5_BAEOHARMIN_24hod_9_Multichannel Z-Stack_20251219_596.npy,\\srv-fs.ad.nudz.cz\BV_data\Brejtr\ActiveProjects\Microscopy\20251219\7_5_BAEOHARMIN_24hod_9_Multichannel Z-Stack_20251219_596.vsi,324,ch2,0.10634118647834555,0.08022259137258211,,False,,0.636884331703186,0.6407766938209534,0.707988977432251,0.052686340137434624,0.06367332813353915,0.08022259137258211,0.0859456409482197,0.09705899143392706,0.10634118647834555,0.132919579744339,0.12579555809497833,0.14495471119880676
667,\\srv-fs.ad.nudz.cz\BV_data\Brejtr\ActiveProjects\Microscopy\20251219\7_5_BAEO_24hod_10_Multichannel Z-Stack_20251219_587.vsi,7_5_BAEO_24hod_10_Multichannel Z-Stack_20251219_587.npy,\\srv-fs.ad.nudz.cz\BV_data\Brejtr\ActiveProjects\Microscopy\20251219\7_5_BAEO_24hod_10_Multichannel Z-Stack_20251219_587.vsi,324,ch2,0.09918064600193124,0.07049444141979262,,False,,0.6034142971038818,0.5831809639930725,0.6913875341415405,0.04156268651425714,0.05346971918388965,0.07049444141979262,0.07842311092161393,0.0871332731490811,0.09918064600193124,0.11611020565032959,0.1106034591794014,0.13335341215133667
668,\\srv-fs.ad.nudz.cz\BV_data\Brejtr\ActiveProjects\Microscopy\20251219\7_5_BAEO_24hod_1_Multichannel Z-Stack_20251219_578.vsi,7_5_BAEO_24hod_1_Multichannel Z-Stack_20251219_578.npy,\\srv-fs.ad.nudz.cz\BV_data\Brejtr\ActiveProjects\Microscopy\20251219\7_5_BAEO_24hod_1_Multichannel Z-Stack_20251219_578.vsi,324,ch2,0.11126328168734535,0.07978064643097642,,False,,0.6378334760665894,0.6195462346076965,0.683698296546936,0.05119207172821617,0.06050669249896061,0.07978064643097642,0.09227534044546011,0.10547140602700865,0.11126328168734535,0.12725484371185303,0.11802508682012558,0.13717158138751984
669,\\srv-fs.ad.nudz.cz\BV_data\Brejtr\ActiveProjects\Microscopy\20251219\7_5_BAEO_24hod_2_Multichannel Z-Stack_20251219_579.vsi,7_5_BAEO_24hod_2_Multichannel Z-Stack_20251219_579.npy,\\srv-fs.ad.nudz.cz\BV_data\Brejtr\ActiveProjects\Microscopy\20251219\7_5_BAEO_24hod_2_Multichannel Z-Stack_20251219_579.vsi,324,ch1,0.1018886583336645,0.05781890286513266,,False,,0.6906474828720093,0.6838487982749939,0.6766595244407654,0.05268647839603891,0.05781890286513266,0.06943837256353119,0.09087388240257833,0.1018886583336645,0.09711172955127603,0.14346244931221008,0.1345062106847763,0.1349448412656784
670,\\srv-fs.ad.nudz.cz\BV_data\Brejtr\ActiveProjects\Microscopy\20251219\7_5_BAEO_24hod_3_Multichannel Z-Stack_20251219_580.vsi,7_5_BAEO_24hod_3_Multichannel Z-Stack_20251219_580.npy,\\srv-fs.ad.nudz.cz\BV_data\Brejtr\ActiveProjects\Microscopy\20251219\7_5_BAEO_24hod_3_Multichannel Z-Stack_20251219_580.vsi,324,ch2,0.11026069260101844,0.08007739148373096,,False,,0.6143497824668884,0.591160237789154,0.688524603843689,0.04962926551028553,0.05893251658375022,0.08007739148373096,0.08805485884292716,0.09999746538041063,0.11026069260101844,0.1217159628868103,0.11119524389505386,0.1372898817062378
671,\\srv-fs.ad.nudz.cz\BV_data\Brejtr\ActiveProjects\Microscopy\20251219\7_5_BAEO_24hod_4_Multichannel Z-Stack_20251219_581.vsi,7_5_BAEO_24hod_4_Multichannel Z-Stack_20251219_581.npy,\\srv-fs.ad.nudz.cz\BV_data\Brejtr\ActiveProjects\Microscopy\20251219\7_5_BAEO_24hod_4_Multichannel Z-Stack_20251219_581.vsi,324,ch1,0.10232822545196694,0.06506812897300256,,False,,0.6117775440216064,0.6363636255264282,0.6689497828483582,0.050041566880749615,0.06506812897300256,0.0645631792200993,0.08782098383448861,0.10232822545196694,0.08841778358402337,0.12221813946962357,0.12295253574848175,0.13131673634052277
672,\\srv-fs.ad.nudz.cz\BV_data\Brejtr\ActiveProjects\Microscopy\20251219\7_5_BAEO_24hod_5_Multichannel Z-Stack_20251219_582.vsi,7_5_BAEO_24hod_5_Multichannel Z-Stack_20251219_582.npy,\\srv-fs.ad.nudz.cz\BV_data\Brejtr\ActiveProjects\Microscopy\20251219\7_5_BAEO_24hod_5_Multichannel Z-Stack_20251219_582.vsi,324,ch1,0.0940816902162016,0.05849018138944533,,False,,0.6295871734619141,0.668067216873169,0.67641681432724,0.052957469863473425,0.05849018138944533,0.0582284983227297,0.08942356859864073,0.0940816902162016,0.08117268922737461,0.12753218412399292,0.12940408289432526,0.1347576081752777
673,\\srv-fs.ad.nudz.cz\BV_data\Brejtr\ActiveProjects\Microscopy\20251219\7_5_BAEO_24hod_6_Multichannel Z-Stack_20251219_583.vsi,7_5_BAEO_24hod_6_Multichannel Z-Stack_20251219_583.npy,\\srv-fs.ad.nudz.cz\BV_data\Brejtr\ActiveProjects\Microscopy\20251219\7_5_BAEO_24hod_6_Multichannel Z-Stack_20251219_583.vsi,324,ch2,0.1147860368403963,0.08046004284978515,,False,,0.6371367573738098,0.5897436141967773,0.710997462272644,0.04474007004308246,0.05042319033250273,0.08046004284978515,0.0827863768133897,0.09175632573173656,0.1147860368403963,0.12444201856851578,0.11192100495100021,0.1429852694272995
674,\\srv-fs.ad.nudz.cz\BV_data\Brejtr\ActiveProjects\Microscopy\20251219\7_5_BAEO_24hod_7_Multichannel Z-Stack_20251219_584.vsi,7_5_BAEO_24hod_7_Multichannel Z-Stack_20251219_584.npy,\\srv-fs.ad.nudz.cz\BV_data\Brejtr\ActiveProjects\Microscopy\20251219\7_5_BAEO_24hod_7_Multichannel Z-Stack_20251219_584.vsi,324,ch1,0.09733724311484628,0.061536923047122764,,False,,0.6438653469085693,0.6036036014556885,0.6538461446762085,0.04693403438382974,0.061536923047122764,0.06731012205975445,0.08137472481093594,0.09733724311484628,0.09061441655345821,0.13201630115509033,0.11634490638971329,0.12684594094753265
675,\\srv-fs.ad.nudz.cz\BV_data\Brejtr\ActiveProjects\Microscopy\20251219\7_5_BAEO_24hod_8_Multichannel Z-Stack_20251219_585.vsi,7_5_BAEO_24hod_8_Multichannel Z-Stack_20251219_585.npy,\\srv-fs.ad.nudz.cz\BV_data\Brejtr\ActiveProjects\Microscopy\20251219\7_5_BAEO_24hod_8_Multichannel Z-Stack_20251219_585.vsi,324,ch1,0.09538222115049207,0.05771658274707598,,False,,0.6110638380050659,0.5844559669494629,0.6650000214576721,0.0407647517009873,0.05771658274707598,0.06871294718213139,0.0749906277317814,0.09538222115049207,0.09379847765436204,0.12073766440153122,0.11003601551055908,0.1312638819217682
676,\\srv-fs.ad.nudz.cz\BV_data\Brejtr\ActiveProjects\Microscopy\20251219\7_5_BAEO_24hod_9_Multichannel Z-Stack_20251219_586.vsi,7_5_BAEO_24hod_9_Multichannel Z-Stack_20251219_586.npy,\\srv-fs.ad.nudz.cz\BV_data\Brejtr\ActiveProjects\Microscopy\20251219\7_5_BAEO_24hod_9_Multichannel Z-Stack_20251219_586.vsi,324,ch2,0.1042159011559378,0.07612651104000563,,False,,0.6425839364525181,0.6277533173561096,0.688524603843689,0.047270497176560074,0.061905887918198434,0.07612651104000563,0.08389618859868438,0.10078782766486623,0.1042159011559378,0.12848827242851257,0.12057798355817795,0.13692975044250488
677,\\srv-fs.ad.nudz.cz\BV_data\Brejtr\ActiveProjects\Microscopy\20251219\7_6_NORBAEOHARMIN_24hod_10_Multichannel Z-Stack_20251219_618.vsi,7_6_NORBAEOHARMIN_24hod_10_Multichannel Z-Stack_20251219_618.npy,\\srv-fs.ad.nudz.cz\BV_data\Brejtr\ActiveProjects\Microscopy\20251219\7_6_NORBAEOHARMIN_24hod_10_Multichannel Z-Stack_20251219_618.vsi,324,ch2,0.10230640400577909,0.07548767693201955,,False,,0.6481900215148926,0.6399999856948853,0.6853932738304138,0.04922768656004764,0.057887264459470525,0.07548767693201955,0.08317282873897001,0.0971180573310352,0.10230640400577909,0.1336168646812439,0.12302587926387787,0.13526558876037598
678,\\srv-fs.ad.nudz.cz\BV_data\Brejtr\ActiveProjects\Microscopy\20251219\7_6_NORBAEOHARMIN_24hod_1_Multichannel Z-Stack_20251219_608.vsi,7_6_NORBAEOHARMIN_24hod_1_Multichannel Z-Stack_20251219_608.npy,\\srv-fs.ad.nudz.cz\BV_data\Brejtr\ActiveProjects\Microscopy\20251219\7_6_NORBAEOHARMIN_24hod_1_Multichannel Z-Stack_20251219_608.vsi,324,ch1,0.11320210281530586,0.07390705377051196,,False,,0.6537125736470529,0.6470588445663452,0.6944444179534912,0.053329986178705324,0.07390705377051196,0.0845189298424097,0.0907320663393445,0.11320210281530586,0.11052340847482091,0.1326197236776352,0.12343837320804596,0.137262225151062
679,\\srv-fs.ad.nudz.cz\BV_data\Brejtr\ActiveProjects\Microscopy\20251219\7_6_NORBAEOHARMIN_24hod_2_Multichannel Z-Stack_20251219_609.vsi,7_6_NORBAEOHARMIN_24hod_2_Multichannel Z-Stack_20251219_609.npy,\\srv-fs.ad.nudz.cz\BV_data\Brejtr\ActiveProjects\Microscopy\20251219\7_6_NORBAEOHARMIN_24hod_2_Multichannel Z-Stack_20251219_609.vsi,324,ch2,0.10592442336610927,0.07949727594998716,,False,,0.6465116143226624,0.6569506525993347,0.7013698816299438,0.05263431950325624,0.06393796594760023,0.07949727594998716,0.08953853436456383,0.10133286378337172,0.10592442336610927,0.13284896314144135,0.127126082777977,0.14256155490875244
680,\\srv-fs.ad.nudz.cz\BV_data\Brejtr\ActiveProjects\Microscopy\20251219\7_6_NORBAEOHARMIN_24hod_3_Multichannel Z-Stack_20251219_610.vsi,7_6_NORBAEOHARMIN_24hod_3_Multichannel Z-Stack_20251219_610.npy,\\srv-fs.ad.nudz.cz\BV_data\Brejtr\ActiveProjects\Microscopy\20251219\7_6_NORBAEOHARMIN_24hod_3_Multichannel Z-Stack_20251219_610.vsi,324,ch2,0.10033799103625564,0.07238730893140727,,False,,0.6312346458435059,0.6174784898757935,0.7272727489471436,0.04941521790223492,0.053711978985926744,0.07238730893140727,0.0872054086100868,0.09823888548993,0.10033799103625564,0.12561026215553284,0.11667625606060028,0.14693313837051392
681,\\srv-fs.ad.nudz.cz\BV_data\Brejtr\ActiveProjects\Microscopy\20251219\7_6_NORBAEOHARMIN_24hod_3b_Multichannel Z-Stack_20251219_611.vsi,7_6_NORBAEOHARMIN_24hod_3b_Multichannel Z-Stack_20251219_611.npy,\\srv-fs.ad.nudz.cz\BV_data\Brejtr\ActiveProjects\Microscopy\20251219\7_6_NORBAEOHARMIN_24hod_3b_Multichannel Z-Stack_20251219_611.vsi,324,ch2,0.09371749346307985,0.0693785196681843,,False,,0.6747747659683228,0.6756756901741028,0.642259418964386,0.04794932961451473,0.05824549852384778,0.0693785196681843,0.08390350084014699,0.09329102830693602,0.09371749346307985,0.14157405495643616,0.1389404535293579,0.13286149501800537
682,\\srv-fs.ad.nudz.cz\BV_data\Brejtr\ActiveProjects\Microscopy\20251219\7_6_NORBAEOHARMIN_24hod_4_Multichannel Z-Stack_20251219_612.vsi,7_6_NORBAEOHARMIN_24hod_4_Multichannel Z-Stack_20251219_612.npy,\\srv-fs.ad.nudz.cz\BV_data\Brejtr\ActiveProjects\Microscopy\20251219\7_6_NORBAEOHARMIN_24hod_4_Multichannel Z-Stack_20251219_612.vsi,324,ch2,0.12057700026363559,0.08947094226408847,,False,,0.6683217287063599,0.667560338973999,0.6732394099235535,0.053082462769987605,0.07735487776002668,0.08947094226408847,0.0933670248272552,0.11703309198246561,0.12057700026363559,0.13355188071727753,0.12912122905254364,0.1351167857646942
683,\\srv-fs.ad.nudz.cz\BV_data\Brejtr\ActiveProjects\Microscopy\20251219\7_6_NORBAEOHARMIN_24hod_5_Multichannel Z-Stack_20251219_613.vsi,7_6_NORBAEOHARMIN_24hod_5_Multichannel Z-Stack_20251219_613.npy,\\srv-fs.ad.nudz.cz\BV_data\Brejtr\ActiveProjects\Microscopy\20251219\7_6_NORBAEOHARMIN_24hod_5_Multichannel Z-Stack_20251219_613.vsi,324,ch1,0.09676425691764132,0.060571709892528046,,False,,0.625,0.6244019269943237,0.650632917881012,0.04459022929105477,0.060571709892528046,0.06662050138851734,0.07927805079429218,0.09676425691764132,0.09003507457711014,0.1283908486366272,0.12072926759719849,0.1265229433774948
684,\\srv-fs.ad.nudz.cz\BV_data\Brejtr\ActiveProjects\Microscopy\20251219\7_6_NORBAEOHARMIN_24hod_6_Multichannel Z-Stack_20251219_614.vsi,7_6_NORBAEOHARMIN_24hod_6_Multichannel Z-Stack_20251219_614.npy,\\srv-fs.ad.nudz.cz\BV_data\Brejtr\ActiveProjects\Microscopy\20251219\7_6_NORBAEOHARMIN_24hod_6_Multichannel Z-Stack_20251219_614.vsi,324,ch1,0.08965856700072886,0.0524972247230052,,False,,0.6548672318458557,0.6370370388031006,0.6445916295051575,0.044623991068464666,0.0524972247230052,0.06333371666929065,0.07905259891183773,0.08965856700072886,0.0873382512888281,0.1327812820672989,0.12315002828836441,0.1277858465909958
685,\\srv-fs.ad.nudz.cz\BV_data\Brejtr\ActiveProjects\Microscopy\20251219\7_6_NORBAEOHARMIN_24hod_7_Multichannel Z-Stack_20251219_615.vsi,7_6_NORBAEOHARMIN_24hod_7_Multichannel Z-Stack_20251219_615.npy,\\srv-fs.ad.nudz.cz\BV_data\Brejtr\ActiveProjects\Microscopy\20251219\7_6_NORBAEOHARMIN_24hod_7_Multichannel Z-Stack_20251219_615.vsi,324,ch2,0.10018945650705464,0.07418989492758335,,False,,0.6370292901992798,0.6330472230911255,0.6801075339317322,0.04724043494186632,0.05940703932194055,0.07418989492758335,0.08083859557727383,0.09631571101710565,0.10018945650705464,0.12807875871658325,0.12120793759822845,0.1379871517419815
686,\\srv-fs.ad.nudz.cz\BV_data\Brejtr\ActiveProjects\Microscopy\20251219\7_6_NORBAEOHARMIN_24hod_8_Multichannel Z-Stack_20251219_616.vsi,7_6_NORBAEOHARMIN_24hod_8_Multichannel Z-Stack_20251219_616.npy,\\srv-fs.ad.nudz.cz\BV_data\Brejtr\ActiveProjects\Microscopy\20251219\7_6_NORBAEOHARMIN_24hod_8_Multichannel Z-Stack_20251219_616.vsi,324,ch2,0.12329140847241404,0.08774395171695046,,False,,0.620993971824646,0.6219512224197388,0.6796407103538513,0.03275038460867113,0.05884498533688703,0.08774395171695046,0.06927234989130132,0.0952133602563419,0.12329140847241404,0.11995764821767807,0.1163487434387207,0.13454382121562958
687,\\srv-fs.ad.nudz.cz\BV_data\Brejtr\ActiveProjects\Microscopy\20251219\7_6_NORBAEOHARMIN_24hod_9_Multichannel Z-Stack_20251219_617.vsi,7_6_NORBAEOHARMIN_24hod_9_Multichannel Z-Stack_20251219_617.npy,\\srv-fs.ad.nudz.cz\BV_data\Brejtr\ActiveProjects\Microscopy\20251219\7_6_NORBAEOHARMIN_24hod_9_Multichannel Z-Stack_20251219_617.vsi,324,ch2,0.11597725820525735,0.0873000753761201,,False,,0.6293969750404358,0.618625283241272,0.6920415163040161,0.04960833300782253,0.05860805833703938,0.0873000753761201,0.08376940712909609,0.09632305960619146,0.11597725820525735,0.126590758562088,0.11557504534721375,0.13734440505504608
688,\\srv-fs.ad.nudz.cz\BV_data\Brejtr\ActiveProjects\Microscopy\20251219\7_6_NORBAEO_24hod_10_Multichannel Z-Stack_20251219_607.vsi,7_6_NORBAEO_24hod_10_Multichannel Z-Stack_20251219_607.npy,\\srv-fs.ad.nudz.cz\BV_data\Brejtr\ActiveProjects\Microscopy\20251219\7_6_NORBAEO_24hod_10_Multichannel Z-Stack_20251219_607.vsi,324,ch1,0.08395025718099637,0.04926524637602102,,False,,0.6439393758773804,0.609942615032196,0.689223051071167,0.0404453281624471,0.04926524637602102,0.05934715696107208,0.0707404982313216,0.08395025718099637,0.0807273309204354,0.1316325068473816,0.11560957878828049,0.13610783219337463
689,\\srv-fs.ad.nudz.cz\BV_data\Brejtr\ActiveProjects\Microscopy\20251219\7_6_NORBAEO_24hod_1_Multichannel Z-Stack_20251219_598.vsi,7_6_NORBAEO_24hod_1_Multichannel Z-Stack_20251219_598.npy,\\srv-fs.ad.nudz.cz\BV_data\Brejtr\ActiveProjects\Microscopy\20251219\7_6_NORBAEO_24hod_1_Multichannel Z-Stack_20251219_598.vsi,324,ch2,0.11825668376635295,0.09574250015074132,,False,,0.6253776550292969,0.6313253045082092,0.699999988079071,0.043765319347469356,0.057789740849686425,0.09574250015074132,0.0774642108405321,0.08927886611322368,0.11825668376635295,0.12488649785518646,0.12128231674432755,0.13753478229045868
690,\\srv-fs.ad.nudz.cz\BV_data\Brejtr\ActiveProjects\Microscopy\20251219\7_6_NORBAEO_24hod_2_Multichannel Z-Stack_20251219_599.vsi,7_6_NORBAEO_24hod_2_Multichannel Z-Stack_20251219_599.npy,\\srv-fs.ad.nudz.cz\BV_data\Brejtr\ActiveProjects\Microscopy\20251219\7_6_NORBAEO_24hod_2_Multichannel Z-Stack_20251219_599.vsi,324,ch1,0.09818037191792704,0.059298967903181454,,False,,0.658108115196228,0.6089743375778198,0.694915235042572,0.047912452555211066,0.059298967903181454,0.06882011029342036,0.079829933825526,0.09818037191792704,0.0912905015286592,0.13513104617595673,0.11552182585000992,0.13656313717365265
691,\\srv-fs.ad.nudz.cz\BV_data\Brejtr\ActiveProjects\Microscopy\20251219\7_6_NORBAEO_24hod_3_Multichannel Z-Stack_20251219_600.vsi,7_6_NORBAEO_24hod_3_Multichannel Z-Stack_20251219_600.npy,\\srv-fs.ad.nudz.cz\BV_data\Brejtr\ActiveProjects\Microscopy\20251219\7_6_NORBAEO_24hod_3_Multichannel Z-Stack_20251219_600.vsi,324,ch2,0.10756835009496114,0.07867367363025755,,False,,0.6216712594032288,0.6125186085700989,0.7163323760032654,0.051344270464914805,0.0497428163654906,0.07867367363025755,0.08879933472707728,0.08897222047119571,0.10756835009496114,0.12232940644025803,0.11607798933982849,0.14499026536941528
692,\\srv-fs.ad.nudz.cz\BV_data\Brejtr\ActiveProjects\Microscopy\20251219\7_6_NORBAEO_24hod_4_Multichannel Z-Stack_20251219_601.vsi,7_6_NORBAEO_24hod_4_Multichannel Z-Stack_20251219_601.npy,\\srv-fs.ad.nudz.cz\BV_data\Brejtr\ActiveProjects\Microscopy\20251219\7_6_NORBAEO_24hod_4_Multichannel Z-Stack_20251219_601.vsi,324,ch2,0.08787935456156244,0.06680934348676677,,False,,0.618083655834198,0.5943877696990967,0.6985074877738953,0.04275590600990122,0.05838750821817616,0.06680934348676677,0.06993307260788158,0.08766961953161898,0.08787935456156244,0.12358343601226807,0.11138839274644852,0.1343529224395752
693,\\srv-fs.ad.nudz.cz\BV_data\Brejtr\ActiveProjects\Microscopy\20251219\7_6_NORBAEO_24hod_5_Multichannel Z-Stack_20251219_602.vsi,7_6_NORBAEO_24hod_5_Multichannel Z-Stack_20251219_602.npy,\\srv-fs.ad.nudz.cz\BV_data\Brejtr\ActiveProjects\Microscopy\20251219\7_6_NORBAEO_24hod_5_Multichannel Z-Stack_20251219_602.vsi,324,ch2,0.09755392606765761,0.07379702117292516,,False,,0.6443514823913574,0.618625283241272,0.7095808386802673,0.047353885834824805,0.055349316739192383,0.07379702117292516,0.07677877654165305,0.08740655035169279,0.09755392606765761,0.13259020447731018,0.1193668395280838,0.14047951996326447
694,\\srv-fs.ad.nudz.cz\BV_data\Brejtr\ActiveProjects\Microscopy\20251219\7_6_NORBAEO_24hod_6_Multichannel Z-Stack_20251219_603.vsi,7_6_NORBAEO_24hod_6_Multichannel Z-Stack_20251219_603.npy,\\srv-fs.ad.nudz.cz\BV_data\Brejtr\ActiveProjects\Microscopy\20251219\7_6_NORBAEO_24hod_6_Multichannel Z-Stack_20251219_603.vsi,324,ch2,0.1023704288013345,0.07422654375615773,,False,,0.6128739714622498,0.5875486135482788,0.6560693383216858,0.04338639275407942,0.053308109510764534,0.07422654375615773,0.08091621479372726,0.0906293895094906,0.1023704288013345,0.12061838060617447,0.1104736179113388,0.1268741935491562
695,\\srv-fs.ad.nudz.cz\BV_data\Brejtr\ActiveProjects\Microscopy\20251219\7_6_NORBAEO_24hod_7_Multichannel Z-Stack_20251219_604.vsi,7_6_NORBAEO_24hod_7_Multichannel Z-Stack_20251219_604.npy,\\srv-fs.ad.nudz.cz\BV_data\Brejtr\ActiveProjects\Microscopy\20251219\7_6_NORBAEO_24hod_7_Multichannel Z-Stack_20251219_604.vsi,324,ch2,0.10712986820206559,0.07870430243913618,,False,,0.597169816493988,0.5983263850212097,0.6840579509735107,0.048554518692284866,0.05978941307886668,0.07870430243913618,0.08797908156736481,0.099339684492733,0.10712986820206559,0.11753103882074356,0.1121736392378807,0.13636794686317444
696,\\srv-fs.ad.nudz.cz\BV_data\Brejtr\ActiveProjects\Microscopy\20251219\7_6_NORBAEO_24hod_8_Multichannel Z-Stack_20251219_605.vsi,7_6_NORBAEO_24hod_8_Multichannel Z-Stack_20251219_605.npy,\\srv-fs.ad.nudz.cz\BV_data\Brejtr\ActiveProjects\Microscopy\20251219\7_6_NORBAEO_24hod_8_Multichannel Z-Stack_20251219_605.vsi,324,ch2,0.10761375327651161,0.07677187448412408,,False,,0.6314893364906311,0.5944540500640869,0.6721763014793396,0.04613280209760125,0.056929798551515046,0.07677187448412408,0.08556877970860374,0.10137917603718237,0.10761375327651161,0.1258198767900467,0.11173199117183685,0.13120099902153015
697,\\srv-fs.ad.nudz.cz\BV_data\Brejtr\ActiveProjects\Microscopy\20251219\7_6_NORBAEO_24hod_9_Multichannel Z-Stack_20251219_606.vsi,7_6_NORBAEO_24hod_9_Multichannel Z-Stack_20251219_606.npy,\\srv-fs.ad.nudz.cz\BV_data\Brejtr\ActiveProjects\Microscopy\20251219\7_6_NORBAEO_24hod_9_Multichannel Z-Stack_20251219_606.vsi,324,ch2,0.10658685466246856,0.07874276386139102,,False,,0.605817437171936,0.574999988079071,0.6402438879013062,0.04466798994803824,0.05869709924171418,0.07874276386139102,0.08090238368266287,0.0962298783064632,0.10658685466246856,0.11957480758428574,0.10630642622709274,0.12262719869613647
698,\\srv-fs.ad.nudz.cz\BV_data\Brejtr\ActiveProjects\Microscopy\20251219\7_7_AERUGHARMIN_24hod_10_Multichannel Z-Stack_20251219_639.vsi,7_7_AERUGHARMIN_24hod_10_Multichannel Z-Stack_20251219_639.npy,\\srv-fs.ad.nudz.cz\BV_data\Brejtr\ActiveProjects\Microscopy\20251219\7_7_AERUGHARMIN_24hod_10_Multichannel Z-Stack_20251219_639.vsi,324,ch2,0.12917688401785915,0.08758800910346573,,False,,0.6266732811927795,0.5850556492805481,0.6832917928695679,0.04593473128847858,0.05979428928475687,0.08758800910346573,0.09542765364720164,0.10403186169859478,0.12917688401785915,0.1216202825307846,0.11076714098453522,0.1379082053899765
699,\\srv-fs.ad.nudz.cz\BV_data\Brejtr\ActiveProjects\Microscopy\20251219\7_7_AERUGHARMIN_24hod_1_Multichannel Z-Stack_20251219_630.vsi,7_7_AERUGHARMIN_24hod_1_Multichannel Z-Stack_20251219_630.npy,\\srv-fs.ad.nudz.cz\BV_data\Brejtr\ActiveProjects\Microscopy\20251219\7_7_AERUGHARMIN_24hod_1_Multichannel Z-Stack_20251219_630.vsi,324,ch1,0.12546364486252745,0.09349410805201716,,False,,0.6794425249099731,0.6273764371871948,0.6656151413917542,0.06289732064930868,0.09349410805201716,0.08980008700650208,0.09623335189569084,0.12546364486252745,0.11466587293883072,0.1387910395860672,0.125093013048172,0.12950032949447632
700,\\srv-fs.ad.nudz.cz\BV_data\Brejtr\ActiveProjects\Microscopy\20251219\7_7_AERUGHARMIN_24hod_2_Multichannel Z-Stack_20251219_631.vsi,7_7_AERUGHARMIN_24hod_2_Multichannel Z-Stack_20251219_631.npy,\\srv-fs.ad.nudz.cz\BV_data\Brejtr\ActiveProjects\Microscopy\20251219\7_7_AERUGHARMIN_24hod_2_Multichannel Z-Stack_20251219_631.vsi,324,ch1,0.12517423308175768,0.09285218839740962,,False,,0.6840148568153381,0.6401515007019043,0.6713286638259888,0.0650144130367916,0.09285218839740962,0.09734848007022473,0.09864841134111868,0.12517423308175768,0.12293410391754078,0.13980627059936523,0.12676440179347992,0.1319110095500946
701,\\srv-fs.ad.nudz.cz\BV_data\Brejtr\ActiveProjects\Microscopy\20251219\7_7_AERUGHARMIN_24hod_3_Multichannel Z-Stack_20251219_632.vsi,7_7_AERUGHARMIN_24hod_3_Multichannel Z-Stack_20251219_632.npy,\\srv-fs.ad.nudz.cz\BV_data\Brejtr\ActiveProjects\Microscopy\20251219\7_7_AERUGHARMIN_24hod_3_Multichannel Z-Stack_20251219_632.vsi,324,ch1,0.12487518395162348,0.09140445116682659,,False,,0.7148817777633667,0.7226027250289917,0.7016128897666931,0.061294670562522885,0.09140445116682659,0.08488343618728614,0.09387285411218481,0.12487518395162348,0.10906362489486561,0.14975833892822266,0.1487523466348648,0.1393868327140808
702,\\srv-fs.ad.nudz.cz\BV_data\Brejtr\ActiveProjects\Microscopy\20251219\7_7_AERUGHARMIN_24hod_4_Multichannel Z-Stack_20251219_633.vsi,7_7_AERUGHARMIN_24hod_4_Multichannel Z-Stack_20251219_633.npy,\\srv-fs.ad.nudz.cz\BV_data\Brejtr\ActiveProjects\Microscopy\20251219\7_7_AERUGHARMIN_24hod_4_Multichannel Z-Stack_20251219_633.vsi,324,ch2,0.08177279230031628,0.06509201905249648,,False,,0.7149917483329773,0.7191780805587769,0.7241379022598267,0.04570098014130014,0.06187619201274269,0.06509201905249648,0.06780350639680838,0.08085224029876623,0.08177279230031628,0.16124311089515686,0.15394775569438934,0.14859527349472046
703,\\srv-fs.ad.nudz.cz\BV_data\Brejtr\ActiveProjects\Microscopy\20251219\7_7_AERUGHARMIN_24hod_5_Multichannel Z-Stack_20251219_634.vsi,7_7_AERUGHARMIN_24hod_5_Multichannel Z-Stack_20251219_634.npy,\\srv-fs.ad.nudz.cz\BV_data\Brejtr\ActiveProjects\Microscopy\20251219\7_7_AERUGHARMIN_24hod_5_Multichannel Z-Stack_20251219_634.vsi,324,ch1,0.13519755779957432,0.10897693656002988,,False,,0.5479452013969421,0.5477178692817688,0.6537102460861206,0.05929936339662693,0.10897693656002988,0.10122648245616862,0.09307748061090765,0.13519755779957432,0.13126440655029462,0.11115202307701111,0.1084836795926094,0.1270100176334381
704,\\srv-fs.ad.nudz.cz\BV_data\Brejtr\ActiveProjects\Microscopy\20251219\7_7_AERUGHARMIN_24hod_6_Multichannel Z-Stack_20251219_635.vsi,7_7_AERUGHARMIN_24hod_6_Multichannel Z-Stack_20251219_635.npy,\\srv-fs.ad.nudz.cz\BV_data\Brejtr\ActiveProjects\Microscopy\20251219\7_7_AERUGHARMIN_24hod_6_Multichannel Z-Stack_20251219_635.vsi,324,ch2,0.13989211205027807,0.10603566350295704,,False,,0.6149789094924927,0.6170799136161804,0.6938775777816772,0.054656946376718724,0.0763895230631078,0.10603566350295704,0.08984670739989835,0.11063715838474576,0.13989211205027807,0.12173473089933395,0.11577563732862473,0.1407637745141983
705,\\srv-fs.ad.nudz.cz\BV_data\Brejtr\ActiveProjects\Microscopy\20251219\7_7_AERUGHARMIN_24hod_7_Multichannel Z-Stack_20251219_636.vsi,7_7_AERUGHARMIN_24hod_7_Multichannel Z-Stack_20251219_636.npy,\\srv-fs.ad.nudz.cz\BV_data\Brejtr\ActiveProjects\Microscopy\20251219\7_7_AERUGHARMIN_24hod_7_Multichannel Z-Stack_20251219_636.vsi,324,ch2,0.12915326502548108,0.09322815231833824,,False,,0.6263048052787781,0.5399361252784729,0.6790123581886292,0.04995240141738294,0.05341321306048717,0.09322815231833824,0.09449731253550026,0.09432151169853582,0.12915326502548108,0.12165950238704681,0.10180828720331192,0.13475371897220612
706,\\srv-fs.ad.nudz.cz\BV_data\Brejtr\ActiveProjects\Microscopy\20251219\7_7_AERUGHARMIN_24hod_8_Multichannel Z-Stack_20251219_637.vsi,7_7_AERUGHARMIN_24hod_8_Multichannel Z-Stack_20251219_637.npy,\\srv-fs.ad.nudz.cz\BV_data\Brejtr\ActiveProjects\Microscopy\20251219\7_7_AERUGHARMIN_24hod_8_Multichannel Z-Stack_20251219_637.vsi,324,ch2,0.14765112940644712,0.1119239966678786,,False,,0.6005132794380188,0.5795795917510986,0.6641790866851807,0.05395513293295404,0.08382646751307753,0.1119239966678786,0.099009026010167,0.11989687958315196,0.14765112940644712,0.11695176362991333,0.11293788999319077,0.13314750790596008
707,\\srv-fs.ad.nudz.cz\BV_data\Brejtr\ActiveProjects\Microscopy\20251219\7_7_AERUGHARMIN_24hod_9_Multichannel Z-Stack_20251219_638.vsi,7_7_AERUGHARMIN_24hod_9_Multichannel Z-Stack_20251219_638.npy,\\srv-fs.ad.nudz.cz\BV_data\Brejtr\ActiveProjects\Microscopy\20251219\7_7_AERUGHARMIN_24hod_9_Multichannel Z-Stack_20251219_638.vsi,324,ch2,0.12384206616331606,0.08311541977278805,,False,,0.6469984650611877,0.5799648761749268,0.696601927280426,0.04476070886501545,0.06431635677932486,0.08311541977278805,0.09330104960479645,0.10717150848859912,0.12384206616331606,0.12662196159362793,0.10953786969184875,0.14020347595214844
708,\\srv-fs.ad.nudz.cz\BV_data\Brejtr\ActiveProjects\Microscopy\20251219\7_7_AERUG_24hod_10_Multichannel Z-Stack_20251219_629.vsi,7_7_AERUG_24hod_10_Multichannel Z-Stack_20251219_629.npy,\\srv-fs.ad.nudz.cz\BV_data\Brejtr\ActiveProjects\Microscopy\20251219\7_7_AERUG_24hod_10_Multichannel Z-Stack_20251219_629.vsi,324,ch2,0.11571295855183815,0.08398948326807916,,False,,0.6435185074806213,0.6054421663284302,0.6804733872413635,0.04653924959716477,0.06431396666364746,0.08398948326807916,0.0856981999910433,0.10413185632207081,0.11571295855183815,0.12752477824687958,0.11494394391775131,0.13463260233402252
709,\\srv-fs.ad.nudz.cz\BV_data\Brejtr\ActiveProjects\Microscopy\20251219\7_7_AERUG_24hod_1_Multichannel Z-Stack_20251219_619.vsi,7_7_AERUG_24hod_1_Multichannel Z-Stack_20251219_619.npy,\\srv-fs.ad.nudz.cz\BV_data\Brejtr\ActiveProjects\Microscopy\20251219\7_7_AERUG_24hod_1_Multichannel Z-Stack_20251219_619.vsi,324,ch2,0.10116002042514449,0.07775989376481533,,False,,0.625823438167572,0.5994623899459839,0.6796116232872009,0.048571066804898345,0.06544420374092295,0.07775989376481533,0.08046504716671768,0.09727218761195945,0.10116002042514449,0.130538210272789,0.11817148327827454,0.13659515976905823
710,\\srv-fs.ad.nudz.cz\BV_data\Brejtr\ActiveProjects\Microscopy\20251219\7_7_AERUG_24hod_1b_Multichannel Z-Stack_20251219_620.vsi,7_7_AERUG_24hod_1b_Multichannel Z-Stack_20251219_620.npy,\\srv-fs.ad.nudz.cz\BV_data\Brejtr\ActiveProjects\Microscopy\20251219\7_7_AERUG_24hod_1b_Multichannel Z-Stack_20251219_620.vsi,324,ch2,0.10290764507916111,0.07439944288212118,,False,,0.6056337952613831,0.5589285492897034,0.6871345043182373,0.04759276747840253,0.05463248564290225,0.07439944288212118,0.0838104329186249,0.09651107085170764,0.10290764507916111,0.12193623185157776,0.10541388392448425,0.13480117917060852
711,\\srv-fs.ad.nudz.cz\BV_data\Brejtr\ActiveProjects\Microscopy\20251219\7_7_AERUG_24hod_2_Multichannel Z-Stack_20251219_621.vsi,7_7_AERUG_24hod_2_Multichannel Z-Stack_20251219_621.npy,\\srv-fs.ad.nudz.cz\BV_data\Brejtr\ActiveProjects\Microscopy\20251219\7_7_AERUG_24hod_2_Multichannel Z-Stack_20251219_621.vsi,324,ch2,0.10531166832063371,0.07699596388484586,,False,,0.5988950133323669,0.551369845867157,0.6850152611732483,0.048385546337684625,0.05408423945094168,0.07699596388484586,0.08438750168315073,0.09615164816525705,0.10531166832063371,0.12134765833616257,0.10468798130750656,0.1345270425081253
712,\\srv-fs.ad.nudz.cz\BV_data\Brejtr\ActiveProjects\Microscopy\20251219\7_7_AERUG_24hod_3_Multichannel Z-Stack_20251219_622.vsi,7_7_AERUG_24hod_3_Multichannel Z-Stack_20251219_622.npy,\\srv-fs.ad.nudz.cz\BV_data\Brejtr\ActiveProjects\Microscopy\20251219\7_7_AERUG_24hod_3_Multichannel Z-Stack_20251219_622.vsi,324,ch2,0.11119469065775545,0.08218590636648447,,False,,0.5981630086898804,0.5574324131011963,0.6899999976158142,0.049294034809016035,0.05453302589409126,0.08218590636648447,0.08573263001274208,0.0974454865930718,0.11119469065775545,0.1212824210524559,0.10559990257024765,0.13674581050872803
713,\\srv-fs.ad.nudz.cz\BV_data\Brejtr\ActiveProjects\Microscopy\20251219\7_7_AERUG_24hod_4_Multichannel Z-Stack_20251219_623.vsi,7_7_AERUG_24hod_4_Multichannel Z-Stack_20251219_623.npy,\\srv-fs.ad.nudz.cz\BV_data\Brejtr\ActiveProjects\Microscopy\20251219\7_7_AERUG_24hod_4_Multichannel Z-Stack_20251219_623.vsi,324,ch2,0.10906172934045968,0.07953690444124657,,False,,0.6061899662017822,0.5924369692802429,0.673652708530426,0.046671480585869896,0.05876439459968994,0.07953690444124657,0.08268845392324224,0.0979455667568506,0.10906172934045968,0.1219039037823677,0.10897215455770493,0.13141483068466187
714,\\srv-fs.ad.nudz.cz\BV_data\Brejtr\ActiveProjects\Microscopy\20251219\7_7_AERUG_24hod_5_Multichannel Z-Stack_20251219_624.vsi,7_7_AERUG_24hod_5_Multichannel Z-Stack_20251219_624.npy,\\srv-fs.ad.nudz.cz\BV_data\Brejtr\ActiveProjects\Microscopy\20251219\7_7_AERUG_24hod_5_Multichannel Z-Stack_20251219_624.vsi,324,ch2,0.09646947965551245,0.07131054566740518,,False,,0.6633222103118896,0.6561886072158813,0.7171717286109924,0.05277424078966786,0.05772143193851278,0.07131054566740518,0.08719303311520951,0.0953559704249201,0.09646947965551245,0.13787613809108734,0.12676863372325897,0.1462668627500534
715,\\srv-fs.ad.nudz.cz\BV_data\Brejtr\ActiveProjects\Microscopy\20251219\7_7_AERUG_24hod_6_Multichannel Z-Stack_20251219_625.vsi,7_7_AERUG_24hod_6_Multichannel Z-Stack_20251219_625.npy,\\srv-fs.ad.nudz.cz\BV_data\Brejtr\ActiveProjects\Microscopy\20251219\7_7_AERUG_24hod_6_Multichannel Z-Stack_20251219_625.vsi,324,ch2,0.10138987455418016,0.07569564280813942,,False,,0.671893835067749,0.6549707651138306,0.7206704020500183,0.05332716134302211,0.057245590999143274,0.07569564280813942,0.08780791719231493,0.09498364766537905,0.10138987455418016,0.13906386494636536,0.12616176903247833,0.1467483937740326
716,\\srv-fs.ad.nudz.cz\BV_data\Brejtr\ActiveProjects\Microscopy\20251219\7_7_AERUG_24hod_7_Multichannel Z-Stack_20251219_626.vsi,7_7_AERUG_24hod_7_Multichannel Z-Stack_20251219_626.npy,\\srv-fs.ad.nudz.cz\BV_data\Brejtr\ActiveProjects\Microscopy\20251219\7_7_AERUG_24hod_7_Multichannel Z-Stack_20251219_626.vsi,324,ch1,0.10579430370936105,0.06330439153214738,,False,,0.6876712441444397,0.6753246784210205,0.6741293668746948,0.05788660429784461,0.06330439153214738,0.07512839754016332,0.09267554699548582,0.10579430370936105,0.10099599246832064,0.14376147091388702,0.13061277568340302,0.1356455683708191
717,\\srv-fs.ad.nudz.cz\BV_data\Brejtr\ActiveProjects\Microscopy\20251219\7_7_AERUG_24hod_8_Multichannel Z-Stack_20251219_627.vsi,7_7_AERUG_24hod_8_Multichannel Z-Stack_20251219_627.npy,\\srv-fs.ad.nudz.cz\BV_data\Brejtr\ActiveProjects\Microscopy\20251219\7_7_AERUG_24hod_8_Multichannel Z-Stack_20251219_627.vsi,324,ch1,0.10673436892545174,0.06845268419992596,,False,,0.6789772510528564,0.6502463221549988,0.7203390002250671,0.059602994079431246,0.06845268419992596,0.07859446631492054,0.09393021664933723,0.10673436892545174,0.10505535786556795,0.14200030267238617,0.12596887350082397,0.14586487412452698
718,\\srv-fs.ad.nudz.cz\BV_data\Brejtr\ActiveProjects\Microscopy\20251219\7_7_AERUG_24hod_9_Multichannel Z-Stack_20251219_628.vsi,7_7_AERUG_24hod_9_Multichannel Z-Stack_20251219_628.npy,\\srv-fs.ad.nudz.cz\BV_data\Brejtr\ActiveProjects\Microscopy\20251219\7_7_AERUG_24hod_9_Multichannel Z-Stack_20251219_628.vsi,324,ch1,0.10391626074138843,0.067148806825987,,False,,0.639229416847229,0.648101270198822,0.7069408893585205,0.04369203030351235,0.067148806825987,0.06907456565024453,0.07909273354638376,0.10391626074138843,0.09519762491230203,0.12826117873191833,0.12555433809757233,0.14240169525146484
719,\\srv-fs.ad.nudz.cz\BV_data\Brejtr\ActiveProjects\Microscopy\20251219\8_7_BAEO24_hod_10_Multichannel Z-Stack_20251219_721.vsi,8_7_BAEO24_hod_10_Multichannel Z-Stack_20251219_721.npy,\\srv-fs.ad.nudz.cz\BV_data\Brejtr\ActiveProjects\Microscopy\20251219\8_7_BAEO24_hod_10_Multichannel Z-Stack_20251219_721.vsi,324,ch2,0.13948213683094757,0.1050989703718027,,False,,0.66300368309021,0.6749610900878906,0.7065637111663818,0.05718406934127378,0.05259661039863669,0.1050989703718027,0.09955946957692818,0.09600900608047284,0.13948213683094757,0.1363043189048767,0.13384664058685303,0.14404082298278809
720,\\srv-fs.ad.nudz.cz\BV_data\Brejtr\ActiveProjects\Microscopy\20251219\8_7_BAEO24_hod_1_Multichannel Z-Stack_20251219_712.vsi,8_7_BAEO24_hod_1_Multichannel Z-Stack_20251219_712.npy,\\srv-fs.ad.nudz.cz\BV_data\Brejtr\ActiveProjects\Microscopy\20251219\8_7_BAEO24_hod_1_Multichannel Z-Stack_20251219_712.vsi,324,ch1,0.09412015274659705,0.05495113116148455,,False,,0.6279069781303406,0.6747404932975769,0.6850220561027527,0.04930111795583781,0.05495113116148455,0.06643455306649625,0.08463398410074821,0.09412015274659705,0.09141989868052622,0.13110654056072235,0.1363658607006073,0.14373646676540375
721,\\srv-fs.ad.nudz.cz\BV_data\Brejtr\ActiveProjects\Microscopy\20251219\8_7_BAEO24_hod_2_Multichannel Z-Stack_20251219_713.vsi,8_7_BAEO24_hod_2_Multichannel Z-Stack_20251219_713.npy,\\srv-fs.ad.nudz.cz\BV_data\Brejtr\ActiveProjects\Microscopy\20251219\8_7_BAEO24_hod_2_Multichannel Z-Stack_20251219_713.vsi,324,ch2,0.11587473606121962,0.08395427267515977,,False,,0.672448992729187,0.6693548560142517,0.6918919086456299,0.05725731472472551,0.06590024677028732,0.08395427267515977,0.1000884214407753,0.1111466008633315,0.11587473606121962,0.13595280051231384,0.13163352012634277,0.1408301293849945
722,\\srv-fs.ad.nudz.cz\BV_data\Brejtr\ActiveProjects\Microscopy\20251219\8_7_BAEO24_hod_3_Multichannel Z-Stack_20251219_714.vsi,8_7_BAEO24_hod_3_Multichannel Z-Stack_20251219_714.npy,\\srv-fs.ad.nudz.cz\BV_data\Brejtr\ActiveProjects\Microscopy\20251219\8_7_BAEO24_hod_3_Multichannel Z-Stack_20251219_714.vsi,324,ch2,0.09549426461478883,0.0699940196375514,,False,,0.6084656119346619,0.6275303363800049,0.6505681872367859,0.045771836773039774,0.04952510498488002,0.0699940196375514,0.0822328059422285,0.08677221521351314,0.09549426461478883,0.12292571365833282,0.11942585557699203,0.12892907857894897
723,\\srv-fs.ad.nudz.cz\BV_data\Brejtr\ActiveProjects\Microscopy\20251219\8_7_BAEO24_hod_4_Multichannel Z-Stack_20251219_715.vsi,8_7_BAEO24_hod_4_Multichannel Z-Stack_20251219_715.npy,\\srv-fs.ad.nudz.cz\BV_data\Brejtr\ActiveProjects\Microscopy\20251219\8_7_BAEO24_hod_4_Multichannel Z-Stack_20251219_715.vsi,324,ch1,0.09914664456750996,0.06763493397391268,,False,,0.6151484251022339,0.6350148320198059,0.6467532515525818,0.044183089498604014,0.06763493397391268,0.06692924331896039,0.0781340705937061,0.09914664456750996,0.08903256923106578,0.12167350202798843,0.12084203213453293,0.12375771254301071
724,\\srv-fs.ad.nudz.cz\BV_data\Brejtr\ActiveProjects\Microscopy\20251219\8_7_BAEO24_hod_5_Multichannel Z-Stack_20251219_716.vsi,8_7_BAEO24_hod_5_Multichannel Z-Stack_20251219_716.npy,\\srv-fs.ad.nudz.cz\BV_data\Brejtr\ActiveProjects\Microscopy\20251219\8_7_BAEO24_hod_5_Multichannel Z-Stack_20251219_716.vsi,324,ch1,0.10755188549871597,0.07569039671330835,,False,,0.5981112122535706,0.6343042254447937,0.6290726661682129,0.04504754865790615,0.07569039671330835,0.06787409082044539,0.08069433154944877,0.10755188549871597,0.0901424808658902,0.1170022115111351,0.12084922939538956,0.12185864895582199
725,\\srv-fs.ad.nudz.cz\BV_data\Brejtr\ActiveProjects\Microscopy\20251219\8_7_BAEO24_hod_6_Multichannel Z-Stack_20251219_717.vsi,8_7_BAEO24_hod_6_Multichannel Z-Stack_20251219_717.npy,\\srv-fs.ad.nudz.cz\BV_data\Brejtr\ActiveProjects\Microscopy\20251219\8_7_BAEO24_hod_6_Multichannel Z-Stack_20251219_717.vsi,324,ch1,0.089045823897319,0.05875950205272144,,False,,0.6133751273155212,0.6064814925193787,0.6866359710693359,0.04811467240837463,0.05875950205272144,0.0592359372615181,0.08314692086249525,0.089045823897319,0.07864792929391572,0.12804092466831207,0.12445033341646194,0.13671858608722687
726,\\srv-fs.ad.nudz.cz\BV_data\Brejtr\ActiveProjects\Microscopy\20251219\8_7_BAEO24_hod_7_Multichannel Z-Stack_20251219_718.vsi,8_7_BAEO24_hod_7_Multichannel Z-Stack_20251219_718.npy,\\srv-fs.ad.nudz.cz\BV_data\Brejtr\ActiveProjects\Microscopy\20251219\8_7_BAEO24_hod_7_Multichannel Z-Stack_20251219_718.vsi,324,ch1,0.10690632365521549,0.07497873978859051,,False,,0.5837957859039307,0.6346153616905212,0.6436464190483093,0.04592387290285807,0.07497873978859051,0.0721455351994454,0.08200991922384436,0.10690632365521549,0.09488668134948723,0.11488060653209686,0.12099336832761765,0.1238998994231224
727,\\srv-fs.ad.nudz.cz\BV_data\Brejtr\ActiveProjects\Microscopy\20251219\8_7_BAEO24_hod_8_Multichannel Z-Stack_20251219_719.vsi,8_7_BAEO24_hod_8_Multichannel Z-Stack_20251219_719.npy,\\srv-fs.ad.nudz.cz\BV_data\Brejtr\ActiveProjects\Microscopy\20251219\8_7_BAEO24_hod_8_Multichannel Z-Stack_20251219_719.vsi,324,ch2,0.10780548263862318,0.08014182937413951,,False,,0.6040034890174866,0.6220338940620422,0.699999988079071,0.04760495965856915,0.048932495734968426,0.08014182937413951,0.08446904480856463,0.08480195929553278,0.10780548263862318,0.11851724237203598,0.11903595924377441,0.14032626152038574
728,\\srv-fs.ad.nudz.cz\BV_data\Brejtr\ActiveProjects\Microscopy\20251219\8_7_BAEO24_hod_9_Multichannel Z-Stack_20251219_720.vsi,8_7_BAEO24_hod_9_Multichannel Z-Stack_20251219_720.npy,\\srv-fs.ad.nudz.cz\BV_data\Brejtr\ActiveProjects\Microscopy\20251219\8_7_BAEO24_hod_9_Multichannel Z-Stack_20251219_720.vsi,324,ch2,0.1112510419833161,0.08093780769632708,,False,,0.6316695213317871,0.6519230604171753,0.6850393414497375,0.0492009608177513,0.0559413865852272,0.08093780769632708,0.08780885707751562,0.09431494450027633,0.1112510419833161,0.12346144020557404,0.12575146555900574,0.1366843581199646
729,\\srv-fs.ad.nudz.cz\BV_data\Brejtr\ActiveProjects\Microscopy\20251219\8_7_BAEOHARMIN24_hod_10_Multichannel Z-Stack_20251219_731.vsi,8_7_BAEOHARMIN24_hod_10_Multichannel Z-Stack_20251219_731.npy,\\srv-fs.ad.nudz.cz\BV_data\Brejtr\ActiveProjects\Microscopy\20251219\8_7_BAEOHARMIN24_hod_10_Multichannel Z-Stack_20251219_731.vsi,324,ch2,0.13161173129233825,0.10058847154844114,,False,,0.6519928574562073,0.6197916865348816,0.6907630562782288,0.04063596083598928,0.05321539275292943,0.10058847154844114,0.07901621332633461,0.09160585501499106,0.13161173129233825,0.12908904254436493,0.11753629148006439,0.1370505690574646
730,\\srv-fs.ad.nudz.cz\BV_data\Brejtr\ActiveProjects\Microscopy\20251219\8_7_BAEOHARMIN24_hod_1_Multichannel Z-Stack_20251219_722.vsi,8_7_BAEOHARMIN24_hod_1_Multichannel Z-Stack_20251219_722.npy,\\srv-fs.ad.nudz.cz\BV_data\Brejtr\ActiveProjects\Microscopy\20251219\8_7_BAEOHARMIN24_hod_1_Multichannel Z-Stack_20251219_722.vsi,324,ch2,0.10118338974575597,0.07247700821491776,,False,,0.6267095804214478,0.6176470518112183,0.6649746298789978,0.04358982702817913,0.05800392925870363,0.07247700821491776,0.08053876097225694,0.09761071724675284,0.10118338974575597,0.12467740476131439,0.11708948761224747,0.13225948810577393
731,\\srv-fs.ad.nudz.cz\BV_data\Brejtr\ActiveProjects\Microscopy\20251219\8_7_BAEOHARMIN24_hod_2_Multichannel Z-Stack_20251219_723.vsi,8_7_BAEOHARMIN24_hod_2_Multichannel Z-Stack_20251219_723.npy,\\srv-fs.ad.nudz.cz\BV_data\Brejtr\ActiveProjects\Microscopy\20251219\8_7_BAEOHARMIN24_hod_2_Multichannel Z-Stack_20251219_723.vsi,324,ch2,0.11926404909995543,0.08722730633161485,,False,,0.6393885016441345,0.6264775395393372,0.6717325448989868,0.04560073067343103,0.06411901973179218,0.08722730633161485,0.08246251083153786,0.10115748247172643,0.11926404909995543,0.12488453835248947,0.11657724529504776,0.13173900544643402
732,\\srv-fs.ad.nudz.cz\BV_data\Brejtr\ActiveProjects\Microscopy\20251219\8_7_BAEOHARMIN24_hod_3_Multichannel Z-Stack_20251219_724.vsi,8_7_BAEOHARMIN24_hod_3_Multichannel Z-Stack_20251219_724.npy,\\srv-fs.ad.nudz.cz\BV_data\Brejtr\ActiveProjects\Microscopy\20251219\8_7_BAEOHARMIN24_hod_3_Multichannel Z-Stack_20251219_724.vsi,324,ch2,0.10415254528925529,0.07028794625822447,,False,,0.6545090079307556,0.6647680997848511,0.7216035723686218,0.02968279808659818,0.035330137192523633,0.07028794625822447,0.06373079576405839,0.07183138286523737,0.10415254528925529,0.1309289038181305,0.13064365088939667,0.15113277733325958
733,\\srv-fs.ad.nudz.cz\BV_data\Brejtr\ActiveProjects\Microscopy\20251219\8_7_BAEOHARMIN24_hod_4_Multichannel Z-Stack_20251219_725.vsi,8_7_BAEOHARMIN24_hod_4_Multichannel Z-Stack_20251219_725.npy,\\srv-fs.ad.nudz.cz\BV_data\Brejtr\ActiveProjects\Microscopy\20251219\8_7_BAEOHARMIN24_hod_4_Multichannel Z-Stack_20251219_725.vsi,324,ch2,0.1271874236249898,0.09544204764134236,,False,,0.676067054271698,0.6638513803482056,0.7178571224212646,0.04726789030728195,0.05696792049362737,0.09544204764134236,0.08781467852968296,0.0997769585159174,0.1271874236249898,0.1339045912027359,0.13012979924678802,0.14660169184207916
734,\\srv-fs.ad.nudz.cz\BV_data\Brejtr\ActiveProjects\Microscopy\20251219\8_7_BAEOHARMIN24_hod_5_Multichannel Z-Stack_20251219_726.vsi,8_7_BAEOHARMIN24_hod_5_Multichannel Z-Stack_20251219_726.npy,\\srv-fs.ad.nudz.cz\BV_data\Brejtr\ActiveProjects\Microscopy\20251219\8_7_BAEOHARMIN24_hod_5_Multichannel Z-Stack_20251219_726.vsi,324,ch2,0.10771900142071163,0.08207378718071964,,False,,0.6696245670318604,0.6849112510681152,0.7386759519577026,0.037824349583751124,0.043431501192884664,0.08207378718071964,0.06999062254750842,0.07678772735056605,0.10771900142071163,0.1410542130470276,0.13828183710575104,0.1508818417787552
735,\\srv-fs.ad.nudz.cz\BV_data\Brejtr\ActiveProjects\Microscopy\20251219\8_7_BAEOHARMIN24_hod_6_Multichannel Z-Stack_20251219_727.vsi,8_7_BAEOHARMIN24_hod_6_Multichannel Z-Stack_20251219_727.npy,\\srv-fs.ad.nudz.cz\BV_data\Brejtr\ActiveProjects\Microscopy\20251219\8_7_BAEOHARMIN24_hod_6_Multichannel Z-Stack_20251219_727.vsi,324,ch2,0.10859032123143347,0.07607163945225653,,False,,0.6597992777824402,0.6638795733451843,0.7272727489471436,0.030273878871369755,0.035039477856561176,0.07607163945225653,0.06359561719911716,0.0713761867791683,0.10859032123143347,0.13186222314834595,0.13069812953472137,0.15097126364707947
736,\\srv-fs.ad.nudz.cz\BV_data\Brejtr\ActiveProjects\Microscopy\20251219\8_7_BAEOHARMIN24_hod_7_Multichannel Z-Stack_20251219_728.vsi,8_7_BAEOHARMIN24_hod_7_Multichannel Z-Stack_20251219_728.npy,\\srv-fs.ad.nudz.cz\BV_data\Brejtr\ActiveProjects\Microscopy\20251219\8_7_BAEOHARMIN24_hod_7_Multichannel Z-Stack_20251219_728.vsi,324,ch2,0.11124237949335078,0.08358237989972635,,False,,0.6820895671844482,0.6835994124412537,0.7333333492279053,0.040058052021774516,0.045070174305469377,0.08358237989972635,0.07292143352109734,0.07971622997326973,0.11124237949335078,0.14032867550849915,0.13939550518989563,0.15277792513370514
737,\\srv-fs.ad.nudz.cz\BV_data\Brejtr\ActiveProjects\Microscopy\20251219\8_7_BAEOHARMIN24_hod_8_Multichannel Z-Stack_20251219_729.vsi,8_7_BAEOHARMIN24_hod_8_Multichannel Z-Stack_20251219_729.npy,\\srv-fs.ad.nudz.cz\BV_data\Brejtr\ActiveProjects\Microscopy\20251219\8_7_BAEOHARMIN24_hod_8_Multichannel Z-Stack_20251219_729.vsi,324,ch2,0.12649496265806734,0.09604618368087058,,False,,0.6574903726577759,0.6867862939834595,0.7266187071800232,0.043302629766143595,0.052795195509098516,0.09604618368087058,0.08215078074972684,0.09259933370768648,0.12649496265806734,0.13491936028003693,0.13931366801261902,0.15035448968410492
738,\\srv-fs.ad.nudz.cz\BV_data\Brejtr\ActiveProjects\Microscopy\20251219\8_7_BAEOHARMIN24_hod_9_Multichannel Z-Stack_20251219_730.vsi,8_7_BAEOHARMIN24_hod_9_Multichannel Z-Stack_20251219_730.npy,\\srv-fs.ad.nudz.cz\BV_data\Brejtr\ActiveProjects\Microscopy\20251219\8_7_BAEOHARMIN24_hod_9_Multichannel Z-Stack_20251219_730.vsi,324,ch2,0.13335817856139057,0.10095090068962942,,False,,0.6600863933563232,0.676982581615448,0.6382978558540344,0.04528661389840107,0.05989001548606647,0.10095090068962942,0.08922624999587839,0.10267078808339676,0.13335817856139057,0.1323326826095581,0.1324235200881958,0.12700553238391876
759,\\srv-fs.ad.nudz.cz\BV_data\Brejtr\ActiveProjects\Microscopy\20251219\8_7_NORPSI24_hod_10_Multichannel Z-Stack_20251219_701.vsi,8_7_NORPSI24_hod_10_Multichannel Z-Stack_20251219_701.npy,\\srv-fs.ad.nudz.cz\BV_data\Brejtr\ActiveProjects\Microscopy\20251219\8_7_NORPSI24_hod_10_Multichannel Z-Stack_20251219_701.vsi,324,ch1,0.08654951054406,0.05336152426640213,,False,,0.7417910695075989,0.7104722857475281,0.7558139562606812,0.052855566327910275,0.05336152426640213,0.06230748143903229,0.07986066272511626,0.08654951054406,0.08330685682063022,0.16117572784423828,0.1440991312265396,0.1560266762971878
760,\\srv-fs.ad.nudz.cz\BV_data\Brejtr\ActiveProjects\Microscopy\20251219\8_7_NORPSI24_hod_1_Multichannel Z-Stack_20251219_691.vsi,8_7_NORPSI24_hod_1_Multichannel Z-Stack_20251219_691.npy,\\srv-fs.ad.nudz.cz\BV_data\Brejtr\ActiveProjects\Microscopy\20251219\8_7_NORPSI24_hod_1_Multichannel Z-Stack_20251219_691.vsi,324,ch1,0.11098736298418044,0.07813790619388815,,False,,0.6656249761581421,0.6600000262260437,0.6809651255607605,0.05638125504658595,0.07813790619388815,0.07315884115613998,0.08927286659500744,0.11098736298418044,0.09658646369672741,0.1373843252658844,0.13162389397621155,0.13383755087852478
761,\\srv-fs.ad.nudz.cz\BV_data\Brejtr\ActiveProjects\Microscopy\20251219\8_7_NORPSI24_hod_2_Multichannel Z-Stack_20251219_692.vsi,8_7_NORPSI24_hod_2_Multichannel Z-Stack_20251219_692.npy,\\srv-fs.ad.nudz.cz\BV_data\Brejtr\ActiveProjects\Microscopy\20251219\8_7_NORPSI24_hod_2_Multichannel Z-Stack_20251219_692.vsi,324,ch2,0.0955161551284875,0.07213853185791495,,False,,0.7140522599220276,0.6915662884712219,0.7242268323898315,0.0589411518573911,0.06081482373965676,0.07213853185791495,0.08902091570093011,0.0945378771467969,0.0955161551284875,0.1545671969652176,0.1387212574481964,0.14876548945903778
762,\\srv-fs.ad.nudz.cz\BV_data\Brejtr\ActiveProjects\Microscopy\20251219\8_7_NORPSI24_hod_3_Multichannel Z-Stack_20251219_693.vsi,8_7_NORPSI24_hod_3_Multichannel Z-Stack_20251219_693.npy,\\srv-fs.ad.nudz.cz\BV_data\Brejtr\ActiveProjects\Microscopy\20251219\8_7_NORPSI24_hod_3_Multichannel Z-Stack_20251219_693.vsi,324,ch2,0.1263276392141467,0.09723672074720519,,False,,0.6647173762321472,0.6030769348144531,0.6859205961227417,0.05967295691970616,0.08154833161016366,0.09723672074720519,0.08983188542685712,0.11913693256842867,0.1263276392141467,0.13495075702667236,0.11437739431858063,0.13851621747016907
763,\\srv-fs.ad.nudz.cz\BV_data\Brejtr\ActiveProjects\Microscopy\20251219\8_7_NORPSI24_hod_4_Multichannel Z-Stack_20251219_694.vsi,8_7_NORPSI24_hod_4_Multichannel Z-Stack_20251219_694.npy,\\srv-fs.ad.nudz.cz\BV_data\Brejtr\ActiveProjects\Microscopy\20251219\8_7_NORPSI24_hod_4_Multichannel Z-Stack_20251219_694.vsi,324,ch1,0.119975378036847,0.08533328720850859,,False,,0.7200000286102295,0.6819923520088196,0.6677419543266296,0.0660751335377753,0.08533328720850859,0.08397140966062615,0.09496136337100967,0.119975378036847,0.10566486290423589,0.15256452560424805,0.13612642884254456,0.13258211314678192
764,\\srv-fs.ad.nudz.cz\BV_data\Brejtr\ActiveProjects\Microscopy\20251219\8_7_NORPSI24_hod_5_Multichannel Z-Stack_20251219_695.vsi,8_7_NORPSI24_hod_5_Multichannel Z-Stack_20251219_695.npy,\\srv-fs.ad.nudz.cz\BV_data\Brejtr\ActiveProjects\Microscopy\20251219\8_7_NORPSI24_hod_5_Multichannel Z-Stack_20251219_695.vsi,324,ch1,0.10318384157586634,0.07071942475494124,,False,,0.7230769395828247,0.7011494040489197,0.7206266522407532,0.06657703933701298,0.07071942475494124,0.07736960942564984,0.09594760275822502,0.10318384157586634,0.10153185598335863,0.1555851548910141,0.14235728979110718,0.14641232788562775
765,\\srv-fs.ad.nudz.cz\BV_data\Brejtr\ActiveProjects\Microscopy\20251219\8_7_NORPSI24_hod_6_Multichannel Z-Stack_20251219_696.vsi,8_7_NORPSI24_hod_6_Multichannel Z-Stack_20251219_696.npy,\\srv-fs.ad.nudz.cz\BV_data\Brejtr\ActiveProjects\Microscopy\20251219\8_7_NORPSI24_hod_6_Multichannel Z-Stack_20251219_696.vsi,324,ch2,0.1242499842901868,0.09650569886629316,,False,,0.6891566514968872,0.6644067764282227,0.6877192854881287,0.07155332532412646,0.07803901767065456,0.09650569886629316,0.1020872137351527,0.11353277468217834,0.1242499842901868,0.1429530531167984,0.12952840328216553,0.13827046751976013
766,\\srv-fs.ad.nudz.cz\BV_data\Brejtr\ActiveProjects\Microscopy\20251219\8_7_NORPSI24_hod_7_Multichannel Z-Stack_20251219_697.vsi,8_7_NORPSI24_hod_7_Multichannel Z-Stack_20251219_697.npy,\\srv-fs.ad.nudz.cz\BV_data\Brejtr\ActiveProjects\Microscopy\20251219\8_7_NORPSI24_hod_7_Multichannel Z-Stack_20251219_697.vsi,324,ch1,0.126371024222063,0.08880371596955877,,False,,0.6760925650596619,0.5978260636329651,0.6630824208259583,0.07220758370903159,0.08880371596955877,0.09613817792979974,0.10372270020428873,0.126371024222063,0.12297475195764045,0.13702590763568878,0.11434953659772873,0.12839674949645996
767,\\srv-fs.ad.nudz.cz\BV_data\Brejtr\ActiveProjects\Microscopy\20251219\8_7_NORPSI24_hod_8_Multichannel Z-Stack_20251219_698.vsi,8_7_NORPSI24_hod_8_Multichannel Z-Stack_20251219_698.npy,\\srv-fs.ad.nudz.cz\BV_data\Brejtr\ActiveProjects\Microscopy\20251219\8_7_NORPSI24_hod_8_Multichannel Z-Stack_20251219_698.vsi,324,ch2,0.15698728873242215,0.12381425710556948,,False,,0.6702127456665039,0.6174496412277222,0.6698113083839417,0.08024524018351915,0.08091578773564259,0.12381425710556948,0.11574490639607359,0.12014174728361884,0.15698728873242215,0.1348167210817337,0.11739661544561386,0.1374194622039795
768,\\srv-fs.ad.nudz.cz\BV_data\Brejtr\ActiveProjects\Microscopy\20251219\8_7_NORPSI24_hod_9B_Multichannel Z-Stack_20251219_700.vsi,8_7_NORPSI24_hod_9B_Multichannel Z-Stack_20251219_700.npy,\\srv-fs.ad.nudz.cz\BV_data\Brejtr\ActiveProjects\Microscopy\20251219\8_7_NORPSI24_hod_9B_Multichannel Z-Stack_20251219_700.vsi,324,ch1,0.10863973968179587,0.07245347306570787,,False,,0.7023593187332153,0.6638417840003967,0.6831169128417969,0.06158446558109572,0.07245347306570787,0.07421581215527885,0.09282004967993411,0.10863973968179587,0.0983911338248427,0.14676401019096375,0.12834268808364868,0.13566328585147858
769,\\srv-fs.ad.nudz.cz\BV_data\Brejtr\ActiveProjects\Microscopy\20251219\8_7_NORPSI24_hod_9_Multichannel Z-Stack_20251219_699.vsi,8_7_NORPSI24_hod_9_Multichannel Z-Stack_20251219_699.npy,\\srv-fs.ad.nudz.cz\BV_data\Brejtr\ActiveProjects\Microscopy\20251219\8_7_NORPSI24_hod_9_Multichannel Z-Stack_20251219_699.vsi,324,ch2,0.15751889447117529,0.12206340037345417,,False,,0.7337807416915894,0.668571412563324,0.707317054271698,0.08547015551857591,0.07884311438798904,0.12206340037345417,0.1168633649166045,0.11742838282974817,0.15751889447117529,0.15032470226287842,0.1258741170167923,0.1464829295873642
770,\\srv-fs.ad.nudz.cz\BV_data\Brejtr\ActiveProjects\Microscopy\20251219\8_7_NORPSIHARMIN24_hod_10_Multichannel Z-Stack_20251219_711.vsi,8_7_NORPSIHARMIN24_hod_10_Multichannel Z-Stack_20251219_711.npy,\\srv-fs.ad.nudz.cz\BV_data\Brejtr\ActiveProjects\Microscopy\20251219\8_7_NORPSIHARMIN24_hod_10_Multichannel Z-Stack_20251219_711.vsi,324,ch1,0.17165849601712707,0.14369922138994284,,False,,0.4740932583808899,0.5635359287261963,0.6327433586120605,0.09701711451783433,0.14369922138994284,0.12348241117854737,0.1327979091426817,0.17165849601712707,0.15721217351220618,0.09205608069896698,0.1072629764676094,0.12440317869186401
771,\\srv-fs.ad.nudz.cz\BV_data\Brejtr\ActiveProjects\Microscopy\20251219\8_7_NORPSIHARMIN24_hod_1_Multichannel Z-Stack_20251219_702.vsi,8_7_NORPSIHARMIN24_hod_1_Multichannel Z-Stack_20251219_702.npy,\\srv-fs.ad.nudz.cz\BV_data\Brejtr\ActiveProjects\Microscopy\20251219\8_7_NORPSIHARMIN24_hod_1_Multichannel Z-Stack_20251219_702.vsi,324,ch1,0.09700504406196185,0.0649332821704616,,False,,0.6525423526763916,0.6327683329582214,0.5989446043968201,0.04997520525106887,0.0649332821704616,0.07192807255524954,0.08268636740788922,0.09700504406196185,0.09468021434149676,0.13112370669841766,0.12097485363483429,0.11833363771438599
772,\\srv-fs.ad.nudz.cz\BV_data\Brejtr\ActiveProjects\Microscopy\20251219\8_7_NORPSIHARMIN24_hod_2_Multichannel Z-Stack_20251219_703.vsi,8_7_NORPSIHARMIN24_hod_2_Multichannel Z-Stack_20251219_703.npy,\\srv-fs.ad.nudz.cz\BV_data\Brejtr\ActiveProjects\Microscopy\20251219\8_7_NORPSIHARMIN24_hod_2_Multichannel Z-Stack_20251219_703.vsi,324,ch1,0.09509532465225928,0.061772783988312006,,False,,0.6523489952087402,0.6390977501869202,0.6759493947029114,0.05075810915326596,0.061772783988312006,0.06845713479189329,0.08555706992201823,0.09509532465225928,0.09198480994572858,0.1296340525150299,0.12301907688379288,0.13364358246326447
773,\\srv-fs.ad.nudz.cz\BV_data\Brejtr\ActiveProjects\Microscopy\20251219\8_7_NORPSIHARMIN24_hod_3_Multichannel Z-Stack_20251219_704.vsi,8_7_NORPSIHARMIN24_hod_3_Multichannel Z-Stack_20251219_704.npy,\\srv-fs.ad.nudz.cz\BV_data\Brejtr\ActiveProjects\Microscopy\20251219\8_7_NORPSIHARMIN24_hod_3_Multichannel Z-Stack_20251219_704.vsi,324,ch2,0.09968398678801797,0.07550570041563438,,False,,0.6324549317359924,0.6370558142662048,0.6428571343421936,0.04893269530186043,0.058184100485019784,0.07550570041563438,0.08222969203530733,0.09195185812065998,0.09968398678801797,0.1263309121131897,0.12212608009576797,0.12472329288721085
774,\\srv-fs.ad.nudz.cz\BV_data\Brejtr\ActiveProjects\Microscopy\20251219\8_7_NORPSIHARMIN24_hod_4_Multichannel Z-Stack_20251219_705.vsi,8_7_NORPSIHARMIN24_hod_4_Multichannel Z-Stack_20251219_705.npy,\\srv-fs.ad.nudz.cz\BV_data\Brejtr\ActiveProjects\Microscopy\20251219\8_7_NORPSIHARMIN24_hod_4_Multichannel Z-Stack_20251219_705.vsi,324,ch2,0.09739931985422527,0.07260615310529234,,False,,0.6460431814193726,0.6590909361839294,0.6965944170951843,0.046880916257231835,0.04982458014315509,0.07260615310529234,0.07703666960737841,0.08368135179873533,0.09739931985422527,0.13161064684391022,0.12707644701004028,0.14027994871139526
775,\\srv-fs.ad.nudz.cz\BV_data\Brejtr\ActiveProjects\Microscopy\20251219\8_7_NORPSIHARMIN24_hod_5_Multichannel Z-Stack_20251219_706.vsi,8_7_NORPSIHARMIN24_hod_5_Multichannel Z-Stack_20251219_706.npy,\\srv-fs.ad.nudz.cz\BV_data\Brejtr\ActiveProjects\Microscopy\20251219\8_7_NORPSIHARMIN24_hod_5_Multichannel Z-Stack_20251219_706.vsi,324,ch0,0.15652886568222113,0.12499457993034116,,False,,0.6564885377883911,0.6459143757820129,0.6634615659713745,0.12499457993034116,0.0860471631241328,0.09065601685497524,0.15652886568222113,0.1131955115493497,0.11787317712383187,0.1299680471420288,0.13047915697097778,0.12986169755458832
776,\\srv-fs.ad.nudz.cz\BV_data\Brejtr\ActiveProjects\Microscopy\20251219\8_7_NORPSIHARMIN24_hod_6_Multichannel Z-Stack_20251219_707.vsi,8_7_NORPSIHARMIN24_hod_6_Multichannel Z-Stack_20251219_707.npy,\\srv-fs.ad.nudz.cz\BV_data\Brejtr\ActiveProjects\Microscopy\20251219\8_7_NORPSIHARMIN24_hod_6_Multichannel Z-Stack_20251219_707.vsi,324,ch0,0.153940683505735,0.11809444322686889,,False,,0.6644737124443054,0.6488549709320068,0.6734007000923157,0.11809444322686889,0.09068849363218791,0.0980943296785993,0.153940683505735,0.11978693310689703,0.12728174621522942,0.13211026787757874,0.13264493644237518,0.13463956117630005
777,\\srv-fs.ad.nudz.cz\BV_data\Brejtr\ActiveProjects\Microscopy\20251219\8_7_NORPSIHARMIN24_hod_7_Multichannel Z-Stack_20251219_708.vsi,8_7_NORPSIHARMIN24_hod_7_Multichannel Z-Stack_20251219_708.npy,\\srv-fs.ad.nudz.cz\BV_data\Brejtr\ActiveProjects\Microscopy\20251219\8_7_NORPSIHARMIN24_hod_7_Multichannel Z-Stack_20251219_708.vsi,324,ch0,0.1471802517348646,0.11340734483397874,,False,,0.6540880799293518,0.6236162185668945,0.6875,0.11340734483397874,0.09371410245827631,0.1002180211400028,0.1471802517348646,0.12363418762448326,0.12980241986453275,0.130354106426239,0.12615852057933807,0.13653050363063812
778,\\srv-fs.ad.nudz.cz\BV_data\Brejtr\ActiveProjects\Microscopy\20251219\8_7_NORPSIHARMIN24_hod_8_Multichannel Z-Stack_20251219_709.vsi,8_7_NORPSIHARMIN24_hod_8_Multichannel Z-Stack_20251219_709.npy,\\srv-fs.ad.nudz.cz\BV_data\Brejtr\ActiveProjects\Microscopy\20251219\8_7_NORPSIHARMIN24_hod_8_Multichannel Z-Stack_20251219_709.vsi,324,ch0,0.12620883181457296,0.09196184194250583,,False,,0.6630136966705322,0.6607142686843872,0.6738461256027222,0.09196184194250583,0.07774012222797874,0.08602837729635347,0.12620883181457296,0.10393354630231742,0.11261299611405544,0.13151061534881592,0.13372452557086945,0.13266858458518982
779,\\srv-fs.ad.nudz.cz\BV_data\Brejtr\ActiveProjects\Microscopy\20251219\8_7_NORPSIHARMIN24_hod_9_Multichannel Z-Stack_20251219_710.vsi,8_7_NORPSIHARMIN24_hod_9_Multichannel Z-Stack_20251219_710.npy,\\srv-fs.ad.nudz.cz\BV_data\Brejtr\ActiveProjects\Microscopy\20251219\8_7_NORPSIHARMIN24_hod_9_Multichannel Z-Stack_20251219_710.vsi,324,ch0,0.1395450576624056,0.10062073300862645,,False,,0.6308540105819702,0.6620370149612427,0.6415770649909973,0.10062073300862645,0.10504807958013992,0.1071063225201353,0.1395450576624056,0.1347879778414248,0.1392057036539622,0.1208881065249443,0.13352054357528687,0.12731918692588806
780,\\srv-fs.ad.nudz.cz\BV_data\Brejtr\ActiveProjects\Microscopy\20251219\8_7_PSI24_hod_10_Multichannel Z-Stack_20251219_669.vsi,8_7_PSI24_hod_10_Multichannel Z-Stack_20251219_669.npy,\\srv-fs.ad.nudz.cz\BV_data\Brejtr\ActiveProjects\Microscopy\20251219\8_7_PSI24_hod_10_Multichannel Z-Stack_20251219_669.vsi,324,ch2,0.09535012837366877,0.06719360284582644,,False,,0.6592724323272705,0.6622951030731201,0.7298578023910522,0.04520602111345152,0.05090965730127853,0.06719360284582644,0.08268212464077537,0.09082580075254018,0.09535012837366877,0.13364265859127045,0.12835711240768433,0.15089921653270721
781,\\srv-fs.ad.nudz.cz\BV_data\Brejtr\ActiveProjects\Microscopy\20251219\8_7_PSI24_hod_1_Multichannel Z-Stack_20251219_660.vsi,8_7_PSI24_hod_1_Multichannel Z-Stack_20251219_660.npy,\\srv-fs.ad.nudz.cz\BV_data\Brejtr\ActiveProjects\Microscopy\20251219\8_7_PSI24_hod_1_Multichannel Z-Stack_20251219_660.vsi,324,ch2,0.08972556555039952,0.06406723222350572,,False,,0.6457564830780029,0.633156955242157,0.7149643898010254,0.043891667755466615,0.04906551126693751,0.06406723222350572,0.08054427817414646,0.0845997813202484,0.08972556555039952,0.13207264244556427,0.12609505653381348,0.1456603854894638
782,\\srv-fs.ad.nudz.cz\BV_data\Brejtr\ActiveProjects\Microscopy\20251219\8_7_PSI24_hod_2_Multichannel Z-Stack_20251219_661.vsi,8_7_PSI24_hod_2_Multichannel Z-Stack_20251219_661.npy,\\srv-fs.ad.nudz.cz\BV_data\Brejtr\ActiveProjects\Microscopy\20251219\8_7_PSI24_hod_2_Multichannel Z-Stack_20251219_661.vsi,324,ch2,0.09576961782911225,0.06816739732112319,,False,,0.6547041535377502,0.6589595079421997,0.7055837512016296,0.04794603170304858,0.054544986252968906,0.06816739732112319,0.08675215148489515,0.09486080760702255,0.09576961782911225,0.13087140023708344,0.12775176763534546,0.1388947069644928
783,\\srv-fs.ad.nudz.cz\BV_data\Brejtr\ActiveProjects\Microscopy\20251219\8_7_PSI24_hod_3_Multichannel Z-Stack_20251219_662.vsi,8_7_PSI24_hod_3_Multichannel Z-Stack_20251219_662.npy,\\srv-fs.ad.nudz.cz\BV_data\Brejtr\ActiveProjects\Microscopy\20251219\8_7_PSI24_hod_3_Multichannel Z-Stack_20251219_662.vsi,324,ch2,0.10802661821353081,0.07564794966687155,,False,,0.6445690989494324,0.5714285969734192,0.6713880896568298,0.045306804059347804,0.05068155794975917,0.07564794966687155,0.08473014482133162,0.09301953215556755,0.10802661821353081,0.12676404416561127,0.10698327422142029,0.12809132039546967
784,\\srv-fs.ad.nudz.cz\BV_data\Brejtr\ActiveProjects\Microscopy\20251219\8_7_PSI24_hod_4_Multichannel Z-Stack_20251219_663.vsi,8_7_PSI24_hod_4_Multichannel Z-Stack_20251219_663.npy,\\srv-fs.ad.nudz.cz\BV_data\Brejtr\ActiveProjects\Microscopy\20251219\8_7_PSI24_hod_4_Multichannel Z-Stack_20251219_663.vsi,324,ch2,0.11032262786002157,0.07884581703589627,,False,,0.6219865083694458,0.5908141732215881,0.6786786913871765,0.04482352439813941,0.05698396328248549,0.07884581703589627,0.0844133382966603,0.09737215618458425,0.11032262786002157,0.12238765507936478,0.11116717755794525,0.13255691528320312
785,\\srv-fs.ad.nudz.cz\BV_data\Brejtr\ActiveProjects\Microscopy\20251219\8_7_PSI24_hod_5_Multichannel Z-Stack_20251219_664.vsi,8_7_PSI24_hod_5_Multichannel Z-Stack_20251219_664.npy,\\srv-fs.ad.nudz.cz\BV_data\Brejtr\ActiveProjects\Microscopy\20251219\8_7_PSI24_hod_5_Multichannel Z-Stack_20251219_664.vsi,324,ch2,0.12178989704255856,0.08958554217867694,,False,,0.6602150797843933,0.6722487807273865,0.6928327679634094,0.04790784454522638,0.06346590872834859,0.08958554217867694,0.08656975352283006,0.10427219574184636,0.12178989704255856,0.13192567229270935,0.12796597182750702,0.13834668695926666
786,\\srv-fs.ad.nudz.cz\BV_data\Brejtr\ActiveProjects\Microscopy\20251219\8_7_PSI24_hod_6_Multichannel Z-Stack_20251219_665.vsi,8_7_PSI24_hod_6_Multichannel Z-Stack_20251219_665.npy,\\srv-fs.ad.nudz.cz\BV_data\Brejtr\ActiveProjects\Microscopy\20251219\8_7_PSI24_hod_6_Multichannel Z-Stack_20251219_665.vsi,324,ch2,0.11922567991392159,0.0879358149583914,,False,,0.686761200428009,0.6784141063690186,0.7094801068305969,0.05462061257906775,0.06324266095921509,0.0879358149583914,0.09155100924010018,0.1032977636887644,0.11922567991392159,0.14274024963378906,0.13404330611228943,0.14328046143054962
787,\\srv-fs.ad.nudz.cz\BV_data\Brejtr\ActiveProjects\Microscopy\20251219\8_7_PSI24_hod_7_Multichannel Z-Stack_20251219_666.vsi,8_7_PSI24_hod_7_Multichannel Z-Stack_20251219_666.npy,\\srv-fs.ad.nudz.cz\BV_data\Brejtr\ActiveProjects\Microscopy\20251219\8_7_PSI24_hod_7_Multichannel Z-Stack_20251219_666.vsi,324,ch2,0.12191303879459045,0.09094763479024223,,False,,0.70703125,0.6887417435646057,0.7100977301597595,0.054726075066116556,0.06253127529658319,0.09094763479024223,0.09130471786137068,0.10246462330263899,0.12191303879459045,0.1477343887090683,0.1367659717798233,0.14464408159255981
788,\\srv-fs.ad.nudz.cz\BV_data\Brejtr\ActiveProjects\Microscopy\20251219\8_7_PSI24_hod_8_Multichannel Z-Stack_20251219_667.vsi,8_7_PSI24_hod_8_Multichannel Z-Stack_20251219_667.npy,\\srv-fs.ad.nudz.cz\BV_data\Brejtr\ActiveProjects\Microscopy\20251219\8_7_PSI24_hod_8_Multichannel Z-Stack_20251219_667.vsi,324,ch2,0.11040838150494037,0.08159397657150413,,False,,0.6780660152435303,0.668749988078158,0.7023809552192688,0.05098520461738302,0.06528920909536773,0.08159397657150413,0.0865700776188363,0.10440577204642869,0.11040838150494037,0.13811835646629333,0.13057443499565125,0.13939420878887177
789,\\srv-fs.ad.nudz.cz\BV_data\Brejtr\ActiveProjects\Microscopy\20251219\8_7_PSI24_hod_9_Multichannel Z-Stack_20251219_668.vsi,8_7_PSI24_hod_9_Multichannel Z-Stack_20251219_668.npy,\\srv-fs.ad.nudz.cz\BV_data\Brejtr\ActiveProjects\Microscopy\20251219\8_7_PSI24_hod_9_Multichannel Z-Stack_20251219_668.vsi,324,ch2,0.12170292698780592,0.08960990056824744,,False,,0.6232657432556152,0.6016949415206909,0.6771929860115051,0.0469480418754537,0.058150264591921935,0.08960990056824744,0.08720985564752655,0.09889360402037041,0.12170292698780592,0.12307854741811752,0.11308921128511429,0.1333775669336319
790,\\srv-fs.ad.nudz.cz\BV_data\Brejtr\ActiveProjects\Microscopy\20251219\8_7_PSIHARMIN24_hod_10_Multichannel Z-Stack_20251219_679.vsi,8_7_PSIHARMIN24_hod_10_Multichannel Z-Stack_20251219_679.npy,\\srv-fs.ad.nudz.cz\BV_data\Brejtr\ActiveProjects\Microscopy\20251219\8_7_PSIHARMIN24_hod_10_Multichannel Z-Stack_20251219_679.vsi,324,ch2,0.09833246263965724,0.07378482557264553,,False,,0.6222222447395325,0.6340852379798889,0.7120742797851562,0.047037130805279784,0.05783128441703631,0.07378482557264553,0.07888993228182628,0.08856960744035945,0.09833246263965724,0.12409938126802444,0.12259534746408463,0.14147931337356567
791,\\srv-fs.ad.nudz.cz\BV_data\Brejtr\ActiveProjects\Microscopy\20251219\8_7_PSIHARMIN24_hod_1_Multichannel Z-Stack_20251219_670.vsi,8_7_PSIHARMIN24_hod_1_Multichannel Z-Stack_20251219_670.npy,\\srv-fs.ad.nudz.cz\BV_data\Brejtr\ActiveProjects\Microscopy\20251219\8_7_PSIHARMIN24_hod_1_Multichannel Z-Stack_20251219_670.vsi,324,ch2,0.12014059238371104,0.09115421327696827,,False,,0.551342785358429,0.5349462628364563,0.5992779731750488,0.05094967329697446,0.06938348225658618,0.09115421327696827,0.0895874356492242,0.10934833448590416,0.12014059238371104,0.10414211452007294,0.09723199158906937,0.11451757699251175
792,\\srv-fs.ad.nudz.cz\BV_data\Brejtr\ActiveProjects\Microscopy\20251219\8_7_PSIHARMIN24_hod_2_Multichannel Z-Stack_20251219_671.vsi,8_7_PSIHARMIN24_hod_2_Multichannel Z-Stack_20251219_671.npy,\\srv-fs.ad.nudz.cz\BV_data\Brejtr\ActiveProjects\Microscopy\20251219\8_7_PSIHARMIN24_hod_2_Multichannel Z-Stack_20251219_671.vsi,324,ch2,0.13205791699864822,0.10221593022751038,,False,,0.567811906337738,0.551630437374115,0.6159999966621399,0.05560736488994086,0.06907979483489984,0.10221593022751038,0.09457628378791273,0.10949587946832827,0.13205791699864822,0.10691283643245697,0.10040502995252609,0.11678462475538254
793,\\srv-fs.ad.nudz.cz\BV_data\Brejtr\ActiveProjects\Microscopy\20251219\8_7_PSIHARMIN24_hod_3_Multichannel Z-Stack_20251219_672.vsi,8_7_PSIHARMIN24_hod_3_Multichannel Z-Stack_20251219_672.npy,\\srv-fs.ad.nudz.cz\BV_data\Brejtr\ActiveProjects\Microscopy\20251219\8_7_PSIHARMIN24_hod_3_Multichannel Z-Stack_20251219_672.vsi,324,ch1,0.09962662952423107,0.06512684947936186,,False,,0.6258503198623657,0.6348314881324768,0.6519173979759216,0.054612121126913896,0.06512684947936186,0.07364073938404485,0.09007594637414791,0.09962662952423107,0.09694057797717814,0.12330511957406998,0.12237131595611572,0.12542513012886047
794,\\srv-fs.ad.nudz.cz\BV_data\Brejtr\ActiveProjects\Microscopy\20251219\8_7_PSIHARMIN24_hod_4_Multichannel Z-Stack_20251219_673.vsi,8_7_PSIHARMIN24_hod_4_Multichannel Z-Stack_20251219_673.npy,\\srv-fs.ad.nudz.cz\BV_data\Brejtr\ActiveProjects\Microscopy\20251219\8_7_PSIHARMIN24_hod_4_Multichannel Z-Stack_20251219_673.vsi,324,ch1,0.09585592916463435,0.06060139554139751,,False,,0.6141214966773987,0.6484375,0.6172506809234619,0.05505625098948285,0.06060139554139751,0.07022407668195903,0.09157105400207936,0.09585592916463435,0.09379911648219776,0.12131614238023758,0.12356996536254883,0.11779757589101791
795,\\srv-fs.ad.nudz.cz\BV_data\Brejtr\ActiveProjects\Microscopy\20251219\8_7_PSIHARMIN24_hod_5_Multichannel Z-Stack_20251219_674.vsi,8_7_PSIHARMIN24_hod_5_Multichannel Z-Stack_20251219_674.npy,\\srv-fs.ad.nudz.cz\BV_data\Brejtr\ActiveProjects\Microscopy\20251219\8_7_PSIHARMIN24_hod_5_Multichannel Z-Stack_20251219_674.vsi,324,ch2,0.13735154812259853,0.1077233256529165,,False,,0.5551401972770691,0.5408450961112976,0.6008403301239014,0.0559556898847079,0.07258931020451613,0.1077233256529165,0.09482826705595307,0.11320515433218467,0.13735154812259853,0.1036749854683876,0.097683846950531,0.11445347219705582
796,\\srv-fs.ad.nudz.cz\BV_data\Brejtr\ActiveProjects\Microscopy\20251219\8_7_PSIHARMIN24_hod_6_Multichannel Z-Stack_20251219_675.vsi,8_7_PSIHARMIN24_hod_6_Multichannel Z-Stack_20251219_675.npy,\\srv-fs.ad.nudz.cz\BV_data\Brejtr\ActiveProjects\Microscopy\20251219\8_7_PSIHARMIN24_hod_6_Multichannel Z-Stack_20251219_675.vsi,324,ch2,0.11252568949686445,0.08524167417646601,,False,,0.6016529202461243,0.6016713380813599,0.6262295246124268,0.05671349235476104,0.06935483819305666,0.08524167417646601,0.09486445157014724,0.10716870922502902,0.11252568949686445,0.1165129765868187,0.11161069571971893,0.12032124400138855
797,\\srv-fs.ad.nudz.cz\BV_data\Brejtr\ActiveProjects\Microscopy\20251219\8_7_PSIHARMIN24_hod_7_Multichannel Z-Stack_20251219_676.vsi,8_7_PSIHARMIN24_hod_7_Multichannel Z-Stack_20251219_676.npy,\\srv-fs.ad.nudz.cz\BV_data\Brejtr\ActiveProjects\Microscopy\20251219\8_7_PSIHARMIN24_hod_7_Multichannel Z-Stack_20251219_676.vsi,324,ch2,0.1252003999921624,0.09722825294040585,,False,,0.5709515810012817,0.5559006333351135,0.6108949184417725,0.05247004804708559,0.07500899397782639,0.09722825294040585,0.08879537042685294,0.11167823588273619,0.1252003999921624,0.10785950720310211,0.10220742970705032,0.11638879776000977
798,\\srv-fs.ad.nudz.cz\BV_data\Brejtr\ActiveProjects\Microscopy\20251219\8_7_PSIHARMIN24_hod_8_Multichannel Z-Stack_20251219_677.vsi,8_7_PSIHARMIN24_hod_8_Multichannel Z-Stack_20251219_677.npy,\\srv-fs.ad.nudz.cz\BV_data\Brejtr\ActiveProjects\Microscopy\20251219\8_7_PSIHARMIN24_hod_8_Multichannel Z-Stack_20251219_677.vsi,324,ch1,0.08866860202088613,0.059171663307475364,,False,,0.6473906636238098,0.708108127117157,0.7114914655685425,0.05148116272383681,0.059171663307475364,0.059789286966759635,0.08590868001588745,0.08866860202088613,0.07988843671158978,0.13144008815288544,0.14373596012592316,0.1385854184627533
799,\\srv-fs.ad.nudz.cz\BV_data\Brejtr\ActiveProjects\Microscopy\20251219\8_7_PSIHARMIN24_hod_9_Multichannel Z-Stack_20251219_678.vsi,8_7_PSIHARMIN24_hod_9_Multichannel Z-Stack_20251219_678.npy,\\srv-fs.ad.nudz.cz\BV_data\Brejtr\ActiveProjects\Microscopy\20251219\8_7_PSIHARMIN24_hod_9_Multichannel Z-Stack_20251219_678.vsi,324,ch2,0.11175347223116909,0.08317071330415679,,False,,0.6143791079521179,0.6326530575752258,0.6867088675498962,0.05059368038703771,0.061854681768231896,0.08317071330415679,0.08689225239278454,0.10103246453806108,0.11175347223116909,0.12076593935489655,0.1190531849861145,0.13443216681480408
800,\\srv-fs.ad.nudz.cz\BV_data\Brejtr\ActiveProjects\Microscopy\20251219\8_7_PSY24_hod_10_Multichannel Z-Stack_20251219_689.vsi,8_7_PSY24_hod_10_Multichannel Z-Stack_20251219_689.npy,\\srv-fs.ad.nudz.cz\BV_data\Brejtr\ActiveProjects\Microscopy\20251219\8_7_PSY24_hod_10_Multichannel Z-Stack_20251219_689.vsi,324,ch1,0.11225052874025594,0.07362303932990091,,False,,0.6454229354858398,0.6803069114685059,0.6847058534622192,0.056157649593043285,0.07362303932990091,0.07364330356389553,0.09585815104480234,0.11225052874025594,0.10034852066157665,0.1305643618106842,0.1351376473903656,0.13502566516399384
801,\\srv-fs.ad.nudz.cz\BV_data\Brejtr\ActiveProjects\Microscopy\20251219\8_7_PSY24_hod_1_Multichannel Z-Stack_20251219_680.vsi,8_7_PSY24_hod_1_Multichannel Z-Stack_20251219_680.npy,\\srv-fs.ad.nudz.cz\BV_data\Brejtr\ActiveProjects\Microscopy\20251219\8_7_PSY24_hod_1_Multichannel Z-Stack_20251219_680.vsi,324,ch1,0.09594627866360768,0.06653858436181158,,False,,0.6328927874565125,0.6352201104164124,0.6287878751754761,0.048620180696553585,0.06653858436181158,0.06387626745726957,0.08181035945051736,0.09594627866360768,0.08489299409520618,0.12458528578281403,0.12245893478393555,0.12101158499717712
802,\\srv-fs.ad.nudz.cz\BV_data\Brejtr\ActiveProjects\Microscopy\20251219\8_7_PSY24_hod_2_Multichannel Z-Stack_20251219_681.vsi,8_7_PSY24_hod_2_Multichannel Z-Stack_20251219_681.npy,\\srv-fs.ad.nudz.cz\BV_data\Brejtr\ActiveProjects\Microscopy\20251219\8_7_PSY24_hod_2_Multichannel Z-Stack_20251219_681.vsi,324,ch1,0.1109041412348921,0.07996833045023485,,False,,0.6549520492553711,0.6725978851318359,0.6348773837089539,0.0580835308980419,0.07996833045023485,0.07721459554559397,0.09569128444564946,0.1109041412348921,0.10145601959345088,0.13207095861434937,0.13735775649547577,0.12467186897993088
803,\\srv-fs.ad.nudz.cz\BV_data\Brejtr\ActiveProjects\Microscopy\20251219\8_7_PSY24_hod_3_Multichannel Z-Stack_20251219_682.vsi,8_7_PSY24_hod_3_Multichannel Z-Stack_20251219_682.npy,\\srv-fs.ad.nudz.cz\BV_data\Brejtr\ActiveProjects\Microscopy\20251219\8_7_PSY24_hod_3_Multichannel Z-Stack_20251219_682.vsi,324,ch1,0.0939416860765373,0.06566310825624778,,False,,0.6615580916404724,0.6988636255264282,0.634765625,0.05147466765346592,0.06566310825624778,0.057421480677218716,0.08737436065847749,0.0939416860765373,0.07744812738138508,0.13470029830932617,0.14479534327983856,0.1267102211713791
804,\\srv-fs.ad.nudz.cz\BV_data\Brejtr\ActiveProjects\Microscopy\20251219\8_7_PSY24_hod_4_Multichannel Z-Stack_20251219_683.vsi,8_7_PSY24_hod_4_Multichannel Z-Stack_20251219_683.npy,\\srv-fs.ad.nudz.cz\BV_data\Brejtr\ActiveProjects\Microscopy\20251219\8_7_PSY24_hod_4_Multichannel Z-Stack_20251219_683.vsi,324,ch0,0.09220655598186196,0.05584879182750382,,False,,0.6925926208496094,0.7597402334213257,0.6921606063842773,0.05584879182750382,0.05283473518689912,0.06180548667060526,0.09220655598186196,0.07869982898314015,0.08313703979808185,0.14622822403907776,0.1639990508556366,0.1459892839193344
805,\\srv-fs.ad.nudz.cz\BV_data\Brejtr\ActiveProjects\Microscopy\20251219\8_7_PSY24_hod_5_Multichannel Z-Stack_20251219_684.vsi,8_7_PSY24_hod_5_Multichannel Z-Stack_20251219_684.npy,\\srv-fs.ad.nudz.cz\BV_data\Brejtr\ActiveProjects\Microscopy\20251219\8_7_PSY24_hod_5_Multichannel Z-Stack_20251219_684.vsi,324,ch1,0.0768299891388141,0.0513946848957019,,False,,0.6308872103691101,0.665919303894043,0.6700611114501953,0.04297341920510039,0.0513946848957019,0.05595676228697818,0.07366434127777656,0.0768299891388141,0.07583080149086373,0.128720223903656,0.13220751285552979,0.1334693282842636
806,\\srv-fs.ad.nudz.cz\BV_data\Brejtr\ActiveProjects\Microscopy\20251219\8_7_PSY24_hod_6_Multichannel Z-Stack_20251219_685.vsi,8_7_PSY24_hod_6_Multichannel Z-Stack_20251219_685.npy,\\srv-fs.ad.nudz.cz\BV_data\Brejtr\ActiveProjects\Microscopy\20251219\8_7_PSY24_hod_6_Multichannel Z-Stack_20251219_685.vsi,324,ch1,0.09134201847649992,0.05980034639734086,,False,,0.6845085024833679,0.7279070019721985,0.7070124745368958,0.05113520804375707,0.05980034639734086,0.05752125603588682,0.08888894470855499,0.09134201847649992,0.07916335861606026,0.13968387246131897,0.14951308071613312,0.14189517498016357
807,\\srv-fs.ad.nudz.cz\BV_data\Brejtr\ActiveProjects\Microscopy\20251219\8_7_PSY24_hod_7_Multichannel Z-Stack_20251219_686.vsi,8_7_PSY24_hod_7_Multichannel Z-Stack_20251219_686.npy,\\srv-fs.ad.nudz.cz\BV_data\Brejtr\ActiveProjects\Microscopy\20251219\8_7_PSY24_hod_7_Multichannel Z-Stack_20251219_686.vsi,324,ch0,0.09076813927932816,0.053815060423685765,,False,,0.6793296337127686,0.7195876240730286,0.7015810012817383,0.053815060423685765,0.056741034045247045,0.06052368857330627,0.09076813927932816,0.08869639954002452,0.0826528685975935,0.14208362996578217,0.15148396790027618,0.14272531867027283
808,\\srv-fs.ad.nudz.cz\BV_data\Brejtr\ActiveProjects\Microscopy\20251219\8_7_PSY24_hod_8_Multichannel Z-Stack_20251219_687.vsi,8_7_PSY24_hod_8_Multichannel Z-Stack_20251219_687.npy,\\srv-fs.ad.nudz.cz\BV_data\Brejtr\ActiveProjects\Microscopy\20251219\8_7_PSY24_hod_8_Multichannel Z-Stack_20251219_687.vsi,324,ch1,0.09243714984857869,0.06350846171346747,,False,,0.6301218271255493,0.6842105388641357,0.7401746511459351,0.054312312051861884,0.06350846171346747,0.061748992764965774,0.09241068449113259,0.09243714984857869,0.08294433690095598,0.1275576949119568,0.1401928812265396,0.14570648968219757
809,\\srv-fs.ad.nudz.cz\BV_data\Brejtr\ActiveProjects\Microscopy\20251219\8_7_PSY24_hod_9_Multichannel Z-Stack_20251219_688.vsi,8_7_PSY24_hod_9_Multichannel Z-Stack_20251219_688.npy,\\srv-fs.ad.nudz.cz\BV_data\Brejtr\ActiveProjects\Microscopy\20251219\8_7_PSY24_hod_9_Multichannel Z-Stack_20251219_688.vsi,324,ch1,0.10735212641442639,0.0727912679686821,,False,,0.5979955196380615,0.64673912525177,0.6071428656578064,0.05436728351186406,0.0727912679686821,0.07626598370579885,0.09496455850757425,0.10735212641442639,0.10335768540814998,0.12015021592378616,0.12640932202339172,0.12068211287260056
810,\\srv-fs.ad.nudz.cz\BV_data\Brejtr\ActiveProjects\Microscopy\20251219\8_7_PSYHARMIN24_hod_1_Multichannel Z-Stack_20251219_690.vsi,8_7_PSYHARMIN24_hod_1_Multichannel Z-Stack_20251219_690.npy,\\srv-fs.ad.nudz.cz\BV_data\Brejtr\ActiveProjects\Microscopy\20251219\8_7_PSYHARMIN24_hod_1_Multichannel Z-Stack_20251219_690.vsi,324,ch1,0.7490544733532446,0.7535644860762731,ch1,True,,0.5897436141967773,0.75,0.5738636255264282,0.40506737695650813,0.7535644860762731,0.1325806321822041,0.4147710637859538,0.7490544733532446,0.148429740312574,0.1089131310582161,0.1459456831216812,0.10094337165355682
811,\\srv-fs.ad.nudz.cz\BV_data\Brejtr\ActiveProjects\Microscopy\20251220\7_8_NCH_24hod_2_Multichannel Z-Stack_20251220_823.vsi,7_8_NCH_24hod_2_Multichannel Z-Stack_20251220_823.npy,\\srv-fs.ad.nudz.cz\BV_data\Brejtr\ActiveProjects\Microscopy\20251220\7_8_NCH_24hod_2_Multichannel Z-Stack_20251220_823.vsi,324,ch2,0.12159850121678022,0.09420135580979314,,False,,0.6335150003433228,0.6173184514045715,0.6895306706428528,0.050448237470435,0.06866534410230454,0.09420135580979314,0.0838492600600097,0.1006086596263091,0.12159850121678022,0.12717151641845703,0.11748383939266205,0.13543838262557983
812,\\srv-fs.ad.nudz.cz\BV_data\Brejtr\ActiveProjects\Microscopy\20251220\7_8_NC_24hod_1_Multichannel Z-Stack_20251220_822.vsi,7_8_NC_24hod_1_Multichannel Z-Stack_20251220_822.npy,\\srv-fs.ad.nudz.cz\BV_data\Brejtr\ActiveProjects\Microscopy\20251220\7_8_NC_24hod_1_Multichannel Z-Stack_20251220_822.vsi,324,ch1,0.3925246714006906,0.3928920444157939,,False,,0.7117117047309875,0.6811594367027283,0.6111111044883728,0.1743469683995935,0.3928920444157939,0.10627803169753312,0.17604112341536649,0.3925246714006906,0.13005449164373042,0.12606921792030334,0.12357669323682785,0.11865519732236862
813,\\srv-fs.ad.nudz.cz\BV_data\Brejtr\ActiveProjects\Microscopy\20251220\7_8_PPNC2_24hod_10NB_Multichannel Z-Stack_20251220_811.vsi,7_8_PPNC2_24hod_10NB_Multichannel Z-Stack_20251220_811.npy,\\srv-fs.ad.nudz.cz\BV_data\Brejtr\ActiveProjects\Microscopy\20251220\7_8_PPNC2_24hod_10NB_Multichannel Z-Stack_20251220_811.vsi,16,ch0,0.4359122203367054,0.43561922809077536,,False,,0.9960784316062927,,,0.43561922809077536,,,0.4359122203367054,,,0.2013181746006012,,
814,\\srv-fs.ad.nudz.cz\BV_data\Brejtr\ActiveProjects\Microscopy\20251220\7_8_PPNC2_24hod_10_Multichannel Z-Stack_20251220_810.vsi,7_8_PPNC2_24hod_10_Multichannel Z-Stack_20251220_810.npy,\\srv-fs.ad.nudz.cz\BV_data\Brejtr\ActiveProjects\Microscopy\20251220\7_8_PPNC2_24hod_10_Multichannel Z-Stack_20251220_810.vsi,16,ch0,0.5393687040304112,0.5395964350434742,,False,,1.0,,,0.5395964350434742,,,0.5393687040304112,,,0.21331295371055603,,
815,\\srv-fs.ad.nudz.cz\BV_data\Brejtr\ActiveProjects\Microscopy\20251220\7_8_PPNC2_24hod_1_Multichannel Z-Stack_20251220_801.vsi,7_8_PPNC2_24hod_1_Multichannel Z-Stack_20251220_801.npy,\\srv-fs.ad.nudz.cz\BV_data\Brejtr\ActiveProjects\Microscopy\20251220\7_8_PPNC2_24hod_1_Multichannel Z-Stack_20251220_801.vsi,16,ch0,0.31082789892780815,0.3041707363554167,,False,,0.9725490212440491,,,0.3041707363554167,,,0.31082789892780815,,,0.17742903530597687,,
816,\\srv-fs.ad.nudz.cz\BV_data\Brejtr\ActiveProjects\Microscopy\20251220\7_8_PPNC2_24hod_2_Multichannel Z-Stack_20251220_802.vsi,7_8_PPNC2_24hod_2_Multichannel Z-Stack_20251220_802.npy,\\srv-fs.ad.nudz.cz\BV_data\Brejtr\ActiveProjects\Microscopy\20251220\7_8_PPNC2_24hod_2_Multichannel Z-Stack_20251220_802.vsi,16,ch0,0.2668104671749385,0.26179614299200893,,False,,0.9725490212440491,,,0.26179614299200893,,,0.2668104671749385,,,0.18365609645843506,,
817,\\srv-fs.ad.nudz.cz\BV_data\Brejtr\ActiveProjects\Microscopy\20251220\7_8_PPNC2_24hod_3_Multichannel Z-Stack_20251220_803.vsi,7_8_PPNC2_24hod_3_Multichannel Z-Stack_20251220_803.npy,\\srv-fs.ad.nudz.cz\BV_data\Brejtr\ActiveProjects\Microscopy\20251220\7_8_PPNC2_24hod_3_Multichannel Z-Stack_20251220_803.vsi,16,ch0,0.5311218914610583,0.5310169724667756,,False,,0.7960784435272217,,,0.5310169724667756,,,0.5311218914610583,,,0.14843033254146576,,
818,\\srv-fs.ad.nudz.cz\BV_data\Brejtr\ActiveProjects\Microscopy\20251220\7_8_PPNC2_24hod_4_Multichannel Z-Stack_20251220_804.vsi,7_8_PPNC2_24hod_4_Multichannel Z-Stack_20251220_804.npy,\\srv-fs.ad.nudz.cz\BV_data\Brejtr\ActiveProjects\Microscopy\20251220\7_8_PPNC2_24hod_4_Multichannel Z-Stack_20251220_804.vsi,16,ch0,0.3982476824098362,0.3930066800751484,,False,,0.9450980424880981,,,0.3930066800751484,,,0.3982476824098362,,,0.17001186311244965,,
819,\\srv-fs.ad.nudz.cz\BV_data\Brejtr\ActiveProjects\Microscopy\20251220\7_8_PPNC2_24hod_5_Multichannel Z-Stack_20251220_805.vsi,7_8_PPNC2_24hod_5_Multichannel Z-Stack_20251220_805.npy,\\srv-fs.ad.nudz.cz\BV_data\Brejtr\ActiveProjects\Microscopy\20251220\7_8_PPNC2_24hod_5_Multichannel Z-Stack_20251220_805.vsi,16,ch0,0.3378644976107981,0.33097382549056065,,False,,0.9843137264251709,,,0.33097382549056065,,,0.3378644976107981,,,0.18932954967021942,,
820,\\srv-fs.ad.nudz.cz\BV_data\Brejtr\ActiveProjects\Microscopy\20251220\7_8_PPNC2_24hod_6_Multichannel Z-Stack_20251220_806.vsi,7_8_PPNC2_24hod_6_Multichannel Z-Stack_20251220_806.npy,\\srv-fs.ad.nudz.cz\BV_data\Brejtr\ActiveProjects\Microscopy\20251220\7_8_PPNC2_24hod_6_Multichannel Z-Stack_20251220_806.vsi,16,ch0,0.37277726687359186,0.3688552898372479,,False,,0.9764705896377563,,,0.3688552898372479,,,0.37277726687359186,,,0.17100057005882263,,
821,\\srv-fs.ad.nudz.cz\BV_data\Brejtr\ActiveProjects\Microscopy\20251220\7_8_PPNC2_24hod_7_Multichannel Z-Stack_20251220_807.vsi,7_8_PPNC2_24hod_7_Multichannel Z-Stack_20251220_807.npy,\\srv-fs.ad.nudz.cz\BV_data\Brejtr\ActiveProjects\Microscopy\20251220\7_8_PPNC2_24hod_7_Multichannel Z-Stack_20251220_807.vsi,16,ch0,0.4636751188190874,0.4608623020208573,,False,,0.7019608020782471,,,0.4608623020208573,,,0.4636751188190874,,,0.13274987041950226,,
822,\\srv-fs.ad.nudz.cz\BV_data\Brejtr\ActiveProjects\Microscopy\20251220\7_8_PPNC2_24hod_8_Multichannel Z-Stack_20251220_808.vsi,7_8_PPNC2_24hod_8_Multichannel Z-Stack_20251220_808.npy,\\srv-fs.ad.nudz.cz\BV_data\Brejtr\ActiveProjects\Microscopy\20251220\7_8_PPNC2_24hod_8_Multichannel Z-Stack_20251220_808.vsi,16,ch0,0.38281944048834643,0.3782941693117969,,False,,0.8823529481887817,,,0.3782941693117969,,,0.38281944048834643,,,0.16483552753925323,,
823,\\srv-fs.ad.nudz.cz\BV_data\Brejtr\ActiveProjects\Microscopy\20251220\7_8_PPNC2_24hod_9_Multichannel Z-Stack_20251220_809.vsi,7_8_PPNC2_24hod_9_Multichannel Z-Stack_20251220_809.npy,\\srv-fs.ad.nudz.cz\BV_data\Brejtr\ActiveProjects\Microscopy\20251220\7_8_PPNC2_24hod_9_Multichannel Z-Stack_20251220_809.vsi,16,ch0,0.5748613668025764,0.5747867758407346,ch0,True,,0.9254902005195618,,,0.5747867758407346,,,0.5748613668025764,,,0.18240898847579956,,
824,\\srv-fs.ad.nudz.cz\BV_data\Brejtr\ActiveProjects\Microscopy\20251220\7_8_PP_24hod_10_Multichannel Z-Stack_20251220_821.vsi,7_8_PP_24hod_10_Multichannel Z-Stack_20251220_821.npy,\\srv-fs.ad.nudz.cz\BV_data\Brejtr\ActiveProjects\Microscopy\20251220\7_8_PP_24hod_10_Multichannel Z-Stack_20251220_821.vsi,324,ch2,0.11528677103095578,0.08367520263676463,,False,,0.6482902765274048,0.6783625483512878,0.7486631274223328,0.04835654151825467,0.05714355060635622,0.08367520263676463,0.08797998076002002,0.09164250015267376,0.11528677103095578,0.129960298538208,0.13482673466205597,0.15903189778327942
825,\\srv-fs.ad.nudz.cz\BV_data\Brejtr\ActiveProjects\Microscopy\20251220\7_8_PP_24hod_1_Multichannel Z-Stack_20251220_812.vsi,7_8_PP_24hod_1_Multichannel Z-Stack_20251220_812.npy,\\srv-fs.ad.nudz.cz\BV_data\Brejtr\ActiveProjects\Microscopy\20251220\7_8_PP_24hod_1_Multichannel Z-Stack_20251220_812.vsi,324,ch2,0.11125749427906223,0.08465392850752809,,False,,0.6789087057113647,0.7084337472915649,0.7643678188323975,0.056248631482965536,0.06654505671324856,0.08465392850752809,0.09127514441388689,0.09842350633360653,0.11125749427906223,0.13953422009944916,0.1430104523897171,0.1618029624223709
826,\\srv-fs.ad.nudz.cz\BV_data\Brejtr\ActiveProjects\Microscopy\20251220\7_8_PP_24hod_2_Multichannel Z-Stack_20251220_813.vsi,7_8_PP_24hod_2_Multichannel Z-Stack_20251220_813.npy,\\srv-fs.ad.nudz.cz\BV_data\Brejtr\ActiveProjects\Microscopy\20251220\7_8_PP_24hod_2_Multichannel Z-Stack_20251220_813.vsi,324,ch2,0.10443590122451055,0.07872125178544684,,False,,0.6238532066345215,0.6558265686035156,0.7432023882865906,0.05075247224028045,0.062446199265787664,0.07872125178544684,0.08869492916654262,0.09263134803689252,0.10443590122451055,0.12380898743867874,0.12931813299655914,0.1499650478363037
827,\\srv-fs.ad.nudz.cz\BV_data\Brejtr\ActiveProjects\Microscopy\20251220\7_8_PP_24hod_3_Multichannel Z-Stack_20251220_814.vsi,7_8_PP_24hod_3_Multichannel Z-Stack_20251220_814.npy,\\srv-fs.ad.nudz.cz\BV_data\Brejtr\ActiveProjects\Microscopy\20251220\7_8_PP_24hod_3_Multichannel Z-Stack_20251220_814.vsi,324,ch2,0.10532748335331946,0.07540849103316917,,False,,0.6515527963638306,0.6785714030265808,0.7448979616165161,0.044312177133777914,0.05260653039859061,0.07540849103316917,0.08244904956132526,0.08739621903427267,0.10532748335331946,0.1317286193370819,0.1371602565050125,0.15867796540260315
828,\\srv-fs.ad.nudz.cz\BV_data\Brejtr\ActiveProjects\Microscopy\20251220\7_8_PP_24hod_4_Multichannel Z-Stack_20251220_815.vsi,7_8_PP_24hod_4_Multichannel Z-Stack_20251220_815.npy,\\srv-fs.ad.nudz.cz\BV_data\Brejtr\ActiveProjects\Microscopy\20251220\7_8_PP_24hod_4_Multichannel Z-Stack_20251220_815.vsi,324,ch2,0.11005912149830951,0.08213905962322746,,False,,0.6394439339637756,0.6466346383094788,0.7257142663002014,0.048618873645069755,0.06676571610134965,0.08213905962322746,0.08797183976287712,0.09902868204527192,0.11005912149830951,0.1273455172777176,0.12607459723949432,0.14639997482299805
829,\\srv-fs.ad.nudz.cz\BV_data\Brejtr\ActiveProjects\Microscopy\20251220\7_8_PP_24hod_5_Multichannel Z-Stack_20251220_816.vsi,7_8_PP_24hod_5_Multichannel Z-Stack_20251220_816.npy,\\srv-fs.ad.nudz.cz\BV_data\Brejtr\ActiveProjects\Microscopy\20251220\7_8_PP_24hod_5_Multichannel Z-Stack_20251220_816.vsi,324,ch1,0.09609925655669407,0.06357558279061126,,False,,0.6904761791229248,0.6903073191642761,0.7621483206748962,0.049783876451384365,0.06357558279061126,0.06978382786180747,0.08365037139049693,0.09609925655669407,0.09371176964238133,0.1411999762058258,0.13908062875270844,0.15650813281536102
830,\\srv-fs.ad.nudz.cz\BV_data\Brejtr\ActiveProjects\Microscopy\20251220\7_8_PP_24hod_6_Multichannel Z-Stack_20251220_817.vsi,7_8_PP_24hod_6_Multichannel Z-Stack_20251220_817.npy,\\srv-fs.ad.nudz.cz\BV_data\Brejtr\ActiveProjects\Microscopy\20251220\7_8_PP_24hod_6_Multichannel Z-Stack_20251220_817.vsi,324,ch2,0.11353145842436486,0.08064224298919653,,False,,0.5983657836914062,0.5761245489120483,0.6864864826202393,0.03961759851868012,0.05047245782907684,0.08064224298919653,0.07636488658726556,0.08515613962242825,0.11353145842436486,0.1153489202260971,0.10892834514379501,0.13735808432102203
831,\\srv-fs.ad.nudz.cz\BV_data\Brejtr\ActiveProjects\Microscopy\20251220\7_8_PP_24hod_7_Multichannel Z-Stack_20251220_818.vsi,7_8_PP_24hod_7_Multichannel Z-Stack_20251220_818.npy,\\srv-fs.ad.nudz.cz\BV_data\Brejtr\ActiveProjects\Microscopy\20251220\7_8_PP_24hod_7_Multichannel Z-Stack_20251220_818.vsi,324,ch2,0.12765405181392755,0.09360104332295971,,False,,0.6059225797653198,0.6029723882675171,0.6960784196853638,0.046215938113601765,0.06141500775605731,0.09360104332295971,0.08722085074164233,0.09836867249990319,0.12765405181392755,0.11651119589805603,0.115635946393013,0.14253191649913788
832,\\srv-fs.ad.nudz.cz\BV_data\Brejtr\ActiveProjects\Microscopy\20251220\7_8_PP_24hod_8_Multichannel Z-Stack_20251220_819.vsi,7_8_PP_24hod_8_Multichannel Z-Stack_20251220_819.npy,\\srv-fs.ad.nudz.cz\BV_data\Brejtr\ActiveProjects\Microscopy\20251220\7_8_PP_24hod_8_Multichannel Z-Stack_20251220_819.vsi,324,ch2,0.10260364375460222,0.07172481905571744,,False,,0.5411361455917358,0.5922509431838989,0.698113203048706,0.03956406172599318,0.052131753334091736,0.07172481905571744,0.08058726070478926,0.08609099875272126,0.10260364375460222,0.10479240864515305,0.11283484101295471,0.14449524879455566
833,\\srv-fs.ad.nudz.cz\BV_data\Brejtr\ActiveProjects\Microscopy\20251220\7_8_PP_24hod_9_Multichannel Z-Stack_20251220_820.vsi,7_8_PP_24hod_9_Multichannel Z-Stack_20251220_820.npy,\\srv-fs.ad.nudz.cz\BV_data\Brejtr\ActiveProjects\Microscopy\20251220\7_8_PP_24hod_9_Multichannel Z-Stack_20251220_820.vsi,324,ch2,0.11200131465296952,0.0827036056766455,,False,,0.5762578845024109,0.6269841194152832,0.7232876420021057,0.04200080258457007,0.06508621555225964,0.0827036056766455,0.07590911088552506,0.09489098995812968,0.11200131465296952,0.1102418377995491,0.12036608159542084,0.14520299434661865
834,\\srv-fs.ad.nudz.cz\BV_data\Brejtr\ActiveProjects\Microscopy\20251220\8_6_NORBAOHARMIN_24hod_10_Multichannel Z-Stack_20251220_752.vsi,8_6_NORBAOHARMIN_24hod_10_Multichannel Z-Stack_20251220_752.npy,\\srv-fs.ad.nudz.cz\BV_data\Brejtr\ActiveProjects\Microscopy\20251220\8_6_NORBAOHARMIN_24hod_10_Multichannel Z-Stack_20251220_752.vsi,324,ch2,0.1064264309193971,0.07045493033818881,,False,,0.6568047404289246,0.6366197466850281,0.7142857313156128,0.045411388059778804,0.04093218500910745,0.07045493033818881,0.08447297446287613,0.08358486263521583,0.1064264309193971,0.13140007853507996,0.12244556844234467,0.14988376200199127
835,\\srv-fs.ad.nudz.cz\BV_data\Brejtr\ActiveProjects\Microscopy\20251220\8_6_NORBAOHARMIN_24hod_1_Multichannel Z-Stack_20251220_742.vsi,8_6_NORBAOHARMIN_24hod_1_Multichannel Z-Stack_20251220_742.npy,\\srv-fs.ad.nudz.cz\BV_data\Brejtr\ActiveProjects\Microscopy\20251220\8_6_NORBAOHARMIN_24hod_1_Multichannel Z-Stack_20251220_742.vsi,324,ch2,0.11873481640232222,0.08770404661621882,,False,,0.6236989498138428,0.615517258644104,0.6814621686935425,0.059340994385626185,0.0578021452602626,0.08770404661621882,0.10172645343823622,0.09615487545563425,0.11873481640232222,0.12388211488723755,0.11966770142316818,0.13796290755271912
836,\\srv-fs.ad.nudz.cz\BV_data\Brejtr\ActiveProjects\Microscopy\20251220\8_6_NORBAOHARMIN_24hod_2_Multichannel Z-Stack_20251220_743.vsi,8_6_NORBAOHARMIN_24hod_2_Multichannel Z-Stack_20251220_743.npy,\\srv-fs.ad.nudz.cz\BV_data\Brejtr\ActiveProjects\Microscopy\20251220\8_6_NORBAOHARMIN_24hod_2_Multichannel Z-Stack_20251220_743.vsi,324,ch2,0.11480030008832515,0.08413171996169846,,False,,0.6563177108764648,0.6729776263237,0.7266514897346497,0.061535063302039957,0.06012605188961905,0.08413171996169846,0.1033664743393129,0.09666522153758166,0.11480030008832515,0.13077092170715332,0.13579411804676056,0.15384972095489502
837,\\srv-fs.ad.nudz.cz\BV_data\Brejtr\ActiveProjects\Microscopy\20251220\8_6_NORBAOHARMIN_24hod_3_Multichannel Z-Stack_20251220_744.vsi,8_6_NORBAOHARMIN_24hod_3_Multichannel Z-Stack_20251220_744.npy,\\srv-fs.ad.nudz.cz\BV_data\Brejtr\ActiveProjects\Microscopy\20251220\8_6_NORBAOHARMIN_24hod_3_Multichannel Z-Stack_20251220_744.vsi,324,ch2,0.11923662430380394,0.08229695450008773,,False,,0.6549100875854492,0.6398678421974182,0.7224576473236084,0.06283474909539573,0.057708553206662086,0.08229695450008773,0.1087353052486597,0.10885141467705449,0.11923662430380394,0.13175314664840698,0.12399850785732269,0.1488022655248642
838,\\srv-fs.ad.nudz.cz\BV_data\Brejtr\ActiveProjects\Microscopy\20251220\8_6_NORBAOHARMIN_24hod_3_Multichannel Z-Stack_20251220_745.vsi,8_6_NORBAOHARMIN_24hod_3_Multichannel Z-Stack_20251220_745.npy,\\srv-fs.ad.nudz.cz\BV_data\Brejtr\ActiveProjects\Microscopy\20251220\8_6_NORBAOHARMIN_24hod_3_Multichannel Z-Stack_20251220_745.vsi,324,ch2,0.12316843525117577,0.08636859037171853,,False,,0.6683785915374756,0.6371681690216064,0.7276887893676758,0.06378407235281491,0.05848415610647936,0.08636859037171853,0.1097545132537844,0.10962769745912411,0.12316843525117577,0.13216879963874817,0.12336121499538422,0.14850716292858124
839,\\srv-fs.ad.nudz.cz\BV_data\Brejtr\ActiveProjects\Microscopy\20251220\8_6_NORBAOHARMIN_24hod_4_Multichannel Z-Stack_20251220_746.vsi,8_6_NORBAOHARMIN_24hod_4_Multichannel Z-Stack_20251220_746.npy,\\srv-fs.ad.nudz.cz\BV_data\Brejtr\ActiveProjects\Microscopy\20251220\8_6_NORBAOHARMIN_24hod_4_Multichannel Z-Stack_20251220_746.vsi,324,ch2,0.11362205766510164,0.0789332993342796,,False,,0.6287625432014465,0.6041923761367798,0.7091295123100281,0.053404818735357615,0.05225548668220533,0.0789332993342796,0.09463604846653215,0.09536304169697032,0.11362205766510164,0.12402980029582977,0.1155296042561531,0.1463336944580078
840,\\srv-fs.ad.nudz.cz\BV_data\Brejtr\ActiveProjects\Microscopy\20251220\8_6_NORBAOHARMIN_24hod_5_Multichannel Z-Stack_20251220_747.vsi,8_6_NORBAOHARMIN_24hod_5_Multichannel Z-Stack_20251220_747.npy,\\srv-fs.ad.nudz.cz\BV_data\Brejtr\ActiveProjects\Microscopy\20251220\8_6_NORBAOHARMIN_24hod_5_Multichannel Z-Stack_20251220_747.vsi,324,ch2,0.11168856560247592,0.0785921057158443,,False,,0.6648250222206116,0.6728354096412659,0.726166307926178,0.05531224444016644,0.05389797088186269,0.0785921057158443,0.0966867454635462,0.09424485478030019,0.11168856560247592,0.13360312581062317,0.13197065889835358,0.1515723168849945
841,\\srv-fs.ad.nudz.cz\BV_data\Brejtr\ActiveProjects\Microscopy\20251220\8_6_NORBAOHARMIN_24hod_6_Multichannel Z-Stack_20251220_748.vsi,8_6_NORBAOHARMIN_24hod_6_Multichannel Z-Stack_20251220_748.npy,\\srv-fs.ad.nudz.cz\BV_data\Brejtr\ActiveProjects\Microscopy\20251220\8_6_NORBAOHARMIN_24hod_6_Multichannel Z-Stack_20251220_748.vsi,324,ch2,0.10182915480547677,0.06998197003553945,,False,,0.6151815056800842,0.5745920538902283,0.7067510485649109,0.047369220131004315,0.04565685574841207,0.06998197003553945,0.0846321255998448,0.08500590521136558,0.10182915480547677,0.12039007246494293,0.1093333438038826,0.14596794545650482
842,\\srv-fs.ad.nudz.cz\BV_data\Brejtr\ActiveProjects\Microscopy\20251220\8_6_NORBAOHARMIN_24hod_7_Multichannel Z-Stack_20251220_749.vsi,8_6_NORBAOHARMIN_24hod_7_Multichannel Z-Stack_20251220_749.npy,\\srv-fs.ad.nudz.cz\BV_data\Brejtr\ActiveProjects\Microscopy\20251220\8_6_NORBAOHARMIN_24hod_7_Multichannel Z-Stack_20251220_749.vsi,324,ch2,0.0949983194139696,0.06618535890466466,,False,,0.3665214464067211,0.5443322062492371,0.6114519238471985,0.022293525848535948,0.03289443358867415,0.06618535890466466,0.0419851699708294,0.06121367830608658,0.0949983194139696,0.08082803338766098,0.09736645966768265,0.11612758040428162
843,\\srv-fs.ad.nudz.cz\BV_data\Brejtr\ActiveProjects\Microscopy\20251220\8_6_NORBAOHARMIN_24hod_8_Multichannel Z-Stack_20251220_750.vsi,8_6_NORBAOHARMIN_24hod_8_Multichannel Z-Stack_20251220_750.npy,\\srv-fs.ad.nudz.cz\BV_data\Brejtr\ActiveProjects\Microscopy\20251220\8_6_NORBAOHARMIN_24hod_8_Multichannel Z-Stack_20251220_750.vsi,324,ch2,0.11500508404570348,0.08115463946426342,,False,,0.5866861939430237,0.5942028760910034,0.6856435537338257,0.047563535768959796,0.04985248702632992,0.08115463946426342,0.08504759024189082,0.08868393778716217,0.11500508404570348,0.11353807896375656,0.11297695338726044,0.1412469893693924
844,\\srv-fs.ad.nudz.cz\BV_data\Brejtr\ActiveProjects\Microscopy\20251220\8_6_NORBAOHARMIN_24hod_9_Multichannel Z-Stack_20251220_751.vsi,8_6_NORBAOHARMIN_24hod_9_Multichannel Z-Stack_20251220_751.npy,\\srv-fs.ad.nudz.cz\BV_data\Brejtr\ActiveProjects\Microscopy\20251220\8_6_NORBAOHARMIN_24hod_9_Multichannel Z-Stack_20251220_751.vsi,324,ch2,0.12116604705209151,0.08295700281342237,,False,,0.6119821071624756,0.6035503149032593,0.7052401900291443,0.05644125962561069,0.05343232379316069,0.08295700281342237,0.09942618036429597,0.10328450350370263,0.12116604705209151,0.11853964626789093,0.11375503987073898,0.145682230591774
845,\\srv-fs.ad.nudz.cz\BV_data\Brejtr\ActiveProjects\Microscopy\20251220\8_6_NORBAO_24hod_10_Multichannel Z-Stack_20251220_741.vsi,8_6_NORBAO_24hod_10_Multichannel Z-Stack_20251220_741.npy,\\srv-fs.ad.nudz.cz\BV_data\Brejtr\ActiveProjects\Microscopy\20251220\8_6_NORBAO_24hod_10_Multichannel Z-Stack_20251220_741.vsi,324,ch2,0.111002813921673,0.08147640622283386,,False,,0.5918580293655396,0.5858585834503174,0.6611111164093018,0.04917004243188924,0.06889091167069852,0.08147640622283386,0.08639308380878676,0.10788168480885234,0.111002813921673,0.11301728338003159,0.10862600803375244,0.125894695520401
846,\\srv-fs.ad.nudz.cz\BV_data\Brejtr\ActiveProjects\Microscopy\20251220\8_6_NORBAO_24hod_1_Multichannel Z-Stack_20251220_732.vsi,8_6_NORBAO_24hod_1_Multichannel Z-Stack_20251220_732.npy,\\srv-fs.ad.nudz.cz\BV_data\Brejtr\ActiveProjects\Microscopy\20251220\8_6_NORBAO_24hod_1_Multichannel Z-Stack_20251220_732.vsi,324,ch1,0.10390547446740972,0.06176289082564969,,False,,0.6361702084541321,0.6394850015640259,0.6783919334411621,0.05220016229920402,0.06176289082564969,0.07400258087454072,0.08961824273866521,0.10390547446740972,0.10143496060771878,0.1285473108291626,0.12204761058092117,0.13340166211128235
847,\\srv-fs.ad.nudz.cz\BV_data\Brejtr\ActiveProjects\Microscopy\20251220\8_6_NORBAO_24hod_2_Multichannel Z-Stack_20251220_733.vsi,8_6_NORBAO_24hod_2_Multichannel Z-Stack_20251220_733.npy,\\srv-fs.ad.nudz.cz\BV_data\Brejtr\ActiveProjects\Microscopy\20251220\8_6_NORBAO_24hod_2_Multichannel Z-Stack_20251220_733.vsi,324,ch2,0.12061187553568888,0.0944750581543861,,False,,0.6772783994674683,0.7042459845542908,0.7019230723381042,0.05144392404788018,0.052875261117848765,0.0944750581543861,0.08950861024852878,0.08935917181638262,0.12061187553568888,0.13964392244815826,0.14454904198646545,0.14185047149658203
848,\\srv-fs.ad.nudz.cz\BV_data\Brejtr\ActiveProjects\Microscopy\20251220\8_6_NORBAO_24hod_2_Multichannel Z-Stack_20251220_734.vsi,8_6_NORBAO_24hod_2_Multichannel Z-Stack_20251220_734.npy,\\srv-fs.ad.nudz.cz\BV_data\Brejtr\ActiveProjects\Microscopy\20251220\8_6_NORBAO_24hod_2_Multichannel Z-Stack_20251220_734.vsi,324,ch2,0.11214505688400982,0.07444174201049895,,False,,0.5326763391494751,0.5128694176673889,0.6376811861991882,0.04932528575400687,0.04404826897102801,0.07444174201049895,0.09704812207753305,0.08873895877613688,0.11214505688400982,0.10092230141162872,0.09610337018966675,0.12236575037240982
849,\\srv-fs.ad.nudz.cz\BV_data\Brejtr\ActiveProjects\Microscopy\20251220\8_6_NORBAO_24hod_4_Multichannel Z-Stack_20251220_735.vsi,8_6_NORBAO_24hod_4_Multichannel Z-Stack_20251220_735.npy,\\srv-fs.ad.nudz.cz\BV_data\Brejtr\ActiveProjects\Microscopy\20251220\8_6_NORBAO_24hod_4_Multichannel Z-Stack_20251220_735.vsi,324,ch2,0.16761451361756222,0.13140741187889193,,False,,0.6277695894241333,0.6329588294029236,0.6737288236618042,0.053761623683038655,0.06064811952307769,0.13140741187889193,0.09621999390885741,0.10047303705343416,0.16761451361756222,0.12038130313158035,0.12096621841192245,0.13467834889888763
850,\\srv-fs.ad.nudz.cz\BV_data\Brejtr\ActiveProjects\Microscopy\20251220\8_6_NORBAO_24hod_5_Multichannel Z-Stack_20251220_736.vsi,8_6_NORBAO_24hod_5_Multichannel Z-Stack_20251220_736.npy,\\srv-fs.ad.nudz.cz\BV_data\Brejtr\ActiveProjects\Microscopy\20251220\8_6_NORBAO_24hod_5_Multichannel Z-Stack_20251220_736.vsi,324,ch2,0.1280426043880948,0.08966149308960158,,False,,0.6125965714454651,0.5558510422706604,0.6716417670249939,0.04876837698264285,0.05257115251366802,0.08966149308960158,0.09303325440846175,0.09668471461986061,0.1280426043880948,0.11780541390180588,0.10431256145238876,0.13319668173789978
851,\\srv-fs.ad.nudz.cz\BV_data\Brejtr\ActiveProjects\Microscopy\20251220\8_6_NORBAO_24hod_6_Multichannel Z-Stack_20251220_737.vsi,8_6_NORBAO_24hod_6_Multichannel Z-Stack_20251220_737.npy,\\srv-fs.ad.nudz.cz\BV_data\Brejtr\ActiveProjects\Microscopy\20251220\8_6_NORBAO_24hod_6_Multichannel Z-Stack_20251220_737.vsi,324,ch2,0.10845614818444256,0.07379659293259541,,False,,0.6051459908485413,0.6238244771957397,0.7031963467597961,0.042835521041416566,0.04451836701027905,0.07379659293259541,0.08311860690793485,0.08889641114945913,0.10845614818444256,0.11870783567428589,0.11787763983011246,0.14697007834911346
852,\\srv-fs.ad.nudz.cz\BV_data\Brejtr\ActiveProjects\Microscopy\20251220\8_6_NORBAO_24hod_7_Multichannel Z-Stack_20251220_738.vsi,8_6_NORBAO_24hod_7_Multichannel Z-Stack_20251220_738.npy,\\srv-fs.ad.nudz.cz\BV_data\Brejtr\ActiveProjects\Microscopy\20251220\8_6_NORBAO_24hod_7_Multichannel Z-Stack_20251220_738.vsi,324,ch2,0.10658382518109463,0.07288063222599646,,False,,0.6230434775352478,0.6237761974334717,0.7130434513092041,0.044502385524270806,0.054074885465580896,0.07288063222599646,0.08659932396862947,0.09560692470942297,0.10658382518109463,0.12059140205383301,0.11796225607395172,0.14505872130393982
853,\\srv-fs.ad.nudz.cz\BV_data\Brejtr\ActiveProjects\Microscopy\20251220\8_6_NORBAO_24hod_8_Multichannel Z-Stack_20251220_739.vsi,8_6_NORBAO_24hod_8_Multichannel Z-Stack_20251220_739.npy,\\srv-fs.ad.nudz.cz\BV_data\Brejtr\ActiveProjects\Microscopy\20251220\8_6_NORBAO_24hod_8_Multichannel Z-Stack_20251220_739.vsi,324,ch2,0.11377358439933585,0.07757601915850076,,False,,0.5641735792160034,0.5599489808082581,0.6769230961799622,0.04399157014222894,0.044246900831565544,0.07757601915850076,0.08826242990136643,0.08382016411372767,0.11377358439933585,0.10630682855844498,0.10361761599779129,0.1343381404876709
854,\\srv-fs.ad.nudz.cz\BV_data\Brejtr\ActiveProjects\Microscopy\20251220\8_6_NORBAO_24hod_9_Multichannel Z-Stack_20251220_740.vsi,8_6_NORBAO_24hod_9_Multichannel Z-Stack_20251220_740.npy,\\srv-fs.ad.nudz.cz\BV_data\Brejtr\ActiveProjects\Microscopy\20251220\8_6_NORBAO_24hod_9_Multichannel Z-Stack_20251220_740.vsi,324,ch2,0.11969523466338577,0.08092398538007484,,False,,0.6573660969734192,0.6316916346549988,0.7110609412193298,0.049015249081311406,0.04965424973728821,0.08092398538007484,0.09004130632970718,0.09661408505334015,0.11969523466338577,0.13331592082977295,0.12201184034347534,0.14788618683815002
855,\\srv-fs.ad.nudz.cz\BV_data\Brejtr\ActiveProjects\Microscopy\20251220\8_7_AERUGHARMIN_24hod_10_Multichannel Z-Stack_20251220_763.vsi,8_7_AERUGHARMIN_24hod_10_Multichannel Z-Stack_20251220_763.npy,\\srv-fs.ad.nudz.cz\BV_data\Brejtr\ActiveProjects\Microscopy\20251220\8_7_AERUGHARMIN_24hod_10_Multichannel Z-Stack_20251220_763.vsi,324,ch2,0.11410081962929763,0.07603536147538069,,False,,0.6086028218269348,0.6420911550521851,0.6659959554672241,0.04356313020478998,0.05408936780307709,0.07603536147538069,0.08818015617202687,0.0987391327478705,0.11410081962929763,0.11933788657188416,0.12369319051504135,0.13614287972450256
856,\\srv-fs.ad.nudz.cz\BV_data\Brejtr\ActiveProjects\Microscopy\20251220\8_7_AERUGHARMIN_24hod_1_Multichannel Z-Stack_20251220_753.vsi,8_7_AERUGHARMIN_24hod_1_Multichannel Z-Stack_20251220_753.npy,\\srv-fs.ad.nudz.cz\BV_data\Brejtr\ActiveProjects\Microscopy\20251220\8_7_AERUGHARMIN_24hod_1_Multichannel Z-Stack_20251220_753.vsi,324,ch2,0.10873669004860301,0.07618359606704501,,False,,0.6547542810440063,0.6554508805274963,0.7393258213996887,0.05403930267404731,0.05406706324763845,0.07618359606704501,0.09507020653748632,0.09840931050413924,0.10873669004860301,0.13324975967407227,0.12691141664981842,0.15460175275802612
857,\\srv-fs.ad.nudz.cz\BV_data\Brejtr\ActiveProjects\Microscopy\20251220\8_7_AERUGHARMIN_24hod_1_Multichannel Z-Stack_20251220_754.vsi,8_7_AERUGHARMIN_24hod_1_Multichannel Z-Stack_20251220_754.npy,\\srv-fs.ad.nudz.cz\BV_data\Brejtr\ActiveProjects\Microscopy\20251220\8_7_AERUGHARMIN_24hod_1_Multichannel Z-Stack_20251220_754.vsi,324,ch2,0.11329038446920016,0.08099453628032871,,False,,0.6545579433441162,0.6585366129875183,0.7437810897827148,0.055457402164052164,0.0549330863832573,0.08099453628032871,0.09656418694028,0.09915388417997432,0.11329038446920016,0.1328764259815216,0.12691716849803925,0.1546456515789032
858,\\srv-fs.ad.nudz.cz\BV_data\Brejtr\ActiveProjects\Microscopy\20251220\8_7_AERUGHARMIN_24hod_2_Multichannel Z-Stack_20251220_755.vsi,8_7_AERUGHARMIN_24hod_2_Multichannel Z-Stack_20251220_755.npy,\\srv-fs.ad.nudz.cz\BV_data\Brejtr\ActiveProjects\Microscopy\20251220\8_7_AERUGHARMIN_24hod_2_Multichannel Z-Stack_20251220_755.vsi,324,ch2,0.11511193974736195,0.08272180406533865,,False,,0.6649335622787476,0.6607929468154907,0.7436489462852478,0.05151770051303952,0.05478410349462981,0.08272180406533865,0.08985576766004716,0.09195021645326393,0.11511193974736195,0.13337087631225586,0.1311432421207428,0.15478943288326263
859,\\srv-fs.ad.nudz.cz\BV_data\Brejtr\ActiveProjects\Microscopy\20251220\8_7_AERUGHARMIN_24hod_3_Multichannel Z-Stack_20251220_756.vsi,8_7_AERUGHARMIN_24hod_3_Multichannel Z-Stack_20251220_756.npy,\\srv-fs.ad.nudz.cz\BV_data\Brejtr\ActiveProjects\Microscopy\20251220\8_7_AERUGHARMIN_24hod_3_Multichannel Z-Stack_20251220_756.vsi,324,ch2,0.12701604544135328,0.09241554107301236,,False,,0.5592972040176392,0.5023094415664673,0.6393442749977112,0.04358872226124514,0.04985434342014883,0.09241554107301236,0.0862524071416463,0.08652829418792882,0.12701604544135328,0.10827755928039551,0.09977385401725769,0.12467597424983978
860,\\srv-fs.ad.nudz.cz\BV_data\Brejtr\ActiveProjects\Microscopy\20251220\8_7_AERUGHARMIN_24hod_4_Multichannel Z-Stack_20251220_757.vsi,8_7_AERUGHARMIN_24hod_4_Multichannel Z-Stack_20251220_757.npy,\\srv-fs.ad.nudz.cz\BV_data\Brejtr\ActiveProjects\Microscopy\20251220\8_7_AERUGHARMIN_24hod_4_Multichannel Z-Stack_20251220_757.vsi,324,ch2,0.14147148513331192,0.11222606843925766,,False,,0.6289646625518799,0.6417112350463867,0.6887966990470886,0.04722402621579935,0.041745596599213286,0.11222606843925766,0.08418709081165297,0.07159396672914849,0.14147148513331192,0.12691053748130798,0.1271866261959076,0.14164738357067108
861,\\srv-fs.ad.nudz.cz\BV_data\Brejtr\ActiveProjects\Microscopy\20251220\8_7_AERUGHARMIN_24hod_5_Multichannel Z-Stack_20251220_758.vsi,8_7_AERUGHARMIN_24hod_5_Multichannel Z-Stack_20251220_758.npy,\\srv-fs.ad.nudz.cz\BV_data\Brejtr\ActiveProjects\Microscopy\20251220\8_7_AERUGHARMIN_24hod_5_Multichannel Z-Stack_20251220_758.vsi,324,ch2,0.11104815088764963,0.08064830832255195,,False,,0.6395969390869141,0.6342525482177734,0.7357142567634583,0.05628190279613021,0.05397839377793386,0.08064830832255195,0.0979906963296557,0.09070481386310082,0.11104815088764963,0.12697260081768036,0.12608088552951813,0.15384671092033386
862,\\srv-fs.ad.nudz.cz\BV_data\Brejtr\ActiveProjects\Microscopy\20251220\8_7_AERUGHARMIN_24hod_6_Multichannel Z-Stack_20251220_759.vsi,8_7_AERUGHARMIN_24hod_6_Multichannel Z-Stack_20251220_759.npy,\\srv-fs.ad.nudz.cz\BV_data\Brejtr\ActiveProjects\Microscopy\20251220\8_7_AERUGHARMIN_24hod_6_Multichannel Z-Stack_20251220_759.vsi,324,ch2,0.10894872846055313,0.07535894878211655,,False,,0.5246365070343018,0.5628683567047119,0.6818181872367859,0.04364630684370309,0.0460379742584293,0.07535894878211655,0.08097580889444782,0.08665354083696702,0.10894872846055313,0.10578957200050354,0.10870030522346497,0.13868120312690735
863,\\srv-fs.ad.nudz.cz\BV_data\Brejtr\ActiveProjects\Microscopy\20251220\8_7_AERUGHARMIN_24hod_7_Multichannel Z-Stack_20251220_760.vsi,8_7_AERUGHARMIN_24hod_7_Multichannel Z-Stack_20251220_760.npy,\\srv-fs.ad.nudz.cz\BV_data\Brejtr\ActiveProjects\Microscopy\20251220\8_7_AERUGHARMIN_24hod_7_Multichannel Z-Stack_20251220_760.vsi,324,ch2,0.09862783908511694,0.06456111789644689,,False,,0.6295641660690308,0.6089527010917664,0.6954023241996765,0.04136537574343408,0.042476667120035706,0.06456111789644689,0.08316289368715508,0.08422826007004758,0.09862783908511694,0.12782669067382812,0.1210343986749649,0.14742912352085114
864,\\srv-fs.ad.nudz.cz\BV_data\Brejtr\ActiveProjects\Microscopy\20251220\8_7_AERUGHARMIN_24hod_8_Multichannel Z-Stack_20251220_761.vsi,8_7_AERUGHARMIN_24hod_8_Multichannel Z-Stack_20251220_761.npy,\\srv-fs.ad.nudz.cz\BV_data\Brejtr\ActiveProjects\Microscopy\20251220\8_7_AERUGHARMIN_24hod_8_Multichannel Z-Stack_20251220_761.vsi,324,ch2,0.1875323913357912,0.15203607165823552,,False,,0.6291883587837219,0.633093535900116,0.6140350699424744,0.0607274860807393,0.05827396230816528,0.15203607165823552,0.1026932410083111,0.09309068663161102,0.1875323913357912,0.11915083229541779,0.11858661472797394,0.12415627390146255
865,\\srv-fs.ad.nudz.cz\BV_data\Brejtr\ActiveProjects\Microscopy\20251220\8_7_AERUGHARMIN_24hod_9_Multichannel Z-Stack_20251220_762.vsi,8_7_AERUGHARMIN_24hod_9_Multichannel Z-Stack_20251220_762.npy,\\srv-fs.ad.nudz.cz\BV_data\Brejtr\ActiveProjects\Microscopy\20251220\8_7_AERUGHARMIN_24hod_9_Multichannel Z-Stack_20251220_762.vsi,324,ch2,0.11391797413614195,0.07810846318744052,,False,,0.6272242069244385,0.6357056498527527,0.7155963182449341,0.04499301764698974,0.0483883028784668,0.07810846318744052,0.08699013365654719,0.08788339269827702,0.11391797413614195,0.12443053722381592,0.12567724287509918,0.1484384685754776
866,\\srv-fs.ad.nudz.cz\BV_data\Brejtr\ActiveProjects\Microscopy\20251220\8_7_AERUG_24hod_10_Multichannel Z-Stack_20251220_774.vsi,8_7_AERUG_24hod_10_Multichannel Z-Stack_20251220_774.npy,\\srv-fs.ad.nudz.cz\BV_data\Brejtr\ActiveProjects\Microscopy\20251220\8_7_AERUG_24hod_10_Multichannel Z-Stack_20251220_774.vsi,324,ch2,0.11831845016723447,0.07875672857663965,,False,,0.6248723864555359,0.6293958425521851,0.6833333373069763,0.045572880514640056,0.044035052546840474,0.07875672857663965,0.09471611514377125,0.0843764740317717,0.11831845016723447,0.12097301334142685,0.12262672185897827,0.13502058386802673
867,\\srv-fs.ad.nudz.cz\BV_data\Brejtr\ActiveProjects\Microscopy\20251220\8_7_AERUG_24hod_1_Multichannel Z-Stack_20251220_764.vsi,8_7_AERUG_24hod_1_Multichannel Z-Stack_20251220_764.npy,\\srv-fs.ad.nudz.cz\BV_data\Brejtr\ActiveProjects\Microscopy\20251220\8_7_AERUG_24hod_1_Multichannel Z-Stack_20251220_764.vsi,324,ch0,0.09716908520528772,0.05602750220415652,,False,,0.6769683361053467,0.6993569135665894,0.7396694421768188,0.05602750220415652,0.05115873722949611,0.06447010267634538,0.09716908520528772,0.08491233419851717,0.08963808129443293,0.136639803647995,0.14409185945987701,0.1509193331003189
868,\\srv-fs.ad.nudz.cz\BV_data\Brejtr\ActiveProjects\Microscopy\20251220\8_7_AERUG_24hod_2_Multichannel Z-Stack_20251220_765.vsi,8_7_AERUG_24hod_2_Multichannel Z-Stack_20251220_765.npy,\\srv-fs.ad.nudz.cz\BV_data\Brejtr\ActiveProjects\Microscopy\20251220\8_7_AERUG_24hod_2_Multichannel Z-Stack_20251220_765.vsi,324,ch2,0.10433612087675868,0.07332191064767159,,False,,0.6642651557922363,0.64112389087677,0.7115839123725891,0.049167530154481276,0.04784807357095612,0.07332191064767159,0.088307204906348,0.08956180463580407,0.10433612087675868,0.12776385247707367,0.12636390328407288,0.14750602841377258
869,\\srv-fs.ad.nudz.cz\BV_data\Brejtr\ActiveProjects\Microscopy\20251220\8_7_AERUG_24hod_3_Multichannel Z-Stack_20251220_766.vsi,8_7_AERUG_24hod_3_Multichannel Z-Stack_20251220_766.npy,\\srv-fs.ad.nudz.cz\BV_data\Brejtr\ActiveProjects\Microscopy\20251220\8_7_AERUG_24hod_3_Multichannel Z-Stack_20251220_766.vsi,324,ch2,0.1150155093807275,0.08078117126380127,,False,,0.6002719402313232,0.5994550585746765,0.6945107579231262,0.051700858599657756,0.050916996471499595,0.08078117126380127,0.09386874728017693,0.09314803029891432,0.1150155093807275,0.11457546800374985,0.11201637983322144,0.13997851312160492
870,\\srv-fs.ad.nudz.cz\BV_data\Brejtr\ActiveProjects\Microscopy\20251220\8_7_AERUG_24hod_4_Multichannel Z-Stack_20251220_767.vsi,8_7_AERUG_24hod_4_Multichannel Z-Stack_20251220_767.npy,\\srv-fs.ad.nudz.cz\BV_data\Brejtr\ActiveProjects\Microscopy\20251220\8_7_AERUG_24hod_4_Multichannel Z-Stack_20251220_767.vsi,324,ch2,0.1081217690740665,0.07719449760027229,,False,,0.5797202587127686,0.5633561611175537,0.6682577729225159,0.04606201113774601,0.05195965095618315,0.07719449760027229,0.08400622285983345,0.08771657831197732,0.1081217690740665,0.10891152918338776,0.1057746559381485,0.13269342482089996
871,\\srv-fs.ad.nudz.cz\BV_data\Brejtr\ActiveProjects\Microscopy\20251220\8_7_AERUG_24hod_5_Multichannel Z-Stack_20251220_768.vsi,8_7_AERUG_24hod_5_Multichannel Z-Stack_20251220_768.npy,\\srv-fs.ad.nudz.cz\BV_data\Brejtr\ActiveProjects\Microscopy\20251220\8_7_AERUG_24hod_5_Multichannel Z-Stack_20251220_768.vsi,324,ch2,0.10239525023598524,0.06556235794961675,,False,,0.6211546659469604,0.584557056427002,0.6666666865348816,0.03947020743832416,0.03283009203911441,0.06556235794961675,0.07663265665092016,0.07167123332827,0.10239525023598524,0.12230168282985687,0.11200141906738281,0.13749852776527405
872,\\srv-fs.ad.nudz.cz\BV_data\Brejtr\ActiveProjects\Microscopy\20251220\8_7_AERUG_24hod_6_Multichannel Z-Stack_20251220_769.vsi,8_7_AERUG_24hod_6_Multichannel Z-Stack_20251220_769.npy,\\srv-fs.ad.nudz.cz\BV_data\Brejtr\ActiveProjects\Microscopy\20251220\8_7_AERUG_24hod_6_Multichannel Z-Stack_20251220_769.vsi,324,ch2,0.12831847923248071,0.09609889109090593,,False,,0.6659939289093018,0.6436597108840942,0.7339449524879456,0.06437070005299192,0.05957626406152058,0.09609889109090593,0.10141882524795534,0.09886692423178024,0.12831847923248071,0.13506710529327393,0.12554995715618134,0.15176954865455627
873,\\srv-fs.ad.nudz.cz\BV_data\Brejtr\ActiveProjects\Microscopy\20251220\8_7_AERUG_24hod_7_Multichannel Z-Stack_20251220_770.vsi,8_7_AERUG_24hod_7_Multichannel Z-Stack_20251220_770.npy,\\srv-fs.ad.nudz.cz\BV_data\Brejtr\ActiveProjects\Microscopy\20251220\8_7_AERUG_24hod_7_Multichannel Z-Stack_20251220_770.vsi,324,ch2,0.13576303550404048,0.1003499207104565,,False,,0.602180540561676,0.6195536851882935,0.6913183331489563,0.04302516179058768,0.04592636596970628,0.1003499207104565,0.08710165669939647,0.08288577873234416,0.13576303550404048,0.11908702552318573,0.12204474955797195,0.13746781647205353
874,\\srv-fs.ad.nudz.cz\BV_data\Brejtr\ActiveProjects\Microscopy\20251220\8_7_AERUG_24hod_7_Multichannel Z-Stack_20251220_771.vsi,8_7_AERUG_24hod_7_Multichannel Z-Stack_20251220_771.npy,\\srv-fs.ad.nudz.cz\BV_data\Brejtr\ActiveProjects\Microscopy\20251220\8_7_AERUG_24hod_7_Multichannel Z-Stack_20251220_771.vsi,16,ch0,0.320497858329246,0.309743086370968,,False,,1.0,,,0.309743086370968,,,0.320497858329246,,,0.23123610019683838,,
875,\\srv-fs.ad.nudz.cz\BV_data\Brejtr\ActiveProjects\Microscopy\20251220\8_7_AERUG_24hod_8_Multichannel Z-Stack_20251220_772.vsi,8_7_AERUG_24hod_8_Multichannel Z-Stack_20251220_772.npy,\\srv-fs.ad.nudz.cz\BV_data\Brejtr\ActiveProjects\Microscopy\20251220\8_7_AERUG_24hod_8_Multichannel Z-Stack_20251220_772.vsi,324,ch2,0.12349065626979402,0.08685595811043625,,False,,0.634749174118042,0.6211180090904236,0.6749311089515686,0.03505268083195983,0.0385660072684927,0.08685595811043625,0.0762557295159189,0.0746823014343211,0.12349065626979402,0.12132835388183594,0.12129032611846924,0.13269786536693573
876,\\srv-fs.ad.nudz.cz\BV_data\Brejtr\ActiveProjects\Microscopy\20251220\8_7_AERUG_24hod_9_Multichannel Z-Stack_20251220_773.vsi,8_7_AERUG_24hod_9_Multichannel Z-Stack_20251220_773.npy,\\srv-fs.ad.nudz.cz\BV_data\Brejtr\ActiveProjects\Microscopy\20251220\8_7_AERUG_24hod_9_Multichannel Z-Stack_20251220_773.vsi,324,ch2,0.1851828379244453,0.14857812337897003,,False,,0.5728302001953125,0.5414572954177856,0.6502463221549988,0.05383770607307982,0.04901436449879343,0.14857812337897003,0.0936709869173759,0.08930920760681231,0.1851828379244453,0.10981246829032898,0.10140790790319443,0.1292610764503479
877,\\srv-fs.ad.nudz.cz\BV_data\Brejtr\ActiveProjects\Microscopy\20251220\8_7_NC_24hod_1_Multichannel Z-Stack_20251220_775.vsi,8_7_NC_24hod_1_Multichannel Z-Stack_20251220_775.npy,\\srv-fs.ad.nudz.cz\BV_data\Brejtr\ActiveProjects\Microscopy\20251220\8_7_NC_24hod_1_Multichannel Z-Stack_20251220_775.vsi,324,ch1,0.8637440614259987,0.8715997295396559,ch0;ch1;ch2,True,,0.800000011920929,0.7714285850524902,0.7045454382896423,0.8541399897445393,0.8715997295396559,0.7491845263333257,0.8465274547283362,0.8637440614259987,0.7428706642273962,0.15215574204921722,0.15007910132408142,0.14066845178604126
878,\\srv-fs.ad.nudz.cz\BV_data\Brejtr\ActiveProjects\Microscopy\20251220\8_7_NC_24hod_2_Multichannel Z-Stack_20251220_776.vsi,8_7_NC_24hod_2_Multichannel Z-Stack_20251220_776.npy,\\srv-fs.ad.nudz.cz\BV_data\Brejtr\ActiveProjects\Microscopy\20251220\8_7_NC_24hod_2_Multichannel Z-Stack_20251220_776.vsi,324,ch1,0.3796969538438002,0.37775552338329554,,False,,0.5977011322975159,0.695652186870575,0.7115384340286255,0.3281375246327338,0.37775552338329554,0.08339137575428696,0.33083595962477974,0.3796969538438002,0.11052748820159283,0.12071095407009125,0.13369092345237732,0.14115209877490997
879,\\srv-fs.ad.nudz.cz\BV_data\Brejtr\ActiveProjects\Microscopy\20251220\8_7_NC_24hod_3_Multichannel Z-Stack_20251220_777.vsi,8_7_NC_24hod_3_Multichannel Z-Stack_20251220_777.npy,\\srv-fs.ad.nudz.cz\BV_data\Brejtr\ActiveProjects\Microscopy\20251220\8_7_NC_24hod_3_Multichannel Z-Stack_20251220_777.vsi,324,ch1,0.45551484462347847,0.45563990421193085,,False,,0.6702127456665039,0.682539701461792,0.6219838857650757,0.26255436193316545,0.45563990421193085,0.08391251689711222,0.26617708366196297,0.45551484462347847,0.11027352583213744,0.12857457995414734,0.12706275284290314,0.11956161260604858
880,\\srv-fs.ad.nudz.cz\BV_data\Brejtr\ActiveProjects\Microscopy\20251220\8_7_NC_24hod_4_Multichannel Z-Stack_20251220_778.vsi,8_7_NC_24hod_4_Multichannel Z-Stack_20251220_778.npy,\\srv-fs.ad.nudz.cz\BV_data\Brejtr\ActiveProjects\Microscopy\20251220\8_7_NC_24hod_4_Multichannel Z-Stack_20251220_778.vsi,324,ch1,0.34142503761523396,0.33861951000505963,,False,,0.5869565010070801,0.6385542154312134,0.7083333134651184,0.21301148354533364,0.33861951000505963,0.09704391287580949,0.21937453581978664,0.34142503761523396,0.12669464764280092,0.11868467181921005,0.12286698073148727,0.14520426094532013
881,\\srv-fs.ad.nudz.cz\BV_data\Brejtr\ActiveProjects\Microscopy\20251220\8_7_NC_24hod_5_Multichannel Z-Stack_20251220_779.vsi,8_7_NC_24hod_5_Multichannel Z-Stack_20251220_779.npy,\\srv-fs.ad.nudz.cz\BV_data\Brejtr\ActiveProjects\Microscopy\20251220\8_7_NC_24hod_5_Multichannel Z-Stack_20251220_779.vsi,324,ch1,0.38042971314909596,0.3793439186580443,,False,,0.6952381134033203,0.699999988079071,0.6787233948707581,0.22186584884418137,0.3793439186580443,0.06995080763778977,0.22688004778149454,0.38042971314909596,0.09157311734175216,0.1416403353214264,0.13019011914730072,0.133562833070755
882,\\srv-fs.ad.nudz.cz\BV_data\Brejtr\ActiveProjects\Microscopy\20251220\8_7_NC_24hod_6_Multichannel Z-Stack_20251220_780.vsi,8_7_NC_24hod_6_Multichannel Z-Stack_20251220_780.npy,\\srv-fs.ad.nudz.cz\BV_data\Brejtr\ActiveProjects\Microscopy\20251220\8_7_NC_24hod_6_Multichannel Z-Stack_20251220_780.vsi,324,ch1,0.3576872752215402,0.3566086160671567,,False,,0.6637930870056152,0.7222222089767456,0.6949806809425354,0.20964711868468308,0.3566086160671567,0.06558718198364405,0.2151115897253234,0.3576872752215402,0.08602549856013433,0.13605785369873047,0.13209840655326843,0.1356174796819687
893,\\srv-fs.ad.nudz.cz\BV_data\Brejtr\ActiveProjects\Microscopy\20251220\8_7_PP_24hod_10_Multichannel Z-Stack_20251220_790.vsi,8_7_PP_24hod_10_Multichannel Z-Stack_20251220_790.npy,\\srv-fs.ad.nudz.cz\BV_data\Brejtr\ActiveProjects\Microscopy\20251220\8_7_PP_24hod_10_Multichannel Z-Stack_20251220_790.vsi,324,ch2,0.14630829999308914,0.10941097597195365,,False,,0.6292834877967834,0.657841145992279,0.7006579041481018,0.05789147701561414,0.06268760061355379,0.10941097597195365,0.09527531213337677,0.10239115980527035,0.14630829999308914,0.12729397416114807,0.12731438875198364,0.14293324947357178
894,\\srv-fs.ad.nudz.cz\BV_data\Brejtr\ActiveProjects\Microscopy\20251220\8_7_PP_24hod_1_Multichannel Z-Stack_20251220_781.vsi,8_7_PP_24hod_1_Multichannel Z-Stack_20251220_781.npy,\\srv-fs.ad.nudz.cz\BV_data\Brejtr\ActiveProjects\Microscopy\20251220\8_7_PP_24hod_1_Multichannel Z-Stack_20251220_781.vsi,324,ch2,0.17072359504715254,0.12821022424032957,,False,,0.630827784538269,0.6558265686035156,0.6937269568443298,0.06268243494502995,0.08102418085125743,0.12821022424032957,0.1086889113648068,0.12009814708175327,0.17072359504715254,0.12204895913600922,0.1253926157951355,0.14114293456077576
895,\\srv-fs.ad.nudz.cz\BV_data\Brejtr\ActiveProjects\Microscopy\20251220\8_7_PP_24hod_2_Multichannel Z-Stack_20251220_782.vsi,8_7_PP_24hod_2_Multichannel Z-Stack_20251220_782.npy,\\srv-fs.ad.nudz.cz\BV_data\Brejtr\ActiveProjects\Microscopy\20251220\8_7_PP_24hod_2_Multichannel Z-Stack_20251220_782.vsi,324,ch2,0.12246014670362787,0.09180424553337349,,False,,0.6592920422554016,0.7028571367263794,0.7280219793319702,0.060025734561734045,0.08126732626941711,0.09180424553337349,0.10201070493856385,0.11276914738980019,0.12246014670362787,0.13183961808681488,0.1417391300201416,0.14737504720687866
896,\\srv-fs.ad.nudz.cz\BV_data\Brejtr\ActiveProjects\Microscopy\20251220\8_7_PP_24hod_3_Multichannel Z-Stack_20251220_783.vsi,8_7_PP_24hod_3_Multichannel Z-Stack_20251220_783.npy,\\srv-fs.ad.nudz.cz\BV_data\Brejtr\ActiveProjects\Microscopy\20251220\8_7_PP_24hod_3_Multichannel Z-Stack_20251220_783.vsi,324,ch2,0.15246860893350767,0.1145459432878349,,False,,0.6283906102180481,0.644518256187439,0.7010309100151062,0.05565866490727266,0.09401689338616534,0.1145459432878349,0.09873074184516012,0.12914308928441415,0.15246860893350767,0.1213480532169342,0.12502561509609222,0.14258788526058197
897,\\srv-fs.ad.nudz.cz\BV_data\Brejtr\ActiveProjects\Microscopy\20251220\8_7_PP_24hod_4_Multichannel Z-Stack_20251220_784.vsi,8_7_PP_24hod_4_Multichannel Z-Stack_20251220_784.npy,\\srv-fs.ad.nudz.cz\BV_data\Brejtr\ActiveProjects\Microscopy\20251220\8_7_PP_24hod_4_Multichannel Z-Stack_20251220_784.vsi,324,ch2,0.12048033809344999,0.08942096671544274,,False,,0.6462418437004089,0.6844660043716431,0.7285318374633789,0.0532227553272704,0.06927868699059418,0.08942096671544274,0.09333554367447808,0.10315667125940735,0.12048033809344999,0.12947598099708557,0.13661131262779236,0.14915595948696136
898,\\srv-fs.ad.nudz.cz\BV_data\Brejtr\ActiveProjects\Microscopy\20251220\8_7_PP_24hod_5_Multichannel Z-Stack_20251220_785.vsi,8_7_PP_24hod_5_Multichannel Z-Stack_20251220_785.npy,\\srv-fs.ad.nudz.cz\BV_data\Brejtr\ActiveProjects\Microscopy\20251220\8_7_PP_24hod_5_Multichannel Z-Stack_20251220_785.vsi,324,ch2,0.12497433154678954,0.09390940088388165,,False,,0.6511194109916687,0.6885644793510437,0.7294833064079285,0.05537728039781791,0.06907842068510178,0.09390940088388165,0.09555028871060903,0.10320521498850367,0.12497433154678954,0.12969429790973663,0.13711637258529663,0.14946945011615753
899,\\srv-fs.ad.nudz.cz\BV_data\Brejtr\ActiveProjects\Microscopy\20251220\8_7_PP_24hod_6_Multichannel Z-Stack_20251220_786.vsi,8_7_PP_24hod_6_Multichannel Z-Stack_20251220_786.npy,\\srv-fs.ad.nudz.cz\BV_data\Brejtr\ActiveProjects\Microscopy\20251220\8_7_PP_24hod_6_Multichannel Z-Stack_20251220_786.vsi,324,ch2,0.12728374553648433,0.09134000074018424,,False,,0.5942623019218445,0.6239316463470459,0.6951871514320374,0.043793239726984096,0.06437947598063587,0.09134000074018424,0.08249491849950893,0.10171172967024765,0.12728374553648433,0.11207539588212967,0.11916650086641312,0.14053647220134735
900,\\srv-fs.ad.nudz.cz\BV_data\Brejtr\ActiveProjects\Microscopy\20251220\8_7_PP_24hod_7_Multichannel Z-Stack_20251220_787.vsi,8_7_PP_24hod_7_Multichannel Z-Stack_20251220_787.npy,\\srv-fs.ad.nudz.cz\BV_data\Brejtr\ActiveProjects\Microscopy\20251220\8_7_PP_24hod_7_Multichannel Z-Stack_20251220_787.vsi,324,ch2,0.12070263587457042,0.08503115397533674,,False,,0.5837922692298889,0.6042183637619019,0.6763157844543457,0.029968705173841648,0.04187688013744412,0.08503115397533674,0.06538393142370748,0.0755294248120973,0.12070263587457042,0.1123281717300415,0.1165829673409462,0.13651901483535767
901,\\srv-fs.ad.nudz.cz\BV_data\Brejtr\ActiveProjects\Microscopy\20251220\8_7_PP_24hod_8_Multichannel Z-Stack_20251220_788.vsi,8_7_PP_24hod_8_Multichannel Z-Stack_20251220_788.npy,\\srv-fs.ad.nudz.cz\BV_data\Brejtr\ActiveProjects\Microscopy\20251220\8_7_PP_24hod_8_Multichannel Z-Stack_20251220_788.vsi,324,ch2,0.11430124156188894,0.08028389990721166,,False,,0.5809524059295654,0.5899632573127747,0.6800947785377502,0.029747316378705875,0.03857509965349709,0.08028389990721166,0.061363638768110663,0.06975205236811935,0.11430124156188894,0.10901356488466263,0.11176195740699768,0.13755224645137787
902,\\srv-fs.ad.nudz.cz\BV_data\Brejtr\ActiveProjects\Microscopy\20251220\8_7_PP_24hod_9_Multichannel Z-Stack_20251220_789.vsi,8_7_PP_24hod_9_Multichannel Z-Stack_20251220_789.npy,\\srv-fs.ad.nudz.cz\BV_data\Brejtr\ActiveProjects\Microscopy\20251220\8_7_PP_24hod_9_Multichannel Z-Stack_20251220_789.vsi,324,ch2,0.15688946411465737,0.11653665017801014,,False,,0.6584107279777527,0.6811594367027283,0.7213114500045776,0.06433049618924921,0.07018013785947898,0.11653665017801014,0.10678052448936991,0.11580246817954659,0.15688946411465737,0.1292785257101059,0.1290462464094162,0.14618390798568726
