file_path,file_name,file_suffix,scene_index,scene_name,size_z,z_step_um,z_start_um,z_end_um,z_range_method,error
Z:\Brejtr\ActiveProjects\Microscopy\20251017\2.1.hrmin1_Multichannel Z-Stack_20251017_01.vsi,2.1.hrmin1_Multichannel Z-Stack_20251017_01.vsi,.vsi,0,"C488, C561, C640",23,,250.40811206738692,253.70811206738696,ome_plane_position_z,
Z:\Brejtr\ActiveProjects\Microscopy\20251017\2.1.hrmin1_Multichannel Z-Stack_20251017_01.vsi,2.1.hrmin1_Multichannel Z-Stack_20251017_01.vsi,.vsi,1,macro image,1,,,,unavailable,
Z:\Brejtr\ActiveProjects\Microscopy\20251017\2.1.hrmin2_Multichannel Z-Stack_20251017_02.vsi,2.1.hrmin2_Multichannel Z-Stack_20251017_02.vsi,.vsi,0,"C488, C561, C640",30,,249.93798144417997,254.28798144417993,ome_plane_position_z,
Z:\Brejtr\ActiveProjects\Microscopy\20251017\2.1.hrmin2_Multichannel Z-Stack_20251017_02.vsi,2.1.hrmin2_Multichannel Z-Stack_20251017_02.vsi,.vsi,1,macro image,1,,,,unavailable,
Z:\Brejtr\ActiveProjects\Microscopy\20251017\2_1_harmin_10_Multichannel Z-Stack_20251017_10.vsi,2_1_harmin_10_Multichannel Z-Stack_20251017_10.vsi,.vsi,0,"C488, C561, C640",30,,260.25355246291883,264.60355246291886,ome_plane_position_z,
Z:\Brejtr\ActiveProjects\Microscopy\20251017\2_1_harmin_10_Multichannel Z-Stack_20251017_10.vsi,2_1_harmin_10_Multichannel Z-Stack_20251017_10.vsi,.vsi,1,macro image,1,,,,unavailable,
Z:\Brejtr\ActiveProjects\Microscopy\20251017\2_1_harmin_3_Multichannel Z-Stack_20251017_03.vsi,2_1_harmin_3_Multichannel Z-Stack_20251017_03.vsi,.vsi,0,"C488, C561, C640",24,,252.76070621986207,256.21070621986206,ome_plane_position_z,
Z:\Brejtr\ActiveProjects\Microscopy\20251017\2_1_harmin_3_Multichannel Z-Stack_20251017_03.vsi,2_1_harmin_3_Multichannel Z-Stack_20251017_03.vsi,.vsi,1,macro image,1,,,,unavailable,
Z:\Brejtr\ActiveProjects\Microscopy\20251017\2_1_harmin_4_Multichannel Z-Stack_20251017_04.vsi,2_1_harmin_4_Multichannel Z-Stack_20251017_04.vsi,.vsi,0,"C488, C561, C640",27,,253.98927546847338,257.8892754684734,ome_plane_position_z,
Z:\Brejtr\ActiveProjects\Microscopy\20251017\2_1_harmin_4_Multichannel Z-Stack_20251017_04.vsi,2_1_harmin_4_Multichannel Z-Stack_20251017_04.vsi,.vsi,1,macro image,1,,,,unavailable,
Z:\Brejtr\ActiveProjects\Microscopy\20251017\2_1_harmin_4_Multichannel Z-Stack_20251017_05.vsi,2_1_harmin_4_Multichannel Z-Stack_20251017_05.vsi,.vsi,0,"C488, C561, C640",23,,252.30031740218516,255.6003174021852,ome_plane_position_z,
Z:\Brejtr\ActiveProjects\Microscopy\20251017\2_1_harmin_4_Multichannel Z-Stack_20251017_05.vsi,2_1_harmin_4_Multichannel Z-Stack_20251017_05.vsi,.vsi,1,macro image,1,,,,unavailable,
Z:\Brejtr\ActiveProjects\Microscopy\20251017\2_1_harmin_4_Multichannel Z-Stack_20251017_06.vsi,2_1_harmin_4_Multichannel Z-Stack_20251017_06.vsi,.vsi,0,"C488, C561, C640",22,,254.55615882317034,257.70615882317037,ome_plane_position_z,
Z:\Brejtr\ActiveProjects\Microscopy\20251017\2_1_harmin_4_Multichannel Z-Stack_20251017_06.vsi,2_1_harmin_4_Multichannel Z-Stack_20251017_06.vsi,.vsi,1,macro image,1,,,,unavailable,
Z:\Brejtr\ActiveProjects\Microscopy\20251017\2_1_harmin_7_Multichannel Z-Stack_20251017_07.vsi,2_1_harmin_7_Multichannel Z-Stack_20251017_07.vsi,.vsi,0,"C488, C561, C640",29,,256.100311298297,260.300311298297,ome_plane_position_z,
Z:\Brejtr\ActiveProjects\Microscopy\20251017\2_1_harmin_7_Multichannel Z-Stack_20251017_07.vsi,2_1_harmin_7_Multichannel Z-Stack_20251017_07.vsi,.vsi,1,macro image,1,,,,unavailable,
Z:\Brejtr\ActiveProjects\Microscopy\20251017\2_1_harmin_8_Multichannel Z-Stack_20251017_08.vsi,2_1_harmin_8_Multichannel Z-Stack_20251017_08.vsi,.vsi,0,"C488, C561, C640",30,,257.3542055789538,261.7042055789538,ome_plane_position_z,
Z:\Brejtr\ActiveProjects\Microscopy\20251017\2_1_harmin_8_Multichannel Z-Stack_20251017_08.vsi,2_1_harmin_8_Multichannel Z-Stack_20251017_08.vsi,.vsi,1,macro image,1,,,,unavailable,
Z:\Brejtr\ActiveProjects\Microscopy\20251017\2_1_harmin_9_Multichannel Z-Stack_20251017_09.vsi,2_1_harmin_9_Multichannel Z-Stack_20251017_09.vsi,.vsi,0,"C488, C561, C640",29,,258.90809985961056,263.10809985961055,ome_plane_position_z,
Z:\Brejtr\ActiveProjects\Microscopy\20251017\2_1_harmin_9_Multichannel Z-Stack_20251017_09.vsi,2_1_harmin_9_Multichannel Z-Stack_20251017_09.vsi,.vsi,1,macro image,1,,,,unavailable,
Z:\Brejtr\ActiveProjects\Microscopy\20251017\2_1_kontrola_10_Multichannel Z-Stack_20251017_20.vsi,2_1_kontrola_10_Multichannel Z-Stack_20251017_20.vsi,.vsi,0,"C488, C561, C640",23,,279.7067753158762,283.00677531587627,ome_plane_position_z,
Z:\Brejtr\ActiveProjects\Microscopy\20251017\2_1_kontrola_10_Multichannel Z-Stack_20251017_20.vsi,2_1_kontrola_10_Multichannel Z-Stack_20251017_20.vsi,.vsi,1,macro image,1,,,,unavailable,
Z:\Brejtr\ActiveProjects\Microscopy\20251017\2_1_kontrola_1_Multichannel Z-Stack_20251017_11.vsi,2_1_kontrola_1_Multichannel Z-Stack_20251017_11.vsi,.vsi,0,"C488, C561, C640",31,,262.606146615394,267.106146615394,ome_plane_position_z,
Z:\Brejtr\ActiveProjects\Microscopy\20251017\2_1_kontrola_1_Multichannel Z-Stack_20251017_11.vsi,2_1_kontrola_1_Multichannel Z-Stack_20251017_11.vsi,.vsi,1,macro image,1,,,,unavailable,
Z:\Brejtr\ActiveProjects\Microscopy\20251017\2_1_kontrola_2_Multichannel Z-Stack_20251017_12.vsi,2_1_kontrola_2_Multichannel Z-Stack_20251017_12.vsi,.vsi,0,"C488, C561, C640",30,,264.25159921870227,268.6015992187023,ome_plane_position_z,
Z:\Brejtr\ActiveProjects\Microscopy\20251017\2_1_kontrola_2_Multichannel Z-Stack_20251017_12.vsi,2_1_kontrola_2_Multichannel Z-Stack_20251017_12.vsi,.vsi,1,macro image,1,,,,unavailable,
Z:\Brejtr\ActiveProjects\Microscopy\20251017\2_1_kontrola_3_Multichannel Z-Stack_20251017_13.vsi,2_1_kontrola_3_Multichannel Z-Stack_20251017_13.vsi,.vsi,0,"C488, C561, C640",44,,265.75289324299587,272.2028932429958,ome_plane_position_z,
Z:\Brejtr\ActiveProjects\Microscopy\20251017\2_1_kontrola_3_Multichannel Z-Stack_20251017_13.vsi,2_1_kontrola_3_Multichannel Z-Stack_20251017_13.vsi,.vsi,1,macro image,1,,,,unavailable,
Z:\Brejtr\ActiveProjects\Microscopy\20251017\2_1_kontrola_4_Multichannel Z-Stack_20251017_14.vsi,2_1_kontrola_4_Multichannel Z-Stack_20251017_14.vsi,.vsi,0,"C488, C561, C640",35,,268.5067875236525,273.60678752365254,ome_plane_position_z,
Z:\Brejtr\ActiveProjects\Microscopy\20251017\2_1_kontrola_4_Multichannel Z-Stack_20251017_14.vsi,2_1_kontrola_4_Multichannel Z-Stack_20251017_14.vsi,.vsi,1,macro image,1,,,,unavailable,
Z:\Brejtr\ActiveProjects\Microscopy\20251017\2_1_kontrola_5_Multichannel Z-Stack_20251017_15.vsi,2_1_kontrola_5_Multichannel Z-Stack_20251017_15.vsi,.vsi,0,"C488, C561, C640",24,,271.65224012696086,275.10224012696085,ome_plane_position_z,
Z:\Brejtr\ActiveProjects\Microscopy\20251017\2_1_kontrola_5_Multichannel Z-Stack_20251017_15.vsi,2_1_kontrola_5_Multichannel Z-Stack_20251017_15.vsi,.vsi,1,macro image,1,,,,unavailable,
Z:\Brejtr\ActiveProjects\Microscopy\20251017\2_1_kontrola_6_Multichannel Z-Stack_20251017_16.vsi,2_1_kontrola_6_Multichannel Z-Stack_20251017_16.vsi,.vsi,0,"C488, C561, C640",43,,271.30483427943597,277.604834279436,ome_plane_position_z,
Z:\Brejtr\ActiveProjects\Microscopy\20251017\2_1_kontrola_6_Multichannel Z-Stack_20251017_16.vsi,2_1_kontrola_6_Multichannel Z-Stack_20251017_16.vsi,.vsi,1,macro image,1,,,,unavailable,
Z:\Brejtr\ActiveProjects\Microscopy\20251017\2_1_kontrola_7_Multichannel Z-Stack_20251017_17.vsi,2_1_kontrola_7_Multichannel Z-Stack_20251017_17.vsi,.vsi,0,"C488, C561, C640",24,,275.6502868827443,279.1002868827443,ome_plane_position_z,
Z:\Brejtr\ActiveProjects\Microscopy\20251017\2_1_kontrola_7_Multichannel Z-Stack_20251017_17.vsi,2_1_kontrola_7_Multichannel Z-Stack_20251017_17.vsi,.vsi,1,macro image,1,,,,unavailable,
Z:\Brejtr\ActiveProjects\Microscopy\20251017\2_1_kontrola_8_Multichannel Z-Stack_20251017_18.vsi,2_1_kontrola_8_Multichannel Z-Stack_20251017_18.vsi,.vsi,0,"C488, C561, C640",22,,277.1405450772142,280.2905450772142,ome_plane_position_z,
Z:\Brejtr\ActiveProjects\Microscopy\20251017\2_1_kontrola_8_Multichannel Z-Stack_20251017_18.vsi,2_1_kontrola_8_Multichannel Z-Stack_20251017_18.vsi,.vsi,1,macro image,1,,,,unavailable,
Z:\Brejtr\ActiveProjects\Microscopy\20251017\2_1_kontrola_9_Multichannel Z-Stack_20251017_19.vsi,2_1_kontrola_9_Multichannel Z-Stack_20251017_19.vsi,.vsi,0,"C488, C561, C640",23,,278.3028810352194,281.6028810352194,ome_plane_position_z,
Z:\Brejtr\ActiveProjects\Microscopy\20251017\2_1_kontrola_9_Multichannel Z-Stack_20251017_19.vsi,2_1_kontrola_9_Multichannel Z-Stack_20251017_19.vsi,.vsi,1,macro image,1,,,,unavailable,
Z:\Brejtr\ActiveProjects\Microscopy\20251017\2_2_PSI_10_Multichannel Z-Stack_20251017_30.vsi,2_2_PSI_10_Multichannel Z-Stack_20251017_30.vsi,.vsi,0,"C488, C561, C640",37,,301.90025025941526,307.30025025941524,ome_plane_position_z,
Z:\Brejtr\ActiveProjects\Microscopy\20251017\2_2_PSI_10_Multichannel Z-Stack_20251017_30.vsi,2_2_PSI_10_Multichannel Z-Stack_20251017_30.vsi,.vsi,1,macro image,1,,,,unavailable,
Z:\Brejtr\ActiveProjects\Microscopy\20251017\2_2_PSI_1_Multichannel Z-Stack_20251017_21.vsi,2_2_PSI_1_Multichannel Z-Stack_20251017_21.vsi,.vsi,0,"C488, C561, C640",23,,281.293786241836,284.593786241836,ome_plane_position_z,
Z:\Brejtr\ActiveProjects\Microscopy\20251017\2_2_PSI_1_Multichannel Z-Stack_20251017_21.vsi,2_2_PSI_1_Multichannel Z-Stack_20251017_21.vsi,.vsi,1,macro image,1,,,,unavailable,
Z:\Brejtr\ActiveProjects\Microscopy\20251017\2_2_PSI_2_Multichannel Z-Stack_20251017_22.vsi,2_2_PSI_2_Multichannel Z-Stack_20251017_22.vsi,.vsi,0,"C488, C561, C640",30,,282.6548220716596,287.0048220716597,ome_plane_position_z,
Z:\Brejtr\ActiveProjects\Microscopy\20251017\2_2_PSI_2_Multichannel Z-Stack_20251017_22.vsi,2_2_PSI_2_Multichannel Z-Stack_20251017_22.vsi,.vsi,1,macro image,1,,,,unavailable,
Z:\Brejtr\ActiveProjects\Microscopy\20251017\2_2_PSI_3_Multichannel Z-Stack_20251017_23.vsi,2_2_PSI_3_Multichannel Z-Stack_20251017_23.vsi,.vsi,0,"C488, C561, C640",31,,285.00741622413483,289.50741622413483,ome_plane_position_z,
Z:\Brejtr\ActiveProjects\Microscopy\20251017\2_2_PSI_3_Multichannel Z-Stack_20251017_23.vsi,2_2_PSI_3_Multichannel Z-Stack_20251017_23.vsi,.vsi,1,macro image,1,,,,unavailable,
Z:\Brejtr\ActiveProjects\Microscopy\20251017\2_2_PSI_4_Multichannel Z-Stack_20251017_24.vsi,2_2_PSI_4_Multichannel Z-Stack_20251017_24.vsi,.vsi,0,"C488, C561, C640",36,,285.75286882744314,291.00286882744314,ome_plane_position_z,
Z:\Brejtr\ActiveProjects\Microscopy\20251017\2_2_PSI_4_Multichannel Z-Stack_20251017_24.vsi,2_2_PSI_4_Multichannel Z-Stack_20251017_24.vsi,.vsi,1,macro image,1,,,,unavailable,
Z:\Brejtr\ActiveProjects\Microscopy\20251017\2_2_PSI_5_Multichannel Z-Stack_20251017_25.vsi,2_2_PSI_5_Multichannel Z-Stack_20251017_25.vsi,.vsi,0,"C488, C561, C640",37,,288.1054629799183,293.50546297991826,ome_plane_position_z,
Z:\Brejtr\ActiveProjects\Microscopy\20251017\2_2_PSI_5_Multichannel Z-Stack_20251017_25.vsi,2_2_PSI_5_Multichannel Z-Stack_20251017_25.vsi,.vsi,1,macro image,1,,,,unavailable,
Z:\Brejtr\ActiveProjects\Microscopy\20251017\2_2_PSI_6_Multichannel Z-Stack_20251017_26.vsi,2_2_PSI_6_Multichannel Z-Stack_20251017_26.vsi,.vsi,0,"C488, C561, C640",36,,289.7509155832266,295.0009155832266,ome_plane_position_z,
Z:\Brejtr\ActiveProjects\Microscopy\20251017\2_2_PSI_6_Multichannel Z-Stack_20251017_26.vsi,2_2_PSI_6_Multichannel Z-Stack_20251017_26.vsi,.vsi,1,macro image,1,,,,unavailable,
Z:\Brejtr\ActiveProjects\Microscopy\20251017\2_2_PSI_7_Multichannel Z-Stack_20251017_27.vsi,2_2_PSI_7_Multichannel Z-Stack_20251017_27.vsi,.vsi,0,"C488, C561, C640",32,,291.93792650918635,296.58792650918633,ome_plane_position_z,
Z:\Brejtr\ActiveProjects\Microscopy\20251017\2_2_PSI_7_Multichannel Z-Stack_20251017_27.vsi,2_2_PSI_7_Multichannel Z-Stack_20251017_27.vsi,.vsi,1,macro image,1,,,,unavailable,
Z:\Brejtr\ActiveProjects\Microscopy\20251017\2_2_PSI_8_Multichannel Z-Stack_20251017_28.vsi,2_2_PSI_8_Multichannel Z-Stack_20251017_28.vsi,.vsi,0,"C488, C561, C640",44,,294.6548037599951,301.1048037599951,ome_plane_position_z,
Z:\Brejtr\ActiveProjects\Microscopy\20251017\2_2_PSI_8_Multichannel Z-Stack_20251017_28.vsi,2_2_PSI_8_Multichannel Z-Stack_20251017_28.vsi,.vsi,1,macro image,1,,,,unavailable,
Z:\Brejtr\ActiveProjects\Microscopy\20251017\2_2_PSI_9_Multichannel Z-Stack_20251017_29.vsi,2_2_PSI_9_Multichannel Z-Stack_20251017_29.vsi,.vsi,0,"C488, C561, C640",38,,299.1560977842886,304.7060977842886,ome_plane_position_z,
Z:\Brejtr\ActiveProjects\Microscopy\20251017\2_2_PSI_9_Multichannel Z-Stack_20251017_29.vsi,2_2_PSI_9_Multichannel Z-Stack_20251017_29.vsi,.vsi,1,macro image,1,,,,unavailable,
Z:\Brejtr\ActiveProjects\Microscopy\20251017\2_2_PSIHARMIN_10_Multichannel Z-Stack_20251017_40.vsi,2_2_PSIHARMIN_10_Multichannel Z-Stack_20251017_40.vsi,.vsi,0,"C488, C561, C640",45,,331.40280778856123,338.0028077885613,ome_plane_position_z,
Z:\Brejtr\ActiveProjects\Microscopy\20251017\2_2_PSIHARMIN_10_Multichannel Z-Stack_20251017_40.vsi,2_2_PSIHARMIN_10_Multichannel Z-Stack_20251017_40.vsi,.vsi,1,macro image,1,,,,unavailable,
Z:\Brejtr\ActiveProjects\Microscopy\20251017\2_2_PSIHARMIN_1_Multichannel Z-Stack_20251017_31.vsi,2_2_PSIHARMIN_1_Multichannel Z-Stack_20251017_31.vsi,.vsi,0,"C488, C561, C640",28,,305.3560916804004,309.40609168040044,ome_plane_position_z,
Z:\Brejtr\ActiveProjects\Microscopy\20251017\2_2_PSIHARMIN_1_Multichannel Z-Stack_20251017_31.vsi,2_2_PSIHARMIN_1_Multichannel Z-Stack_20251017_31.vsi,.vsi,1,macro image,1,,,,unavailable,
Z:\Brejtr\ActiveProjects\Microscopy\20251017\2_2_PSIHARMIN_2_Multichannel Z-Stack_20251017_32.vsi,2_2_PSIHARMIN_2_Multichannel Z-Stack_20251017_32.vsi,.vsi,0,"C488, C561, C640",47,,306.50413843618395,313.40413843618387,ome_plane_position_z,
Z:\Brejtr\ActiveProjects\Microscopy\20251017\2_2_PSIHARMIN_2_Multichannel Z-Stack_20251017_32.vsi,2_2_PSIHARMIN_2_Multichannel Z-Stack_20251017_32.vsi,.vsi,1,macro image,1,,,,unavailable,
Z:\Brejtr\ActiveProjects\Microscopy\20251017\2_2_PSIHARMIN_3_Multichannel Z-Stack_20251017_33.vsi,2_2_PSIHARMIN_3_Multichannel Z-Stack_20251017_33.vsi,.vsi,0,"C488, C561, C640",39,,310.5119269974975,316.2119269974974,ome_plane_position_z,
Z:\Brejtr\ActiveProjects\Microscopy\20251017\2_2_PSIHARMIN_3_Multichannel Z-Stack_20251017_33.vsi,2_2_PSIHARMIN_3_Multichannel Z-Stack_20251017_33.vsi,.vsi,1,macro image,1,,,,unavailable,
Z:\Brejtr\ActiveProjects\Microscopy\20251017\2_2_PSIHARMIN_4_Multichannel Z-Stack_20251017_34.vsi,2_2_PSIHARMIN_4_Multichannel Z-Stack_20251017_34.vsi,.vsi,0,"C488, C561, C640",43,,313.6047793444424,319.90477934444243,ome_plane_position_z,
Z:\Brejtr\ActiveProjects\Microscopy\20251017\2_2_PSIHARMIN_4_Multichannel Z-Stack_20251017_34.vsi,2_2_PSIHARMIN_4_Multichannel Z-Stack_20251017_34.vsi,.vsi,1,macro image,1,,,,unavailable,
Z:\Brejtr\ActiveProjects\Microscopy\20251017\2_2_PSIHARMIN_5_Multichannel Z-Stack_20251017_35.vsi,2_2_PSIHARMIN_5_Multichannel Z-Stack_20251017_35.vsi,.vsi,0,"C488, C561, C640",57,,316.20477324055423,324.6047732405542,ome_plane_position_z,
Z:\Brejtr\ActiveProjects\Microscopy\20251017\2_2_PSIHARMIN_5_Multichannel Z-Stack_20251017_35.vsi,2_2_PSIHARMIN_5_Multichannel Z-Stack_20251017_35.vsi,.vsi,1,macro image,1,,,,unavailable,
Z:\Brejtr\ActiveProjects\Microscopy\20251017\2_2_PSIHARMIN_6_Multichannel Z-Stack_20251017_36.vsi,2_2_PSIHARMIN_6_Multichannel Z-Stack_20251017_36.vsi,.vsi,0,"C488, C561, C640",43,,320.8073673930293,327.10736739302934,ome_plane_position_z,
Z:\Brejtr\ActiveProjects\Microscopy\20251017\2_2_PSIHARMIN_6_Multichannel Z-Stack_20251017_36.vsi,2_2_PSIHARMIN_6_Multichannel Z-Stack_20251017_36.vsi,.vsi,1,macro image,1,,,,unavailable,
Z:\Brejtr\ActiveProjects\Microscopy\20251017\2_2_PSIHARMIN_7_Multichannel Z-Stack_20251017_37.vsi,2_2_PSIHARMIN_7_Multichannel Z-Stack_20251017_37.vsi,.vsi,0,"C488, C561, C640",46,,324.26385582616126,331.01385582616126,ome_plane_position_z,
Z:\Brejtr\ActiveProjects\Microscopy\20251017\2_2_PSIHARMIN_7_Multichannel Z-Stack_20251017_37.vsi,2_2_PSIHARMIN_7_Multichannel Z-Stack_20251017_37.vsi,.vsi,1,macro image,1,,,,unavailable,
Z:\Brejtr\ActiveProjects\Microscopy\20251017\2_2_PSIHARMIN_8_Multichannel Z-Stack_20251017_38.vsi,2_2_PSIHARMIN_8_Multichannel Z-Stack_20251017_38.vsi,.vsi,0,"C488, C561, C640",36,,328.3580083012879,333.6080083012879,ome_plane_position_z,
Z:\Brejtr\ActiveProjects\Microscopy\20251017\2_2_PSIHARMIN_8_Multichannel Z-Stack_20251017_38.vsi,2_2_PSIHARMIN_8_Multichannel Z-Stack_20251017_38.vsi,.vsi,1,macro image,1,,,,unavailable,
Z:\Brejtr\ActiveProjects\Microscopy\20251017\2_2_PSIHARMIN_9_Multichannel Z-Stack_20251017_39.vsi,2_2_PSIHARMIN_9_Multichannel Z-Stack_20251017_39.vsi,.vsi,0,"C488, C561, C640",37,,330.80216077641467,336.2021607764146,ome_plane_position_z,
Z:\Brejtr\ActiveProjects\Microscopy\20251017\2_2_PSIHARMIN_9_Multichannel Z-Stack_20251017_39.vsi,2_2_PSIHARMIN_9_Multichannel Z-Stack_20251017_39.vsi,.vsi,1,macro image,1,,,,unavailable,
Z:\Brejtr\ActiveProjects\Microscopy\20251017\2_8_LITHIUM_10_Multichannel Z-Stack_20251017_50.vsi,2_8_LITHIUM_10_Multichannel Z-Stack_20251017_50.vsi,.vsi,0,"C488, C561, C640",50,,205.73673625099192,213.08673625099192,ome_plane_position_z,
Z:\Brejtr\ActiveProjects\Microscopy\20251017\2_8_LITHIUM_10_Multichannel Z-Stack_20251017_50.vsi,2_8_LITHIUM_10_Multichannel Z-Stack_20251017_50.vsi,.vsi,1,macro image,1,,,,unavailable,
Z:\Brejtr\ActiveProjects\Microscopy\20251017\2_8_LITHIUM_1_Multichannel Z-Stack_20251017_41.vsi,2_8_LITHIUM_1_Multichannel Z-Stack_20251017_41.vsi,.vsi,0,"C488, C561, C640",31,,336.00540194103644,340.50540194103644,ome_plane_position_z,
Z:\Brejtr\ActiveProjects\Microscopy\20251017\2_8_LITHIUM_1_Multichannel Z-Stack_20251017_41.vsi,2_8_LITHIUM_1_Multichannel Z-Stack_20251017_41.vsi,.vsi,1,macro image,1,,,,unavailable,
Z:\Brejtr\ActiveProjects\Microscopy\20251017\2_8_LITHIUM_2_Multichannel Z-Stack_20251017_42.vsi,2_8_LITHIUM_2_Multichannel Z-Stack_20251017_42.vsi,.vsi,0,"C488, C561, C640",26,,338.03721845815784,341.78721845815784,ome_plane_position_z,
Z:\Brejtr\ActiveProjects\Microscopy\20251017\2_8_LITHIUM_2_Multichannel Z-Stack_20251017_42.vsi,2_8_LITHIUM_2_Multichannel Z-Stack_20251017_42.vsi,.vsi,1,macro image,1,,,,unavailable,
Z:\Brejtr\ActiveProjects\Microscopy\20251017\2_8_LITHIUM_3_Multichannel Z-Stack_20251017_43.vsi,2_8_LITHIUM_3_Multichannel Z-Stack_20251017_43.vsi,.vsi,0,"C488, C561, C640",31,,337.98916559848624,342.48916559848624,ome_plane_position_z,
Z:\Brejtr\ActiveProjects\Microscopy\20251017\2_8_LITHIUM_3_Multichannel Z-Stack_20251017_43.vsi,2_8_LITHIUM_3_Multichannel Z-Stack_20251017_43.vsi,.vsi,1,macro image,1,,,,unavailable,
Z:\Brejtr\ActiveProjects\Microscopy\20251017\2_8_LITHIUM_4_Multichannel Z-Stack_20251017_44.vsi,2_8_LITHIUM_4_Multichannel Z-Stack_20251017_44.vsi,.vsi,0,"C488, C561, C640",46,,338.5469541597998,345.2969541597998,ome_plane_position_z,
Z:\Brejtr\ActiveProjects\Microscopy\20251017\2_8_LITHIUM_4_Multichannel Z-Stack_20251017_44.vsi,2_8_LITHIUM_4_Multichannel Z-Stack_20251017_44.vsi,.vsi,1,macro image,1,,,,unavailable,
Z:\Brejtr\ActiveProjects\Microscopy\20251017\2_8_LITHIUM_5_Multichannel Z-Stack_20251017_45.vsi,2_8_LITHIUM_5_Multichannel Z-Stack_20251017_45.vsi,.vsi,0,"C488, C561, C640",43,,202.69713117255688,208.99713117255692,ome_plane_position_z,
Z:\Brejtr\ActiveProjects\Microscopy\20251017\2_8_LITHIUM_5_Multichannel Z-Stack_20251017_45.vsi,2_8_LITHIUM_5_Multichannel Z-Stack_20251017_45.vsi,.vsi,1,macro image,1,,,,unavailable,
Z:\Brejtr\ActiveProjects\Microscopy\20251017\2_8_LITHIUM_6_Multichannel Z-Stack_20251017_46.vsi,2_8_LITHIUM_6_Multichannel Z-Stack_20251017_46.vsi,.vsi,0,"C488, C561, C640",42,,198.360773362632,204.510773362632,ome_plane_position_z,
Z:\Brejtr\ActiveProjects\Microscopy\20251017\2_8_LITHIUM_6_Multichannel Z-Stack_20251017_46.vsi,2_8_LITHIUM_6_Multichannel Z-Stack_20251017_46.vsi,.vsi,1,macro image,1,,,,unavailable,
Z:\Brejtr\ActiveProjects\Microscopy\20251017\2_8_LITHIUM_7_Multichannel Z-Stack_20251017_47.vsi,2_8_LITHIUM_7_Multichannel Z-Stack_20251017_47.vsi,.vsi,0,"C488, C561, C640",45,,194.79779039248,201.39779039248,ome_plane_position_z,
Z:\Brejtr\ActiveProjects\Microscopy\20251017\2_8_LITHIUM_7_Multichannel Z-Stack_20251017_47.vsi,2_8_LITHIUM_7_Multichannel Z-Stack_20251017_47.vsi,.vsi,1,macro image,1,,,,unavailable,
Z:\Brejtr\ActiveProjects\Microscopy\20251017\2_8_LITHIUM_8_Multichannel Z-Stack_20251017_48.vsi,2_8_LITHIUM_8_Multichannel Z-Stack_20251017_48.vsi,.vsi,0,"C488, C561, C640",53,,197.68739547091494,205.48739547091498,ome_plane_position_z,
Z:\Brejtr\ActiveProjects\Microscopy\20251017\2_8_LITHIUM_8_Multichannel Z-Stack_20251017_48.vsi,2_8_LITHIUM_8_Multichannel Z-Stack_20251017_48.vsi,.vsi,1,macro image,1,,,,unavailable,
Z:\Brejtr\ActiveProjects\Microscopy\20251017\2_8_LITHIUM_9_Multichannel Z-Stack_20251017_49.vsi,2_8_LITHIUM_9_Multichannel Z-Stack_20251017_49.vsi,.vsi,0,"C488, C561, C640",51,,200.09323689190018,207.59323689190018,ome_plane_position_z,
Z:\Brejtr\ActiveProjects\Microscopy\20251017\2_8_LITHIUM_9_Multichannel Z-Stack_20251017_49.vsi,2_8_LITHIUM_9_Multichannel Z-Stack_20251017_49.vsi,.vsi,1,macro image,1,,,,unavailable,
Z:\Brejtr\ActiveProjects\Microscopy\20251017\_2.1.hrmin1_Multichannel Z-Stack_20251017_01_\stack1\frame_t_0.ets,frame_t_0.ets,.ets,0,"C488, C561, C640",23,,250.40811206738692,253.70811206738696,ome_plane_position_z,
Z:\Brejtr\ActiveProjects\Microscopy\20251017\_2.1.hrmin1_Multichannel Z-Stack_20251017_01_\stack1\frame_t_0.ets,frame_t_0.ets,.ets,1,macro image,1,,,,unavailable,
Z:\Brejtr\ActiveProjects\Microscopy\20251017\_2.1.hrmin2_Multichannel Z-Stack_20251017_02_\stack1\frame_t_0.ets,frame_t_0.ets,.ets,0,"C488, C561, C640",30,,249.93798144417997,254.28798144417993,ome_plane_position_z,
Z:\Brejtr\ActiveProjects\Microscopy\20251017\_2.1.hrmin2_Multichannel Z-Stack_20251017_02_\stack1\frame_t_0.ets,frame_t_0.ets,.ets,1,macro image,1,,,,unavailable,
Z:\Brejtr\ActiveProjects\Microscopy\20251017\_2_1_harmin_10_Multichannel Z-Stack_20251017_10_\stack1\frame_t_0.ets,frame_t_0.ets,.ets,0,"C488, C561, C640",30,,260.25355246291883,264.60355246291886,ome_plane_position_z,
Z:\Brejtr\ActiveProjects\Microscopy\20251017\_2_1_harmin_10_Multichannel Z-Stack_20251017_10_\stack1\frame_t_0.ets,frame_t_0.ets,.ets,1,macro image,1,,,,unavailable,
Z:\Brejtr\ActiveProjects\Microscopy\20251017\_2_1_harmin_3_Multichannel Z-Stack_20251017_03_\stack1\frame_t_0.ets,frame_t_0.ets,.ets,0,"C488, C561, C640",24,,252.76070621986207,256.21070621986206,ome_plane_position_z,
Z:\Brejtr\ActiveProjects\Microscopy\20251017\_2_1_harmin_3_Multichannel Z-Stack_20251017_03_\stack1\frame_t_0.ets,frame_t_0.ets,.ets,1,macro image,1,,,,unavailable,
Z:\Brejtr\ActiveProjects\Microscopy\20251017\_2_1_harmin_4_Multichannel Z-Stack_20251017_04_\stack1\frame_t_0.ets,frame_t_0.ets,.ets,0,"C488, C561, C640",27,,253.98927546847338,257.8892754684734,ome_plane_position_z,
Z:\Brejtr\ActiveProjects\Microscopy\20251017\_2_1_harmin_4_Multichannel Z-Stack_20251017_04_\stack1\frame_t_0.ets,frame_t_0.ets,.ets,1,macro image,1,,,,unavailable,
Z:\Brejtr\ActiveProjects\Microscopy\20251017\_2_1_harmin_4_Multichannel Z-Stack_20251017_05_\stack1\frame_t_0.ets,frame_t_0.ets,.ets,0,"C488, C561, C640",23,,252.30031740218516,255.6003174021852,ome_plane_position_z,
Z:\Brejtr\ActiveProjects\Microscopy\20251017\_2_1_harmin_4_Multichannel Z-Stack_20251017_05_\stack1\frame_t_0.ets,frame_t_0.ets,.ets,1,macro image,1,,,,unavailable,
Z:\Brejtr\ActiveProjects\Microscopy\20251017\_2_1_harmin_4_Multichannel Z-Stack_20251017_06_\stack1\frame_t_0.ets,frame_t_0.ets,.ets,0,"C488, C561, C640",22,,254.55615882317034,257.70615882317037,ome_plane_position_z,
Z:\Brejtr\ActiveProjects\Microscopy\20251017\_2_1_harmin_4_Multichannel Z-Stack_20251017_06_\stack1\frame_t_0.ets,frame_t_0.ets,.ets,1,macro image,1,,,,unavailable,
Z:\Brejtr\ActiveProjects\Microscopy\20251017\_2_1_harmin_7_Multichannel Z-Stack_20251017_07_\stack1\frame_t_0.ets,frame_t_0.ets,.ets,0,"C488, C561, C640",29,,256.100311298297,260.300311298297,ome_plane_position_z,
Z:\Brejtr\ActiveProjects\Microscopy\20251017\_2_1_harmin_7_Multichannel Z-Stack_20251017_07_\stack1\frame_t_0.ets,frame_t_0.ets,.ets,1,macro image,1,,,,unavailable,
Z:\Brejtr\ActiveProjects\Microscopy\20251017\_2_1_harmin_8_Multichannel Z-Stack_20251017_08_\stack1\frame_t_0.ets,frame_t_0.ets,.ets,0,"C488, C561, C640",30,,257.3542055789538,261.7042055789538,ome_plane_position_z,
Z:\Brejtr\ActiveProjects\Microscopy\20251017\_2_1_harmin_8_Multichannel Z-Stack_20251017_08_\stack1\frame_t_0.ets,frame_t_0.ets,.ets,1,macro image,1,,,,unavailable,
Z:\Brejtr\ActiveProjects\Microscopy\20251017\_2_1_harmin_9_Multichannel Z-Stack_20251017_09_\stack1\frame_t_0.ets,frame_t_0.ets,.ets,0,"C488, C561, C640",29,,258.90809985961056,263.10809985961055,ome_plane_position_z,
Z:\Brejtr\ActiveProjects\Microscopy\20251017\_2_1_harmin_9_Multichannel Z-Stack_20251017_09_\stack1\frame_t_0.ets,frame_t_0.ets,.ets,1,macro image,1,,,,unavailable,
Z:\Brejtr\ActiveProjects\Microscopy\20251017\_2_1_kontrola_10_Multichannel Z-Stack_20251017_20_\stack1\frame_t_0.ets,frame_t_0.ets,.ets,0,"C488, C561, C640",23,,279.7067753158762,283.00677531587627,ome_plane_position_z,
Z:\Brejtr\ActiveProjects\Microscopy\20251017\_2_1_kontrola_10_Multichannel Z-Stack_20251017_20_\stack1\frame_t_0.ets,frame_t_0.ets,.ets,1,macro image,1,,,,unavailable,
Z:\Brejtr\ActiveProjects\Microscopy\20251017\_2_1_kontrola_1_Multichannel Z-Stack_20251017_11_\stack1\frame_t_0.ets,frame_t_0.ets,.ets,0,"C488, C561, C640",31,,262.606146615394,267.106146615394,ome_plane_position_z,
Z:\Brejtr\ActiveProjects\Microscopy\20251017\_2_1_kontrola_1_Multichannel Z-Stack_20251017_11_\stack1\frame_t_0.ets,frame_t_0.ets,.ets,1,macro image,1,,,,unavailable,
Z:\Brejtr\ActiveProjects\Microscopy\20251017\_2_1_kontrola_2_Multichannel Z-Stack_20251017_12_\stack1\frame_t_0.ets,frame_t_0.ets,.ets,0,"C488, C561, C640",30,,264.25159921870227,268.6015992187023,ome_plane_position_z,
Z:\Brejtr\ActiveProjects\Microscopy\20251017\_2_1_kontrola_2_Multichannel Z-Stack_20251017_12_\stack1\frame_t_0.ets,frame_t_0.ets,.ets,1,macro image,1,,,,unavailable,
Z:\Brejtr\ActiveProjects\Microscopy\20251017\_2_1_kontrola_3_Multichannel Z-Stack_20251017_13_\stack1\frame_t_0.ets,frame_t_0.ets,.ets,0,"C488, C561, C640",44,,265.75289324299587,272.2028932429958,ome_plane_position_z,
Z:\Brejtr\ActiveProjects\Microscopy\20251017\_2_1_kontrola_3_Multichannel Z-Stack_20251017_13_\stack1\frame_t_0.ets,frame_t_0.ets,.ets,1,macro image,1,,,,unavailable,
Z:\Brejtr\ActiveProjects\Microscopy\20251017\_2_1_kontrola_4_Multichannel Z-Stack_20251017_14_\stack1\frame_t_0.ets,frame_t_0.ets,.ets,0,"C488, C561, C640",35,,268.5067875236525,273.60678752365254,ome_plane_position_z,
Z:\Brejtr\ActiveProjects\Microscopy\20251017\_2_1_kontrola_4_Multichannel Z-Stack_20251017_14_\stack1\frame_t_0.ets,frame_t_0.ets,.ets,1,macro image,1,,,,unavailable,
Z:\Brejtr\ActiveProjects\Microscopy\20251017\_2_1_kontrola_5_Multichannel Z-Stack_20251017_15_\stack1\frame_t_0.ets,frame_t_0.ets,.ets,0,"C488, C561, C640",24,,271.65224012696086,275.10224012696085,ome_plane_position_z,
Z:\Brejtr\ActiveProjects\Microscopy\20251017\_2_1_kontrola_5_Multichannel Z-Stack_20251017_15_\stack1\frame_t_0.ets,frame_t_0.ets,.ets,1,macro image,1,,,,unavailable,
Z:\Brejtr\ActiveProjects\Microscopy\20251017\_2_1_kontrola_6_Multichannel Z-Stack_20251017_16_\stack1\frame_t_0.ets,frame_t_0.ets,.ets,0,"C488, C561, C640",43,,271.30483427943597,277.604834279436,ome_plane_position_z,
Z:\Brejtr\ActiveProjects\Microscopy\20251017\_2_1_kontrola_6_Multichannel Z-Stack_20251017_16_\stack1\frame_t_0.ets,frame_t_0.ets,.ets,1,macro image,1,,,,unavailable,
Z:\Brejtr\ActiveProjects\Microscopy\20251017\_2_1_kontrola_7_Multichannel Z-Stack_20251017_17_\stack1\frame_t_0.ets,frame_t_0.ets,.ets,0,"C488, C561, C640",24,,275.6502868827443,279.1002868827443,ome_plane_position_z,
Z:\Brejtr\ActiveProjects\Microscopy\20251017\_2_1_kontrola_7_Multichannel Z-Stack_20251017_17_\stack1\frame_t_0.ets,frame_t_0.ets,.ets,1,macro image,1,,,,unavailable,
Z:\Brejtr\ActiveProjects\Microscopy\20251017\_2_1_kontrola_8_Multichannel Z-Stack_20251017_18_\stack1\frame_t_0.ets,frame_t_0.ets,.ets,0,"C488, C561, C640",22,,277.1405450772142,280.2905450772142,ome_plane_position_z,
Z:\Brejtr\ActiveProjects\Microscopy\20251017\_2_1_kontrola_8_Multichannel Z-Stack_20251017_18_\stack1\frame_t_0.ets,frame_t_0.ets,.ets,1,macro image,1,,,,unavailable,
Z:\Brejtr\ActiveProjects\Microscopy\20251017\_2_1_kontrola_9_Multichannel Z-Stack_20251017_19_\stack1\frame_t_0.ets,frame_t_0.ets,.ets,0,"C488, C561, C640",23,,278.3028810352194,281.6028810352194,ome_plane_position_z,
Z:\Brejtr\ActiveProjects\Microscopy\20251017\_2_1_kontrola_9_Multichannel Z-Stack_20251017_19_\stack1\frame_t_0.ets,frame_t_0.ets,.ets,1,macro image,1,,,,unavailable,
Z:\Brejtr\ActiveProjects\Microscopy\20251017\_2_2_PSI_10_Multichannel Z-Stack_20251017_30_\stack1\frame_t_0.ets,frame_t_0.ets,.ets,0,"C488, C561, C640",37,,301.90025025941526,307.30025025941524,ome_plane_position_z,
Z:\Brejtr\ActiveProjects\Microscopy\20251017\_2_2_PSI_10_Multichannel Z-Stack_20251017_30_\stack1\frame_t_0.ets,frame_t_0.ets,.ets,1,macro image,1,,,,unavailable,
Z:\Brejtr\ActiveProjects\Microscopy\20251017\_2_2_PSI_1_Multichannel Z-Stack_20251017_21_\stack1\frame_t_0.ets,frame_t_0.ets,.ets,0,"C488, C561, C640",23,,281.293786241836,284.593786241836,ome_plane_position_z,
Z:\Brejtr\ActiveProjects\Microscopy\20251017\_2_2_PSI_1_Multichannel Z-Stack_20251017_21_\stack1\frame_t_0.ets,frame_t_0.ets,.ets,1,macro image,1,,,,unavailable,
Z:\Brejtr\ActiveProjects\Microscopy\20251017\_2_2_PSI_2_Multichannel Z-Stack_20251017_22_\stack1\frame_t_0.ets,frame_t_0.ets,.ets,0,"C488, C561, C640",30,,282.6548220716596,287.0048220716597,ome_plane_position_z,
Z:\Brejtr\ActiveProjects\Microscopy\20251017\_2_2_PSI_2_Multichannel Z-Stack_20251017_22_\stack1\frame_t_0.ets,frame_t_0.ets,.ets,1,macro image,1,,,,unavailable,
Z:\Brejtr\ActiveProjects\Microscopy\20251017\_2_2_PSI_3_Multichannel Z-Stack_20251017_23_\stack1\frame_t_0.ets,frame_t_0.ets,.ets,0,"C488, C561, C640",31,,285.00741622413483,289.50741622413483,ome_plane_position_z,
Z:\Brejtr\ActiveProjects\Microscopy\20251017\_2_2_PSI_3_Multichannel Z-Stack_20251017_23_\stack1\frame_t_0.ets,frame_t_0.ets,.ets,1,macro image,1,,,,unavailable,
Z:\Brejtr\ActiveProjects\Microscopy\20251017\_2_2_PSI_4_Multichannel Z-Stack_20251017_24_\stack1\frame_t_0.ets,frame_t_0.ets,.ets,0,"C488, C561, C640",36,,285.75286882744314,291.00286882744314,ome_plane_position_z,
Z:\Brejtr\ActiveProjects\Microscopy\20251017\_2_2_PSI_4_Multichannel Z-Stack_20251017_24_\stack1\frame_t_0.ets,frame_t_0.ets,.ets,1,macro image,1,,,,unavailable,
Z:\Brejtr\ActiveProjects\Microscopy\20251017\_2_2_PSI_5_Multichannel Z-Stack_20251017_25_\stack1\frame_t_0.ets,frame_t_0.ets,.ets,0,"C488, C561, C640",37,,288.1054629799183,293.50546297991826,ome_plane_position_z,
Z:\Brejtr\ActiveProjects\Microscopy\20251017\_2_2_PSI_5_Multichannel Z-Stack_20251017_25_\stack1\frame_t_0.ets,frame_t_0.ets,.ets,1,macro image,1,,,,unavailable,
Z:\Brejtr\ActiveProjects\Microscopy\20251017\_2_2_PSI_6_Multichannel Z-Stack_20251017_26_\stack1\frame_t_0.ets,frame_t_0.ets,.ets,0,"C488, C561, C640",36,,289.7509155832266,295.0009155832266,ome_plane_position_z,
Z:\Brejtr\ActiveProjects\Microscopy\20251017\_2_2_PSI_6_Multichannel Z-Stack_20251017_26_\stack1\frame_t_0.ets,frame_t_0.ets,.ets,1,macro image,1,,,,unavailable,
Z:\Brejtr\ActiveProjects\Microscopy\20251017\_2_2_PSI_7_Multichannel Z-Stack_20251017_27_\stack1\frame_t_0.ets,frame_t_0.ets,.ets,0,"C488, C561, C640",32,,291.93792650918635,296.58792650918633,ome_plane_position_z,
Z:\Brejtr\ActiveProjects\Microscopy\20251017\_2_2_PSI_7_Multichannel Z-Stack_20251017_27_\stack1\frame_t_0.ets,frame_t_0.ets,.ets,1,macro image,1,,,,unavailable,
Z:\Brejtr\ActiveProjects\Microscopy\20251017\_2_2_PSI_8_Multichannel Z-Stack_20251017_28_\stack1\frame_t_0.ets,frame_t_0.ets,.ets,0,"C488, C561, C640",44,,294.6548037599951,301.1048037599951,ome_plane_position_z,
Z:\Brejtr\ActiveProjects\Microscopy\20251017\_2_2_PSI_8_Multichannel Z-Stack_20251017_28_\stack1\frame_t_0.ets,frame_t_0.ets,.ets,1,macro image,1,,,,unavailable,
Z:\Brejtr\ActiveProjects\Microscopy\20251017\_2_2_PSI_9_Multichannel Z-Stack_20251017_29_\stack1\frame_t_0.ets,frame_t_0.ets,.ets,0,"C488, C561, C640",38,,299.1560977842886,304.7060977842886,ome_plane_position_z,
Z:\Brejtr\ActiveProjects\Microscopy\20251017\_2_2_PSI_9_Multichannel Z-Stack_20251017_29_\stack1\frame_t_0.ets,frame_t_0.ets,.ets,1,macro image,1,,,,unavailable,
Z:\Brejtr\ActiveProjects\Microscopy\20251017\_2_2_PSIHARMIN_10_Multichannel Z-Stack_20251017_40_\stack1\frame_t_0.ets,frame_t_0.ets,.ets,0,"C488, C561, C640",45,,331.40280778856123,338.0028077885613,ome_plane_position_z,
Z:\Brejtr\ActiveProjects\Microscopy\20251017\_2_2_PSIHARMIN_10_Multichannel Z-Stack_20251017_40_\stack1\frame_t_0.ets,frame_t_0.ets,.ets,1,macro image,1,,,,unavailable,
Z:\Brejtr\ActiveProjects\Microscopy\20251017\_2_2_PSIHARMIN_1_Multichannel Z-Stack_20251017_31_\stack1\frame_t_0.ets,frame_t_0.ets,.ets,0,"C488, C561, C640",28,,305.3560916804004,309.40609168040044,ome_plane_position_z,
Z:\Brejtr\ActiveProjects\Microscopy\20251017\_2_2_PSIHARMIN_1_Multichannel Z-Stack_20251017_31_\stack1\frame_t_0.ets,frame_t_0.ets,.ets,1,macro image,1,,,,unavailable,
Z:\Brejtr\ActiveProjects\Microscopy\20251017\_2_2_PSIHARMIN_2_Multichannel Z-Stack_20251017_32_\stack1\frame_t_0.ets,frame_t_0.ets,.ets,0,"C488, C561, C640",47,,306.50413843618395,313.40413843618387,ome_plane_position_z,
Z:\Brejtr\ActiveProjects\Microscopy\20251017\_2_2_PSIHARMIN_2_Multichannel Z-Stack_20251017_32_\stack1\frame_t_0.ets,frame_t_0.ets,.ets,1,macro image,1,,,,unavailable,
Z:\Brejtr\ActiveProjects\Microscopy\20251017\_2_2_PSIHARMIN_3_Multichannel Z-Stack_20251017_33_\stack1\frame_t_0.ets,frame_t_0.ets,.ets,0,"C488, C561, C640",39,,310.5119269974975,316.2119269974974,ome_plane_position_z,
Z:\Brejtr\ActiveProjects\Microscopy\20251017\_2_2_PSIHARMIN_3_Multichannel Z-Stack_20251017_33_\stack1\frame_t_0.ets,frame_t_0.ets,.ets,1,macro image,1,,,,unavailable,
Z:\Brejtr\ActiveProjects\Microscopy\20251017\_2_2_PSIHARMIN_4_Multichannel Z-Stack_20251017_34_\stack1\frame_t_0.ets,frame_t_0.ets,.ets,0,"C488, C561, C640",43,,313.6047793444424,319.90477934444243,ome_plane_position_z,
Z:\Brejtr\ActiveProjects\Microscopy\20251017\_2_2_PSIHARMIN_4_Multichannel Z-Stack_20251017_34_\stack1\frame_t_0.ets,frame_t_0.ets,.ets,1,macro image,1,,,,unavailable,
Z:\Brejtr\ActiveProjects\Microscopy\20251017\_2_2_PSIHARMIN_5_Multichannel Z-Stack_20251017_35_\stack1\frame_t_0.ets,frame_t_0.ets,.ets,0,"C488, C561, C640",57,,316.20477324055423,324.6047732405542,ome_plane_position_z,
Z:\Brejtr\ActiveProjects\Microscopy\20251017\_2_2_PSIHARMIN_5_Multichannel Z-Stack_20251017_35_\stack1\frame_t_0.ets,frame_t_0.ets,.ets,1,macro image,1,,,,unavailable,
Z:\Brejtr\ActiveProjects\Microscopy\20251017\_2_2_PSIHARMIN_6_Multichannel Z-Stack_20251017_36_\stack1\frame_t_0.ets,frame_t_0.ets,.ets,0,"C488, C561, C640",43,,320.8073673930293,327.10736739302934,ome_plane_position_z,
Z:\Brejtr\ActiveProjects\Microscopy\20251017\_2_2_PSIHARMIN_6_Multichannel Z-Stack_20251017_36_\stack1\frame_t_0.ets,frame_t_0.ets,.ets,1,macro image,1,,,,unavailable,
Z:\Brejtr\ActiveProjects\Microscopy\20251017\_2_2_PSIHARMIN_7_Multichannel Z-Stack_20251017_37_\stack1\frame_t_0.ets,frame_t_0.ets,.ets,0,"C488, C561, C640",46,,324.26385582616126,331.01385582616126,ome_plane_position_z,
Z:\Brejtr\ActiveProjects\Microscopy\20251017\_2_2_PSIHARMIN_7_Multichannel Z-Stack_20251017_37_\stack1\frame_t_0.ets,frame_t_0.ets,.ets,1,macro image,1,,,,unavailable,
Z:\Brejtr\ActiveProjects\Microscopy\20251017\_2_2_PSIHARMIN_8_Multichannel Z-Stack_20251017_38_\stack1\frame_t_0.ets,frame_t_0.ets,.ets,0,"C488, C561, C640",36,,328.3580083012879,333.6080083012879,ome_plane_position_z,
Z:\Brejtr\ActiveProjects\Microscopy\20251017\_2_2_PSIHARMIN_8_Multichannel Z-Stack_20251017_38_\stack1\frame_t_0.ets,frame_t_0.ets,.ets,1,macro image,1,,,,unavailable,
Z:\Brejtr\ActiveProjects\Microscopy\20251017\_2_2_PSIHARMIN_9_Multichannel Z-Stack_20251017_39_\stack1\frame_t_0.ets,frame_t_0.ets,.ets,0,"C488, C561, C640",37,,330.80216077641467,336.2021607764146,ome_plane_position_z,
Z:\Brejtr\ActiveProjects\Microscopy\20251017\_2_2_PSIHARMIN_9_Multichannel Z-Stack_20251017_39_\stack1\frame_t_0.ets,frame_t_0.ets,.ets,1,macro image,1,,,,unavailable,
Z:\Brejtr\ActiveProjects\Microscopy\20251017\_2_8_LITHIUM_10_Multichannel Z-Stack_20251017_50_\stack1\frame_t_0.ets,frame_t_0.ets,.ets,0,"C488, C561, C640",50,,205.73673625099192,213.08673625099192,ome_plane_position_z,
Z:\Brejtr\ActiveProjects\Microscopy\20251017\_2_8_LITHIUM_10_Multichannel Z-Stack_20251017_50_\stack1\frame_t_0.ets,frame_t_0.ets,.ets,1,macro image,1,,,,unavailable,
Z:\Brejtr\ActiveProjects\Microscopy\20251017\_2_8_LITHIUM_1_Multichannel Z-Stack_20251017_41_\stack1\frame_t_0.ets,frame_t_0.ets,.ets,0,"C488, C561, C640",31,,336.00540194103644,340.50540194103644,ome_plane_position_z,
Z:\Brejtr\ActiveProjects\Microscopy\20251017\_2_8_LITHIUM_1_Multichannel Z-Stack_20251017_41_\stack1\frame_t_0.ets,frame_t_0.ets,.ets,1,macro image,1,,,,unavailable,
Z:\Brejtr\ActiveProjects\Microscopy\20251017\_2_8_LITHIUM_2_Multichannel Z-Stack_20251017_42_\stack1\frame_t_0.ets,frame_t_0.ets,.ets,0,"C488, C561, C640",26,,338.03721845815784,341.78721845815784,ome_plane_position_z,
Z:\Brejtr\ActiveProjects\Microscopy\20251017\_2_8_LITHIUM_2_Multichannel Z-Stack_20251017_42_\stack1\frame_t_0.ets,frame_t_0.ets,.ets,1,macro image,1,,,,unavailable,
Z:\Brejtr\ActiveProjects\Microscopy\20251017\_2_8_LITHIUM_3_Multichannel Z-Stack_20251017_43_\stack1\frame_t_0.ets,frame_t_0.ets,.ets,0,"C488, C561, C640",31,,337.98916559848624,342.48916559848624,ome_plane_position_z,
Z:\Brejtr\ActiveProjects\Microscopy\20251017\_2_8_LITHIUM_3_Multichannel Z-Stack_20251017_43_\stack1\frame_t_0.ets,frame_t_0.ets,.ets,1,macro image,1,,,,unavailable,
Z:\Brejtr\ActiveProjects\Microscopy\20251017\_2_8_LITHIUM_4_Multichannel Z-Stack_20251017_44_\stack1\frame_t_0.ets,frame_t_0.ets,.ets,0,"C488, C561, C640",46,,338.5469541597998,345.2969541597998,ome_plane_position_z,
Z:\Brejtr\ActiveProjects\Microscopy\20251017\_2_8_LITHIUM_4_Multichannel Z-Stack_20251017_44_\stack1\frame_t_0.ets,frame_t_0.ets,.ets,1,macro image,1,,,,unavailable,
Z:\Brejtr\ActiveProjects\Microscopy\20251017\_2_8_LITHIUM_5_Multichannel Z-Stack_20251017_45_\stack1\frame_t_0.ets,frame_t_0.ets,.ets,0,"C488, C561, C640",43,,202.69713117255688,208.99713117255692,ome_plane_position_z,
Z:\Brejtr\ActiveProjects\Microscopy\20251017\_2_8_LITHIUM_5_Multichannel Z-Stack_20251017_45_\stack1\frame_t_0.ets,frame_t_0.ets,.ets,1,macro image,1,,,,unavailable,
Z:\Brejtr\ActiveProjects\Microscopy\20251017\_2_8_LITHIUM_6_Multichannel Z-Stack_20251017_46_\stack1\frame_t_0.ets,frame_t_0.ets,.ets,0,"C488, C561, C640",42,,198.360773362632,204.510773362632,ome_plane_position_z,
Z:\Brejtr\ActiveProjects\Microscopy\20251017\_2_8_LITHIUM_6_Multichannel Z-Stack_20251017_46_\stack1\frame_t_0.ets,frame_t_0.ets,.ets,1,macro image,1,,,,unavailable,
Z:\Brejtr\ActiveProjects\Microscopy\20251017\_2_8_LITHIUM_7_Multichannel Z-Stack_20251017_47_\stack1\frame_t_0.ets,frame_t_0.ets,.ets,0,"C488, C561, C640",45,,194.79779039248,201.39779039248,ome_plane_position_z,
Z:\Brejtr\ActiveProjects\Microscopy\20251017\_2_8_LITHIUM_7_Multichannel Z-Stack_20251017_47_\stack1\frame_t_0.ets,frame_t_0.ets,.ets,1,macro image,1,,,,unavailable,
Z:\Brejtr\ActiveProjects\Microscopy\20251017\_2_8_LITHIUM_8_Multichannel Z-Stack_20251017_48_\stack1\frame_t_0.ets,frame_t_0.ets,.ets,0,"C488, C561, C640",53,,197.68739547091494,205.48739547091498,ome_plane_position_z,
Z:\Brejtr\ActiveProjects\Microscopy\20251017\_2_8_LITHIUM_8_Multichannel Z-Stack_20251017_48_\stack1\frame_t_0.ets,frame_t_0.ets,.ets,1,macro image,1,,,,unavailable,
Z:\Brejtr\ActiveProjects\Microscopy\20251017\_2_8_LITHIUM_9_Multichannel Z-Stack_20251017_49_\stack1\frame_t_0.ets,frame_t_0.ets,.ets,0,"C488, C561, C640",51,,200.09323689190018,207.59323689190018,ome_plane_position_z,
Z:\Brejtr\ActiveProjects\Microscopy\20251017\_2_8_LITHIUM_9_Multichannel Z-Stack_20251017_49_\stack1\frame_t_0.ets,frame_t_0.ets,.ets,1,macro image,1,,,,unavailable,
Z:\Brejtr\ActiveProjects\Microscopy\20251030\1_8_KONTROLA_1_Multichannel Z-Stack_20251030_118.vsi,1_8_KONTROLA_1_Multichannel Z-Stack_20251030_118.vsi,.vsi,0,"C488, C561, C640",43,,321.6008728560093,327.9008728560093,ome_plane_position_z,
Z:\Brejtr\ActiveProjects\Microscopy\20251030\1_8_KONTROLA_1_Multichannel Z-Stack_20251030_118.vsi,1_8_KONTROLA_1_Multichannel Z-Stack_20251030_118.vsi,.vsi,1,macro image,1,,,,unavailable,
Z:\Brejtr\ActiveProjects\Microscopy\20251030\2_2_PSI_3010_Multichannel Z-Stack_20251030_51.vsi,2_2_PSI_3010_Multichannel Z-Stack_20251030_51.vsi,.vsi,0,"C488, C561, C640",28,,126.75632362815112,130.80632362815112,ome_plane_position_z,
Z:\Brejtr\ActiveProjects\Microscopy\20251030\2_2_PSI_3010_Multichannel Z-Stack_20251030_51.vsi,2_2_PSI_3010_Multichannel Z-Stack_20251030_51.vsi,.vsi,1,macro image,1,,,,unavailable,
Z:\Brejtr\ActiveProjects\Microscopy\20251030\2_2_PSI_3010_Multichannel Z-Stack_20251030_52.vsi,2_2_PSI_3010_Multichannel Z-Stack_20251030_52.vsi,.vsi,0,"C488, C561, C640",60,,125.95437038393456,134.80437038393455,ome_plane_position_z,
Z:\Brejtr\ActiveProjects\Microscopy\20251030\2_2_PSI_3010_Multichannel Z-Stack_20251030_52.vsi,2_2_PSI_3010_Multichannel Z-Stack_20251030_52.vsi,.vsi,1,macro image,1,,,,unavailable,
Z:\Brejtr\ActiveProjects\Microscopy\20251030\2_2_PSI_30_10_3_Multichannel Z-Stack_20251030_53.vsi,2_2_PSI_30_10_3_Multichannel Z-Stack_20251030_53.vsi,.vsi,0,"C488, C561, C640",45,,130.0050173960813,136.6050173960813,ome_plane_position_z,
Z:\Brejtr\ActiveProjects\Microscopy\20251030\2_2_PSI_30_10_3_Multichannel Z-Stack_20251030_53.vsi,2_2_PSI_30_10_3_Multichannel Z-Stack_20251030_53.vsi,.vsi,1,macro image,1,,,,unavailable,
Z:\Brejtr\ActiveProjects\Microscopy\20251030\2_2_PSI_30_10_4_Multichannel Z-Stack_20251030_54.vsi,2_2_PSI_30_10_4_Multichannel Z-Stack_20251030_54.vsi,.vsi,0,"C488, C561, C640",44,,133.75631142037483,140.2063114203748,ome_plane_position_z,
Z:\Brejtr\ActiveProjects\Microscopy\20251030\2_2_PSI_30_10_4_Multichannel Z-Stack_20251030_54.vsi,2_2_PSI_30_10_4_Multichannel Z-Stack_20251030_54.vsi,.vsi,1,macro image,1,,,,unavailable,
Z:\Brejtr\ActiveProjects\Microscopy\20251030\2_2_PSI_30_10_5_Multichannel Z-Stack_20251030_55.vsi,2_2_PSI_30_10_5_Multichannel Z-Stack_20251030_55.vsi,.vsi,0,"C488, C561, C640",45,,135.40695843252152,142.00695843252151,ome_plane_position_z,
Z:\Brejtr\ActiveProjects\Microscopy\20251030\2_2_PSI_30_10_5_Multichannel Z-Stack_20251030_55.vsi,2_2_PSI_30_10_5_Multichannel Z-Stack_20251030_55.vsi,.vsi,1,macro image,1,,,,unavailable,
Z:\Brejtr\ActiveProjects\Microscopy\20251030\2_3_PSY_10_Multichannel Z-Stack_20251030_65.vsi,2_3_PSY_10_Multichannel Z-Stack_20251030_65.vsi,.vsi,0,"C488, C561, C640",36,,160.25692791308063,165.50692791308063,ome_plane_position_z,
Z:\Brejtr\ActiveProjects\Microscopy\20251030\2_3_PSY_10_Multichannel Z-Stack_20251030_65.vsi,2_3_PSY_10_Multichannel Z-Stack_20251030_65.vsi,.vsi,1,macro image,1,,,,unavailable,
Z:\Brejtr\ActiveProjects\Microscopy\20251030\2_3_PSY_1_Multichannel Z-Stack_20251030_56.vsi,2_3_PSY_1_Multichannel Z-Stack_20251030_56.vsi,.vsi,0,"C488, C561, C640",36,,138.25241103582985,143.50241103582985,ome_plane_position_z,
Z:\Brejtr\ActiveProjects\Microscopy\20251030\2_3_PSY_1_Multichannel Z-Stack_20251030_56.vsi,2_3_PSY_1_Multichannel Z-Stack_20251030_56.vsi,.vsi,1,macro image,1,,,,unavailable,
Z:\Brejtr\ActiveProjects\Microscopy\20251030\2_3_PSY_2_Multichannel Z-Stack_20251030_57.vsi,2_3_PSY_2_Multichannel Z-Stack_20251030_57.vsi,.vsi,0,"C488, C561, C640",51,,138.50500518830495,146.00500518830495,ome_plane_position_z,
Z:\Brejtr\ActiveProjects\Microscopy\20251030\2_3_PSY_2_Multichannel Z-Stack_20251030_57.vsi,2_3_PSY_2_Multichannel Z-Stack_20251030_57.vsi,.vsi,1,macro image,1,,,,unavailable,
Z:\Brejtr\ActiveProjects\Microscopy\20251030\2_3_PSY_3_Multichannel Z-Stack_20251030_58.vsi,2_3_PSY_3_Multichannel Z-Stack_20251030_58.vsi,.vsi,0,"C488, C561, C640",44,,143.15629921259847,149.60629921259843,ome_plane_position_z,
Z:\Brejtr\ActiveProjects\Microscopy\20251030\2_3_PSY_3_Multichannel Z-Stack_20251030_58.vsi,2_3_PSY_3_Multichannel Z-Stack_20251030_58.vsi,.vsi,1,macro image,1,,,,unavailable,
Z:\Brejtr\ActiveProjects\Microscopy\20251030\2_3_PSY_4_Multichannel Z-Stack_20251030_59.vsi,2_3_PSY_4_Multichannel Z-Stack_20251030_59.vsi,.vsi,0,"C488, C561, C640",43,,146.20564609656347,152.5056460965635,ome_plane_position_z,
Z:\Brejtr\ActiveProjects\Microscopy\20251030\2_3_PSY_4_Multichannel Z-Stack_20251030_59.vsi,2_3_PSY_4_Multichannel Z-Stack_20251030_59.vsi,.vsi,1,macro image,1,,,,unavailable,
Z:\Brejtr\ActiveProjects\Microscopy\20251030\2_3_PSY_5_Multichannel Z-Stack_20251030_60.vsi,2_3_PSY_5_Multichannel Z-Stack_20251030_60.vsi,.vsi,0,"C488, C561, C640",52,,147.75499298052858,155.4049929805286,ome_plane_position_z,
Z:\Brejtr\ActiveProjects\Microscopy\20251030\2_3_PSY_5_Multichannel Z-Stack_20251030_60.vsi,2_3_PSY_5_Multichannel Z-Stack_20251030_60.vsi,.vsi,1,macro image,1,,,,unavailable,
Z:\Brejtr\ActiveProjects\Microscopy\20251030\2_3_PSY_6_Multichannel Z-Stack_20251030_61.vsi,2_3_PSY_6_Multichannel Z-Stack_20251030_61.vsi,.vsi,0,"C488, C561, C640",36,,148.35434596838186,153.60434596838186,ome_plane_position_z,
Z:\Brejtr\ActiveProjects\Microscopy\20251030\2_3_PSY_6_Multichannel Z-Stack_20251030_61.vsi,2_3_PSY_6_Multichannel Z-Stack_20251030_61.vsi,.vsi,1,macro image,1,,,,unavailable,
Z:\Brejtr\ActiveProjects\Microscopy\20251030\2_3_PSY_6_Multichannel Z-Stack_20251030_62.vsi,2_3_PSY_6_Multichannel Z-Stack_20251030_62.vsi,.vsi,0,"C488, C561, C640",50,,149.85563999267535,157.20563999267534,ome_plane_position_z,
Z:\Brejtr\ActiveProjects\Microscopy\20251030\2_3_PSY_6_Multichannel Z-Stack_20251030_62.vsi,2_3_PSY_6_Multichannel Z-Stack_20251030_62.vsi,.vsi,1,macro image,1,,,,unavailable,
Z:\Brejtr\ActiveProjects\Microscopy\20251030\2_3_PSY_8_Multichannel Z-Stack_20251030_63.vsi,2_3_PSY_8_Multichannel Z-Stack_20251030_63.vsi,.vsi,0,"C488, C561, C640",37,,154.39979246780197,159.79979246780198,ome_plane_position_z,
Z:\Brejtr\ActiveProjects\Microscopy\20251030\2_3_PSY_8_Multichannel Z-Stack_20251030_63.vsi,2_3_PSY_8_Multichannel Z-Stack_20251030_63.vsi,.vsi,1,macro image,1,,,,unavailable,
Z:\Brejtr\ActiveProjects\Microscopy\20251030\2_3_PSY_9_Multichannel Z-Stack_20251030_64.vsi,2_3_PSY_9_Multichannel Z-Stack_20251030_64.vsi,.vsi,0,"C488, C561, C640",72,,153.0562809009339,163.7062809009339,ome_plane_position_z,
Z:\Brejtr\ActiveProjects\Microscopy\20251030\2_3_PSY_9_Multichannel Z-Stack_20251030_64.vsi,2_3_PSY_9_Multichannel Z-Stack_20251030_64.vsi,.vsi,1,macro image,1,,,,unavailable,
Z:\Brejtr\ActiveProjects\Microscopy\20251030\2_3_PSYHARMIN_10_Multichannel Z-Stack_20251030_75.vsi,2_3_PSYHARMIN_10_Multichannel Z-Stack_20251030_75.vsi,.vsi,0,"C488, C561, C640",44,,191.74324909967652,198.19324909967648,ome_plane_position_z,
Z:\Brejtr\ActiveProjects\Microscopy\20251030\2_3_PSYHARMIN_10_Multichannel Z-Stack_20251030_75.vsi,2_3_PSYHARMIN_10_Multichannel Z-Stack_20251030_75.vsi,.vsi,1,macro image,1,,,,unavailable,
Z:\Brejtr\ActiveProjects\Microscopy\20251030\2_3_PSYHARMIN_1_Multichannel Z-Stack_20251030_66.vsi,2_3_PSYHARMIN_1_Multichannel Z-Stack_20251030_66.vsi,.vsi,0,"C488, C561, C640",32,,162.65757492522735,167.30757492522736,ome_plane_position_z,
Z:\Brejtr\ActiveProjects\Microscopy\20251030\2_3_PSYHARMIN_1_Multichannel Z-Stack_20251030_66.vsi,2_3_PSYHARMIN_1_Multichannel Z-Stack_20251030_66.vsi,.vsi,1,macro image,1,,,,unavailable,
Z:\Brejtr\ActiveProjects\Microscopy\20251030\2_3_PSYHARMIN_2_Multichannel Z-Stack_20251030_67.vsi,2_3_PSYHARMIN_2_Multichannel Z-Stack_20251030_67.vsi,.vsi,0,"C488, C561, C640",31,,165.49328572300558,169.99328572300558,ome_plane_position_z,
Z:\Brejtr\ActiveProjects\Microscopy\20251030\2_3_PSYHARMIN_2_Multichannel Z-Stack_20251030_67.vsi,2_3_PSYHARMIN_2_Multichannel Z-Stack_20251030_67.vsi,.vsi,1,macro image,1,,,,unavailable,
Z:\Brejtr\ActiveProjects\Microscopy\20251030\2_3_PSYHARMIN_3_Multichannel Z-Stack_20251030_68.vsi,2_3_PSYHARMIN_3_Multichannel Z-Stack_20251030_68.vsi,.vsi,0,"C488, C561, C640",39,,167.10107428431914,172.8010742843191,ome_plane_position_z,
Z:\Brejtr\ActiveProjects\Microscopy\20251030\2_3_PSYHARMIN_3_Multichannel Z-Stack_20251030_68.vsi,2_3_PSYHARMIN_3_Multichannel Z-Stack_20251030_68.vsi,.vsi,1,macro image,1,,,,unavailable,
Z:\Brejtr\ActiveProjects\Microscopy\20251030\2_3_PSYHARMIN_4_Multichannel Z-Stack_20251030_69.vsi,2_3_PSYHARMIN_4_Multichannel Z-Stack_20251030_69.vsi,.vsi,0,"C488, C561, C640",31,,170.59003235060734,175.09003235060734,ome_plane_position_z,
Z:\Brejtr\ActiveProjects\Microscopy\20251030\2_3_PSYHARMIN_4_Multichannel Z-Stack_20251030_69.vsi,2_3_PSYHARMIN_4_Multichannel Z-Stack_20251030_69.vsi,.vsi,1,macro image,1,,,,unavailable,
Z:\Brejtr\ActiveProjects\Microscopy\20251030\2_3_PSYHARMIN_5_Multichannel Z-Stack_20251030_70.vsi,2_3_PSYHARMIN_5_Multichannel Z-Stack_20251030_70.vsi,.vsi,0,"C488, C561, C640",39,,173.1134041384362,178.81340413843617,ome_plane_position_z,
Z:\Brejtr\ActiveProjects\Microscopy\20251030\2_3_PSYHARMIN_5_Multichannel Z-Stack_20251030_70.vsi,2_3_PSYHARMIN_5_Multichannel Z-Stack_20251030_70.vsi,.vsi,1,macro image,1,,,,unavailable,
Z:\Brejtr\ActiveProjects\Microscopy\20251030\2_3_PSYHARMIN_6_Multichannel Z-Stack_20251030_71.vsi,2_3_PSYHARMIN_6_Multichannel Z-Stack_20251030_71.vsi,.vsi,0,"C488, C561, C640",37,,177.10625648538118,182.5062564853812,ome_plane_position_z,
Z:\Brejtr\ActiveProjects\Microscopy\20251030\2_3_PSYHARMIN_6_Multichannel Z-Stack_20251030_71.vsi,2_3_PSYHARMIN_6_Multichannel Z-Stack_20251030_71.vsi,.vsi,1,macro image,1,,,,unavailable,
Z:\Brejtr\ActiveProjects\Microscopy\20251030\2_3_PSYHARMIN_7_Multichannel Z-Stack_20251030_72.vsi,2_3_PSYHARMIN_7_Multichannel Z-Stack_20251030_72.vsi,.vsi,0,"C488, C561, C640",57,,178.80625038149302,187.20625038149302,ome_plane_position_z,
Z:\Brejtr\ActiveProjects\Microscopy\20251030\2_3_PSYHARMIN_7_Multichannel Z-Stack_20251030_72.vsi,2_3_PSYHARMIN_7_Multichannel Z-Stack_20251030_72.vsi,.vsi,1,macro image,1,,,,unavailable,
Z:\Brejtr\ActiveProjects\Microscopy\20251030\2_3_PSYHARMIN_8_Multichannel Z-Stack_20251030_73.vsi,2_3_PSYHARMIN_8_Multichannel Z-Stack_20251030_73.vsi,.vsi,0,"C488, C561, C640",44,,184.3575444057865,190.80754440578647,ome_plane_position_z,
Z:\Brejtr\ActiveProjects\Microscopy\20251030\2_3_PSYHARMIN_8_Multichannel Z-Stack_20251030_73.vsi,2_3_PSYHARMIN_8_Multichannel Z-Stack_20251030_73.vsi,.vsi,1,macro image,1,,,,unavailable,
Z:\Brejtr\ActiveProjects\Microscopy\20251030\2_3_PSYHARMIN_9_Multichannel Z-Stack_20251030_74.vsi,2_3_PSYHARMIN_9_Multichannel Z-Stack_20251030_74.vsi,.vsi,0,"C488, C561, C640",51,,187.09195507538305,194.59195507538305,ome_plane_position_z,
Z:\Brejtr\ActiveProjects\Microscopy\20251030\2_3_PSYHARMIN_9_Multichannel Z-Stack_20251030_74.vsi,2_3_PSYHARMIN_9_Multichannel Z-Stack_20251030_74.vsi,.vsi,1,macro image,1,,,,unavailable,
Z:\Brejtr\ActiveProjects\Microscopy\20251030\2_4_NORPSI_10_Multichannel Z-Stack_20251030_85.vsi,2_4_NORPSI_10_Multichannel Z-Stack_20251030_85.vsi,.vsi,0,"C488, C561, C640",37,,223.80100103766097,229.201001037661,ome_plane_position_z,
Z:\Brejtr\ActiveProjects\Microscopy\20251030\2_4_NORPSI_10_Multichannel Z-Stack_20251030_85.vsi,2_4_NORPSI_10_Multichannel Z-Stack_20251030_85.vsi,.vsi,1,macro image,1,,,,unavailable,
Z:\Brejtr\ActiveProjects\Microscopy\20251030\2_4_NORPSI_1_Multichannel Z-Stack_20251030_76.vsi,2_4_NORPSI_1_Multichannel Z-Stack_20251030_76.vsi,.vsi,0,"C488, C561, C640",43,,195.40298480131844,201.70298480131845,ome_plane_position_z,
Z:\Brejtr\ActiveProjects\Microscopy\20251030\2_4_NORPSI_1_Multichannel Z-Stack_20251030_76.vsi,2_4_NORPSI_1_Multichannel Z-Stack_20251030_76.vsi,.vsi,1,macro image,1,,,,unavailable,
Z:\Brejtr\ActiveProjects\Microscopy\20251030\2_4_NORPSI_2_Multichannel Z-Stack_20251030_77.vsi,2_4_NORPSI_2_Multichannel Z-Stack_20251030_77.vsi,.vsi,0,"C488, C561, C640",18,0.15000000000000172,201.70298480131845,204.2529848013185,ome_plane_position_z,
Z:\Brejtr\ActiveProjects\Microscopy\20251030\2_4_NORPSI_2_Multichannel Z-Stack_20251030_77.vsi,2_4_NORPSI_2_Multichannel Z-Stack_20251030_77.vsi,.vsi,1,macro image,1,,,,unavailable,
Z:\Brejtr\ActiveProjects\Microscopy\20251030\2_4_NORPSI_3_Multichannel Z-Stack_20251030_78.vsi,2_4_NORPSI_3_Multichannel Z-Stack_20251030_78.vsi,.vsi,0,"C488, C561, C640",28,0.15000000000000108,201.70298480131845,205.7529848013185,ome_plane_position_z,
Z:\Brejtr\ActiveProjects\Microscopy\20251030\2_4_NORPSI_3_Multichannel Z-Stack_20251030_78.vsi,2_4_NORPSI_3_Multichannel Z-Stack_20251030_78.vsi,.vsi,1,macro image,1,,,,unavailable,
Z:\Brejtr\ActiveProjects\Microscopy\20251030\2_4_NORPSI_4_Multichannel Z-Stack_20251030_79.vsi,2_4_NORPSI_4_Multichannel Z-Stack_20251030_79.vsi,.vsi,0,"C488, C561, C640",37,,202.40687297808702,207.80687297808703,ome_plane_position_z,
Z:\Brejtr\ActiveProjects\Microscopy\20251030\2_4_NORPSI_4_Multichannel Z-Stack_20251030_79.vsi,2_4_NORPSI_4_Multichannel Z-Stack_20251030_79.vsi,.vsi,1,macro image,1,,,,unavailable,
Z:\Brejtr\ActiveProjects\Microscopy\20251030\2_4_NORPSI_5_Multichannel Z-Stack_20251030_80.vsi,2_4_NORPSI_5_Multichannel Z-Stack_20251030_80.vsi,.vsi,0,"C488, C561, C640",51,,203.99972532503205,211.49972532503205,ome_plane_position_z,
Z:\Brejtr\ActiveProjects\Microscopy\20251030\2_4_NORPSI_5_Multichannel Z-Stack_20251030_80.vsi,2_4_NORPSI_5_Multichannel Z-Stack_20251030_80.vsi,.vsi,1,macro image,1,,,,unavailable,
Z:\Brejtr\ActiveProjects\Microscopy\20251030\2_4_NORPSI_6_Multichannel Z-Stack_20251030_81.vsi,2_4_NORPSI_6_Multichannel Z-Stack_20251030_81.vsi,.vsi,0,"C488, C561, C640",45,,208.50101934932556,215.10101934932555,ome_plane_position_z,
Z:\Brejtr\ActiveProjects\Microscopy\20251030\2_4_NORPSI_6_Multichannel Z-Stack_20251030_81.vsi,2_4_NORPSI_6_Multichannel Z-Stack_20251030_81.vsi,.vsi,1,macro image,1,,,,unavailable,
Z:\Brejtr\ActiveProjects\Microscopy\20251030\2_4_NORPSI_7_Multichannel Z-Stack_20251030_82.vsi,2_4_NORPSI_7_Multichannel Z-Stack_20251030_82.vsi,.vsi,0,"C488, C561, C640",66,,209.65426051394738,219.40426051394738,ome_plane_position_z,
Z:\Brejtr\ActiveProjects\Microscopy\20251030\2_4_NORPSI_7_Multichannel Z-Stack_20251030_82.vsi,2_4_NORPSI_7_Multichannel Z-Stack_20251030_82.vsi,.vsi,1,macro image,1,,,,unavailable,
Z:\Brejtr\ActiveProjects\Microscopy\20251030\2_4_NORPSI_8_Multichannel Z-Stack_20251030_83.vsi,2_4_NORPSI_8_Multichannel Z-Stack_20251030_83.vsi,.vsi,0,"C488, C561, C640",51,,216.6042544100592,224.1042544100592,ome_plane_position_z,
Z:\Brejtr\ActiveProjects\Microscopy\20251030\2_4_NORPSI_8_Multichannel Z-Stack_20251030_83.vsi,2_4_NORPSI_8_Multichannel Z-Stack_20251030_83.vsi,.vsi,1,macro image,1,,,,unavailable,
Z:\Brejtr\ActiveProjects\Microscopy\20251030\2_4_NORPSI_9_Multichannel Z-Stack_20251030_84.vsi,2_4_NORPSI_9_Multichannel Z-Stack_20251030_84.vsi,.vsi,0,"C488, C561, C640",37,,221.20684856253433,226.60684856253434,ome_plane_position_z,
Z:\Brejtr\ActiveProjects\Microscopy\20251030\2_4_NORPSI_9_Multichannel Z-Stack_20251030_84.vsi,2_4_NORPSI_9_Multichannel Z-Stack_20251030_84.vsi,.vsi,1,macro image,1,,,,unavailable,
Z:\Brejtr\ActiveProjects\Microscopy\20251030\2_4_NORPSIHARMIN_10_Multichannel Z-Stack_20251030_95.vsi,2_4_NORPSIHARMIN_10_Multichannel Z-Stack_20251030_95.vsi,.vsi,0,"C488, C561, C640",51,,258.2022523347373,265.70225233473724,ome_plane_position_z,
Z:\Brejtr\ActiveProjects\Microscopy\20251030\2_4_NORPSIHARMIN_10_Multichannel Z-Stack_20251030_95.vsi,2_4_NORPSIHARMIN_10_Multichannel Z-Stack_20251030_95.vsi,.vsi,1,macro image,1,,,,unavailable,
Z:\Brejtr\ActiveProjects\Microscopy\20251030\2_4_NORPSIHARMIN_1_Multichannel Z-Stack_20251030_86.vsi,2_4_NORPSIHARMIN_1_Multichannel Z-Stack_20251030_86.vsi,.vsi,0,"C488, C561, C640",37,,225.3880119636208,230.78801196362082,ome_plane_position_z,
Z:\Brejtr\ActiveProjects\Microscopy\20251030\2_4_NORPSIHARMIN_1_Multichannel Z-Stack_20251030_86.vsi,2_4_NORPSIHARMIN_1_Multichannel Z-Stack_20251030_86.vsi,.vsi,1,macro image,1,,,,unavailable,
Z:\Brejtr\ActiveProjects\Microscopy\20251030\2_4_NORPSIHARMIN_2_Multichannel Z-Stack_20251030_87.vsi,2_4_NORPSIHARMIN_2_Multichannel Z-Stack_20251030_87.vsi,.vsi,0,"C488, C561, C640",43,,227.90618934261124,234.20618934261128,ome_plane_position_z,
Z:\Brejtr\ActiveProjects\Microscopy\20251030\2_4_NORPSIHARMIN_2_Multichannel Z-Stack_20251030_87.vsi,2_4_NORPSIHARMIN_2_Multichannel Z-Stack_20251030_87.vsi,.vsi,1,macro image,1,,,,unavailable,
Z:\Brejtr\ActiveProjects\Microscopy\20251030\2_4_NORPSIHARMIN_3_Multichannel Z-Stack_20251030_88.vsi,2_4_NORPSIHARMIN_3_Multichannel Z-Stack_20251030_88.vsi,.vsi,0,"C488, C561, C640",53,,230.40423609839468,238.20423609839472,ome_plane_position_z,
Z:\Brejtr\ActiveProjects\Microscopy\20251030\2_4_NORPSIHARMIN_3_Multichannel Z-Stack_20251030_88.vsi,2_4_NORPSIHARMIN_3_Multichannel Z-Stack_20251030_88.vsi,.vsi,1,macro image,1,,,,unavailable,
Z:\Brejtr\ActiveProjects\Microscopy\20251030\2_4_NORPSIHARMIN_4_Multichannel Z-Stack_20251030_89.vsi,2_4_NORPSIHARMIN_4_Multichannel Z-Stack_20251030_89.vsi,.vsi,0,"C488, C561, C640",44,,235.35553012268818,241.80553012268814,ome_plane_position_z,
Z:\Brejtr\ActiveProjects\Microscopy\20251030\2_4_NORPSIHARMIN_4_Multichannel Z-Stack_20251030_89.vsi,2_4_NORPSIHARMIN_4_Multichannel Z-Stack_20251030_89.vsi,.vsi,1,macro image,1,,,,unavailable,
Z:\Brejtr\ActiveProjects\Microscopy\20251030\2_4_NORPSIHARMIN_5_Multichannel Z-Stack_20251030_90.vsi,2_4_NORPSIHARMIN_5_Multichannel Z-Stack_20251030_90.vsi,.vsi,0,"C488, C561, C640",51,,238.0899407922847,245.5899407922847,ome_plane_position_z,
Z:\Brejtr\ActiveProjects\Microscopy\20251030\2_4_NORPSIHARMIN_5_Multichannel Z-Stack_20251030_90.vsi,2_4_NORPSIHARMIN_5_Multichannel Z-Stack_20251030_90.vsi,.vsi,1,macro image,1,,,,unavailable,
Z:\Brejtr\ActiveProjects\Microscopy\20251030\2_4_NORPSIHARMIN_6_Multichannel Z-Stack_20251030_91.vsi,2_4_NORPSIHARMIN_6_Multichannel Z-Stack_20251030_91.vsi,.vsi,0,"C488, C561, C640",52,,241.75487090276505,249.40487090276505,ome_plane_position_z,
Z:\Brejtr\ActiveProjects\Microscopy\20251030\2_4_NORPSIHARMIN_6_Multichannel Z-Stack_20251030_91.vsi,2_4_NORPSIHARMIN_6_Multichannel Z-Stack_20251030_91.vsi,.vsi,1,macro image,1,,,,unavailable,
Z:\Brejtr\ActiveProjects\Microscopy\20251030\2_4_NORPSIHARMIN_7_Multichannel Z-Stack_20251030_92.vsi,2_4_NORPSIHARMIN_7_Multichannel Z-Stack_20251030_92.vsi,.vsi,0,"C488, C561, C640",51,,246.6048647988769,254.1048647988769,ome_plane_position_z,
Z:\Brejtr\ActiveProjects\Microscopy\20251030\2_4_NORPSIHARMIN_7_Multichannel Z-Stack_20251030_92.vsi,2_4_NORPSIHARMIN_7_Multichannel Z-Stack_20251030_92.vsi,.vsi,1,macro image,1,,,,unavailable,
Z:\Brejtr\ActiveProjects\Microscopy\20251030\2_4_NORPSIHARMIN_8_Multichannel Z-Stack_20251030_93.vsi,2_4_NORPSIHARMIN_8_Multichannel Z-Stack_20251030_93.vsi,.vsi,0,"C488, C561, C640",57,,250.4048586949887,258.8048586949887,ome_plane_position_z,
Z:\Brejtr\ActiveProjects\Microscopy\20251030\2_4_NORPSIHARMIN_8_Multichannel Z-Stack_20251030_93.vsi,2_4_NORPSIHARMIN_8_Multichannel Z-Stack_20251030_93.vsi,.vsi,1,macro image,1,,,,unavailable,
Z:\Brejtr\ActiveProjects\Microscopy\20251030\2_4_NORPSIHARMIN_9_Multichannel Z-Stack_20251030_94.vsi,2_4_NORPSIHARMIN_9_Multichannel Z-Stack_20251030_94.vsi,.vsi,0,"C488, C561, C640",66,,253.0529054507721,262.80290545077213,ome_plane_position_z,
Z:\Brejtr\ActiveProjects\Microscopy\20251030\2_4_NORPSIHARMIN_9_Multichannel Z-Stack_20251030_94.vsi,2_4_NORPSIHARMIN_9_Multichannel Z-Stack_20251030_94.vsi,.vsi,1,macro image,1,,,,unavailable,
Z:\Brejtr\ActiveProjects\Microscopy\20251030\2_5_BAEO_10_Multichannel Z-Stack_20251030_106.vsi,2_5_BAEO_10_Multichannel Z-Stack_20251030_106.vsi,.vsi,0,"C488, C561, C640",72,,286.4567570042117,297.10675700421166,ome_plane_position_z,
Z:\Brejtr\ActiveProjects\Microscopy\20251030\2_5_BAEO_10_Multichannel Z-Stack_20251030_106.vsi,2_5_BAEO_10_Multichannel Z-Stack_20251030_106.vsi,.vsi,1,macro image,1,,,,unavailable,
Z:\Brejtr\ActiveProjects\Microscopy\20251030\2_5_BAEO_1_Multichannel Z-Stack_20251030_96.vsi,2_5_BAEO_1_Multichannel Z-Stack_20251030_96.vsi,.vsi,0,"C488, C561, C640",37,,262.80484648721244,268.20484648721236,ome_plane_position_z,
Z:\Brejtr\ActiveProjects\Microscopy\20251030\2_5_BAEO_1_Multichannel Z-Stack_20251030_96.vsi,2_5_BAEO_1_Multichannel Z-Stack_20251030_96.vsi,.vsi,1,macro image,1,,,,unavailable,
Z:\Brejtr\ActiveProjects\Microscopy\20251030\2_5_BAEO_1_Multichannel Z-Stack_20251030_97.vsi,2_5_BAEO_1_Multichannel Z-Stack_20251030_97.vsi,.vsi,0,"C488, C561, C640",36,,264.75549349935915,270.00549349935915,ome_plane_position_z,
Z:\Brejtr\ActiveProjects\Microscopy\20251030\2_5_BAEO_1_Multichannel Z-Stack_20251030_97.vsi,2_5_BAEO_1_Multichannel Z-Stack_20251030_97.vsi,.vsi,1,macro image,1,,,,unavailable,
Z:\Brejtr\ActiveProjects\Microscopy\20251030\2_5_BAEO_3_Multichannel Z-Stack_20251030_98.vsi,2_5_BAEO_3_Multichannel Z-Stack_20251030_98.vsi,.vsi,0,"C488, C561, C640",11,0.15,270.00549349935915,271.50549349935915,ome_plane_position_z,
Z:\Brejtr\ActiveProjects\Microscopy\20251030\2_5_BAEO_3_Multichannel Z-Stack_20251030_98.vsi,2_5_BAEO_3_Multichannel Z-Stack_20251030_98.vsi,.vsi,1,macro image,1,,,,unavailable,
Z:\Brejtr\ActiveProjects\Microscopy\20251030\2_5_BAEO_4_Multichannel Z-Stack_20251030_99.vsi,2_5_BAEO_4_Multichannel Z-Stack_20251030_99.vsi,.vsi,0,"C488, C561, C640",44,,267.5535402551426,274.0035402551426,ome_plane_position_z,
Z:\Brejtr\ActiveProjects\Microscopy\20251030\2_5_BAEO_4_Multichannel Z-Stack_20251030_99.vsi,2_5_BAEO_4_Multichannel Z-Stack_20251030_99.vsi,.vsi,1,macro image,1,,,,unavailable,
Z:\Brejtr\ActiveProjects\Microscopy\20251030\2_5_BAEO_5_Multichannel Z-Stack_20251030_100.vsi,2_5_BAEO_5_Multichannel Z-Stack_20251030_100.vsi,.vsi,0,"C488, C561, C640",66,,268.251587010926,278.001587010926,ome_plane_position_z,
Z:\Brejtr\ActiveProjects\Microscopy\20251030\2_5_BAEO_5_Multichannel Z-Stack_20251030_100.vsi,2_5_BAEO_5_Multichannel Z-Stack_20251030_100.vsi,.vsi,1,macro image,1,,,,unavailable,
Z:\Brejtr\ActiveProjects\Microscopy\20251030\2_5_BAEO_5_Multichannel Z-Stack_20251030_101.vsi,2_5_BAEO_5_Multichannel Z-Stack_20251030_101.vsi,.vsi,0,"C488, C561, C640",18,0.15,278.001587010926,280.551587010926,ome_plane_position_z,
Z:\Brejtr\ActiveProjects\Microscopy\20251030\2_5_BAEO_5_Multichannel Z-Stack_20251030_101.vsi,2_5_BAEO_5_Multichannel Z-Stack_20251030_101.vsi,.vsi,1,macro image,1,,,,unavailable,
Z:\Brejtr\ActiveProjects\Microscopy\20251030\2_5_BAEO_6_Multichannel Z-Stack_20251030_102.vsi,2_5_BAEO_6_Multichannel Z-Stack_20251030_102.vsi,.vsi,0,"C488, C561, C640",43,,276.7067753158762,283.00677531587627,ome_plane_position_z,
Z:\Brejtr\ActiveProjects\Microscopy\20251030\2_5_BAEO_6_Multichannel Z-Stack_20251030_102.vsi,2_5_BAEO_6_Multichannel Z-Stack_20251030_102.vsi,.vsi,1,macro image,1,,,,unavailable,
Z:\Brejtr\ActiveProjects\Microscopy\20251030\2_5_BAEO_6_Multichannel Z-Stack_20251030_103.vsi,2_5_BAEO_6_Multichannel Z-Stack_20251030_103.vsi,.vsi,0,"C488, C561, C640",57,,279.3067692119881,287.70676921198805,ome_plane_position_z,
Z:\Brejtr\ActiveProjects\Microscopy\20251030\2_5_BAEO_6_Multichannel Z-Stack_20251030_103.vsi,2_5_BAEO_6_Multichannel Z-Stack_20251030_103.vsi,.vsi,1,macro image,1,,,,unavailable,
Z:\Brejtr\ActiveProjects\Microscopy\20251030\2_5_BAEO_8_Multichannel Z-Stack_20251030_104.vsi,2_5_BAEO_8_Multichannel Z-Stack_20251030_104.vsi,.vsi,0,"C488, C561, C640",20,0.15000000000000308,287.70676921198805,290.5567692119881,ome_plane_position_z,
Z:\Brejtr\ActiveProjects\Microscopy\20251030\2_5_BAEO_8_Multichannel Z-Stack_20251030_104.vsi,2_5_BAEO_8_Multichannel Z-Stack_20251030_104.vsi,.vsi,1,macro image,1,,,,unavailable,
Z:\Brejtr\ActiveProjects\Microscopy\20251030\2_5_BAEO_9_Multichannel Z-Stack_20251030_105.vsi,2_5_BAEO_9_Multichannel Z-Stack_20251030_105.vsi,.vsi,0,"C488, C561, C640",37,,287.80026857107987,293.2002685710798,ome_plane_position_z,
Z:\Brejtr\ActiveProjects\Microscopy\20251030\2_5_BAEO_9_Multichannel Z-Stack_20251030_105.vsi,2_5_BAEO_9_Multichannel Z-Stack_20251030_105.vsi,.vsi,1,macro image,1,,,,unavailable,
Z:\Brejtr\ActiveProjects\Microscopy\20251030\2_5_BAEOHARMIN_10_Multichannel Z-Stack_20251030_117.vsi,2_5_BAEOHARMIN_10_Multichannel Z-Stack_20251030_117.vsi,.vsi,0,"C488, C561, C640",43,,319.0067203808826,325.3067203808826,ome_plane_position_z,
Z:\Brejtr\ActiveProjects\Microscopy\20251030\2_5_BAEOHARMIN_10_Multichannel Z-Stack_20251030_117.vsi,2_5_BAEOHARMIN_10_Multichannel Z-Stack_20251030_117.vsi,.vsi,1,macro image,1,,,,unavailable,
Z:\Brejtr\ActiveProjects\Microscopy\20251030\2_5_BAEOHARMIN_1_Multichannel Z-Stack_20251030_107.vsi,2_5_BAEOHARMIN_1_Multichannel Z-Stack_20251030_107.vsi,.vsi,0,"C488, C561, C640",25,0.15,297.10675700421166,300.7067570042117,ome_plane_position_z,
Z:\Brejtr\ActiveProjects\Microscopy\20251030\2_5_BAEOHARMIN_1_Multichannel Z-Stack_20251030_107.vsi,2_5_BAEOHARMIN_1_Multichannel Z-Stack_20251030_107.vsi,.vsi,1,macro image,1,,,,unavailable,
Z:\Brejtr\ActiveProjects\Microscopy\20251030\2_5_BAEOHARMIN_1_Multichannel Z-Stack_20251030_108.vsi,2_5_BAEOHARMIN_1_Multichannel Z-Stack_20251030_108.vsi,.vsi,0,"C488, C561, C640",38,,297.84376182628336,303.39376182628337,ome_plane_position_z,
Z:\Brejtr\ActiveProjects\Microscopy\20251030\2_5_BAEOHARMIN_1_Multichannel Z-Stack_20251030_108.vsi,2_5_BAEOHARMIN_1_Multichannel Z-Stack_20251030_108.vsi,.vsi,1,macro image,1,,,,unavailable,
Z:\Brejtr\ActiveProjects\Microscopy\20251030\2_5_BAEOHARMIN_2_Multichannel Z-Stack_20251030_109.vsi,2_5_BAEOHARMIN_2_Multichannel Z-Stack_20251030_109.vsi,.vsi,0,"C488, C561, C640",36,,300.5547976561069,305.8047976561069,ome_plane_position_z,
Z:\Brejtr\ActiveProjects\Microscopy\20251030\2_5_BAEOHARMIN_2_Multichannel Z-Stack_20251030_109.vsi,2_5_BAEOHARMIN_2_Multichannel Z-Stack_20251030_109.vsi,.vsi,1,macro image,1,,,,unavailable,
Z:\Brejtr\ActiveProjects\Microscopy\20251030\2_5_BAEOHARMIN_3_Multichannel Z-Stack_20251030_110.vsi,2_5_BAEOHARMIN_3_Multichannel Z-Stack_20251030_110.vsi,.vsi,0,"C488, C561, C640",50,,302.0560916804004,309.40609168040044,ome_plane_position_z,
Z:\Brejtr\ActiveProjects\Microscopy\20251030\2_5_BAEOHARMIN_3_Multichannel Z-Stack_20251030_110.vsi,2_5_BAEOHARMIN_3_Multichannel Z-Stack_20251030_110.vsi,.vsi,1,macro image,1,,,,unavailable,
Z:\Brejtr\ActiveProjects\Microscopy\20251030\2_5_BAEOHARMIN_4_Multichannel Z-Stack_20251030_111.vsi,2_5_BAEOHARMIN_4_Multichannel Z-Stack_20251030_111.vsi,.vsi,0,"C488, C561, C640",30,,306.5515442837087,310.90154428370874,ome_plane_position_z,
Z:\Brejtr\ActiveProjects\Microscopy\20251030\2_5_BAEOHARMIN_4_Multichannel Z-Stack_20251030_111.vsi,2_5_BAEOHARMIN_4_Multichannel Z-Stack_20251030_111.vsi,.vsi,1,macro image,1,,,,unavailable,
Z:\Brejtr\ActiveProjects\Microscopy\20251030\2_5_BAEOHARMIN_5_Multichannel Z-Stack_20251030_112.vsi,2_5_BAEOHARMIN_5_Multichannel Z-Stack_20251030_112.vsi,.vsi,0,"C488, C561, C640",43,,307.10413843618386,313.40413843618387,ome_plane_position_z,
Z:\Brejtr\ActiveProjects\Microscopy\20251030\2_5_BAEOHARMIN_5_Multichannel Z-Stack_20251030_112.vsi,2_5_BAEOHARMIN_5_Multichannel Z-Stack_20251030_112.vsi,.vsi,1,macro image,1,,,,unavailable,
Z:\Brejtr\ActiveProjects\Microscopy\20251030\2_5_BAEOHARMIN_6_Multichannel Z-Stack_20251030_113.vsi,2_5_BAEOHARMIN_6_Multichannel Z-Stack_20251030_113.vsi,.vsi,0,"C488, C561, C640",24,,311.75478544833067,315.2047854483306,ome_plane_position_z,
Z:\Brejtr\ActiveProjects\Microscopy\20251030\2_5_BAEOHARMIN_6_Multichannel Z-Stack_20251030_113.vsi,2_5_BAEOHARMIN_6_Multichannel Z-Stack_20251030_113.vsi,.vsi,1,macro image,1,,,,unavailable,
Z:\Brejtr\ActiveProjects\Microscopy\20251030\2_5_BAEOHARMIN_7_Multichannel Z-Stack_20251030_114.vsi,2_5_BAEOHARMIN_7_Multichannel Z-Stack_20251030_114.vsi,.vsi,0,"C488, C561, C640",43,,311.4073796008057,317.7073796008057,ome_plane_position_z,
Z:\Brejtr\ActiveProjects\Microscopy\20251030\2_5_BAEOHARMIN_7_Multichannel Z-Stack_20251030_114.vsi,2_5_BAEOHARMIN_7_Multichannel Z-Stack_20251030_114.vsi,.vsi,1,macro image,1,,,,unavailable,
Z:\Brejtr\ActiveProjects\Microscopy\20251030\2_5_BAEOHARMIN_8_Multichannel Z-Stack_20251030_115.vsi,2_5_BAEOHARMIN_8_Multichannel Z-Stack_20251030_115.vsi,.vsi,0,"C488, C561, C640",43,,314.00153207593235,320.30153207593236,ome_plane_position_z,
Z:\Brejtr\ActiveProjects\Microscopy\20251030\2_5_BAEOHARMIN_8_Multichannel Z-Stack_20251030_115.vsi,2_5_BAEOHARMIN_8_Multichannel Z-Stack_20251030_115.vsi,.vsi,1,macro image,1,,,,unavailable,
Z:\Brejtr\ActiveProjects\Microscopy\20251030\2_5_BAEOHARMIN_9_Multichannel Z-Stack_20251030_116.vsi,2_5_BAEOHARMIN_9_Multichannel Z-Stack_20251030_116.vsi,.vsi,0,"C488, C561, C640",43,,316.5041262284075,322.8041262284075,ome_plane_position_z,
Z:\Brejtr\ActiveProjects\Microscopy\20251030\2_5_BAEOHARMIN_9_Multichannel Z-Stack_20251030_116.vsi,2_5_BAEOHARMIN_9_Multichannel Z-Stack_20251030_116.vsi,.vsi,1,macro image,1,,,,unavailable,
Z:\Brejtr\ActiveProjects\Microscopy\20251030\_1_8_KONTROLA_1_Multichannel Z-Stack_20251030_118_\stack1\frame_t_0.ets,frame_t_0.ets,.ets,0,"C488, C561, C640",43,,321.6008728560093,327.9008728560093,ome_plane_position_z,
Z:\Brejtr\ActiveProjects\Microscopy\20251030\_1_8_KONTROLA_1_Multichannel Z-Stack_20251030_118_\stack1\frame_t_0.ets,frame_t_0.ets,.ets,1,macro image,1,,,,unavailable,
Z:\Brejtr\ActiveProjects\Microscopy\20251030\_2_2_PSI_3010_Multichannel Z-Stack_20251030_51_\stack1\frame_t_0.ets,frame_t_0.ets,.ets,0,"C488, C561, C640",28,,126.75632362815112,130.80632362815112,ome_plane_position_z,
Z:\Brejtr\ActiveProjects\Microscopy\20251030\_2_2_PSI_3010_Multichannel Z-Stack_20251030_51_\stack1\frame_t_0.ets,frame_t_0.ets,.ets,1,macro image,1,,,,unavailable,
Z:\Brejtr\ActiveProjects\Microscopy\20251030\_2_2_PSI_3010_Multichannel Z-Stack_20251030_52_\stack1\frame_t_0.ets,frame_t_0.ets,.ets,0,"C488, C561, C640",60,,125.95437038393456,134.80437038393455,ome_plane_position_z,
Z:\Brejtr\ActiveProjects\Microscopy\20251030\_2_2_PSI_3010_Multichannel Z-Stack_20251030_52_\stack1\frame_t_0.ets,frame_t_0.ets,.ets,1,macro image,1,,,,unavailable,
Z:\Brejtr\ActiveProjects\Microscopy\20251030\_2_2_PSI_30_10_3_Multichannel Z-Stack_20251030_53_\stack1\frame_t_0.ets,frame_t_0.ets,.ets,0,"C488, C561, C640",45,,130.0050173960813,136.6050173960813,ome_plane_position_z,
Z:\Brejtr\ActiveProjects\Microscopy\20251030\_2_2_PSI_30_10_3_Multichannel Z-Stack_20251030_53_\stack1\frame_t_0.ets,frame_t_0.ets,.ets,1,macro image,1,,,,unavailable,
Z:\Brejtr\ActiveProjects\Microscopy\20251030\_2_2_PSI_30_10_4_Multichannel Z-Stack_20251030_54_\stack1\frame_t_0.ets,frame_t_0.ets,.ets,0,"C488, C561, C640",44,,133.75631142037483,140.2063114203748,ome_plane_position_z,
Z:\Brejtr\ActiveProjects\Microscopy\20251030\_2_2_PSI_30_10_4_Multichannel Z-Stack_20251030_54_\stack1\frame_t_0.ets,frame_t_0.ets,.ets,1,macro image,1,,,,unavailable,
Z:\Brejtr\ActiveProjects\Microscopy\20251030\_2_2_PSI_30_10_5_Multichannel Z-Stack_20251030_55_\stack1\frame_t_0.ets,frame_t_0.ets,.ets,0,"C488, C561, C640",45,,135.40695843252152,142.00695843252151,ome_plane_position_z,
Z:\Brejtr\ActiveProjects\Microscopy\20251030\_2_2_PSI_30_10_5_Multichannel Z-Stack_20251030_55_\stack1\frame_t_0.ets,frame_t_0.ets,.ets,1,macro image,1,,,,unavailable,
Z:\Brejtr\ActiveProjects\Microscopy\20251030\_2_3_PSY_10_Multichannel Z-Stack_20251030_65_\stack1\frame_t_0.ets,frame_t_0.ets,.ets,0,"C488, C561, C640",36,,160.25692791308063,165.50692791308063,ome_plane_position_z,
Z:\Brejtr\ActiveProjects\Microscopy\20251030\_2_3_PSY_10_Multichannel Z-Stack_20251030_65_\stack1\frame_t_0.ets,frame_t_0.ets,.ets,1,macro image,1,,,,unavailable,
Z:\Brejtr\ActiveProjects\Microscopy\20251030\_2_3_PSY_1_Multichannel Z-Stack_20251030_56_\stack1\frame_t_0.ets,frame_t_0.ets,.ets,0,"C488, C561, C640",36,,138.25241103582985,143.50241103582985,ome_plane_position_z,
Z:\Brejtr\ActiveProjects\Microscopy\20251030\_2_3_PSY_1_Multichannel Z-Stack_20251030_56_\stack1\frame_t_0.ets,frame_t_0.ets,.ets,1,macro image,1,,,,unavailable,
Z:\Brejtr\ActiveProjects\Microscopy\20251030\_2_3_PSY_2_Multichannel Z-Stack_20251030_57_\stack1\frame_t_0.ets,frame_t_0.ets,.ets,0,"C488, C561, C640",51,,138.50500518830495,146.00500518830495,ome_plane_position_z,
Z:\Brejtr\ActiveProjects\Microscopy\20251030\_2_3_PSY_2_Multichannel Z-Stack_20251030_57_\stack1\frame_t_0.ets,frame_t_0.ets,.ets,1,macro image,1,,,,unavailable,
Z:\Brejtr\ActiveProjects\Microscopy\20251030\_2_3_PSY_3_Multichannel Z-Stack_20251030_58_\stack1\frame_t_0.ets,frame_t_0.ets,.ets,0,"C488, C561, C640",44,,143.15629921259847,149.60629921259843,ome_plane_position_z,
Z:\Brejtr\ActiveProjects\Microscopy\20251030\_2_3_PSY_3_Multichannel Z-Stack_20251030_58_\stack1\frame_t_0.ets,frame_t_0.ets,.ets,1,macro image,1,,,,unavailable,
Z:\Brejtr\ActiveProjects\Microscopy\20251030\_2_3_PSY_4_Multichannel Z-Stack_20251030_59_\stack1\frame_t_0.ets,frame_t_0.ets,.ets,0,"C488, C561, C640",43,,146.20564609656347,152.5056460965635,ome_plane_position_z,
Z:\Brejtr\ActiveProjects\Microscopy\20251030\_2_3_PSY_4_Multichannel Z-Stack_20251030_59_\stack1\frame_t_0.ets,frame_t_0.ets,.ets,1,macro image,1,,,,unavailable,
Z:\Brejtr\ActiveProjects\Microscopy\20251030\_2_3_PSY_5_Multichannel Z-Stack_20251030_60_\stack1\frame_t_0.ets,frame_t_0.ets,.ets,0,"C488, C561, C640",52,,147.75499298052858,155.4049929805286,ome_plane_position_z,
Z:\Brejtr\ActiveProjects\Microscopy\20251030\_2_3_PSY_5_Multichannel Z-Stack_20251030_60_\stack1\frame_t_0.ets,frame_t_0.ets,.ets,1,macro image,1,,,,unavailable,
Z:\Brejtr\ActiveProjects\Microscopy\20251030\_2_3_PSY_6_Multichannel Z-Stack_20251030_61_\stack1\frame_t_0.ets,frame_t_0.ets,.ets,0,"C488, C561, C640",36,,148.35434596838186,153.60434596838186,ome_plane_position_z,
Z:\Brejtr\ActiveProjects\Microscopy\20251030\_2_3_PSY_6_Multichannel Z-Stack_20251030_61_\stack1\frame_t_0.ets,frame_t_0.ets,.ets,1,macro image,1,,,,unavailable,
Z:\Brejtr\ActiveProjects\Microscopy\20251030\_2_3_PSY_6_Multichannel Z-Stack_20251030_62_\stack1\frame_t_0.ets,frame_t_0.ets,.ets,0,"C488, C561, C640",50,,149.85563999267535,157.20563999267534,ome_plane_position_z,
Z:\Brejtr\ActiveProjects\Microscopy\20251030\_2_3_PSY_6_Multichannel Z-Stack_20251030_62_\stack1\frame_t_0.ets,frame_t_0.ets,.ets,1,macro image,1,,,,unavailable,
Z:\Brejtr\ActiveProjects\Microscopy\20251030\_2_3_PSY_8_Multichannel Z-Stack_20251030_63_\stack1\frame_t_0.ets,frame_t_0.ets,.ets,0,"C488, C561, C640",37,,154.39979246780197,159.79979246780198,ome_plane_position_z,
Z:\Brejtr\ActiveProjects\Microscopy\20251030\_2_3_PSY_8_Multichannel Z-Stack_20251030_63_\stack1\frame_t_0.ets,frame_t_0.ets,.ets,1,macro image,1,,,,unavailable,
Z:\Brejtr\ActiveProjects\Microscopy\20251030\_2_3_PSY_9_Multichannel Z-Stack_20251030_64_\stack1\frame_t_0.ets,frame_t_0.ets,.ets,0,"C488, C561, C640",72,,153.0562809009339,163.7062809009339,ome_plane_position_z,
Z:\Brejtr\ActiveProjects\Microscopy\20251030\_2_3_PSY_9_Multichannel Z-Stack_20251030_64_\stack1\frame_t_0.ets,frame_t_0.ets,.ets,1,macro image,1,,,,unavailable,
Z:\Brejtr\ActiveProjects\Microscopy\20251030\_2_3_PSYHARMIN_10_Multichannel Z-Stack_20251030_75_\stack1\frame_t_0.ets,frame_t_0.ets,.ets,0,"C488, C561, C640",44,,191.74324909967652,198.19324909967648,ome_plane_position_z,
Z:\Brejtr\ActiveProjects\Microscopy\20251030\_2_3_PSYHARMIN_10_Multichannel Z-Stack_20251030_75_\stack1\frame_t_0.ets,frame_t_0.ets,.ets,1,macro image,1,,,,unavailable,
Z:\Brejtr\ActiveProjects\Microscopy\20251030\_2_3_PSYHARMIN_1_Multichannel Z-Stack_20251030_66_\stack1\frame_t_0.ets,frame_t_0.ets,.ets,0,"C488, C561, C640",32,,162.65757492522735,167.30757492522736,ome_plane_position_z,
Z:\Brejtr\ActiveProjects\Microscopy\20251030\_2_3_PSYHARMIN_1_Multichannel Z-Stack_20251030_66_\stack1\frame_t_0.ets,frame_t_0.ets,.ets,1,macro image,1,,,,unavailable,
Z:\Brejtr\ActiveProjects\Microscopy\20251030\_2_3_PSYHARMIN_2_Multichannel Z-Stack_20251030_67_\stack1\frame_t_0.ets,frame_t_0.ets,.ets,0,"C488, C561, C640",31,,165.49328572300558,169.99328572300558,ome_plane_position_z,
Z:\Brejtr\ActiveProjects\Microscopy\20251030\_2_3_PSYHARMIN_2_Multichannel Z-Stack_20251030_67_\stack1\frame_t_0.ets,frame_t_0.ets,.ets,1,macro image,1,,,,unavailable,
Z:\Brejtr\ActiveProjects\Microscopy\20251030\_2_3_PSYHARMIN_3_Multichannel Z-Stack_20251030_68_\stack1\frame_t_0.ets,frame_t_0.ets,.ets,0,"C488, C561, C640",39,,167.10107428431914,172.8010742843191,ome_plane_position_z,
Z:\Brejtr\ActiveProjects\Microscopy\20251030\_2_3_PSYHARMIN_3_Multichannel Z-Stack_20251030_68_\stack1\frame_t_0.ets,frame_t_0.ets,.ets,1,macro image,1,,,,unavailable,
Z:\Brejtr\ActiveProjects\Microscopy\20251030\_2_3_PSYHARMIN_4_Multichannel Z-Stack_20251030_69_\stack1\frame_t_0.ets,frame_t_0.ets,.ets,0,"C488, C561, C640",31,,170.59003235060734,175.09003235060734,ome_plane_position_z,
Z:\Brejtr\ActiveProjects\Microscopy\20251030\_2_3_PSYHARMIN_4_Multichannel Z-Stack_20251030_69_\stack1\frame_t_0.ets,frame_t_0.ets,.ets,1,macro image,1,,,,unavailable,
Z:\Brejtr\ActiveProjects\Microscopy\20251030\_2_3_PSYHARMIN_5_Multichannel Z-Stack_20251030_70_\stack1\frame_t_0.ets,frame_t_0.ets,.ets,0,"C488, C561, C640",39,,173.1134041384362,178.81340413843617,ome_plane_position_z,
Z:\Brejtr\ActiveProjects\Microscopy\20251030\_2_3_PSYHARMIN_5_Multichannel Z-Stack_20251030_70_\stack1\frame_t_0.ets,frame_t_0.ets,.ets,1,macro image,1,,,,unavailable,
Z:\Brejtr\ActiveProjects\Microscopy\20251030\_2_3_PSYHARMIN_6_Multichannel Z-Stack_20251030_71_\stack1\frame_t_0.ets,frame_t_0.ets,.ets,0,"C488, C561, C640",37,,177.10625648538118,182.5062564853812,ome_plane_position_z,
Z:\Brejtr\ActiveProjects\Microscopy\20251030\_2_3_PSYHARMIN_6_Multichannel Z-Stack_20251030_71_\stack1\frame_t_0.ets,frame_t_0.ets,.ets,1,macro image,1,,,,unavailable,
Z:\Brejtr\ActiveProjects\Microscopy\20251030\_2_3_PSYHARMIN_7_Multichannel Z-Stack_20251030_72_\stack1\frame_t_0.ets,frame_t_0.ets,.ets,0,"C488, C561, C640",57,,178.80625038149302,187.20625038149302,ome_plane_position_z,
Z:\Brejtr\ActiveProjects\Microscopy\20251030\_2_3_PSYHARMIN_7_Multichannel Z-Stack_20251030_72_\stack1\frame_t_0.ets,frame_t_0.ets,.ets,1,macro image,1,,,,unavailable,
Z:\Brejtr\ActiveProjects\Microscopy\20251030\_2_3_PSYHARMIN_8_Multichannel Z-Stack_20251030_73_\stack1\frame_t_0.ets,frame_t_0.ets,.ets,0,"C488, C561, C640",44,,184.3575444057865,190.80754440578647,ome_plane_position_z,
Z:\Brejtr\ActiveProjects\Microscopy\20251030\_2_3_PSYHARMIN_8_Multichannel Z-Stack_20251030_73_\stack1\frame_t_0.ets,frame_t_0.ets,.ets,1,macro image,1,,,,unavailable,
Z:\Brejtr\ActiveProjects\Microscopy\20251030\_2_3_PSYHARMIN_9_Multichannel Z-Stack_20251030_74_\stack1\frame_t_0.ets,frame_t_0.ets,.ets,0,"C488, C561, C640",51,,187.09195507538305,194.59195507538305,ome_plane_position_z,
Z:\Brejtr\ActiveProjects\Microscopy\20251030\_2_3_PSYHARMIN_9_Multichannel Z-Stack_20251030_74_\stack1\frame_t_0.ets,frame_t_0.ets,.ets,1,macro image,1,,,,unavailable,
Z:\Brejtr\ActiveProjects\Microscopy\20251030\_2_4_NORPSI_10_Multichannel Z-Stack_20251030_85_\stack1\frame_t_0.ets,frame_t_0.ets,.ets,0,"C488, C561, C640",37,,223.80100103766097,229.201001037661,ome_plane_position_z,
Z:\Brejtr\ActiveProjects\Microscopy\20251030\_2_4_NORPSI_10_Multichannel Z-Stack_20251030_85_\stack1\frame_t_0.ets,frame_t_0.ets,.ets,1,macro image,1,,,,unavailable,
Z:\Brejtr\ActiveProjects\Microscopy\20251030\_2_4_NORPSI_1_Multichannel Z-Stack_20251030_76_\stack1\frame_t_0.ets,frame_t_0.ets,.ets,0,"C488, C561, C640",43,,195.40298480131844,201.70298480131845,ome_plane_position_z,
Z:\Brejtr\ActiveProjects\Microscopy\20251030\_2_4_NORPSI_1_Multichannel Z-Stack_20251030_76_\stack1\frame_t_0.ets,frame_t_0.ets,.ets,1,macro image,1,,,,unavailable,
Z:\Brejtr\ActiveProjects\Microscopy\20251030\_2_4_NORPSI_2_Multichannel Z-Stack_20251030_77_\stack1\frame_t_0.ets,frame_t_0.ets,.ets,0,"C488, C561, C640",18,0.15000000000000172,201.70298480131845,204.2529848013185,ome_plane_position_z,
Z:\Brejtr\ActiveProjects\Microscopy\20251030\_2_4_NORPSI_2_Multichannel Z-Stack_20251030_77_\stack1\frame_t_0.ets,frame_t_0.ets,.ets,1,macro image,1,,,,unavailable,
Z:\Brejtr\ActiveProjects\Microscopy\20251030\_2_4_NORPSI_3_Multichannel Z-Stack_20251030_78_\stack1\frame_t_0.ets,frame_t_0.ets,.ets,0,"C488, C561, C640",28,0.15000000000000108,201.70298480131845,205.7529848013185,ome_plane_position_z,
Z:\Brejtr\ActiveProjects\Microscopy\20251030\_2_4_NORPSI_3_Multichannel Z-Stack_20251030_78_\stack1\frame_t_0.ets,frame_t_0.ets,.ets,1,macro image,1,,,,unavailable,
Z:\Brejtr\ActiveProjects\Microscopy\20251030\_2_4_NORPSI_4_Multichannel Z-Stack_20251030_79_\stack1\frame_t_0.ets,frame_t_0.ets,.ets,0,"C488, C561, C640",37,,202.40687297808702,207.80687297808703,ome_plane_position_z,
Z:\Brejtr\ActiveProjects\Microscopy\20251030\_2_4_NORPSI_4_Multichannel Z-Stack_20251030_79_\stack1\frame_t_0.ets,frame_t_0.ets,.ets,1,macro image,1,,,,unavailable,
Z:\Brejtr\ActiveProjects\Microscopy\20251030\_2_4_NORPSI_5_Multichannel Z-Stack_20251030_80_\stack1\frame_t_0.ets,frame_t_0.ets,.ets,0,"C488, C561, C640",51,,203.99972532503205,211.49972532503205,ome_plane_position_z,
Z:\Brejtr\ActiveProjects\Microscopy\20251030\_2_4_NORPSI_5_Multichannel Z-Stack_20251030_80_\stack1\frame_t_0.ets,frame_t_0.ets,.ets,1,macro image,1,,,,unavailable,
Z:\Brejtr\ActiveProjects\Microscopy\20251030\_2_4_NORPSI_6_Multichannel Z-Stack_20251030_81_\stack1\frame_t_0.ets,frame_t_0.ets,.ets,0,"C488, C561, C640",45,,208.50101934932556,215.10101934932555,ome_plane_position_z,
Z:\Brejtr\ActiveProjects\Microscopy\20251030\_2_4_NORPSI_6_Multichannel Z-Stack_20251030_81_\stack1\frame_t_0.ets,frame_t_0.ets,.ets,1,macro image,1,,,,unavailable,
Z:\Brejtr\ActiveProjects\Microscopy\20251030\_2_4_NORPSI_7_Multichannel Z-Stack_20251030_82_\stack1\frame_t_0.ets,frame_t_0.ets,.ets,0,"C488, C561, C640",66,,209.65426051394738,219.40426051394738,ome_plane_position_z,
Z:\Brejtr\ActiveProjects\Microscopy\20251030\_2_4_NORPSI_7_Multichannel Z-Stack_20251030_82_\stack1\frame_t_0.ets,frame_t_0.ets,.ets,1,macro image,1,,,,unavailable,
Z:\Brejtr\ActiveProjects\Microscopy\20251030\_2_4_NORPSI_8_Multichannel Z-Stack_20251030_83_\stack1\frame_t_0.ets,frame_t_0.ets,.ets,0,"C488, C561, C640",51,,216.6042544100592,224.1042544100592,ome_plane_position_z,
Z:\Brejtr\ActiveProjects\Microscopy\20251030\_2_4_NORPSI_8_Multichannel Z-Stack_20251030_83_\stack1\frame_t_0.ets,frame_t_0.ets,.ets,1,macro image,1,,,,unavailable,
Z:\Brejtr\ActiveProjects\Microscopy\20251030\_2_4_NORPSI_9_Multichannel Z-Stack_20251030_84_\stack1\frame_t_0.ets,frame_t_0.ets,.ets,0,"C488, C561, C640",37,,221.20684856253433,226.60684856253434,ome_plane_position_z,
Z:\Brejtr\ActiveProjects\Microscopy\20251030\_2_4_NORPSI_9_Multichannel Z-Stack_20251030_84_\stack1\frame_t_0.ets,frame_t_0.ets,.ets,1,macro image,1,,,,unavailable,
Z:\Brejtr\ActiveProjects\Microscopy\20251030\_2_4_NORPSIHARMIN_10_Multichannel Z-Stack_20251030_95_\stack1\frame_t_0.ets,frame_t_0.ets,.ets,0,"C488, C561, C640",51,,258.2022523347373,265.70225233473724,ome_plane_position_z,
Z:\Brejtr\ActiveProjects\Microscopy\20251030\_2_4_NORPSIHARMIN_10_Multichannel Z-Stack_20251030_95_\stack1\frame_t_0.ets,frame_t_0.ets,.ets,1,macro image,1,,,,unavailable,
Z:\Brejtr\ActiveProjects\Microscopy\20251030\_2_4_NORPSIHARMIN_1_Multichannel Z-Stack_20251030_86_\stack1\frame_t_0.ets,frame_t_0.ets,.ets,0,"C488, C561, C640",37,,225.3880119636208,230.78801196362082,ome_plane_position_z,
Z:\Brejtr\ActiveProjects\Microscopy\20251030\_2_4_NORPSIHARMIN_1_Multichannel Z-Stack_20251030_86_\stack1\frame_t_0.ets,frame_t_0.ets,.ets,1,macro image,1,,,,unavailable,
Z:\Brejtr\ActiveProjects\Microscopy\20251030\_2_4_NORPSIHARMIN_2_Multichannel Z-Stack_20251030_87_\stack1\frame_t_0.ets,frame_t_0.ets,.ets,0,"C488, C561, C640",43,,227.90618934261124,234.20618934261128,ome_plane_position_z,
Z:\Brejtr\ActiveProjects\Microscopy\20251030\_2_4_NORPSIHARMIN_2_Multichannel Z-Stack_20251030_87_\stack1\frame_t_0.ets,frame_t_0.ets,.ets,1,macro image,1,,,,unavailable,
Z:\Brejtr\ActiveProjects\Microscopy\20251030\_2_4_NORPSIHARMIN_3_Multichannel Z-Stack_20251030_88_\stack1\frame_t_0.ets,frame_t_0.ets,.ets,0,"C488, C561, C640",53,,230.40423609839468,238.20423609839472,ome_plane_position_z,
Z:\Brejtr\ActiveProjects\Microscopy\20251030\_2_4_NORPSIHARMIN_3_Multichannel Z-Stack_20251030_88_\stack1\frame_t_0.ets,frame_t_0.ets,.ets,1,macro image,1,,,,unavailable,
Z:\Brejtr\ActiveProjects\Microscopy\20251030\_2_4_NORPSIHARMIN_4_Multichannel Z-Stack_20251030_89_\stack1\frame_t_0.ets,frame_t_0.ets,.ets,0,"C488, C561, C640",44,,235.35553012268818,241.80553012268814,ome_plane_position_z,
Z:\Brejtr\ActiveProjects\Microscopy\20251030\_2_4_NORPSIHARMIN_4_Multichannel Z-Stack_20251030_89_\stack1\frame_t_0.ets,frame_t_0.ets,.ets,1,macro image,1,,,,unavailable,
Z:\Brejtr\ActiveProjects\Microscopy\20251030\_2_4_NORPSIHARMIN_5_Multichannel Z-Stack_20251030_90_\stack1\frame_t_0.ets,frame_t_0.ets,.ets,0,"C488, C561, C640",51,,238.0899407922847,245.5899407922847,ome_plane_position_z,
Z:\Brejtr\ActiveProjects\Microscopy\20251030\_2_4_NORPSIHARMIN_5_Multichannel Z-Stack_20251030_90_\stack1\frame_t_0.ets,frame_t_0.ets,.ets,1,macro image,1,,,,unavailable,
Z:\Brejtr\ActiveProjects\Microscopy\20251030\_2_4_NORPSIHARMIN_6_Multichannel Z-Stack_20251030_91_\stack1\frame_t_0.ets,frame_t_0.ets,.ets,0,"C488, C561, C640",52,,241.75487090276505,249.40487090276505,ome_plane_position_z,
Z:\Brejtr\ActiveProjects\Microscopy\20251030\_2_4_NORPSIHARMIN_6_Multichannel Z-Stack_20251030_91_\stack1\frame_t_0.ets,frame_t_0.ets,.ets,1,macro image,1,,,,unavailable,
Z:\Brejtr\ActiveProjects\Microscopy\20251030\_2_4_NORPSIHARMIN_7_Multichannel Z-Stack_20251030_92_\stack1\frame_t_0.ets,frame_t_0.ets,.ets,0,"C488, C561, C640",51,,246.6048647988769,254.1048647988769,ome_plane_position_z,
Z:\Brejtr\ActiveProjects\Microscopy\20251030\_2_4_NORPSIHARMIN_7_Multichannel Z-Stack_20251030_92_\stack1\frame_t_0.ets,frame_t_0.ets,.ets,1,macro image,1,,,,unavailable,
Z:\Brejtr\ActiveProjects\Microscopy\20251030\_2_4_NORPSIHARMIN_8_Multichannel Z-Stack_20251030_93_\stack1\frame_t_0.ets,frame_t_0.ets,.ets,0,"C488, C561, C640",57,,250.4048586949887,258.8048586949887,ome_plane_position_z,
Z:\Brejtr\ActiveProjects\Microscopy\20251030\_2_4_NORPSIHARMIN_8_Multichannel Z-Stack_20251030_93_\stack1\frame_t_0.ets,frame_t_0.ets,.ets,1,macro image,1,,,,unavailable,
Z:\Brejtr\ActiveProjects\Microscopy\20251030\_2_4_NORPSIHARMIN_9_Multichannel Z-Stack_20251030_94_\stack1\frame_t_0.ets,frame_t_0.ets,.ets,0,"C488, C561, C640",66,,253.0529054507721,262.80290545077213,ome_plane_position_z,
Z:\Brejtr\ActiveProjects\Microscopy\20251030\_2_4_NORPSIHARMIN_9_Multichannel Z-Stack_20251030_94_\stack1\frame_t_0.ets,frame_t_0.ets,.ets,1,macro image,1,,,,unavailable,
Z:\Brejtr\ActiveProjects\Microscopy\20251030\_2_5_BAEO_10_Multichannel Z-Stack_20251030_106_\stack1\frame_t_0.ets,frame_t_0.ets,.ets,0,"C488, C561, C640",72,,286.4567570042117,297.10675700421166,ome_plane_position_z,
Z:\Brejtr\ActiveProjects\Microscopy\20251030\_2_5_BAEO_10_Multichannel Z-Stack_20251030_106_\stack1\frame_t_0.ets,frame_t_0.ets,.ets,1,macro image,1,,,,unavailable,
Z:\Brejtr\ActiveProjects\Microscopy\20251030\_2_5_BAEO_1_Multichannel Z-Stack_20251030_96_\stack1\frame_t_0.ets,frame_t_0.ets,.ets,0,"C488, C561, C640",37,,262.80484648721244,268.20484648721236,ome_plane_position_z,
Z:\Brejtr\ActiveProjects\Microscopy\20251030\_2_5_BAEO_1_Multichannel Z-Stack_20251030_96_\stack1\frame_t_0.ets,frame_t_0.ets,.ets,1,macro image,1,,,,unavailable,
Z:\Brejtr\ActiveProjects\Microscopy\20251030\_2_5_BAEO_1_Multichannel Z-Stack_20251030_97_\stack1\frame_t_0.ets,frame_t_0.ets,.ets,0,"C488, C561, C640",36,,264.75549349935915,270.00549349935915,ome_plane_position_z,
Z:\Brejtr\ActiveProjects\Microscopy\20251030\_2_5_BAEO_1_Multichannel Z-Stack_20251030_97_\stack1\frame_t_0.ets,frame_t_0.ets,.ets,1,macro image,1,,,,unavailable,
Z:\Brejtr\ActiveProjects\Microscopy\20251030\_2_5_BAEO_3_Multichannel Z-Stack_20251030_98_\stack1\frame_t_0.ets,frame_t_0.ets,.ets,0,"C488, C561, C640",11,0.15,270.00549349935915,271.50549349935915,ome_plane_position_z,
Z:\Brejtr\ActiveProjects\Microscopy\20251030\_2_5_BAEO_3_Multichannel Z-Stack_20251030_98_\stack1\frame_t_0.ets,frame_t_0.ets,.ets,1,macro image,1,,,,unavailable,
Z:\Brejtr\ActiveProjects\Microscopy\20251030\_2_5_BAEO_4_Multichannel Z-Stack_20251030_99_\stack1\frame_t_0.ets,frame_t_0.ets,.ets,0,"C488, C561, C640",44,,267.5535402551426,274.0035402551426,ome_plane_position_z,
Z:\Brejtr\ActiveProjects\Microscopy\20251030\_2_5_BAEO_4_Multichannel Z-Stack_20251030_99_\stack1\frame_t_0.ets,frame_t_0.ets,.ets,1,macro image,1,,,,unavailable,
Z:\Brejtr\ActiveProjects\Microscopy\20251030\_2_5_BAEO_5_Multichannel Z-Stack_20251030_100_\stack1\frame_t_0.ets,frame_t_0.ets,.ets,0,"C488, C561, C640",66,,268.251587010926,278.001587010926,ome_plane_position_z,
Z:\Brejtr\ActiveProjects\Microscopy\20251030\_2_5_BAEO_5_Multichannel Z-Stack_20251030_100_\stack1\frame_t_0.ets,frame_t_0.ets,.ets,1,macro image,1,,,,unavailable,
Z:\Brejtr\ActiveProjects\Microscopy\20251030\_2_5_BAEO_5_Multichannel Z-Stack_20251030_101_\stack1\frame_t_0.ets,frame_t_0.ets,.ets,0,"C488, C561, C640",18,0.15,278.001587010926,280.551587010926,ome_plane_position_z,
Z:\Brejtr\ActiveProjects\Microscopy\20251030\_2_5_BAEO_5_Multichannel Z-Stack_20251030_101_\stack1\frame_t_0.ets,frame_t_0.ets,.ets,1,macro image,1,,,,unavailable,
Z:\Brejtr\ActiveProjects\Microscopy\20251030\_2_5_BAEO_6_Multichannel Z-Stack_20251030_102_\stack1\frame_t_0.ets,frame_t_0.ets,.ets,0,"C488, C561, C640",43,,276.7067753158762,283.00677531587627,ome_plane_position_z,
Z:\Brejtr\ActiveProjects\Microscopy\20251030\_2_5_BAEO_6_Multichannel Z-Stack_20251030_102_\stack1\frame_t_0.ets,frame_t_0.ets,.ets,1,macro image,1,,,,unavailable,
Z:\Brejtr\ActiveProjects\Microscopy\20251030\_2_5_BAEO_6_Multichannel Z-Stack_20251030_103_\stack1\frame_t_0.ets,frame_t_0.ets,.ets,0,"C488, C561, C640",57,,279.3067692119881,287.70676921198805,ome_plane_position_z,
Z:\Brejtr\ActiveProjects\Microscopy\20251030\_2_5_BAEO_6_Multichannel Z-Stack_20251030_103_\stack1\frame_t_0.ets,frame_t_0.ets,.ets,1,macro image,1,,,,unavailable,
Z:\Brejtr\ActiveProjects\Microscopy\20251030\_2_5_BAEO_8_Multichannel Z-Stack_20251030_104_\stack1\frame_t_0.ets,frame_t_0.ets,.ets,0,"C488, C561, C640",20,0.15000000000000308,287.70676921198805,290.5567692119881,ome_plane_position_z,
Z:\Brejtr\ActiveProjects\Microscopy\20251030\_2_5_BAEO_8_Multichannel Z-Stack_20251030_104_\stack1\frame_t_0.ets,frame_t_0.ets,.ets,1,macro image,1,,,,unavailable,
Z:\Brejtr\ActiveProjects\Microscopy\20251030\_2_5_BAEO_9_Multichannel Z-Stack_20251030_105_\stack1\frame_t_0.ets,frame_t_0.ets,.ets,0,"C488, C561, C640",37,,287.80026857107987,293.2002685710798,ome_plane_position_z,
Z:\Brejtr\ActiveProjects\Microscopy\20251030\_2_5_BAEO_9_Multichannel Z-Stack_20251030_105_\stack1\frame_t_0.ets,frame_t_0.ets,.ets,1,macro image,1,,,,unavailable,
Z:\Brejtr\ActiveProjects\Microscopy\20251030\_2_5_BAEOHARMIN_10_Multichannel Z-Stack_20251030_117_\stack1\frame_t_0.ets,frame_t_0.ets,.ets,0,"C488, C561, C640",43,,319.0067203808826,325.3067203808826,ome_plane_position_z,
Z:\Brejtr\ActiveProjects\Microscopy\20251030\_2_5_BAEOHARMIN_10_Multichannel Z-Stack_20251030_117_\stack1\frame_t_0.ets,frame_t_0.ets,.ets,1,macro image,1,,,,unavailable,
Z:\Brejtr\ActiveProjects\Microscopy\20251030\_2_5_BAEOHARMIN_1_Multichannel Z-Stack_20251030_107_\stack1\frame_t_0.ets,frame_t_0.ets,.ets,0,"C488, C561, C640",25,0.15,297.10675700421166,300.7067570042117,ome_plane_position_z,
Z:\Brejtr\ActiveProjects\Microscopy\20251030\_2_5_BAEOHARMIN_1_Multichannel Z-Stack_20251030_107_\stack1\frame_t_0.ets,frame_t_0.ets,.ets,1,macro image,1,,,,unavailable,
Z:\Brejtr\ActiveProjects\Microscopy\20251030\_2_5_BAEOHARMIN_1_Multichannel Z-Stack_20251030_108_\stack1\frame_t_0.ets,frame_t_0.ets,.ets,0,"C488, C561, C640",38,,297.84376182628336,303.39376182628337,ome_plane_position_z,
Z:\Brejtr\ActiveProjects\Microscopy\20251030\_2_5_BAEOHARMIN_1_Multichannel Z-Stack_20251030_108_\stack1\frame_t_0.ets,frame_t_0.ets,.ets,1,macro image,1,,,,unavailable,
Z:\Brejtr\ActiveProjects\Microscopy\20251030\_2_5_BAEOHARMIN_2_Multichannel Z-Stack_20251030_109_\stack1\frame_t_0.ets,frame_t_0.ets,.ets,0,"C488, C561, C640",36,,300.5547976561069,305.8047976561069,ome_plane_position_z,
Z:\Brejtr\ActiveProjects\Microscopy\20251030\_2_5_BAEOHARMIN_2_Multichannel Z-Stack_20251030_109_\stack1\frame_t_0.ets,frame_t_0.ets,.ets,1,macro image,1,,,,unavailable,
Z:\Brejtr\ActiveProjects\Microscopy\20251030\_2_5_BAEOHARMIN_3_Multichannel Z-Stack_20251030_110_\stack1\frame_t_0.ets,frame_t_0.ets,.ets,0,"C488, C561, C640",50,,302.0560916804004,309.40609168040044,ome_plane_position_z,
Z:\Brejtr\ActiveProjects\Microscopy\20251030\_2_5_BAEOHARMIN_3_Multichannel Z-Stack_20251030_110_\stack1\frame_t_0.ets,frame_t_0.ets,.ets,1,macro image,1,,,,unavailable,
Z:\Brejtr\ActiveProjects\Microscopy\20251030\_2_5_BAEOHARMIN_4_Multichannel Z-Stack_20251030_111_\stack1\frame_t_0.ets,frame_t_0.ets,.ets,0,"C488, C561, C640",30,,306.5515442837087,310.90154428370874,ome_plane_position_z,
Z:\Brejtr\ActiveProjects\Microscopy\20251030\_2_5_BAEOHARMIN_4_Multichannel Z-Stack_20251030_111_\stack1\frame_t_0.ets,frame_t_0.ets,.ets,1,macro image,1,,,,unavailable,
Z:\Brejtr\ActiveProjects\Microscopy\20251030\_2_5_BAEOHARMIN_5_Multichannel Z-Stack_20251030_112_\stack1\frame_t_0.ets,frame_t_0.ets,.ets,0,"C488, C561, C640",43,,307.10413843618386,313.40413843618387,ome_plane_position_z,
Z:\Brejtr\ActiveProjects\Microscopy\20251030\_2_5_BAEOHARMIN_5_Multichannel Z-Stack_20251030_112_\stack1\frame_t_0.ets,frame_t_0.ets,.ets,1,macro image,1,,,,unavailable,
Z:\Brejtr\ActiveProjects\Microscopy\20251030\_2_5_BAEOHARMIN_6_Multichannel Z-Stack_20251030_113_\stack1\frame_t_0.ets,frame_t_0.ets,.ets,0,"C488, C561, C640",24,,311.75478544833067,315.2047854483306,ome_plane_position_z,
Z:\Brejtr\ActiveProjects\Microscopy\20251030\_2_5_BAEOHARMIN_6_Multichannel Z-Stack_20251030_113_\stack1\frame_t_0.ets,frame_t_0.ets,.ets,1,macro image,1,,,,unavailable,
Z:\Brejtr\ActiveProjects\Microscopy\20251030\_2_5_BAEOHARMIN_7_Multichannel Z-Stack_20251030_114_\stack1\frame_t_0.ets,frame_t_0.ets,.ets,0,"C488, C561, C640",43,,311.4073796008057,317.7073796008057,ome_plane_position_z,
Z:\Brejtr\ActiveProjects\Microscopy\20251030\_2_5_BAEOHARMIN_7_Multichannel Z-Stack_20251030_114_\stack1\frame_t_0.ets,frame_t_0.ets,.ets,1,macro image,1,,,,unavailable,
Z:\Brejtr\ActiveProjects\Microscopy\20251030\_2_5_BAEOHARMIN_8_Multichannel Z-Stack_20251030_115_\stack1\frame_t_0.ets,frame_t_0.ets,.ets,0,"C488, C561, C640",43,,314.00153207593235,320.30153207593236,ome_plane_position_z,
Z:\Brejtr\ActiveProjects\Microscopy\20251030\_2_5_BAEOHARMIN_8_Multichannel Z-Stack_20251030_115_\stack1\frame_t_0.ets,frame_t_0.ets,.ets,1,macro image,1,,,,unavailable,
Z:\Brejtr\ActiveProjects\Microscopy\20251030\_2_5_BAEOHARMIN_9_Multichannel Z-Stack_20251030_116_\stack1\frame_t_0.ets,frame_t_0.ets,.ets,0,"C488, C561, C640",43,,316.5041262284075,322.8041262284075,ome_plane_position_z,
Z:\Brejtr\ActiveProjects\Microscopy\20251030\_2_5_BAEOHARMIN_9_Multichannel Z-Stack_20251030_116_\stack1\frame_t_0.ets,frame_t_0.ets,.ets,1,macro image,1,,,,unavailable,
Z:\Brejtr\ActiveProjects\Microscopy\20251104\2_6_NORBAEO_10_Multichannel Z-Stack_20251104_209.vsi,2_6_NORBAEO_10_Multichannel Z-Stack_20251104_209.vsi,.vsi,0,"C488, C561, C640",43,,230.8055362265763,237.10553622657633,ome_plane_position_z,
Z:\Brejtr\ActiveProjects\Microscopy\20251104\2_6_NORBAEO_10_Multichannel Z-Stack_20251104_209.vsi,2_6_NORBAEO_10_Multichannel Z-Stack_20251104_209.vsi,.vsi,1,macro image,1,,,,unavailable,
Z:\Brejtr\ActiveProjects\Microscopy\20251104\2_6_NORBAEO_1_Multichannel Z-Stack_20251104_199.vsi,2_6_NORBAEO_1_Multichannel Z-Stack_20251104_199.vsi,.vsi,0,"C488, C561, C640",37,,204.20751999023375,209.60751999023378,ome_plane_position_z,
Z:\Brejtr\ActiveProjects\Microscopy\20251104\2_6_NORBAEO_1_Multichannel Z-Stack_20251104_199.vsi,2_6_NORBAEO_1_Multichannel Z-Stack_20251104_199.vsi,.vsi,1,macro image,1,,,,unavailable,
Z:\Brejtr\ActiveProjects\Microscopy\20251104\2_6_NORBAEO_2_Multichannel Z-Stack_20251104_200.vsi,2_6_NORBAEO_2_Multichannel Z-Stack_20251104_200.vsi,.vsi,0,"C488, C561, C640",37,,206.80167246536044,212.20167246536045,ome_plane_position_z,
Z:\Brejtr\ActiveProjects\Microscopy\20251104\2_6_NORBAEO_2_Multichannel Z-Stack_20251104_200.vsi,2_6_NORBAEO_2_Multichannel Z-Stack_20251104_200.vsi,.vsi,1,macro image,1,,,,unavailable,
Z:\Brejtr\ActiveProjects\Microscopy\20251104\2_6_NORBAEO_3_Multichannel Z-Stack_20251104_201.vsi,2_6_NORBAEO_3_Multichannel Z-Stack_20251104_201.vsi,.vsi,0,"C488, C561, C640",43,,208.40426661783556,214.70426661783557,ome_plane_position_z,
Z:\Brejtr\ActiveProjects\Microscopy\20251104\2_6_NORBAEO_3_Multichannel Z-Stack_20251104_201.vsi,2_6_NORBAEO_3_Multichannel Z-Stack_20251104_201.vsi,.vsi,1,macro image,1,,,,unavailable,
Z:\Brejtr\ActiveProjects\Microscopy\20251104\2_6_NORBAEO_4_Multichannel Z-Stack_20251104_202.vsi,2_6_NORBAEO_4_Multichannel Z-Stack_20251104_202.vsi,.vsi,0,"C488, C561, C640",43,,210.9068607703107,217.20686077031073,ome_plane_position_z,
Z:\Brejtr\ActiveProjects\Microscopy\20251104\2_6_NORBAEO_4_Multichannel Z-Stack_20251104_202.vsi,2_6_NORBAEO_4_Multichannel Z-Stack_20251104_202.vsi,.vsi,1,macro image,1,,,,unavailable,
Z:\Brejtr\ActiveProjects\Microscopy\20251104\2_6_NORBAEO_4A_Multichannel Z-Stack_20251104_203.vsi,2_6_NORBAEO_4A_Multichannel Z-Stack_20251104_203.vsi,.vsi,0,"C488, C561, C640",37,,214.40101324543733,219.80101324543733,ome_plane_position_z,
Z:\Brejtr\ActiveProjects\Microscopy\20251104\2_6_NORBAEO_4A_Multichannel Z-Stack_20251104_203.vsi,2_6_NORBAEO_4A_Multichannel Z-Stack_20251104_203.vsi,.vsi,1,macro image,1,,,,unavailable,
Z:\Brejtr\ActiveProjects\Microscopy\20251104\2_6_NORBAEO_5_Multichannel Z-Stack_20251104_204.vsi,2_6_NORBAEO_5_Multichannel Z-Stack_20251104_204.vsi,.vsi,0,"C488, C561, C640",44,,216.95230726973085,223.4023072697308,ome_plane_position_z,
Z:\Brejtr\ActiveProjects\Microscopy\20251104\2_6_NORBAEO_5_Multichannel Z-Stack_20251104_204.vsi,2_6_NORBAEO_5_Multichannel Z-Stack_20251104_204.vsi,.vsi,1,macro image,1,,,,unavailable,
Z:\Brejtr\ActiveProjects\Microscopy\20251104\2_6_NORBAEO_6_Multichannel Z-Stack_20251104_205.vsi,2_6_NORBAEO_6_Multichannel Z-Stack_20251104_205.vsi,.vsi,0,"C488, C561, C640",44,,220.5536012940243,227.0036012940243,ome_plane_position_z,
Z:\Brejtr\ActiveProjects\Microscopy\20251104\2_6_NORBAEO_6_Multichannel Z-Stack_20251104_205.vsi,2_6_NORBAEO_6_Multichannel Z-Stack_20251104_205.vsi,.vsi,1,macro image,1,,,,unavailable,
Z:\Brejtr\ActiveProjects\Microscopy\20251104\2_6_NORBAEO_7_Multichannel Z-Stack_20251104_206.vsi,2_6_NORBAEO_7_Multichannel Z-Stack_20251104_206.vsi,.vsi,0,"C488, C561, C640",43,,223.2061954464994,229.50619544649942,ome_plane_position_z,
Z:\Brejtr\ActiveProjects\Microscopy\20251104\2_6_NORBAEO_7_Multichannel Z-Stack_20251104_206.vsi,2_6_NORBAEO_7_Multichannel Z-Stack_20251104_206.vsi,.vsi,1,macro image,1,,,,unavailable,
Z:\Brejtr\ActiveProjects\Microscopy\20251104\2_6_NORBAEO_8_Multichannel Z-Stack_20251104_207.vsi,2_6_NORBAEO_8_Multichannel Z-Stack_20251104_207.vsi,.vsi,0,"C488, C561, C640",43,,225.80034792162604,232.10034792162608,ome_plane_position_z,
Z:\Brejtr\ActiveProjects\Microscopy\20251104\2_6_NORBAEO_8_Multichannel Z-Stack_20251104_207.vsi,2_6_NORBAEO_8_Multichannel Z-Stack_20251104_207.vsi,.vsi,1,macro image,1,,,,unavailable,
Z:\Brejtr\ActiveProjects\Microscopy\20251104\2_6_NORBAEO_9_Multichannel Z-Stack_20251104_208.vsi,2_6_NORBAEO_9_Multichannel Z-Stack_20251104_208.vsi,.vsi,0,"C488, C561, C640",44,,228.15294207410122,234.6029420741012,ome_plane_position_z,
Z:\Brejtr\ActiveProjects\Microscopy\20251104\2_6_NORBAEO_9_Multichannel Z-Stack_20251104_208.vsi,2_6_NORBAEO_9_Multichannel Z-Stack_20251104_208.vsi,.vsi,1,macro image,1,,,,unavailable,
Z:\Brejtr\ActiveProjects\Microscopy\20251104\2_6_NORBAEO_HARMIN_1_Multichannel Z-Stack_20251104_197.vsi,2_6_NORBAEO_HARMIN_1_Multichannel Z-Stack_20251104_197.vsi,.vsi,0,"C488, C561, C640",65,,93.40311298297016,103.00311298297015,ome_plane_position_z,
Z:\Brejtr\ActiveProjects\Microscopy\20251104\2_6_NORBAEO_HARMIN_1_Multichannel Z-Stack_20251104_197.vsi,2_6_NORBAEO_HARMIN_1_Multichannel Z-Stack_20251104_197.vsi,.vsi,1,macro image,1,,,,unavailable,
Z:\Brejtr\ActiveProjects\Microscopy\20251104\2_6_NORBAEO_HARMIN_1a_Multichannel Z-Stack_20251104_198.vsi,2_6_NORBAEO_HARMIN_1a_Multichannel Z-Stack_20251104_198.vsi,.vsi,0,"C488, C561, C640",43,,200.80492583775862,207.10492583775866,ome_plane_position_z,
Z:\Brejtr\ActiveProjects\Microscopy\20251104\2_6_NORBAEO_HARMIN_1a_Multichannel Z-Stack_20251104_198.vsi,2_6_NORBAEO_HARMIN_1a_Multichannel Z-Stack_20251104_198.vsi,.vsi,1,macro image,1,,,,unavailable,
Z:\Brejtr\ActiveProjects\Microscopy\20251104\2_6_NORBAEOHARMIN_10_Multichannel Z-Stack_20251104_219.vsi,2_6_NORBAEOHARMIN_10_Multichannel Z-Stack_20251104_219.vsi,.vsi,0,"C488, C561, C640",37,,262.80484648721244,268.20484648721236,ome_plane_position_z,
Z:\Brejtr\ActiveProjects\Microscopy\20251104\2_6_NORBAEOHARMIN_10_Multichannel Z-Stack_20251104_219.vsi,2_6_NORBAEOHARMIN_10_Multichannel Z-Stack_20251104_219.vsi,.vsi,1,macro image,1,,,,unavailable,
Z:\Brejtr\ActiveProjects\Microscopy\20251104\2_6_NORBAEOHARMIN_1_Multichannel Z-Stack_20251104_210.vsi,2_6_NORBAEOHARMIN_1_Multichannel Z-Stack_20251104_210.vsi,.vsi,0,"C488, C561, C640",45,,233.40488311054142,240.0048831105414,ome_plane_position_z,
Z:\Brejtr\ActiveProjects\Microscopy\20251104\2_6_NORBAEOHARMIN_1_Multichannel Z-Stack_20251104_210.vsi,2_6_NORBAEOHARMIN_1_Multichannel Z-Stack_20251104_210.vsi,.vsi,1,macro image,1,,,,unavailable,
Z:\Brejtr\ActiveProjects\Microscopy\20251104\2_6_NORBAEOHARMIN_2_Multichannel Z-Stack_20251104_211.vsi,2_6_NORBAEOHARMIN_2_Multichannel Z-Stack_20251104_211.vsi,.vsi,0,"C488, C561, C640",44,,237.1561771348349,243.6061771348349,ome_plane_position_z,
Z:\Brejtr\ActiveProjects\Microscopy\20251104\2_6_NORBAEOHARMIN_2_Multichannel Z-Stack_20251104_211.vsi,2_6_NORBAEOHARMIN_2_Multichannel Z-Stack_20251104_211.vsi,.vsi,1,macro image,1,,,,unavailable,
Z:\Brejtr\ActiveProjects\Microscopy\20251104\2_6_NORBAEOHARMIN_3_Multichannel Z-Stack_20251104_212.vsi,2_6_NORBAEOHARMIN_3_Multichannel Z-Stack_20251104_212.vsi,.vsi,0,"C488, C561, C640",43,,239.90032960996152,246.20032960996156,ome_plane_position_z,
Z:\Brejtr\ActiveProjects\Microscopy\20251104\2_6_NORBAEOHARMIN_3_Multichannel Z-Stack_20251104_212.vsi,2_6_NORBAEOHARMIN_3_Multichannel Z-Stack_20251104_212.vsi,.vsi,1,macro image,1,,,,unavailable,
Z:\Brejtr\ActiveProjects\Microscopy\20251104\2_6_NORBAEOHARMIN_4_Multichannel Z-Stack_20251104_213.vsi,2_6_NORBAEOHARMIN_4_Multichannel Z-Stack_20251104_213.vsi,.vsi,0,"C488, C561, C640",45,,243.20162363425504,249.801623634255,ome_plane_position_z,
Z:\Brejtr\ActiveProjects\Microscopy\20251104\2_6_NORBAEOHARMIN_4_Multichannel Z-Stack_20251104_213.vsi,2_6_NORBAEOHARMIN_4_Multichannel Z-Stack_20251104_213.vsi,.vsi,1,macro image,1,,,,unavailable,
Z:\Brejtr\ActiveProjects\Microscopy\20251104\2_6_NORBAEOHARMIN_5_Multichannel Z-Stack_20251104_214.vsi,2_6_NORBAEOHARMIN_5_Multichannel Z-Stack_20251104_214.vsi,.vsi,0,"C488, C561, C640",44,,246.95291765854853,253.4029176585485,ome_plane_position_z,
Z:\Brejtr\ActiveProjects\Microscopy\20251104\2_6_NORBAEOHARMIN_5_Multichannel Z-Stack_20251104_214.vsi,2_6_NORBAEOHARMIN_5_Multichannel Z-Stack_20251104_214.vsi,.vsi,1,macro image,1,,,,unavailable,
Z:\Brejtr\ActiveProjects\Microscopy\20251104\2_6_NORBAEOHARMIN_6_Multichannel Z-Stack_20251104_215.vsi,2_6_NORBAEOHARMIN_6_Multichannel Z-Stack_20251104_215.vsi,.vsi,0,"C488, C561, C640",44,,250.55421168284198,257.00421168284197,ome_plane_position_z,
Z:\Brejtr\ActiveProjects\Microscopy\20251104\2_6_NORBAEOHARMIN_6_Multichannel Z-Stack_20251104_215.vsi,2_6_NORBAEOHARMIN_6_Multichannel Z-Stack_20251104_215.vsi,.vsi,1,macro image,1,,,,unavailable,
Z:\Brejtr\ActiveProjects\Microscopy\20251104\2_6_NORBAEOHARMIN_7_Multichannel Z-Stack_20251104_216.vsi,2_6_NORBAEOHARMIN_7_Multichannel Z-Stack_20251104_216.vsi,.vsi,0,"C488, C561, C640",44,,254.15550570713543,260.6055057071354,ome_plane_position_z,
Z:\Brejtr\ActiveProjects\Microscopy\20251104\2_6_NORBAEOHARMIN_7_Multichannel Z-Stack_20251104_216.vsi,2_6_NORBAEOHARMIN_7_Multichannel Z-Stack_20251104_216.vsi,.vsi,1,macro image,1,,,,unavailable,
Z:\Brejtr\ActiveProjects\Microscopy\20251104\2_6_NORBAEOHARMIN_8_Multichannel Z-Stack_20251104_217.vsi,2_6_NORBAEOHARMIN_8_Multichannel Z-Stack_20251104_217.vsi,.vsi,0,"C488, C561, C640",43,,256.80809985961054,263.10809985961055,ome_plane_position_z,
Z:\Brejtr\ActiveProjects\Microscopy\20251104\2_6_NORBAEOHARMIN_8_Multichannel Z-Stack_20251104_217.vsi,2_6_NORBAEOHARMIN_8_Multichannel Z-Stack_20251104_217.vsi,.vsi,1,macro image,1,,,,unavailable,
Z:\Brejtr\ActiveProjects\Microscopy\20251104\2_6_NORBAEOHARMIN_9_Multichannel Z-Stack_20251104_218.vsi,2_6_NORBAEOHARMIN_9_Multichannel Z-Stack_20251104_218.vsi,.vsi,0,"C488, C561, C640",43,,259.4022523347372,265.70225233473724,ome_plane_position_z,
Z:\Brejtr\ActiveProjects\Microscopy\20251104\2_6_NORBAEOHARMIN_9_Multichannel Z-Stack_20251104_218.vsi,2_6_NORBAEOHARMIN_9_Multichannel Z-Stack_20251104_218.vsi,.vsi,1,macro image,1,,,,unavailable,
Z:\Brejtr\ActiveProjects\Microscopy\20251104\2_8_KONTROLAA_10_Multichannel Z-Stack_20251104_196.vsi,2_8_KONTROLAA_10_Multichannel Z-Stack_20251104_196.vsi,.vsi,0,"C488, C561, C640",37,,241.80747115912837,247.2074711591284,ome_plane_position_z,
Z:\Brejtr\ActiveProjects\Microscopy\20251104\2_8_KONTROLAA_10_Multichannel Z-Stack_20251104_196.vsi,2_8_KONTROLAA_10_Multichannel Z-Stack_20251104_196.vsi,.vsi,1,macro image,1,,,,unavailable,
Z:\Brejtr\ActiveProjects\Microscopy\20251104\2_8_KONTROLAA_1_Multichannel Z-Stack_20251104_187.vsi,2_8_KONTROLAA_1_Multichannel Z-Stack_20251104_187.vsi,.vsi,0,"C488, C561, C640",44,,216.95230726973085,223.4023072697308,ome_plane_position_z,
Z:\Brejtr\ActiveProjects\Microscopy\20251104\2_8_KONTROLAA_1_Multichannel Z-Stack_20251104_187.vsi,2_8_KONTROLAA_1_Multichannel Z-Stack_20251104_187.vsi,.vsi,1,macro image,1,,,,unavailable,
Z:\Brejtr\ActiveProjects\Microscopy\20251104\2_8_KONTROLAA_2_Multichannel Z-Stack_20251104_188.vsi,2_8_KONTROLAA_2_Multichannel Z-Stack_20251104_188.vsi,.vsi,0,"C488, C561, C640",38,,221.45360129402428,227.0036012940243,ome_plane_position_z,
Z:\Brejtr\ActiveProjects\Microscopy\20251104\2_8_KONTROLAA_2_Multichannel Z-Stack_20251104_188.vsi,2_8_KONTROLAA_2_Multichannel Z-Stack_20251104_188.vsi,.vsi,1,macro image,1,,,,unavailable,
Z:\Brejtr\ActiveProjects\Microscopy\20251104\2_8_KONTROLAA_3_Multichannel Z-Stack_20251104_189.vsi,2_8_KONTROLAA_3_Multichannel Z-Stack_20251104_189.vsi,.vsi,0,"C488, C561, C640",37,,224.1061954464994,229.50619544649942,ome_plane_position_z,
Z:\Brejtr\ActiveProjects\Microscopy\20251104\2_8_KONTROLAA_3_Multichannel Z-Stack_20251104_189.vsi,2_8_KONTROLAA_3_Multichannel Z-Stack_20251104_189.vsi,.vsi,1,macro image,1,,,,unavailable,
Z:\Brejtr\ActiveProjects\Microscopy\20251104\2_8_KONTROLAA_4_Multichannel Z-Stack_20251104_190.vsi,2_8_KONTROLAA_4_Multichannel Z-Stack_20251104_190.vsi,.vsi,0,"C488, C561, C640",44,,226.6574894707929,233.1074894707929,ome_plane_position_z,
Z:\Brejtr\ActiveProjects\Microscopy\20251104\2_8_KONTROLAA_4_Multichannel Z-Stack_20251104_190.vsi,2_8_KONTROLAA_4_Multichannel Z-Stack_20251104_190.vsi,.vsi,1,macro image,1,,,,unavailable,
Z:\Brejtr\ActiveProjects\Microscopy\20251104\2_8_KONTROLAA_5_Multichannel Z-Stack_20251104_191.vsi,2_8_KONTROLAA_5_Multichannel Z-Stack_20251104_191.vsi,.vsi,0,"C488, C561, C640",43,,229.40164194591952,235.70164194591956,ome_plane_position_z,
Z:\Brejtr\ActiveProjects\Microscopy\20251104\2_8_KONTROLAA_5_Multichannel Z-Stack_20251104_191.vsi,2_8_KONTROLAA_5_Multichannel Z-Stack_20251104_191.vsi,.vsi,1,macro image,1,,,,unavailable,
Z:\Brejtr\ActiveProjects\Microscopy\20251104\2_8_KONTROLAA_6_Multichannel Z-Stack_20251104_192.vsi,2_8_KONTROLAA_6_Multichannel Z-Stack_20251104_192.vsi,.vsi,0,"C488, C561, C640",31,,232.78865287187938,237.28865287187938,ome_plane_position_z,
Z:\Brejtr\ActiveProjects\Microscopy\20251104\2_8_KONTROLAA_6_Multichannel Z-Stack_20251104_192.vsi,2_8_KONTROLAA_6_Multichannel Z-Stack_20251104_192.vsi,.vsi,1,macro image,1,,,,unavailable,
Z:\Brejtr\ActiveProjects\Microscopy\20251104\2_8_KONTROLAA_7_Multichannel Z-Stack_20251104_193.vsi,2_8_KONTROLAA_7_Multichannel Z-Stack_20251104_193.vsi,.vsi,0,"C488, C561, C640",36,,234.449688701703,239.699688701703,ome_plane_position_z,
Z:\Brejtr\ActiveProjects\Microscopy\20251104\2_8_KONTROLAA_7_Multichannel Z-Stack_20251104_193.vsi,2_8_KONTROLAA_7_Multichannel Z-Stack_20251104_193.vsi,.vsi,1,macro image,1,,,,unavailable,
Z:\Brejtr\ActiveProjects\Microscopy\20251104\2_8_KONTROLAA_8_Multichannel Z-Stack_20251104_194.vsi,2_8_KONTROLAA_8_Multichannel Z-Stack_20251104_194.vsi,.vsi,0,"C488, C561, C640",38,,236.74384117682962,242.29384117682963,ome_plane_position_z,
Z:\Brejtr\ActiveProjects\Microscopy\20251104\2_8_KONTROLAA_8_Multichannel Z-Stack_20251104_194.vsi,2_8_KONTROLAA_8_Multichannel Z-Stack_20251104_194.vsi,.vsi,1,macro image,1,,,,unavailable,
Z:\Brejtr\ActiveProjects\Microscopy\20251104\2_8_KONTROLAA_9_Multichannel Z-Stack_20251104_195.vsi,2_8_KONTROLAA_9_Multichannel Z-Stack_20251104_195.vsi,.vsi,0,"C488, C561, C640",36,,239.45487700665328,244.70487700665328,ome_plane_position_z,
Z:\Brejtr\ActiveProjects\Microscopy\20251104\2_8_KONTROLAA_9_Multichannel Z-Stack_20251104_195.vsi,2_8_KONTROLAA_9_Multichannel Z-Stack_20251104_195.vsi,.vsi,1,macro image,1,,,,unavailable,
Z:\Brejtr\ActiveProjects\Microscopy\20251104\3_1_KONTROLA_10_Multichannel Z-Stack_20251104_128.vsi,3_1_KONTROLA_10_Multichannel Z-Stack_20251104_128.vsi,.vsi,0,"C488, C561, C640",31,,247.40746505524018,251.90746505524018,ome_plane_position_z,
Z:\Brejtr\ActiveProjects\Microscopy\20251104\3_1_KONTROLA_10_Multichannel Z-Stack_20251104_128.vsi,3_1_KONTROLA_10_Multichannel Z-Stack_20251104_128.vsi,.vsi,1,macro image,1,,,,unavailable,
Z:\Brejtr\ActiveProjects\Microscopy\20251104\3_1_KONTROLA_1_Multichannel Z-Stack_20251104_119.vsi,3_1_KONTROLA_1_Multichannel Z-Stack_20251104_119.vsi,.vsi,0,"C488, C561, C640",36,,218.4575016785693,223.7075016785693,ome_plane_position_z,
Z:\Brejtr\ActiveProjects\Microscopy\20251104\3_1_KONTROLA_1_Multichannel Z-Stack_20251104_119.vsi,3_1_KONTROLA_1_Multichannel Z-Stack_20251104_119.vsi,.vsi,1,macro image,1,,,,unavailable,
Z:\Brejtr\ActiveProjects\Microscopy\20251104\3_1_KONTROLA_2_Multichannel Z-Stack_20251104_120.vsi,3_1_KONTROLA_2_Multichannel Z-Stack_20251104_120.vsi,.vsi,0,"C488, C561, C640",37,,221.69515961667582,227.09515961667586,ome_plane_position_z,
Z:\Brejtr\ActiveProjects\Microscopy\20251104\3_1_KONTROLA_2_Multichannel Z-Stack_20251104_120.vsi,3_1_KONTROLA_2_Multichannel Z-Stack_20251104_120.vsi,.vsi,1,macro image,1,,,,unavailable,
Z:\Brejtr\ActiveProjects\Microscopy\20251104\3_1_KONTROLA_3_Multichannel Z-Stack_20251104_121.vsi,3_1_KONTROLA_3_Multichannel Z-Stack_20251104_121.vsi,.vsi,0,"C488, C561, C640",51,,224.20359519013616,231.70359519013616,ome_plane_position_z,
Z:\Brejtr\ActiveProjects\Microscopy\20251104\3_1_KONTROLA_3_Multichannel Z-Stack_20251104_121.vsi,3_1_KONTROLA_3_Multichannel Z-Stack_20251104_121.vsi,.vsi,1,macro image,1,,,,unavailable,
Z:\Brejtr\ActiveProjects\Microscopy\20251104\3_1_KONTROLA_4_Multichannel Z-Stack_20251104_122.vsi,3_1_KONTROLA_4_Multichannel Z-Stack_20251104_122.vsi,.vsi,0,"C488, C561, C640",37,,228.80618934261125,234.20618934261128,ome_plane_position_z,
Z:\Brejtr\ActiveProjects\Microscopy\20251104\3_1_KONTROLA_4_Multichannel Z-Stack_20251104_122.vsi,3_1_KONTROLA_4_Multichannel Z-Stack_20251104_122.vsi,.vsi,1,macro image,1,,,,unavailable,
Z:\Brejtr\ActiveProjects\Microscopy\20251104\3_1_KONTROLA_5_Multichannel Z-Stack_20251104_123.vsi,3_1_KONTROLA_5_Multichannel Z-Stack_20251104_123.vsi,.vsi,0,"C488, C561, C640",60,,229.35423609839472,238.20423609839472,ome_plane_position_z,
Z:\Brejtr\ActiveProjects\Microscopy\20251104\3_1_KONTROLA_5_Multichannel Z-Stack_20251104_123.vsi,3_1_KONTROLA_5_Multichannel Z-Stack_20251104_123.vsi,.vsi,1,macro image,1,,,,unavailable,
Z:\Brejtr\ActiveProjects\Microscopy\20251104\3_1_KONTROLA_6_Multichannel Z-Stack_20251104_124.vsi,3_1_KONTROLA_6_Multichannel Z-Stack_20251104_124.vsi,.vsi,0,"C488, C561, C640",37,,235.3068302508698,240.70683025086984,ome_plane_position_z,
Z:\Brejtr\ActiveProjects\Microscopy\20251104\3_1_KONTROLA_6_Multichannel Z-Stack_20251104_124.vsi,3_1_KONTROLA_6_Multichannel Z-Stack_20251104_124.vsi,.vsi,1,macro image,1,,,,unavailable,
Z:\Brejtr\ActiveProjects\Microscopy\20251104\3_1_KONTROLA_7_Multichannel Z-Stack_20251104_125.vsi,3_1_KONTROLA_7_Multichannel Z-Stack_20251104_125.vsi,.vsi,0,"C488, C561, C640",37,,237.90098272599644,243.30098272599645,ome_plane_position_z,
Z:\Brejtr\ActiveProjects\Microscopy\20251104\3_1_KONTROLA_7_Multichannel Z-Stack_20251104_125.vsi,3_1_KONTROLA_7_Multichannel Z-Stack_20251104_125.vsi,.vsi,1,macro image,1,,,,unavailable,
Z:\Brejtr\ActiveProjects\Microscopy\20251104\3_1_KONTROLA_8_Multichannel Z-Stack_20251104_126.vsi,3_1_KONTROLA_8_Multichannel Z-Stack_20251104_126.vsi,.vsi,0,"C488, C561, C640",38,,240.25357687847156,245.80357687847157,ome_plane_position_z,
Z:\Brejtr\ActiveProjects\Microscopy\20251104\3_1_KONTROLA_8_Multichannel Z-Stack_20251104_126.vsi,3_1_KONTROLA_8_Multichannel Z-Stack_20251104_126.vsi,.vsi,1,macro image,1,,,,unavailable,
Z:\Brejtr\ActiveProjects\Microscopy\20251104\3_1_KONTROLA_9_Multichannel Z-Stack_20251104_127.vsi,3_1_KONTROLA_9_Multichannel Z-Stack_20251104_127.vsi,.vsi,0,"C488, C561, C640",44,,242.9548709027651,249.40487090276505,ome_plane_position_z,
Z:\Brejtr\ActiveProjects\Microscopy\20251104\3_1_KONTROLA_9_Multichannel Z-Stack_20251104_127.vsi,3_1_KONTROLA_9_Multichannel Z-Stack_20251104_127.vsi,.vsi,1,macro image,1,,,,unavailable,
Z:\Brejtr\ActiveProjects\Microscopy\20251104\3_1_LITHIUM_10_Multichannel Z-Stack_20251104_139.vsi,3_1_LITHIUM_10_Multichannel Z-Stack_20251104_139.vsi,.vsi,0,"C488, C561, C640",45,,268.5022401269608,275.10224012696085,ome_plane_position_z,
Z:\Brejtr\ActiveProjects\Microscopy\20251104\3_1_LITHIUM_10_Multichannel Z-Stack_20251104_139.vsi,3_1_LITHIUM_10_Multichannel Z-Stack_20251104_139.vsi,.vsi,1,macro image,1,,,,unavailable,
Z:\Brejtr\ActiveProjects\Microscopy\20251104\3_1_LITHIUM_1_Multichannel Z-Stack_20251104_129.vsi,3_1_LITHIUM_1_Multichannel Z-Stack_20251104_129.vsi,.vsi,0,"C488, C561, C640",31,,247.40746505524018,251.90746505524018,ome_plane_position_z,
Z:\Brejtr\ActiveProjects\Microscopy\20251104\3_1_LITHIUM_1_Multichannel Z-Stack_20251104_129.vsi,3_1_LITHIUM_1_Multichannel Z-Stack_20251104_129.vsi,.vsi,1,macro image,1,,,,unavailable,
Z:\Brejtr\ActiveProjects\Microscopy\20251104\3_1_LITHIUM_1_Multichannel Z-Stack_20251104_130.vsi,3_1_LITHIUM_1_Multichannel Z-Stack_20251104_130.vsi,.vsi,0,"C488, C561, C640",30,,249.0529176585485,253.4029176585485,ome_plane_position_z,
Z:\Brejtr\ActiveProjects\Microscopy\20251104\3_1_LITHIUM_1_Multichannel Z-Stack_20251104_130.vsi,3_1_LITHIUM_1_Multichannel Z-Stack_20251104_130.vsi,.vsi,1,macro image,1,,,,unavailable,
Z:\Brejtr\ActiveProjects\Microscopy\20251104\3_1_LITHIUM_2_Multichannel Z-Stack_20251104_131.vsi,3_1_LITHIUM_2_Multichannel Z-Stack_20251104_131.vsi,.vsi,0,"C488, C561, C640",37,,250.5055118110236,255.90551181102362,ome_plane_position_z,
Z:\Brejtr\ActiveProjects\Microscopy\20251104\3_1_LITHIUM_2_Multichannel Z-Stack_20251104_131.vsi,3_1_LITHIUM_2_Multichannel Z-Stack_20251104_131.vsi,.vsi,1,macro image,1,,,,unavailable,
Z:\Brejtr\ActiveProjects\Microscopy\20251104\3_1_LITHIUM_3_Multichannel Z-Stack_20251104_132.vsi,3_1_LITHIUM_3_Multichannel Z-Stack_20251104_132.vsi,.vsi,0,"C488, C561, C640",37,,253.00810596349876,258.40810596349877,ome_plane_position_z,
Z:\Brejtr\ActiveProjects\Microscopy\20251104\3_1_LITHIUM_3_Multichannel Z-Stack_20251104_132.vsi,3_1_LITHIUM_3_Multichannel Z-Stack_20251104_132.vsi,.vsi,1,macro image,1,,,,unavailable,
Z:\Brejtr\ActiveProjects\Microscopy\20251104\3_1_LITHIUM_4_Multichannel Z-Stack_20251104_133.vsi,3_1_LITHIUM_4_Multichannel Z-Stack_20251104_133.vsi,.vsi,0,"C488, C561, C640",37,,255.6022584386254,261.0022584386254,ome_plane_position_z,
Z:\Brejtr\ActiveProjects\Microscopy\20251104\3_1_LITHIUM_4_Multichannel Z-Stack_20251104_133.vsi,3_1_LITHIUM_4_Multichannel Z-Stack_20251104_133.vsi,.vsi,1,macro image,1,,,,unavailable,
Z:\Brejtr\ActiveProjects\Microscopy\20251104\3_1_LITHIUM_5_Multichannel Z-Stack_20251104_134.vsi,3_1_LITHIUM_5_Multichannel Z-Stack_20251104_134.vsi,.vsi,0,"C488, C561, C640",37,,258.1048525911006,263.5048525911006,ome_plane_position_z,
Z:\Brejtr\ActiveProjects\Microscopy\20251104\3_1_LITHIUM_5_Multichannel Z-Stack_20251104_134.vsi,3_1_LITHIUM_5_Multichannel Z-Stack_20251104_134.vsi,.vsi,1,macro image,1,,,,unavailable,
Z:\Brejtr\ActiveProjects\Microscopy\20251104\3_1_LITHIUM_6_Multichannel Z-Stack_20251104_135.vsi,3_1_LITHIUM_6_Multichannel Z-Stack_20251104_135.vsi,.vsi,0,"C488, C561, C640",30,,260.6503051944088,265.0003051944089,ome_plane_position_z,
Z:\Brejtr\ActiveProjects\Microscopy\20251104\3_1_LITHIUM_6_Multichannel Z-Stack_20251104_135.vsi,3_1_LITHIUM_6_Multichannel Z-Stack_20251104_135.vsi,.vsi,1,macro image,1,,,,unavailable,
Z:\Brejtr\ActiveProjects\Microscopy\20251104\3_1_LITHIUM_7_Multichannel Z-Stack_20251104_136.vsi,3_1_LITHIUM_7_Multichannel Z-Stack_20251104_136.vsi,.vsi,0,"C488, C561, C640",38,,261.952899346884,267.502899346884,ome_plane_position_z,
Z:\Brejtr\ActiveProjects\Microscopy\20251104\3_1_LITHIUM_7_Multichannel Z-Stack_20251104_136.vsi,3_1_LITHIUM_7_Multichannel Z-Stack_20251104_136.vsi,.vsi,1,macro image,1,,,,unavailable,
Z:\Brejtr\ActiveProjects\Microscopy\20251104\3_1_LITHIUM_8_Multichannel Z-Stack_20251104_137.vsi,3_1_LITHIUM_8_Multichannel Z-Stack_20251104_137.vsi,.vsi,0,"C488, C561, C640",37,,264.60549349935917,270.00549349935915,ome_plane_position_z,
Z:\Brejtr\ActiveProjects\Microscopy\20251104\3_1_LITHIUM_8_Multichannel Z-Stack_20251104_137.vsi,3_1_LITHIUM_8_Multichannel Z-Stack_20251104_137.vsi,.vsi,1,macro image,1,,,,unavailable,
Z:\Brejtr\ActiveProjects\Microscopy\20251104\3_1_LITHIUM_9_Multichannel Z-Stack_20251104_138.vsi,3_1_LITHIUM_9_Multichannel Z-Stack_20251104_138.vsi,.vsi,0,"C488, C561, C640",30,,267.1509461026674,271.50094610266746,ome_plane_position_z,
Z:\Brejtr\ActiveProjects\Microscopy\20251104\3_1_LITHIUM_9_Multichannel Z-Stack_20251104_138.vsi,3_1_LITHIUM_9_Multichannel Z-Stack_20251104_138.vsi,.vsi,1,macro image,1,,,,unavailable,
Z:\Brejtr\ActiveProjects\Microscopy\20251104\3_2_PSI_10_Multichannel Z-Stack_20251104_153.vsi,3_2_PSI_10_Multichannel Z-Stack_20251104_153.vsi,.vsi,0,"C488, C561, C640",38,,313.652832204114,319.20283220411403,ome_plane_position_z,
Z:\Brejtr\ActiveProjects\Microscopy\20251104\3_2_PSI_10_Multichannel Z-Stack_20251104_153.vsi,3_2_PSI_10_Multichannel Z-Stack_20251104_153.vsi,.vsi,1,macro image,1,,,,unavailable,
Z:\Brejtr\ActiveProjects\Microscopy\20251104\3_2_PSI_1_Multichannel Z-Stack_20251104_140.vsi,3_2_PSI_1_Multichannel Z-Stack_20251104_140.vsi,.vsi,0,"C488, C561, C640",43,,271.30483427943597,277.604834279436,ome_plane_position_z,
Z:\Brejtr\ActiveProjects\Microscopy\20251104\3_2_PSI_1_Multichannel Z-Stack_20251104_140.vsi,3_2_PSI_1_Multichannel Z-Stack_20251104_140.vsi,.vsi,1,macro image,1,,,,unavailable,
Z:\Brejtr\ActiveProjects\Microscopy\20251104\3_2_PSI_2_Multichannel Z-Stack_20251104_141.vsi,3_2_PSI_2_Multichannel Z-Stack_20251104_141.vsi,.vsi,0,"C488, C561, C640",50,,273.85612830372946,281.2061283037295,ome_plane_position_z,
Z:\Brejtr\ActiveProjects\Microscopy\20251104\3_2_PSI_2_Multichannel Z-Stack_20251104_141.vsi,3_2_PSI_2_Multichannel Z-Stack_20251104_141.vsi,.vsi,1,macro image,1,,,,unavailable,
Z:\Brejtr\ActiveProjects\Microscopy\20251104\3_2_PSI_3 100MS_Multichannel Z-Stack_20251104_144.vsi,3_2_PSI_3 100MS_Multichannel Z-Stack_20251104_144.vsi,.vsi,0,"C488, C561, C640",51,,281.70222181529635,289.20222181529635,ome_plane_position_z,
Z:\Brejtr\ActiveProjects\Microscopy\20251104\3_2_PSI_3 100MS_Multichannel Z-Stack_20251104_144.vsi,3_2_PSI_3 100MS_Multichannel Z-Stack_20251104_144.vsi,.vsi,1,macro image,1,,,,unavailable,
Z:\Brejtr\ActiveProjects\Microscopy\20251104\3_2_PSI_3 AUTOM. EXPOZICE_Multichannel Z-Stack_20251104_142.vsi,3_2_PSI_3 AUTOM. EXPOZICE_Multichannel Z-Stack_20251104_142.vsi,.vsi,0,"C488, C561, C640",63,,275.5074223280229,284.80742232802294,ome_plane_position_z,
Z:\Brejtr\ActiveProjects\Microscopy\20251104\3_2_PSI_3 AUTOM. EXPOZICE_Multichannel Z-Stack_20251104_142.vsi,3_2_PSI_3 AUTOM. EXPOZICE_Multichannel Z-Stack_20251104_142.vsi,.vsi,1,macro image,1,,,,unavailable,
Z:\Brejtr\ActiveProjects\Microscopy\20251104\3_2_PSI_3_Multichannel Z-Stack_20251104_143.vsi,3_2_PSI_3_Multichannel Z-Stack_20251104_143.vsi,.vsi,0,"C488, C561, C640",18,0.15,284.80742232802294,287.35742232802295,ome_plane_position_z,
Z:\Brejtr\ActiveProjects\Microscopy\20251104\3_2_PSI_3_Multichannel Z-Stack_20251104_143.vsi,3_2_PSI_3_Multichannel Z-Stack_20251104_143.vsi,.vsi,1,macro image,1,,,,unavailable,
Z:\Brejtr\ActiveProjects\Microscopy\20251104\3_2_PSI_4_Multichannel Z-Stack_20251104_145.vsi,3_2_PSI_4_Multichannel Z-Stack_20251104_145.vsi,.vsi,0,"C488, C561, C640",52,,284.45156869926143,292.1015686992614,ome_plane_position_z,
Z:\Brejtr\ActiveProjects\Microscopy\20251104\3_2_PSI_4_Multichannel Z-Stack_20251104_145.vsi,3_2_PSI_4_Multichannel Z-Stack_20251104_145.vsi,.vsi,1,macro image,1,,,,unavailable,
Z:\Brejtr\ActiveProjects\Microscopy\20251104\3_2_PSI_4_Multichannel Z-Stack_20251104_146.vsi,3_2_PSI_4_Multichannel Z-Stack_20251104_146.vsi,.vsi,0,"C488, C561, C640",59,,287.30805713239334,296.00805713239333,ome_plane_position_z,
Z:\Brejtr\ActiveProjects\Microscopy\20251104\3_2_PSI_4_Multichannel Z-Stack_20251104_146.vsi,3_2_PSI_4_Multichannel Z-Stack_20251104_146.vsi,.vsi,1,macro image,1,,,,unavailable,
Z:\Brejtr\ActiveProjects\Microscopy\20251104\3_2_PSI_5_Multichannel Z-Stack_20251104_147.vsi,3_2_PSI_5_Multichannel Z-Stack_20251104_147.vsi,.vsi,0,"C488, C561, C640",65,,289.3074040163584,298.90740401635844,ome_plane_position_z,
Z:\Brejtr\ActiveProjects\Microscopy\20251104\3_2_PSI_5_Multichannel Z-Stack_20251104_147.vsi,3_2_PSI_5_Multichannel Z-Stack_20251104_147.vsi,.vsi,1,macro image,1,,,,unavailable,
Z:\Brejtr\ActiveProjects\Microscopy\20251104\3_2_PSI_6_Multichannel Z-Stack_20251104_148.vsi,3_2_PSI_6_Multichannel Z-Stack_20251104_148.vsi,.vsi,0,"C488, C561, C640",68,,291.23792040529815,301.28792040529817,ome_plane_position_z,
Z:\Brejtr\ActiveProjects\Microscopy\20251104\3_2_PSI_6_Multichannel Z-Stack_20251104_148.vsi,3_2_PSI_6_Multichannel Z-Stack_20251104_148.vsi,.vsi,1,macro image,1,,,,unavailable,
Z:\Brejtr\ActiveProjects\Microscopy\20251104\3_2_PSI_7_Multichannel Z-Stack_20251104_149.vsi,3_2_PSI_7_Multichannel Z-Stack_20251104_149.vsi,.vsi,0,"C488, C561, C640",43,,298.4060977842886,304.7060977842886,ome_plane_position_z,
Z:\Brejtr\ActiveProjects\Microscopy\20251104\3_2_PSI_7_Multichannel Z-Stack_20251104_149.vsi,3_2_PSI_7_Multichannel Z-Stack_20251104_149.vsi,.vsi,1,macro image,1,,,,unavailable,
Z:\Brejtr\ActiveProjects\Microscopy\20251104\3_2_PSI_8_Multichannel Z-Stack_20251104_150.vsi,3_2_PSI_8_Multichannel Z-Stack_20251104_150.vsi,.vsi,0,"C488, C561, C640",80,,296.15219739974356,308.00219739974364,ome_plane_position_z,
Z:\Brejtr\ActiveProjects\Microscopy\20251104\3_2_PSI_8_Multichannel Z-Stack_20251104_150.vsi,3_2_PSI_8_Multichannel Z-Stack_20251104_150.vsi,.vsi,1,macro image,1,,,,unavailable,
Z:\Brejtr\ActiveProjects\Microscopy\20251104\3_2_PSI_8a_Multichannel Z-Stack_20251104_151.vsi,3_2_PSI_8a_Multichannel Z-Stack_20251104_151.vsi,.vsi,0,"C488, C561, C640",37,,305.1047915522188,310.50479155221876,ome_plane_position_z,
Z:\Brejtr\ActiveProjects\Microscopy\20251104\3_2_PSI_8a_Multichannel Z-Stack_20251104_151.vsi,3_2_PSI_8a_Multichannel Z-Stack_20251104_151.vsi,.vsi,1,macro image,1,,,,unavailable,
Z:\Brejtr\ActiveProjects\Microscopy\20251104\3_2_PSI_9_Multichannel Z-Stack_20251104_152.vsi,3_2_PSI_9_Multichannel Z-Stack_20251104_152.vsi,.vsi,0,"C488, C561, C640",80,,304.8502380516389,316.7002380516389,ome_plane_position_z,
Z:\Brejtr\ActiveProjects\Microscopy\20251104\3_2_PSI_9_Multichannel Z-Stack_20251104_152.vsi,3_2_PSI_9_Multichannel Z-Stack_20251104_152.vsi,.vsi,1,macro image,1,,,,unavailable,
Z:\Brejtr\ActiveProjects\Microscopy\20251104\3_2_PSIHARMIN_10_Multichannel Z-Stack_20251104_165.vsi,3_2_PSIHARMIN_10_Multichannel Z-Stack_20251104_165.vsi,.vsi,0,"C488, C561, C640",36,,324.75671427699444,330.00671427699444,ome_plane_position_z,
Z:\Brejtr\ActiveProjects\Microscopy\20251104\3_2_PSIHARMIN_10_Multichannel Z-Stack_20251104_165.vsi,3_2_PSIHARMIN_10_Multichannel Z-Stack_20251104_165.vsi,.vsi,1,macro image,1,,,,unavailable,
Z:\Brejtr\ActiveProjects\Microscopy\20251104\3_2_PSIHARMIN_1_Multichannel Z-Stack_20251104_154.vsi,3_2_PSIHARMIN_1_Multichannel Z-Stack_20251104_154.vsi,.vsi,0,"C488, C561, C640",30,,317.35542635658913,321.70542635658916,ome_plane_position_z,
Z:\Brejtr\ActiveProjects\Microscopy\20251104\3_2_PSIHARMIN_1_Multichannel Z-Stack_20251104_154.vsi,3_2_PSIHARMIN_1_Multichannel Z-Stack_20251104_154.vsi,.vsi,1,macro image,1,,,,unavailable,
Z:\Brejtr\ActiveProjects\Microscopy\20251104\3_2_PSIHARMIN_2_Multichannel Z-Stack_20251104_155.vsi,3_2_PSIHARMIN_2_Multichannel Z-Stack_20251104_155.vsi,.vsi,0,"C488, C561, C640",37,,318.80802050906436,324.2080205090643,ome_plane_position_z,
Z:\Brejtr\ActiveProjects\Microscopy\20251104\3_2_PSIHARMIN_2_Multichannel Z-Stack_20251104_155.vsi,3_2_PSIHARMIN_2_Multichannel Z-Stack_20251104_155.vsi,.vsi,1,macro image,1,,,,unavailable,
Z:\Brejtr\ActiveProjects\Microscopy\20251104\3_2_PSIHARMIN_3_Multichannel Z-Stack_20251104_156.vsi,3_2_PSIHARMIN_3_Multichannel Z-Stack_20251104_156.vsi,.vsi,0,"C488, C561, C640",36,,320.4534731123726,325.7034731123726,ome_plane_position_z,
Z:\Brejtr\ActiveProjects\Microscopy\20251104\3_2_PSIHARMIN_3_Multichannel Z-Stack_20251104_156.vsi,3_2_PSIHARMIN_3_Multichannel Z-Stack_20251104_156.vsi,.vsi,1,macro image,1,,,,unavailable,
Z:\Brejtr\ActiveProjects\Microscopy\20251104\3_2_PSIHARMIN_3A_Multichannel Z-Stack_20251104_157.vsi,3_2_PSIHARMIN_3A_Multichannel Z-Stack_20251104_157.vsi,.vsi,0,"C488, C561, C640",35,,322.0073673930293,327.10736739302934,ome_plane_position_z,
Z:\Brejtr\ActiveProjects\Microscopy\20251104\3_2_PSIHARMIN_3A_Multichannel Z-Stack_20251104_157.vsi,3_2_PSIHARMIN_3A_Multichannel Z-Stack_20251104_157.vsi,.vsi,1,macro image,1,,,,unavailable,
Z:\Brejtr\ActiveProjects\Microscopy\20251104\3_2_PSIHARMIN_4_Multichannel Z-Stack_20251104_158.vsi,3_2_PSIHARMIN_4_Multichannel Z-Stack_20251104_158.vsi,.vsi,0,"C488, C561, C640",37,,324.3015198681561,329.701519868156,ome_plane_position_z,
Z:\Brejtr\ActiveProjects\Microscopy\20251104\3_2_PSIHARMIN_4_Multichannel Z-Stack_20251104_158.vsi,3_2_PSIHARMIN_4_Multichannel Z-Stack_20251104_158.vsi,.vsi,1,macro image,1,,,,unavailable,
Z:\Brejtr\ActiveProjects\Microscopy\20251104\3_2_PSIHARMIN_5_Multichannel Z-Stack_20251104_159.vsi,3_2_PSIHARMIN_5_Multichannel Z-Stack_20251104_159.vsi,.vsi,0,"C488, C561, C640",37,,326.80411402063123,332.20411402063115,ome_plane_position_z,
Z:\Brejtr\ActiveProjects\Microscopy\20251104\3_2_PSIHARMIN_5_Multichannel Z-Stack_20251104_159.vsi,3_2_PSIHARMIN_5_Multichannel Z-Stack_20251104_159.vsi,.vsi,1,macro image,1,,,,unavailable,
Z:\Brejtr\ActiveProjects\Microscopy\20251104\3_2_PSIHARMIN_6_Multichannel Z-Stack_20251104_160.vsi,3_2_PSIHARMIN_6_Multichannel Z-Stack_20251104_160.vsi,.vsi,0,"C488, C561, C640",37,,329.30670817310636,334.7067081731063,ome_plane_position_z,
Z:\Brejtr\ActiveProjects\Microscopy\20251104\3_2_PSIHARMIN_6_Multichannel Z-Stack_20251104_160.vsi,3_2_PSIHARMIN_6_Multichannel Z-Stack_20251104_160.vsi,.vsi,1,macro image,1,,,,unavailable,
Z:\Brejtr\ActiveProjects\Microscopy\20251104\3_2_PSIHARMIN_7_Multichannel Z-Stack_20251104_161.vsi,3_2_PSIHARMIN_7_Multichannel Z-Stack_20251104_161.vsi,.vsi,0,"C488, C561, C640",30,,331.85216077641456,336.2021607764146,ome_plane_position_z,
Z:\Brejtr\ActiveProjects\Microscopy\20251104\3_2_PSIHARMIN_7_Multichannel Z-Stack_20251104_161.vsi,3_2_PSIHARMIN_7_Multichannel Z-Stack_20251104_161.vsi,.vsi,1,macro image,1,,,,unavailable,
Z:\Brejtr\ActiveProjects\Microscopy\20251104\3_2_PSIHARMIN_8_Multichannel Z-Stack_20251104_162.vsi,3_2_PSIHARMIN_8_Multichannel Z-Stack_20251104_162.vsi,.vsi,0,"C488, C561, C640",52,,332.85540194103646,340.50540194103644,ome_plane_position_z,
Z:\Brejtr\ActiveProjects\Microscopy\20251104\3_2_PSIHARMIN_8_Multichannel Z-Stack_20251104_162.vsi,3_2_PSIHARMIN_8_Multichannel Z-Stack_20251104_162.vsi,.vsi,1,macro image,1,,,,unavailable,
Z:\Brejtr\ActiveProjects\Microscopy\20251104\3_2_PSIHARMIN_8A_Multichannel Z-Stack_20251104_163.vsi,3_2_PSIHARMIN_8A_Multichannel Z-Stack_20251104_163.vsi,.vsi,0,"C488, C561, C640",33,,330.3034609045962,335.1034609045962,ome_plane_position_z,
Z:\Brejtr\ActiveProjects\Microscopy\20251104\3_2_PSIHARMIN_8A_Multichannel Z-Stack_20251104_163.vsi,3_2_PSIHARMIN_8A_Multichannel Z-Stack_20251104_163.vsi,.vsi,1,macro image,1,,,,unavailable,
Z:\Brejtr\ActiveProjects\Microscopy\20251104\3_2_PSIHARMIN_9_Multichannel Z-Stack_20251104_164.vsi,3_2_PSIHARMIN_9_Multichannel Z-Stack_20251104_164.vsi,.vsi,0,"C488, C561, C640",34,,327.6508667521211,332.6008667521211,ome_plane_position_z,
Z:\Brejtr\ActiveProjects\Microscopy\20251104\3_2_PSIHARMIN_9_Multichannel Z-Stack_20251104_164.vsi,3_2_PSIHARMIN_9_Multichannel Z-Stack_20251104_164.vsi,.vsi,1,macro image,1,,,,unavailable,
Z:\Brejtr\ActiveProjects\Microscopy\20251104\3_3_PSY_10_Multichannel Z-Stack_20251104_176.vsi,3_3_PSY_10_Multichannel Z-Stack_20251104_176.vsi,.vsi,0,"C488, C561, C640",37,,188.00169688091313,193.40169688091314,ome_plane_position_z,
Z:\Brejtr\ActiveProjects\Microscopy\20251104\3_3_PSY_10_Multichannel Z-Stack_20251104_176.vsi,3_3_PSY_10_Multichannel Z-Stack_20251104_176.vsi,.vsi,1,macro image,1,,,,unavailable,
Z:\Brejtr\ActiveProjects\Microscopy\20251104\3_3_PSY_1_Multichannel Z-Stack_20251104_166.vsi,3_3_PSY_1_Multichannel Z-Stack_20251104_166.vsi,.vsi,0,"C488, C561, C640",23,,328.2021668803027,331.50216688030275,ome_plane_position_z,
Z:\Brejtr\ActiveProjects\Microscopy\20251104\3_3_PSY_1_Multichannel Z-Stack_20251104_166.vsi,3_3_PSY_1_Multichannel Z-Stack_20251104_166.vsi,.vsi,1,macro image,1,,,,unavailable,
Z:\Brejtr\ActiveProjects\Microscopy\20251104\3_3_PSY_1A_Multichannel Z-Stack_20251104_167.vsi,3_3_PSY_1A_Multichannel Z-Stack_20251104_167.vsi,.vsi,0,"C488, C561, C640",31,,329.5047610327779,334.0047610327779,ome_plane_position_z,
Z:\Brejtr\ActiveProjects\Microscopy\20251104\3_3_PSY_1A_Multichannel Z-Stack_20251104_167.vsi,3_3_PSY_1A_Multichannel Z-Stack_20251104_167.vsi,.vsi,1,macro image,1,,,,unavailable,
Z:\Brejtr\ActiveProjects\Microscopy\20251104\3_3_PSY_2_Multichannel Z-Stack_20251104_168.vsi,3_3_PSY_2_Multichannel Z-Stack_20251104_168.vsi,.vsi,0,"C488, C561, C640",31,,332.007355185253,336.507355185253,ome_plane_position_z,
Z:\Brejtr\ActiveProjects\Microscopy\20251104\3_3_PSY_2_Multichannel Z-Stack_20251104_168.vsi,3_3_PSY_2_Multichannel Z-Stack_20251104_168.vsi,.vsi,1,macro image,1,,,,unavailable,
Z:\Brejtr\ActiveProjects\Microscopy\20251104\3_3_PSY_3_Multichannel Z-Stack_20251104_169.vsi,3_3_PSY_3_Multichannel Z-Stack_20251104_169.vsi,.vsi,0,"C488, C561, C640",33,,333.69111884270274,338.4911188427028,ome_plane_position_z,
Z:\Brejtr\ActiveProjects\Microscopy\20251104\3_3_PSY_3_Multichannel Z-Stack_20251104_169.vsi,3_3_PSY_3_Multichannel Z-Stack_20251104_169.vsi,.vsi,1,macro image,1,,,,unavailable,
Z:\Brejtr\ActiveProjects\Microscopy\20251104\3_3_PSY_4_Multichannel Z-Stack_20251104_170.vsi,3_3_PSY_4_Multichannel Z-Stack_20251104_170.vsi,.vsi,0,"C488, C561, C640",31,,335.700207532198,340.200207532198,ome_plane_position_z,
Z:\Brejtr\ActiveProjects\Microscopy\20251104\3_3_PSY_4_Multichannel Z-Stack_20251104_170.vsi,3_3_PSY_4_Multichannel Z-Stack_20251104_170.vsi,.vsi,1,macro image,1,,,,unavailable,
Z:\Brejtr\ActiveProjects\Microscopy\20251104\3_3_PSY_5_Multichannel Z-Stack_20251104_171.vsi,3_3_PSY_5_Multichannel Z-Stack_20251104_171.vsi,.vsi,0,"C488, C561, C640",30,,336.15540194103636,340.50540194103644,ome_plane_position_z,
Z:\Brejtr\ActiveProjects\Microscopy\20251104\3_3_PSY_5_Multichannel Z-Stack_20251104_171.vsi,3_3_PSY_5_Multichannel Z-Stack_20251104_171.vsi,.vsi,1,macro image,1,,,,unavailable,
Z:\Brejtr\ActiveProjects\Microscopy\20251104\3_3_PSY_6_Multichannel Z-Stack_20251104_172.vsi,3_3_PSY_6_Multichannel Z-Stack_20251104_172.vsi,.vsi,0,"C488, C561, C640",44,,176.84976194836113,183.2997619483611,ome_plane_position_z,
Z:\Brejtr\ActiveProjects\Microscopy\20251104\3_3_PSY_6_Multichannel Z-Stack_20251104_172.vsi,3_3_PSY_6_Multichannel Z-Stack_20251104_172.vsi,.vsi,1,macro image,1,,,,unavailable,
Z:\Brejtr\ActiveProjects\Microscopy\20251104\3_3_PSY_7_Multichannel Z-Stack_20251104_173.vsi,3_3_PSY_7_Multichannel Z-Stack_20251104_173.vsi,.vsi,0,"C488, C561, C640",38,,180.2523561008362,185.80235610083622,ome_plane_position_z,
Z:\Brejtr\ActiveProjects\Microscopy\20251104\3_3_PSY_7_Multichannel Z-Stack_20251104_173.vsi,3_3_PSY_7_Multichannel Z-Stack_20251104_173.vsi,.vsi,1,macro image,1,,,,unavailable,
Z:\Brejtr\ActiveProjects\Microscopy\20251104\3_3_PSY_8_Multichannel Z-Stack_20251104_174.vsi,3_3_PSY_8_Multichannel Z-Stack_20251104_174.vsi,.vsi,0,"C488, C561, C640",37,,182.90495025331134,188.30495025331135,ome_plane_position_z,
Z:\Brejtr\ActiveProjects\Microscopy\20251104\3_3_PSY_8_Multichannel Z-Stack_20251104_174.vsi,3_3_PSY_8_Multichannel Z-Stack_20251104_174.vsi,.vsi,1,macro image,1,,,,unavailable,
Z:\Brejtr\ActiveProjects\Microscopy\20251104\3_3_PSY_9_Multichannel Z-Stack_20251104_175.vsi,3_3_PSY_9_Multichannel Z-Stack_20251104_175.vsi,.vsi,0,"C488, C561, C640",37,,185.40754440578647,190.80754440578647,ome_plane_position_z,
Z:\Brejtr\ActiveProjects\Microscopy\20251104\3_3_PSY_9_Multichannel Z-Stack_20251104_175.vsi,3_3_PSY_9_Multichannel Z-Stack_20251104_175.vsi,.vsi,1,macro image,1,,,,unavailable,
Z:\Brejtr\ActiveProjects\Microscopy\20251104\3_3_PSYHARMIN_10_Multichannel Z-Stack_20251104_186.vsi,3_3_PSYHARMIN_10_Multichannel Z-Stack_20251104_186.vsi,.vsi,0,"C488, C561, C640",37,,215.49971311725568,220.8997131172557,ome_plane_position_z,
Z:\Brejtr\ActiveProjects\Microscopy\20251104\3_3_PSYHARMIN_10_Multichannel Z-Stack_20251104_186.vsi,3_3_PSYHARMIN_10_Multichannel Z-Stack_20251104_186.vsi,.vsi,1,macro image,1,,,,unavailable,
Z:\Brejtr\ActiveProjects\Microscopy\20251104\3_3_PSYHARMIN_1_Multichannel Z-Stack_20251104_177.vsi,3_3_PSYHARMIN_1_Multichannel Z-Stack_20251104_177.vsi,.vsi,0,"C488, C561, C640",37,,190.5958493560398,195.9958493560398,ome_plane_position_z,
Z:\Brejtr\ActiveProjects\Microscopy\20251104\3_3_PSYHARMIN_1_Multichannel Z-Stack_20251104_177.vsi,3_3_PSYHARMIN_1_Multichannel Z-Stack_20251104_177.vsi,.vsi,1,macro image,1,,,,unavailable,
Z:\Brejtr\ActiveProjects\Microscopy\20251104\3_3_PSYHARMIN_2_Multichannel Z-Stack_20251104_178.vsi,3_3_PSYHARMIN_2_Multichannel Z-Stack_20251104_178.vsi,.vsi,0,"C488, C561, C640",30,,194.0568851858634,198.4068851858634,ome_plane_position_z,
Z:\Brejtr\ActiveProjects\Microscopy\20251104\3_3_PSYHARMIN_2_Multichannel Z-Stack_20251104_178.vsi,3_3_PSYHARMIN_2_Multichannel Z-Stack_20251104_178.vsi,.vsi,1,macro image,1,,,,unavailable,
Z:\Brejtr\ActiveProjects\Microscopy\20251104\3_3_PSYHARMIN_3_Multichannel Z-Stack_20251104_179.vsi,3_3_PSYHARMIN_3_Multichannel Z-Stack_20251104_179.vsi,.vsi,0,"C488, C561, C640",39,,196.39973753280844,202.09973753280843,ome_plane_position_z,
Z:\Brejtr\ActiveProjects\Microscopy\20251104\3_3_PSYHARMIN_3_Multichannel Z-Stack_20251104_179.vsi,3_3_PSYHARMIN_3_Multichannel Z-Stack_20251104_179.vsi,.vsi,1,macro image,1,,,,unavailable,
Z:\Brejtr\ActiveProjects\Microscopy\20251104\3_3_PSYHARMIN_4_Multichannel Z-Stack_20251104_180.vsi,3_3_PSYHARMIN_4_Multichannel Z-Stack_20251104_180.vsi,.vsi,0,"C488, C561, C640",45,,198.18544833058658,204.78544833058658,ome_plane_position_z,
Z:\Brejtr\ActiveProjects\Microscopy\20251104\3_3_PSYHARMIN_4_Multichannel Z-Stack_20251104_180.vsi,3_3_PSYHARMIN_4_Multichannel Z-Stack_20251104_180.vsi,.vsi,1,macro image,1,,,,unavailable,
Z:\Brejtr\ActiveProjects\Microscopy\20251104\3_3_PSYHARMIN_5_Multichannel Z-Stack_20251104_181.vsi,3_3_PSYHARMIN_5_Multichannel Z-Stack_20251104_181.vsi,.vsi,0,"C488, C561, C640",35,,202.00492583775866,207.10492583775866,ome_plane_position_z,
Z:\Brejtr\ActiveProjects\Microscopy\20251104\3_3_PSYHARMIN_5_Multichannel Z-Stack_20251104_181.vsi,3_3_PSYHARMIN_5_Multichannel Z-Stack_20251104_181.vsi,.vsi,1,macro image,1,,,,unavailable,
Z:\Brejtr\ActiveProjects\Microscopy\20251104\3_3_PSYHARMIN_6_Multichannel Z-Stack_20251104_182.vsi,3_3_PSYHARMIN_6_Multichannel Z-Stack_20251104_182.vsi,.vsi,0,"C488, C561, C640",37,,204.20751999023375,209.60751999023378,ome_plane_position_z,
Z:\Brejtr\ActiveProjects\Microscopy\20251104\3_3_PSYHARMIN_6_Multichannel Z-Stack_20251104_182.vsi,3_3_PSYHARMIN_6_Multichannel Z-Stack_20251104_182.vsi,.vsi,1,macro image,1,,,,unavailable,
Z:\Brejtr\ActiveProjects\Microscopy\20251104\3_3_PSYHARMIN_7_Multichannel Z-Stack_20251104_183.vsi,3_3_PSYHARMIN_7_Multichannel Z-Stack_20251104_183.vsi,.vsi,0,"C488, C561, C640",37,,206.80167246536044,212.20167246536045,ome_plane_position_z,
Z:\Brejtr\ActiveProjects\Microscopy\20251104\3_3_PSYHARMIN_7_Multichannel Z-Stack_20251104_183.vsi,3_3_PSYHARMIN_7_Multichannel Z-Stack_20251104_183.vsi,.vsi,1,macro image,1,,,,unavailable,
Z:\Brejtr\ActiveProjects\Microscopy\20251104\3_3_PSYHARMIN_8_Multichannel Z-Stack_20251104_184.vsi,3_3_PSYHARMIN_8_Multichannel Z-Stack_20251104_184.vsi,.vsi,0,"C488, C561, C640",37,,209.30426661783557,214.70426661783557,ome_plane_position_z,
Z:\Brejtr\ActiveProjects\Microscopy\20251104\3_3_PSYHARMIN_8_Multichannel Z-Stack_20251104_184.vsi,3_3_PSYHARMIN_8_Multichannel Z-Stack_20251104_184.vsi,.vsi,1,macro image,1,,,,unavailable,
Z:\Brejtr\ActiveProjects\Microscopy\20251104\3_3_PSYHARMIN_9_Multichannel Z-Stack_20251104_185.vsi,3_3_PSYHARMIN_9_Multichannel Z-Stack_20251104_185.vsi,.vsi,0,"C488, C561, C640",50,,210.95556064212906,218.30556064212902,ome_plane_position_z,
Z:\Brejtr\ActiveProjects\Microscopy\20251104\3_3_PSYHARMIN_9_Multichannel Z-Stack_20251104_185.vsi,3_3_PSYHARMIN_9_Multichannel Z-Stack_20251104_185.vsi,.vsi,1,macro image,1,,,,unavailable,
Z:\Brejtr\ActiveProjects\Microscopy\20251104\_2_6_NORBAEO_10_Multichannel Z-Stack_20251104_209_\stack1\frame_t_0.ets,frame_t_0.ets,.ets,0,"C488, C561, C640",43,,230.8055362265763,237.10553622657633,ome_plane_position_z,
Z:\Brejtr\ActiveProjects\Microscopy\20251104\_2_6_NORBAEO_10_Multichannel Z-Stack_20251104_209_\stack1\frame_t_0.ets,frame_t_0.ets,.ets,1,macro image,1,,,,unavailable,
Z:\Brejtr\ActiveProjects\Microscopy\20251104\_2_6_NORBAEO_1_Multichannel Z-Stack_20251104_199_\stack1\frame_t_0.ets,frame_t_0.ets,.ets,0,"C488, C561, C640",37,,204.20751999023375,209.60751999023378,ome_plane_position_z,
Z:\Brejtr\ActiveProjects\Microscopy\20251104\_2_6_NORBAEO_1_Multichannel Z-Stack_20251104_199_\stack1\frame_t_0.ets,frame_t_0.ets,.ets,1,macro image,1,,,,unavailable,
Z:\Brejtr\ActiveProjects\Microscopy\20251104\_2_6_NORBAEO_2_Multichannel Z-Stack_20251104_200_\stack1\frame_t_0.ets,frame_t_0.ets,.ets,0,"C488, C561, C640",37,,206.80167246536044,212.20167246536045,ome_plane_position_z,
Z:\Brejtr\ActiveProjects\Microscopy\20251104\_2_6_NORBAEO_2_Multichannel Z-Stack_20251104_200_\stack1\frame_t_0.ets,frame_t_0.ets,.ets,1,macro image,1,,,,unavailable,
Z:\Brejtr\ActiveProjects\Microscopy\20251104\_2_6_NORBAEO_3_Multichannel Z-Stack_20251104_201_\stack1\frame_t_0.ets,frame_t_0.ets,.ets,0,"C488, C561, C640",43,,208.40426661783556,214.70426661783557,ome_plane_position_z,
Z:\Brejtr\ActiveProjects\Microscopy\20251104\_2_6_NORBAEO_3_Multichannel Z-Stack_20251104_201_\stack1\frame_t_0.ets,frame_t_0.ets,.ets,1,macro image,1,,,,unavailable,
Z:\Brejtr\ActiveProjects\Microscopy\20251104\_2_6_NORBAEO_4_Multichannel Z-Stack_20251104_202_\stack1\frame_t_0.ets,frame_t_0.ets,.ets,0,"C488, C561, C640",43,,210.9068607703107,217.20686077031073,ome_plane_position_z,
Z:\Brejtr\ActiveProjects\Microscopy\20251104\_2_6_NORBAEO_4_Multichannel Z-Stack_20251104_202_\stack1\frame_t_0.ets,frame_t_0.ets,.ets,1,macro image,1,,,,unavailable,
Z:\Brejtr\ActiveProjects\Microscopy\20251104\_2_6_NORBAEO_4A_Multichannel Z-Stack_20251104_203_\stack1\frame_t_0.ets,frame_t_0.ets,.ets,0,"C488, C561, C640",37,,214.40101324543733,219.80101324543733,ome_plane_position_z,
Z:\Brejtr\ActiveProjects\Microscopy\20251104\_2_6_NORBAEO_4A_Multichannel Z-Stack_20251104_203_\stack1\frame_t_0.ets,frame_t_0.ets,.ets,1,macro image,1,,,,unavailable,
Z:\Brejtr\ActiveProjects\Microscopy\20251104\_2_6_NORBAEO_5_Multichannel Z-Stack_20251104_204_\stack1\frame_t_0.ets,frame_t_0.ets,.ets,0,"C488, C561, C640",44,,216.95230726973085,223.4023072697308,ome_plane_position_z,
Z:\Brejtr\ActiveProjects\Microscopy\20251104\_2_6_NORBAEO_5_Multichannel Z-Stack_20251104_204_\stack1\frame_t_0.ets,frame_t_0.ets,.ets,1,macro image,1,,,,unavailable,
Z:\Brejtr\ActiveProjects\Microscopy\20251104\_2_6_NORBAEO_6_Multichannel Z-Stack_20251104_205_\stack1\frame_t_0.ets,frame_t_0.ets,.ets,0,"C488, C561, C640",44,,220.5536012940243,227.0036012940243,ome_plane_position_z,
Z:\Brejtr\ActiveProjects\Microscopy\20251104\_2_6_NORBAEO_6_Multichannel Z-Stack_20251104_205_\stack1\frame_t_0.ets,frame_t_0.ets,.ets,1,macro image,1,,,,unavailable,
Z:\Brejtr\ActiveProjects\Microscopy\20251104\_2_6_NORBAEO_7_Multichannel Z-Stack_20251104_206_\stack1\frame_t_0.ets,frame_t_0.ets,.ets,0,"C488, C561, C640",43,,223.2061954464994,229.50619544649942,ome_plane_position_z,
Z:\Brejtr\ActiveProjects\Microscopy\20251104\_2_6_NORBAEO_7_Multichannel Z-Stack_20251104_206_\stack1\frame_t_0.ets,frame_t_0.ets,.ets,1,macro image,1,,,,unavailable,
Z:\Brejtr\ActiveProjects\Microscopy\20251104\_2_6_NORBAEO_8_Multichannel Z-Stack_20251104_207_\stack1\frame_t_0.ets,frame_t_0.ets,.ets,0,"C488, C561, C640",43,,225.80034792162604,232.10034792162608,ome_plane_position_z,
Z:\Brejtr\ActiveProjects\Microscopy\20251104\_2_6_NORBAEO_8_Multichannel Z-Stack_20251104_207_\stack1\frame_t_0.ets,frame_t_0.ets,.ets,1,macro image,1,,,,unavailable,
Z:\Brejtr\ActiveProjects\Microscopy\20251104\_2_6_NORBAEO_9_Multichannel Z-Stack_20251104_208_\stack1\frame_t_0.ets,frame_t_0.ets,.ets,0,"C488, C561, C640",44,,228.15294207410122,234.6029420741012,ome_plane_position_z,
Z:\Brejtr\ActiveProjects\Microscopy\20251104\_2_6_NORBAEO_9_Multichannel Z-Stack_20251104_208_\stack1\frame_t_0.ets,frame_t_0.ets,.ets,1,macro image,1,,,,unavailable,
Z:\Brejtr\ActiveProjects\Microscopy\20251104\_2_6_NORBAEO_HARMIN_1_Multichannel Z-Stack_20251104_197_\stack1\frame_t_0.ets,frame_t_0.ets,.ets,0,"C488, C561, C640",65,,93.40311298297016,103.00311298297015,ome_plane_position_z,
Z:\Brejtr\ActiveProjects\Microscopy\20251104\_2_6_NORBAEO_HARMIN_1_Multichannel Z-Stack_20251104_197_\stack1\frame_t_0.ets,frame_t_0.ets,.ets,1,macro image,1,,,,unavailable,
Z:\Brejtr\ActiveProjects\Microscopy\20251104\_2_6_NORBAEO_HARMIN_1a_Multichannel Z-Stack_20251104_198_\stack1\frame_t_0.ets,frame_t_0.ets,.ets,0,"C488, C561, C640",43,,200.80492583775862,207.10492583775866,ome_plane_position_z,
Z:\Brejtr\ActiveProjects\Microscopy\20251104\_2_6_NORBAEO_HARMIN_1a_Multichannel Z-Stack_20251104_198_\stack1\frame_t_0.ets,frame_t_0.ets,.ets,1,macro image,1,,,,unavailable,
Z:\Brejtr\ActiveProjects\Microscopy\20251104\_2_6_NORBAEOHARMIN_10_Multichannel Z-Stack_20251104_219_\stack1\frame_t_0.ets,frame_t_0.ets,.ets,0,"C488, C561, C640",37,,262.80484648721244,268.20484648721236,ome_plane_position_z,
Z:\Brejtr\ActiveProjects\Microscopy\20251104\_2_6_NORBAEOHARMIN_10_Multichannel Z-Stack_20251104_219_\stack1\frame_t_0.ets,frame_t_0.ets,.ets,1,macro image,1,,,,unavailable,
Z:\Brejtr\ActiveProjects\Microscopy\20251104\_2_6_NORBAEOHARMIN_1_Multichannel Z-Stack_20251104_210_\stack1\frame_t_0.ets,frame_t_0.ets,.ets,0,"C488, C561, C640",45,,233.40488311054142,240.0048831105414,ome_plane_position_z,
Z:\Brejtr\ActiveProjects\Microscopy\20251104\_2_6_NORBAEOHARMIN_1_Multichannel Z-Stack_20251104_210_\stack1\frame_t_0.ets,frame_t_0.ets,.ets,1,macro image,1,,,,unavailable,
Z:\Brejtr\ActiveProjects\Microscopy\20251104\_2_6_NORBAEOHARMIN_2_Multichannel Z-Stack_20251104_211_\stack1\frame_t_0.ets,frame_t_0.ets,.ets,0,"C488, C561, C640",44,,237.1561771348349,243.6061771348349,ome_plane_position_z,
Z:\Brejtr\ActiveProjects\Microscopy\20251104\_2_6_NORBAEOHARMIN_2_Multichannel Z-Stack_20251104_211_\stack1\frame_t_0.ets,frame_t_0.ets,.ets,1,macro image,1,,,,unavailable,
Z:\Brejtr\ActiveProjects\Microscopy\20251104\_2_6_NORBAEOHARMIN_3_Multichannel Z-Stack_20251104_212_\stack1\frame_t_0.ets,frame_t_0.ets,.ets,0,"C488, C561, C640",43,,239.90032960996152,246.20032960996156,ome_plane_position_z,
Z:\Brejtr\ActiveProjects\Microscopy\20251104\_2_6_NORBAEOHARMIN_3_Multichannel Z-Stack_20251104_212_\stack1\frame_t_0.ets,frame_t_0.ets,.ets,1,macro image,1,,,,unavailable,
Z:\Brejtr\ActiveProjects\Microscopy\20251104\_2_6_NORBAEOHARMIN_4_Multichannel Z-Stack_20251104_213_\stack1\frame_t_0.ets,frame_t_0.ets,.ets,0,"C488, C561, C640",45,,243.20162363425504,249.801623634255,ome_plane_position_z,
Z:\Brejtr\ActiveProjects\Microscopy\20251104\_2_6_NORBAEOHARMIN_4_Multichannel Z-Stack_20251104_213_\stack1\frame_t_0.ets,frame_t_0.ets,.ets,1,macro image,1,,,,unavailable,
Z:\Brejtr\ActiveProjects\Microscopy\20251104\_2_6_NORBAEOHARMIN_5_Multichannel Z-Stack_20251104_214_\stack1\frame_t_0.ets,frame_t_0.ets,.ets,0,"C488, C561, C640",44,,246.95291765854853,253.4029176585485,ome_plane_position_z,
Z:\Brejtr\ActiveProjects\Microscopy\20251104\_2_6_NORBAEOHARMIN_5_Multichannel Z-Stack_20251104_214_\stack1\frame_t_0.ets,frame_t_0.ets,.ets,1,macro image,1,,,,unavailable,
Z:\Brejtr\ActiveProjects\Microscopy\20251104\_2_6_NORBAEOHARMIN_6_Multichannel Z-Stack_20251104_215_\stack1\frame_t_0.ets,frame_t_0.ets,.ets,0,"C488, C561, C640",44,,250.55421168284198,257.00421168284197,ome_plane_position_z,
Z:\Brejtr\ActiveProjects\Microscopy\20251104\_2_6_NORBAEOHARMIN_6_Multichannel Z-Stack_20251104_215_\stack1\frame_t_0.ets,frame_t_0.ets,.ets,1,macro image,1,,,,unavailable,
Z:\Brejtr\ActiveProjects\Microscopy\20251104\_2_6_NORBAEOHARMIN_7_Multichannel Z-Stack_20251104_216_\stack1\frame_t_0.ets,frame_t_0.ets,.ets,0,"C488, C561, C640",44,,254.15550570713543,260.6055057071354,ome_plane_position_z,
Z:\Brejtr\ActiveProjects\Microscopy\20251104\_2_6_NORBAEOHARMIN_7_Multichannel Z-Stack_20251104_216_\stack1\frame_t_0.ets,frame_t_0.ets,.ets,1,macro image,1,,,,unavailable,
Z:\Brejtr\ActiveProjects\Microscopy\20251104\_2_6_NORBAEOHARMIN_8_Multichannel Z-Stack_20251104_217_\stack1\frame_t_0.ets,frame_t_0.ets,.ets,0,"C488, C561, C640",43,,256.80809985961054,263.10809985961055,ome_plane_position_z,
Z:\Brejtr\ActiveProjects\Microscopy\20251104\_2_6_NORBAEOHARMIN_8_Multichannel Z-Stack_20251104_217_\stack1\frame_t_0.ets,frame_t_0.ets,.ets,1,macro image,1,,,,unavailable,
Z:\Brejtr\ActiveProjects\Microscopy\20251104\_2_6_NORBAEOHARMIN_9_Multichannel Z-Stack_20251104_218_\stack1\frame_t_0.ets,frame_t_0.ets,.ets,0,"C488, C561, C640",43,,259.4022523347372,265.70225233473724,ome_plane_position_z,
Z:\Brejtr\ActiveProjects\Microscopy\20251104\_2_6_NORBAEOHARMIN_9_Multichannel Z-Stack_20251104_218_\stack1\frame_t_0.ets,frame_t_0.ets,.ets,1,macro image,1,,,,unavailable,
Z:\Brejtr\ActiveProjects\Microscopy\20251104\_2_8_KONTROLAA_10_Multichannel Z-Stack_20251104_196_\stack1\frame_t_0.ets,frame_t_0.ets,.ets,0,"C488, C561, C640",37,,241.80747115912837,247.2074711591284,ome_plane_position_z,
Z:\Brejtr\ActiveProjects\Microscopy\20251104\_2_8_KONTROLAA_10_Multichannel Z-Stack_20251104_196_\stack1\frame_t_0.ets,frame_t_0.ets,.ets,1,macro image,1,,,,unavailable,
Z:\Brejtr\ActiveProjects\Microscopy\20251104\_2_8_KONTROLAA_1_Multichannel Z-Stack_20251104_187_\stack1\frame_t_0.ets,frame_t_0.ets,.ets,0,"C488, C561, C640",44,,216.95230726973085,223.4023072697308,ome_plane_position_z,
Z:\Brejtr\ActiveProjects\Microscopy\20251104\_2_8_KONTROLAA_1_Multichannel Z-Stack_20251104_187_\stack1\frame_t_0.ets,frame_t_0.ets,.ets,1,macro image,1,,,,unavailable,
Z:\Brejtr\ActiveProjects\Microscopy\20251104\_2_8_KONTROLAA_2_Multichannel Z-Stack_20251104_188_\stack1\frame_t_0.ets,frame_t_0.ets,.ets,0,"C488, C561, C640",38,,221.45360129402428,227.0036012940243,ome_plane_position_z,
Z:\Brejtr\ActiveProjects\Microscopy\20251104\_2_8_KONTROLAA_2_Multichannel Z-Stack_20251104_188_\stack1\frame_t_0.ets,frame_t_0.ets,.ets,1,macro image,1,,,,unavailable,
Z:\Brejtr\ActiveProjects\Microscopy\20251104\_2_8_KONTROLAA_3_Multichannel Z-Stack_20251104_189_\stack1\frame_t_0.ets,frame_t_0.ets,.ets,0,"C488, C561, C640",37,,224.1061954464994,229.50619544649942,ome_plane_position_z,
Z:\Brejtr\ActiveProjects\Microscopy\20251104\_2_8_KONTROLAA_3_Multichannel Z-Stack_20251104_189_\stack1\frame_t_0.ets,frame_t_0.ets,.ets,1,macro image,1,,,,unavailable,
Z:\Brejtr\ActiveProjects\Microscopy\20251104\_2_8_KONTROLAA_4_Multichannel Z-Stack_20251104_190_\stack1\frame_t_0.ets,frame_t_0.ets,.ets,0,"C488, C561, C640",44,,226.6574894707929,233.1074894707929,ome_plane_position_z,
Z:\Brejtr\ActiveProjects\Microscopy\20251104\_2_8_KONTROLAA_4_Multichannel Z-Stack_20251104_190_\stack1\frame_t_0.ets,frame_t_0.ets,.ets,1,macro image,1,,,,unavailable,
Z:\Brejtr\ActiveProjects\Microscopy\20251104\_2_8_KONTROLAA_5_Multichannel Z-Stack_20251104_191_\stack1\frame_t_0.ets,frame_t_0.ets,.ets,0,"C488, C561, C640",43,,229.40164194591952,235.70164194591956,ome_plane_position_z,
Z:\Brejtr\ActiveProjects\Microscopy\20251104\_2_8_KONTROLAA_5_Multichannel Z-Stack_20251104_191_\stack1\frame_t_0.ets,frame_t_0.ets,.ets,1,macro image,1,,,,unavailable,
Z:\Brejtr\ActiveProjects\Microscopy\20251104\_2_8_KONTROLAA_6_Multichannel Z-Stack_20251104_192_\stack1\frame_t_0.ets,frame_t_0.ets,.ets,0,"C488, C561, C640",31,,232.78865287187938,237.28865287187938,ome_plane_position_z,
Z:\Brejtr\ActiveProjects\Microscopy\20251104\_2_8_KONTROLAA_6_Multichannel Z-Stack_20251104_192_\stack1\frame_t_0.ets,frame_t_0.ets,.ets,1,macro image,1,,,,unavailable,
Z:\Brejtr\ActiveProjects\Microscopy\20251104\_2_8_KONTROLAA_7_Multichannel Z-Stack_20251104_193_\stack1\frame_t_0.ets,frame_t_0.ets,.ets,0,"C488, C561, C640",36,,234.449688701703,239.699688701703,ome_plane_position_z,
Z:\Brejtr\ActiveProjects\Microscopy\20251104\_2_8_KONTROLAA_7_Multichannel Z-Stack_20251104_193_\stack1\frame_t_0.ets,frame_t_0.ets,.ets,1,macro image,1,,,,unavailable,
Z:\Brejtr\ActiveProjects\Microscopy\20251104\_2_8_KONTROLAA_8_Multichannel Z-Stack_20251104_194_\stack1\frame_t_0.ets,frame_t_0.ets,.ets,0,"C488, C561, C640",38,,236.74384117682962,242.29384117682963,ome_plane_position_z,
Z:\Brejtr\ActiveProjects\Microscopy\20251104\_2_8_KONTROLAA_8_Multichannel Z-Stack_20251104_194_\stack1\frame_t_0.ets,frame_t_0.ets,.ets,1,macro image,1,,,,unavailable,
Z:\Brejtr\ActiveProjects\Microscopy\20251104\_2_8_KONTROLAA_9_Multichannel Z-Stack_20251104_195_\stack1\frame_t_0.ets,frame_t_0.ets,.ets,0,"C488, C561, C640",36,,239.45487700665328,244.70487700665328,ome_plane_position_z,
Z:\Brejtr\ActiveProjects\Microscopy\20251104\_2_8_KONTROLAA_9_Multichannel Z-Stack_20251104_195_\stack1\frame_t_0.ets,frame_t_0.ets,.ets,1,macro image,1,,,,unavailable,
Z:\Brejtr\ActiveProjects\Microscopy\20251104\_3_1_KONTROLA_10_Multichannel Z-Stack_20251104_128_\stack1\frame_t_0.ets,frame_t_0.ets,.ets,0,"C488, C561, C640",31,,247.40746505524018,251.90746505524018,ome_plane_position_z,
Z:\Brejtr\ActiveProjects\Microscopy\20251104\_3_1_KONTROLA_10_Multichannel Z-Stack_20251104_128_\stack1\frame_t_0.ets,frame_t_0.ets,.ets,1,macro image,1,,,,unavailable,
Z:\Brejtr\ActiveProjects\Microscopy\20251104\_3_1_KONTROLA_1_Multichannel Z-Stack_20251104_119_\stack1\frame_t_0.ets,frame_t_0.ets,.ets,0,"C488, C561, C640",36,,218.4575016785693,223.7075016785693,ome_plane_position_z,
Z:\Brejtr\ActiveProjects\Microscopy\20251104\_3_1_KONTROLA_1_Multichannel Z-Stack_20251104_119_\stack1\frame_t_0.ets,frame_t_0.ets,.ets,1,macro image,1,,,,unavailable,
Z:\Brejtr\ActiveProjects\Microscopy\20251104\_3_1_KONTROLA_2_Multichannel Z-Stack_20251104_120_\stack1\frame_t_0.ets,frame_t_0.ets,.ets,0,"C488, C561, C640",37,,221.69515961667582,227.09515961667586,ome_plane_position_z,
Z:\Brejtr\ActiveProjects\Microscopy\20251104\_3_1_KONTROLA_2_Multichannel Z-Stack_20251104_120_\stack1\frame_t_0.ets,frame_t_0.ets,.ets,1,macro image,1,,,,unavailable,
Z:\Brejtr\ActiveProjects\Microscopy\20251104\_3_1_KONTROLA_3_Multichannel Z-Stack_20251104_121_\stack1\frame_t_0.ets,frame_t_0.ets,.ets,0,"C488, C561, C640",51,,224.20359519013616,231.70359519013616,ome_plane_position_z,
Z:\Brejtr\ActiveProjects\Microscopy\20251104\_3_1_KONTROLA_3_Multichannel Z-Stack_20251104_121_\stack1\frame_t_0.ets,frame_t_0.ets,.ets,1,macro image,1,,,,unavailable,
Z:\Brejtr\ActiveProjects\Microscopy\20251104\_3_1_KONTROLA_4_Multichannel Z-Stack_20251104_122_\stack1\frame_t_0.ets,frame_t_0.ets,.ets,0,"C488, C561, C640",37,,228.80618934261125,234.20618934261128,ome_plane_position_z,
Z:\Brejtr\ActiveProjects\Microscopy\20251104\_3_1_KONTROLA_4_Multichannel Z-Stack_20251104_122_\stack1\frame_t_0.ets,frame_t_0.ets,.ets,1,macro image,1,,,,unavailable,
Z:\Brejtr\ActiveProjects\Microscopy\20251104\_3_1_KONTROLA_5_Multichannel Z-Stack_20251104_123_\stack1\frame_t_0.ets,frame_t_0.ets,.ets,0,"C488, C561, C640",60,,229.35423609839472,238.20423609839472,ome_plane_position_z,
Z:\Brejtr\ActiveProjects\Microscopy\20251104\_3_1_KONTROLA_5_Multichannel Z-Stack_20251104_123_\stack1\frame_t_0.ets,frame_t_0.ets,.ets,1,macro image,1,,,,unavailable,
Z:\Brejtr\ActiveProjects\Microscopy\20251104\_3_1_KONTROLA_6_Multichannel Z-Stack_20251104_124_\stack1\frame_t_0.ets,frame_t_0.ets,.ets,0,"C488, C561, C640",37,,235.3068302508698,240.70683025086984,ome_plane_position_z,
Z:\Brejtr\ActiveProjects\Microscopy\20251104\_3_1_KONTROLA_6_Multichannel Z-Stack_20251104_124_\stack1\frame_t_0.ets,frame_t_0.ets,.ets,1,macro image,1,,,,unavailable,
Z:\Brejtr\ActiveProjects\Microscopy\20251104\_3_1_KONTROLA_7_Multichannel Z-Stack_20251104_125_\stack1\frame_t_0.ets,frame_t_0.ets,.ets,0,"C488, C561, C640",37,,237.90098272599644,243.30098272599645,ome_plane_position_z,
Z:\Brejtr\ActiveProjects\Microscopy\20251104\_3_1_KONTROLA_7_Multichannel Z-Stack_20251104_125_\stack1\frame_t_0.ets,frame_t_0.ets,.ets,1,macro image,1,,,,unavailable,
Z:\Brejtr\ActiveProjects\Microscopy\20251104\_3_1_KONTROLA_8_Multichannel Z-Stack_20251104_126_\stack1\frame_t_0.ets,frame_t_0.ets,.ets,0,"C488, C561, C640",38,,240.25357687847156,245.80357687847157,ome_plane_position_z,
Z:\Brejtr\ActiveProjects\Microscopy\20251104\_3_1_KONTROLA_8_Multichannel Z-Stack_20251104_126_\stack1\frame_t_0.ets,frame_t_0.ets,.ets,1,macro image,1,,,,unavailable,
Z:\Brejtr\ActiveProjects\Microscopy\20251104\_3_1_KONTROLA_9_Multichannel Z-Stack_20251104_127_\stack1\frame_t_0.ets,frame_t_0.ets,.ets,0,"C488, C561, C640",44,,242.9548709027651,249.40487090276505,ome_plane_position_z,
Z:\Brejtr\ActiveProjects\Microscopy\20251104\_3_1_KONTROLA_9_Multichannel Z-Stack_20251104_127_\stack1\frame_t_0.ets,frame_t_0.ets,.ets,1,macro image,1,,,,unavailable,
Z:\Brejtr\ActiveProjects\Microscopy\20251104\_3_1_LITHIUM_10_Multichannel Z-Stack_20251104_139_\stack1\frame_t_0.ets,frame_t_0.ets,.ets,0,"C488, C561, C640",45,,268.5022401269608,275.10224012696085,ome_plane_position_z,
Z:\Brejtr\ActiveProjects\Microscopy\20251104\_3_1_LITHIUM_10_Multichannel Z-Stack_20251104_139_\stack1\frame_t_0.ets,frame_t_0.ets,.ets,1,macro image,1,,,,unavailable,
Z:\Brejtr\ActiveProjects\Microscopy\20251104\_3_1_LITHIUM_1_Multichannel Z-Stack_20251104_129_\stack1\frame_t_0.ets,frame_t_0.ets,.ets,0,"C488, C561, C640",31,,247.40746505524018,251.90746505524018,ome_plane_position_z,
Z:\Brejtr\ActiveProjects\Microscopy\20251104\_3_1_LITHIUM_1_Multichannel Z-Stack_20251104_129_\stack1\frame_t_0.ets,frame_t_0.ets,.ets,1,macro image,1,,,,unavailable,
Z:\Brejtr\ActiveProjects\Microscopy\20251104\_3_1_LITHIUM_1_Multichannel Z-Stack_20251104_130_\stack1\frame_t_0.ets,frame_t_0.ets,.ets,0,"C488, C561, C640",30,,249.0529176585485,253.4029176585485,ome_plane_position_z,
Z:\Brejtr\ActiveProjects\Microscopy\20251104\_3_1_LITHIUM_1_Multichannel Z-Stack_20251104_130_\stack1\frame_t_0.ets,frame_t_0.ets,.ets,1,macro image,1,,,,unavailable,
Z:\Brejtr\ActiveProjects\Microscopy\20251104\_3_1_LITHIUM_2_Multichannel Z-Stack_20251104_131_\stack1\frame_t_0.ets,frame_t_0.ets,.ets,0,"C488, C561, C640",37,,250.5055118110236,255.90551181102362,ome_plane_position_z,
Z:\Brejtr\ActiveProjects\Microscopy\20251104\_3_1_LITHIUM_2_Multichannel Z-Stack_20251104_131_\stack1\frame_t_0.ets,frame_t_0.ets,.ets,1,macro image,1,,,,unavailable,
Z:\Brejtr\ActiveProjects\Microscopy\20251104\_3_1_LITHIUM_3_Multichannel Z-Stack_20251104_132_\stack1\frame_t_0.ets,frame_t_0.ets,.ets,0,"C488, C561, C640",37,,253.00810596349876,258.40810596349877,ome_plane_position_z,
Z:\Brejtr\ActiveProjects\Microscopy\20251104\_3_1_LITHIUM_3_Multichannel Z-Stack_20251104_132_\stack1\frame_t_0.ets,frame_t_0.ets,.ets,1,macro image,1,,,,unavailable,
Z:\Brejtr\ActiveProjects\Microscopy\20251104\_3_1_LITHIUM_4_Multichannel Z-Stack_20251104_133_\stack1\frame_t_0.ets,frame_t_0.ets,.ets,0,"C488, C561, C640",37,,255.6022584386254,261.0022584386254,ome_plane_position_z,
Z:\Brejtr\ActiveProjects\Microscopy\20251104\_3_1_LITHIUM_4_Multichannel Z-Stack_20251104_133_\stack1\frame_t_0.ets,frame_t_0.ets,.ets,1,macro image,1,,,,unavailable,
Z:\Brejtr\ActiveProjects\Microscopy\20251104\_3_1_LITHIUM_5_Multichannel Z-Stack_20251104_134_\stack1\frame_t_0.ets,frame_t_0.ets,.ets,0,"C488, C561, C640",37,,258.1048525911006,263.5048525911006,ome_plane_position_z,
Z:\Brejtr\ActiveProjects\Microscopy\20251104\_3_1_LITHIUM_5_Multichannel Z-Stack_20251104_134_\stack1\frame_t_0.ets,frame_t_0.ets,.ets,1,macro image,1,,,,unavailable,
Z:\Brejtr\ActiveProjects\Microscopy\20251104\_3_1_LITHIUM_6_Multichannel Z-Stack_20251104_135_\stack1\frame_t_0.ets,frame_t_0.ets,.ets,0,"C488, C561, C640",30,,260.6503051944088,265.0003051944089,ome_plane_position_z,
Z:\Brejtr\ActiveProjects\Microscopy\20251104\_3_1_LITHIUM_6_Multichannel Z-Stack_20251104_135_\stack1\frame_t_0.ets,frame_t_0.ets,.ets,1,macro image,1,,,,unavailable,
Z:\Brejtr\ActiveProjects\Microscopy\20251104\_3_1_LITHIUM_7_Multichannel Z-Stack_20251104_136_\stack1\frame_t_0.ets,frame_t_0.ets,.ets,0,"C488, C561, C640",38,,261.952899346884,267.502899346884,ome_plane_position_z,
Z:\Brejtr\ActiveProjects\Microscopy\20251104\_3_1_LITHIUM_7_Multichannel Z-Stack_20251104_136_\stack1\frame_t_0.ets,frame_t_0.ets,.ets,1,macro image,1,,,,unavailable,
Z:\Brejtr\ActiveProjects\Microscopy\20251104\_3_1_LITHIUM_8_Multichannel Z-Stack_20251104_137_\stack1\frame_t_0.ets,frame_t_0.ets,.ets,0,"C488, C561, C640",37,,264.60549349935917,270.00549349935915,ome_plane_position_z,
Z:\Brejtr\ActiveProjects\Microscopy\20251104\_3_1_LITHIUM_8_Multichannel Z-Stack_20251104_137_\stack1\frame_t_0.ets,frame_t_0.ets,.ets,1,macro image,1,,,,unavailable,
Z:\Brejtr\ActiveProjects\Microscopy\20251104\_3_1_LITHIUM_9_Multichannel Z-Stack_20251104_138_\stack1\frame_t_0.ets,frame_t_0.ets,.ets,0,"C488, C561, C640",30,,267.1509461026674,271.50094610266746,ome_plane_position_z,
Z:\Brejtr\ActiveProjects\Microscopy\20251104\_3_1_LITHIUM_9_Multichannel Z-Stack_20251104_138_\stack1\frame_t_0.ets,frame_t_0.ets,.ets,1,macro image,1,,,,unavailable,
Z:\Brejtr\ActiveProjects\Microscopy\20251104\_3_2_PSI_10_Multichannel Z-Stack_20251104_153_\stack1\frame_t_0.ets,frame_t_0.ets,.ets,0,"C488, C561, C640",38,,313.652832204114,319.20283220411403,ome_plane_position_z,
Z:\Brejtr\ActiveProjects\Microscopy\20251104\_3_2_PSI_10_Multichannel Z-Stack_20251104_153_\stack1\frame_t_0.ets,frame_t_0.ets,.ets,1,macro image,1,,,,unavailable,
Z:\Brejtr\ActiveProjects\Microscopy\20251104\_3_2_PSI_1_Multichannel Z-Stack_20251104_140_\stack1\frame_t_0.ets,frame_t_0.ets,.ets,0,"C488, C561, C640",43,,271.30483427943597,277.604834279436,ome_plane_position_z,
Z:\Brejtr\ActiveProjects\Microscopy\20251104\_3_2_PSI_1_Multichannel Z-Stack_20251104_140_\stack1\frame_t_0.ets,frame_t_0.ets,.ets,1,macro image,1,,,,unavailable,
Z:\Brejtr\ActiveProjects\Microscopy\20251104\_3_2_PSI_2_Multichannel Z-Stack_20251104_141_\stack1\frame_t_0.ets,frame_t_0.ets,.ets,0,"C488, C561, C640",50,,273.85612830372946,281.2061283037295,ome_plane_position_z,
Z:\Brejtr\ActiveProjects\Microscopy\20251104\_3_2_PSI_2_Multichannel Z-Stack_20251104_141_\stack1\frame_t_0.ets,frame_t_0.ets,.ets,1,macro image,1,,,,unavailable,
Z:\Brejtr\ActiveProjects\Microscopy\20251104\_3_2_PSI_3 100MS_Multichannel Z-Stack_20251104_144_\stack1\frame_t_0.ets,frame_t_0.ets,.ets,0,"C488, C561, C640",51,,281.70222181529635,289.20222181529635,ome_plane_position_z,
Z:\Brejtr\ActiveProjects\Microscopy\20251104\_3_2_PSI_3 100MS_Multichannel Z-Stack_20251104_144_\stack1\frame_t_0.ets,frame_t_0.ets,.ets,1,macro image,1,,,,unavailable,
Z:\Brejtr\ActiveProjects\Microscopy\20251104\_3_2_PSI_3 AUTOM. EXPOZICE_Multichannel Z-Stack_20251104_142_\stack1\frame_t_0.ets,frame_t_0.ets,.ets,0,"C488, C561, C640",63,,275.5074223280229,284.80742232802294,ome_plane_position_z,
Z:\Brejtr\ActiveProjects\Microscopy\20251104\_3_2_PSI_3 AUTOM. EXPOZICE_Multichannel Z-Stack_20251104_142_\stack1\frame_t_0.ets,frame_t_0.ets,.ets,1,macro image,1,,,,unavailable,
Z:\Brejtr\ActiveProjects\Microscopy\20251104\_3_2_PSI_3_Multichannel Z-Stack_20251104_143_\stack1\frame_t_0.ets,frame_t_0.ets,.ets,0,"C488, C561, C640",18,0.15,284.80742232802294,287.35742232802295,ome_plane_position_z,
Z:\Brejtr\ActiveProjects\Microscopy\20251104\_3_2_PSI_3_Multichannel Z-Stack_20251104_143_\stack1\frame_t_0.ets,frame_t_0.ets,.ets,1,macro image,1,,,,unavailable,
Z:\Brejtr\ActiveProjects\Microscopy\20251104\_3_2_PSI_4_Multichannel Z-Stack_20251104_145_\stack1\frame_t_0.ets,frame_t_0.ets,.ets,0,"C488, C561, C640",52,,284.45156869926143,292.1015686992614,ome_plane_position_z,
Z:\Brejtr\ActiveProjects\Microscopy\20251104\_3_2_PSI_4_Multichannel Z-Stack_20251104_145_\stack1\frame_t_0.ets,frame_t_0.ets,.ets,1,macro image,1,,,,unavailable,
Z:\Brejtr\ActiveProjects\Microscopy\20251104\_3_2_PSI_4_Multichannel Z-Stack_20251104_146_\stack1\frame_t_0.ets,frame_t_0.ets,.ets,0,"C488, C561, C640",59,,287.30805713239334,296.00805713239333,ome_plane_position_z,
Z:\Brejtr\ActiveProjects\Microscopy\20251104\_3_2_PSI_4_Multichannel Z-Stack_20251104_146_\stack1\frame_t_0.ets,frame_t_0.ets,.ets,1,macro image,1,,,,unavailable,
Z:\Brejtr\ActiveProjects\Microscopy\20251104\_3_2_PSI_5_Multichannel Z-Stack_20251104_147_\stack1\frame_t_0.ets,frame_t_0.ets,.ets,0,"C488, C561, C640",65,,289.3074040163584,298.90740401635844,ome_plane_position_z,
Z:\Brejtr\ActiveProjects\Microscopy\20251104\_3_2_PSI_5_Multichannel Z-Stack_20251104_147_\stack1\frame_t_0.ets,frame_t_0.ets,.ets,1,macro image,1,,,,unavailable,
Z:\Brejtr\ActiveProjects\Microscopy\20251104\_3_2_PSI_6_Multichannel Z-Stack_20251104_148_\stack1\frame_t_0.ets,frame_t_0.ets,.ets,0,"C488, C561, C640",68,,291.23792040529815,301.28792040529817,ome_plane_position_z,
Z:\Brejtr\ActiveProjects\Microscopy\20251104\_3_2_PSI_6_Multichannel Z-Stack_20251104_148_\stack1\frame_t_0.ets,frame_t_0.ets,.ets,1,macro image,1,,,,unavailable,
Z:\Brejtr\ActiveProjects\Microscopy\20251104\_3_2_PSI_7_Multichannel Z-Stack_20251104_149_\stack1\frame_t_0.ets,frame_t_0.ets,.ets,0,"C488, C561, C640",43,,298.4060977842886,304.7060977842886,ome_plane_position_z,
Z:\Brejtr\ActiveProjects\Microscopy\20251104\_3_2_PSI_7_Multichannel Z-Stack_20251104_149_\stack1\frame_t_0.ets,frame_t_0.ets,.ets,1,macro image,1,,,,unavailable,
Z:\Brejtr\ActiveProjects\Microscopy\20251104\_3_2_PSI_8_Multichannel Z-Stack_20251104_150_\stack1\frame_t_0.ets,frame_t_0.ets,.ets,0,"C488, C561, C640",80,,296.15219739974356,308.00219739974364,ome_plane_position_z,
Z:\Brejtr\ActiveProjects\Microscopy\20251104\_3_2_PSI_8_Multichannel Z-Stack_20251104_150_\stack1\frame_t_0.ets,frame_t_0.ets,.ets,1,macro image,1,,,,unavailable,
Z:\Brejtr\ActiveProjects\Microscopy\20251104\_3_2_PSI_8a_Multichannel Z-Stack_20251104_151_\stack1\frame_t_0.ets,frame_t_0.ets,.ets,0,"C488, C561, C640",37,,305.1047915522188,310.50479155221876,ome_plane_position_z,
Z:\Brejtr\ActiveProjects\Microscopy\20251104\_3_2_PSI_8a_Multichannel Z-Stack_20251104_151_\stack1\frame_t_0.ets,frame_t_0.ets,.ets,1,macro image,1,,,,unavailable,
Z:\Brejtr\ActiveProjects\Microscopy\20251104\_3_2_PSI_9_Multichannel Z-Stack_20251104_152_\stack1\frame_t_0.ets,frame_t_0.ets,.ets,0,"C488, C561, C640",80,,304.8502380516389,316.7002380516389,ome_plane_position_z,
Z:\Brejtr\ActiveProjects\Microscopy\20251104\_3_2_PSI_9_Multichannel Z-Stack_20251104_152_\stack1\frame_t_0.ets,frame_t_0.ets,.ets,1,macro image,1,,,,unavailable,
Z:\Brejtr\ActiveProjects\Microscopy\20251104\_3_2_PSIHARMIN_10_Multichannel Z-Stack_20251104_165_\stack1\frame_t_0.ets,frame_t_0.ets,.ets,0,"C488, C561, C640",36,,324.75671427699444,330.00671427699444,ome_plane_position_z,
Z:\Brejtr\ActiveProjects\Microscopy\20251104\_3_2_PSIHARMIN_10_Multichannel Z-Stack_20251104_165_\stack1\frame_t_0.ets,frame_t_0.ets,.ets,1,macro image,1,,,,unavailable,
Z:\Brejtr\ActiveProjects\Microscopy\20251104\_3_2_PSIHARMIN_1_Multichannel Z-Stack_20251104_154_\stack1\frame_t_0.ets,frame_t_0.ets,.ets,0,"C488, C561, C640",30,,317.35542635658913,321.70542635658916,ome_plane_position_z,
Z:\Brejtr\ActiveProjects\Microscopy\20251104\_3_2_PSIHARMIN_1_Multichannel Z-Stack_20251104_154_\stack1\frame_t_0.ets,frame_t_0.ets,.ets,1,macro image,1,,,,unavailable,
Z:\Brejtr\ActiveProjects\Microscopy\20251104\_3_2_PSIHARMIN_2_Multichannel Z-Stack_20251104_155_\stack1\frame_t_0.ets,frame_t_0.ets,.ets,0,"C488, C561, C640",37,,318.80802050906436,324.2080205090643,ome_plane_position_z,
Z:\Brejtr\ActiveProjects\Microscopy\20251104\_3_2_PSIHARMIN_2_Multichannel Z-Stack_20251104_155_\stack1\frame_t_0.ets,frame_t_0.ets,.ets,1,macro image,1,,,,unavailable,
Z:\Brejtr\ActiveProjects\Microscopy\20251104\_3_2_PSIHARMIN_3_Multichannel Z-Stack_20251104_156_\stack1\frame_t_0.ets,frame_t_0.ets,.ets,0,"C488, C561, C640",36,,320.4534731123726,325.7034731123726,ome_plane_position_z,
Z:\Brejtr\ActiveProjects\Microscopy\20251104\_3_2_PSIHARMIN_3_Multichannel Z-Stack_20251104_156_\stack1\frame_t_0.ets,frame_t_0.ets,.ets,1,macro image,1,,,,unavailable,
Z:\Brejtr\ActiveProjects\Microscopy\20251104\_3_2_PSIHARMIN_3A_Multichannel Z-Stack_20251104_157_\stack1\frame_t_0.ets,frame_t_0.ets,.ets,0,"C488, C561, C640",35,,322.0073673930293,327.10736739302934,ome_plane_position_z,
Z:\Brejtr\ActiveProjects\Microscopy\20251104\_3_2_PSIHARMIN_3A_Multichannel Z-Stack_20251104_157_\stack1\frame_t_0.ets,frame_t_0.ets,.ets,1,macro image,1,,,,unavailable,
Z:\Brejtr\ActiveProjects\Microscopy\20251104\_3_2_PSIHARMIN_4_Multichannel Z-Stack_20251104_158_\stack1\frame_t_0.ets,frame_t_0.ets,.ets,0,"C488, C561, C640",37,,324.3015198681561,329.701519868156,ome_plane_position_z,
Z:\Brejtr\ActiveProjects\Microscopy\20251104\_3_2_PSIHARMIN_4_Multichannel Z-Stack_20251104_158_\stack1\frame_t_0.ets,frame_t_0.ets,.ets,1,macro image,1,,,,unavailable,
Z:\Brejtr\ActiveProjects\Microscopy\20251104\_3_2_PSIHARMIN_5_Multichannel Z-Stack_20251104_159_\stack1\frame_t_0.ets,frame_t_0.ets,.ets,0,"C488, C561, C640",37,,326.80411402063123,332.20411402063115,ome_plane_position_z,
Z:\Brejtr\ActiveProjects\Microscopy\20251104\_3_2_PSIHARMIN_5_Multichannel Z-Stack_20251104_159_\stack1\frame_t_0.ets,frame_t_0.ets,.ets,1,macro image,1,,,,unavailable,
Z:\Brejtr\ActiveProjects\Microscopy\20251104\_3_2_PSIHARMIN_6_Multichannel Z-Stack_20251104_160_\stack1\frame_t_0.ets,frame_t_0.ets,.ets,0,"C488, C561, C640",37,,329.30670817310636,334.7067081731063,ome_plane_position_z,
Z:\Brejtr\ActiveProjects\Microscopy\20251104\_3_2_PSIHARMIN_6_Multichannel Z-Stack_20251104_160_\stack1\frame_t_0.ets,frame_t_0.ets,.ets,1,macro image,1,,,,unavailable,
Z:\Brejtr\ActiveProjects\Microscopy\20251104\_3_2_PSIHARMIN_7_Multichannel Z-Stack_20251104_161_\stack1\frame_t_0.ets,frame_t_0.ets,.ets,0,"C488, C561, C640",30,,331.85216077641456,336.2021607764146,ome_plane_position_z,
Z:\Brejtr\ActiveProjects\Microscopy\20251104\_3_2_PSIHARMIN_7_Multichannel Z-Stack_20251104_161_\stack1\frame_t_0.ets,frame_t_0.ets,.ets,1,macro image,1,,,,unavailable,
Z:\Brejtr\ActiveProjects\Microscopy\20251104\_3_2_PSIHARMIN_8_Multichannel Z-Stack_20251104_162_\stack1\frame_t_0.ets,frame_t_0.ets,.ets,0,"C488, C561, C640",52,,332.85540194103646,340.50540194103644,ome_plane_position_z,
Z:\Brejtr\ActiveProjects\Microscopy\20251104\_3_2_PSIHARMIN_8_Multichannel Z-Stack_20251104_162_\stack1\frame_t_0.ets,frame_t_0.ets,.ets,1,macro image,1,,,,unavailable,
Z:\Brejtr\ActiveProjects\Microscopy\20251104\_3_2_PSIHARMIN_8A_Multichannel Z-Stack_20251104_163_\stack1\frame_t_0.ets,frame_t_0.ets,.ets,0,"C488, C561, C640",33,,330.3034609045962,335.1034609045962,ome_plane_position_z,
Z:\Brejtr\ActiveProjects\Microscopy\20251104\_3_2_PSIHARMIN_8A_Multichannel Z-Stack_20251104_163_\stack1\frame_t_0.ets,frame_t_0.ets,.ets,1,macro image,1,,,,unavailable,
Z:\Brejtr\ActiveProjects\Microscopy\20251104\_3_2_PSIHARMIN_9_Multichannel Z-Stack_20251104_164_\stack1\frame_t_0.ets,frame_t_0.ets,.ets,0,"C488, C561, C640",34,,327.6508667521211,332.6008667521211,ome_plane_position_z,
Z:\Brejtr\ActiveProjects\Microscopy\20251104\_3_2_PSIHARMIN_9_Multichannel Z-Stack_20251104_164_\stack1\frame_t_0.ets,frame_t_0.ets,.ets,1,macro image,1,,,,unavailable,
Z:\Brejtr\ActiveProjects\Microscopy\20251104\_3_3_PSY_10_Multichannel Z-Stack_20251104_176_\stack1\frame_t_0.ets,frame_t_0.ets,.ets,0,"C488, C561, C640",37,,188.00169688091313,193.40169688091314,ome_plane_position_z,
Z:\Brejtr\ActiveProjects\Microscopy\20251104\_3_3_PSY_10_Multichannel Z-Stack_20251104_176_\stack1\frame_t_0.ets,frame_t_0.ets,.ets,1,macro image,1,,,,unavailable,
Z:\Brejtr\ActiveProjects\Microscopy\20251104\_3_3_PSY_1_Multichannel Z-Stack_20251104_166_\stack1\frame_t_0.ets,frame_t_0.ets,.ets,0,"C488, C561, C640",23,,328.2021668803027,331.50216688030275,ome_plane_position_z,
Z:\Brejtr\ActiveProjects\Microscopy\20251104\_3_3_PSY_1_Multichannel Z-Stack_20251104_166_\stack1\frame_t_0.ets,frame_t_0.ets,.ets,1,macro image,1,,,,unavailable,
Z:\Brejtr\ActiveProjects\Microscopy\20251104\_3_3_PSY_1A_Multichannel Z-Stack_20251104_167_\stack1\frame_t_0.ets,frame_t_0.ets,.ets,0,"C488, C561, C640",31,,329.5047610327779,334.0047610327779,ome_plane_position_z,
Z:\Brejtr\ActiveProjects\Microscopy\20251104\_3_3_PSY_1A_Multichannel Z-Stack_20251104_167_\stack1\frame_t_0.ets,frame_t_0.ets,.ets,1,macro image,1,,,,unavailable,
Z:\Brejtr\ActiveProjects\Microscopy\20251104\_3_3_PSY_2_Multichannel Z-Stack_20251104_168_\stack1\frame_t_0.ets,frame_t_0.ets,.ets,0,"C488, C561, C640",31,,332.007355185253,336.507355185253,ome_plane_position_z,
Z:\Brejtr\ActiveProjects\Microscopy\20251104\_3_3_PSY_2_Multichannel Z-Stack_20251104_168_\stack1\frame_t_0.ets,frame_t_0.ets,.ets,1,macro image,1,,,,unavailable,
Z:\Brejtr\ActiveProjects\Microscopy\20251104\_3_3_PSY_3_Multichannel Z-Stack_20251104_169_\stack1\frame_t_0.ets,frame_t_0.ets,.ets,0,"C488, C561, C640",33,,333.69111884270274,338.4911188427028,ome_plane_position_z,
Z:\Brejtr\ActiveProjects\Microscopy\20251104\_3_3_PSY_3_Multichannel Z-Stack_20251104_169_\stack1\frame_t_0.ets,frame_t_0.ets,.ets,1,macro image,1,,,,unavailable,
Z:\Brejtr\ActiveProjects\Microscopy\20251104\_3_3_PSY_4_Multichannel Z-Stack_20251104_170_\stack1\frame_t_0.ets,frame_t_0.ets,.ets,0,"C488, C561, C640",31,,335.700207532198,340.200207532198,ome_plane_position_z,
Z:\Brejtr\ActiveProjects\Microscopy\20251104\_3_3_PSY_4_Multichannel Z-Stack_20251104_170_\stack1\frame_t_0.ets,frame_t_0.ets,.ets,1,macro image,1,,,,unavailable,
Z:\Brejtr\ActiveProjects\Microscopy\20251104\_3_3_PSY_5_Multichannel Z-Stack_20251104_171_\stack1\frame_t_0.ets,frame_t_0.ets,.ets,0,"C488, C561, C640",30,,336.15540194103636,340.50540194103644,ome_plane_position_z,
Z:\Brejtr\ActiveProjects\Microscopy\20251104\_3_3_PSY_5_Multichannel Z-Stack_20251104_171_\stack1\frame_t_0.ets,frame_t_0.ets,.ets,1,macro image,1,,,,unavailable,
Z:\Brejtr\ActiveProjects\Microscopy\20251104\_3_3_PSY_6_Multichannel Z-Stack_20251104_172_\stack1\frame_t_0.ets,frame_t_0.ets,.ets,0,"C488, C561, C640",44,,176.84976194836113,183.2997619483611,ome_plane_position_z,
Z:\Brejtr\ActiveProjects\Microscopy\20251104\_3_3_PSY_6_Multichannel Z-Stack_20251104_172_\stack1\frame_t_0.ets,frame_t_0.ets,.ets,1,macro image,1,,,,unavailable,
Z:\Brejtr\ActiveProjects\Microscopy\20251104\_3_3_PSY_7_Multichannel Z-Stack_20251104_173_\stack1\frame_t_0.ets,frame_t_0.ets,.ets,0,"C488, C561, C640",38,,180.2523561008362,185.80235610083622,ome_plane_position_z,
Z:\Brejtr\ActiveProjects\Microscopy\20251104\_3_3_PSY_7_Multichannel Z-Stack_20251104_173_\stack1\frame_t_0.ets,frame_t_0.ets,.ets,1,macro image,1,,,,unavailable,
Z:\Brejtr\ActiveProjects\Microscopy\20251104\_3_3_PSY_8_Multichannel Z-Stack_20251104_174_\stack1\frame_t_0.ets,frame_t_0.ets,.ets,0,"C488, C561, C640",37,,182.90495025331134,188.30495025331135,ome_plane_position_z,
Z:\Brejtr\ActiveProjects\Microscopy\20251104\_3_3_PSY_8_Multichannel Z-Stack_20251104_174_\stack1\frame_t_0.ets,frame_t_0.ets,.ets,1,macro image,1,,,,unavailable,
Z:\Brejtr\ActiveProjects\Microscopy\20251104\_3_3_PSY_9_Multichannel Z-Stack_20251104_175_\stack1\frame_t_0.ets,frame_t_0.ets,.ets,0,"C488, C561, C640",37,,185.40754440578647,190.80754440578647,ome_plane_position_z,
Z:\Brejtr\ActiveProjects\Microscopy\20251104\_3_3_PSY_9_Multichannel Z-Stack_20251104_175_\stack1\frame_t_0.ets,frame_t_0.ets,.ets,1,macro image,1,,,,unavailable,
Z:\Brejtr\ActiveProjects\Microscopy\20251104\_3_3_PSYHARMIN_10_Multichannel Z-Stack_20251104_186_\stack1\frame_t_0.ets,frame_t_0.ets,.ets,0,"C488, C561, C640",37,,215.49971311725568,220.8997131172557,ome_plane_position_z,
Z:\Brejtr\ActiveProjects\Microscopy\20251104\_3_3_PSYHARMIN_10_Multichannel Z-Stack_20251104_186_\stack1\frame_t_0.ets,frame_t_0.ets,.ets,1,macro image,1,,,,unavailable,
Z:\Brejtr\ActiveProjects\Microscopy\20251104\_3_3_PSYHARMIN_1_Multichannel Z-Stack_20251104_177_\stack1\frame_t_0.ets,frame_t_0.ets,.ets,0,"C488, C561, C640",37,,190.5958493560398,195.9958493560398,ome_plane_position_z,
Z:\Brejtr\ActiveProjects\Microscopy\20251104\_3_3_PSYHARMIN_1_Multichannel Z-Stack_20251104_177_\stack1\frame_t_0.ets,frame_t_0.ets,.ets,1,macro image,1,,,,unavailable,
Z:\Brejtr\ActiveProjects\Microscopy\20251104\_3_3_PSYHARMIN_2_Multichannel Z-Stack_20251104_178_\stack1\frame_t_0.ets,frame_t_0.ets,.ets,0,"C488, C561, C640",30,,194.0568851858634,198.4068851858634,ome_plane_position_z,
Z:\Brejtr\ActiveProjects\Microscopy\20251104\_3_3_PSYHARMIN_2_Multichannel Z-Stack_20251104_178_\stack1\frame_t_0.ets,frame_t_0.ets,.ets,1,macro image,1,,,,unavailable,
Z:\Brejtr\ActiveProjects\Microscopy\20251104\_3_3_PSYHARMIN_3_Multichannel Z-Stack_20251104_179_\stack1\frame_t_0.ets,frame_t_0.ets,.ets,0,"C488, C561, C640",39,,196.39973753280844,202.09973753280843,ome_plane_position_z,
Z:\Brejtr\ActiveProjects\Microscopy\20251104\_3_3_PSYHARMIN_3_Multichannel Z-Stack_20251104_179_\stack1\frame_t_0.ets,frame_t_0.ets,.ets,1,macro image,1,,,,unavailable,
Z:\Brejtr\ActiveProjects\Microscopy\20251104\_3_3_PSYHARMIN_4_Multichannel Z-Stack_20251104_180_\stack1\frame_t_0.ets,frame_t_0.ets,.ets,0,"C488, C561, C640",45,,198.18544833058658,204.78544833058658,ome_plane_position_z,
Z:\Brejtr\ActiveProjects\Microscopy\20251104\_3_3_PSYHARMIN_4_Multichannel Z-Stack_20251104_180_\stack1\frame_t_0.ets,frame_t_0.ets,.ets,1,macro image,1,,,,unavailable,
Z:\Brejtr\ActiveProjects\Microscopy\20251104\_3_3_PSYHARMIN_5_Multichannel Z-Stack_20251104_181_\stack1\frame_t_0.ets,frame_t_0.ets,.ets,0,"C488, C561, C640",35,,202.00492583775866,207.10492583775866,ome_plane_position_z,
Z:\Brejtr\ActiveProjects\Microscopy\20251104\_3_3_PSYHARMIN_5_Multichannel Z-Stack_20251104_181_\stack1\frame_t_0.ets,frame_t_0.ets,.ets,1,macro image,1,,,,unavailable,
Z:\Brejtr\ActiveProjects\Microscopy\20251104\_3_3_PSYHARMIN_6_Multichannel Z-Stack_20251104_182_\stack1\frame_t_0.ets,frame_t_0.ets,.ets,0,"C488, C561, C640",37,,204.20751999023375,209.60751999023378,ome_plane_position_z,
Z:\Brejtr\ActiveProjects\Microscopy\20251104\_3_3_PSYHARMIN_6_Multichannel Z-Stack_20251104_182_\stack1\frame_t_0.ets,frame_t_0.ets,.ets,1,macro image,1,,,,unavailable,
Z:\Brejtr\ActiveProjects\Microscopy\20251104\_3_3_PSYHARMIN_7_Multichannel Z-Stack_20251104_183_\stack1\frame_t_0.ets,frame_t_0.ets,.ets,0,"C488, C561, C640",37,,206.80167246536044,212.20167246536045,ome_plane_position_z,
Z:\Brejtr\ActiveProjects\Microscopy\20251104\_3_3_PSYHARMIN_7_Multichannel Z-Stack_20251104_183_\stack1\frame_t_0.ets,frame_t_0.ets,.ets,1,macro image,1,,,,unavailable,
Z:\Brejtr\ActiveProjects\Microscopy\20251104\_3_3_PSYHARMIN_8_Multichannel Z-Stack_20251104_184_\stack1\frame_t_0.ets,frame_t_0.ets,.ets,0,"C488, C561, C640",37,,209.30426661783557,214.70426661783557,ome_plane_position_z,
Z:\Brejtr\ActiveProjects\Microscopy\20251104\_3_3_PSYHARMIN_8_Multichannel Z-Stack_20251104_184_\stack1\frame_t_0.ets,frame_t_0.ets,.ets,1,macro image,1,,,,unavailable,
Z:\Brejtr\ActiveProjects\Microscopy\20251104\_3_3_PSYHARMIN_9_Multichannel Z-Stack_20251104_185_\stack1\frame_t_0.ets,frame_t_0.ets,.ets,0,"C488, C561, C640",50,,210.95556064212906,218.30556064212902,ome_plane_position_z,
Z:\Brejtr\ActiveProjects\Microscopy\20251104\_3_3_PSYHARMIN_9_Multichannel Z-Stack_20251104_185_\stack1\frame_t_0.ets,frame_t_0.ets,.ets,1,macro image,1,,,,unavailable,
Z:\Brejtr\ActiveProjects\Microscopy\20251205\5_KONTROLA_10_Multichannel Z-Stack_20251205_128.vsi,5_KONTROLA_10_Multichannel Z-Stack_20251205_128.vsi,.vsi,0,"C488, C561, C640",29,,245.2048709027651,249.40487090276505,ome_plane_position_z,
Z:\Brejtr\ActiveProjects\Microscopy\20251205\5_KONTROLA_10_Multichannel Z-Stack_20251205_128.vsi,5_KONTROLA_10_Multichannel Z-Stack_20251205_128.vsi,.vsi,1,macro image,1,,,,unavailable,
Z:\Brejtr\ActiveProjects\Microscopy\20251205\5_KONTROLA_1_Multichannel Z-Stack_20251205_119.vsi,5_KONTROLA_1_Multichannel Z-Stack_20251205_119.vsi,.vsi,0,"C488, C561, C640",30,,228.4522950619545,232.80229506195445,ome_plane_position_z,
Z:\Brejtr\ActiveProjects\Microscopy\20251205\5_KONTROLA_1_Multichannel Z-Stack_20251205_119.vsi,5_KONTROLA_1_Multichannel Z-Stack_20251205_119.vsi,.vsi,1,macro image,1,,,,unavailable,
Z:\Brejtr\ActiveProjects\Microscopy\20251205\5_KONTROLA_21_Multichannel Z-Stack_20251205_129.vsi,5_KONTROLA_21_Multichannel Z-Stack_20251205_129.vsi,.vsi,0,"C488, C561, C640",23,,246.501623634255,249.801623634255,ome_plane_position_z,
Z:\Brejtr\ActiveProjects\Microscopy\20251205\5_KONTROLA_21_Multichannel Z-Stack_20251205_129.vsi,5_KONTROLA_21_Multichannel Z-Stack_20251205_129.vsi,.vsi,1,macro image,1,,,,unavailable,
Z:\Brejtr\ActiveProjects\Microscopy\20251205\5_KONTROLA_21_Multichannel Z-Stack_20251205_130.vsi,5_KONTROLA_21_Multichannel Z-Stack_20251205_130.vsi,.vsi,0,"C488, C561, C640",17,,247.8899346883965,250.2899346883965,ome_plane_position_z,
Z:\Brejtr\ActiveProjects\Microscopy\20251205\5_KONTROLA_21_Multichannel Z-Stack_20251205_130.vsi,5_KONTROLA_21_Multichannel Z-Stack_20251205_130.vsi,.vsi,1,macro image,1,,,,unavailable,
Z:\Brejtr\ActiveProjects\Microscopy\20251205\5_KONTROLA_22_Multichannel Z-Stack_20251205_131.vsi,5_KONTROLA_22_Multichannel Z-Stack_20251205_131.vsi,.vsi,0,"C488, C561, C640",23,,248.30227064640172,251.60227064640176,ome_plane_position_z,
Z:\Brejtr\ActiveProjects\Microscopy\20251205\5_KONTROLA_22_Multichannel Z-Stack_20251205_131.vsi,5_KONTROLA_22_Multichannel Z-Stack_20251205_131.vsi,.vsi,1,macro image,1,,,,unavailable,
Z:\Brejtr\ActiveProjects\Microscopy\20251205\5_KONTROLA_23_Multichannel Z-Stack_20251205_132.vsi,5_KONTROLA_23_Multichannel Z-Stack_20251205_132.vsi,.vsi,0,"C488, C561, C640",8,,250.64382896905326,251.6938289690533,ome_plane_position_z,
Z:\Brejtr\ActiveProjects\Microscopy\20251205\5_KONTROLA_23_Multichannel Z-Stack_20251205_132.vsi,5_KONTROLA_23_Multichannel Z-Stack_20251205_132.vsi,.vsi,1,macro image,1,,,,unavailable,
Z:\Brejtr\ActiveProjects\Microscopy\20251205\5_KONTROLA_24_Multichannel Z-Stack_20251205_133.vsi,5_KONTROLA_24_Multichannel Z-Stack_20251205_133.vsi,.vsi,0,"C488, C561, C640",15,,249.8074650552402,251.90746505524018,ome_plane_position_z,
Z:\Brejtr\ActiveProjects\Microscopy\20251205\5_KONTROLA_24_Multichannel Z-Stack_20251205_133.vsi,5_KONTROLA_24_Multichannel Z-Stack_20251205_133.vsi,.vsi,1,macro image,1,,,,unavailable,
Z:\Brejtr\ActiveProjects\Microscopy\20251205\5_KONTROLA_25_Multichannel Z-Stack_20251205_134.vsi,5_KONTROLA_25_Multichannel Z-Stack_20251205_134.vsi,.vsi,0,"C488, C561, C640",24,,249.95291765854853,253.4029176585485,ome_plane_position_z,
Z:\Brejtr\ActiveProjects\Microscopy\20251205\5_KONTROLA_25_Multichannel Z-Stack_20251205_134.vsi,5_KONTROLA_25_Multichannel Z-Stack_20251205_134.vsi,.vsi,1,macro image,1,,,,unavailable,
Z:\Brejtr\ActiveProjects\Microscopy\20251205\5_KONTROLA_26_Multichannel Z-Stack_20251205_135.vsi,5_KONTROLA_26_Multichannel Z-Stack_20251205_135.vsi,.vsi,0,"C488, C561, C640",17,,251.49122871268997,253.89122871268998,ome_plane_position_z,
Z:\Brejtr\ActiveProjects\Microscopy\20251205\5_KONTROLA_26_Multichannel Z-Stack_20251205_135.vsi,5_KONTROLA_26_Multichannel Z-Stack_20251205_135.vsi,.vsi,1,macro image,1,,,,unavailable,
Z:\Brejtr\ActiveProjects\Microscopy\20251205\5_KONTROLA_27_Multichannel Z-Stack_20251205_136.vsi,5_KONTROLA_27_Multichannel Z-Stack_20251205_136.vsi,.vsi,0,"C488, C561, C640",17,,252.80356467069524,255.20356467069527,ome_plane_position_z,
Z:\Brejtr\ActiveProjects\Microscopy\20251205\5_KONTROLA_27_Multichannel Z-Stack_20251205_136.vsi,5_KONTROLA_27_Multichannel Z-Stack_20251205_136.vsi,.vsi,1,macro image,1,,,,unavailable,
Z:\Brejtr\ActiveProjects\Microscopy\20251205\5_KONTROLA_28_Multichannel Z-Stack_20251205_137.vsi,5_KONTROLA_28_Multichannel Z-Stack_20251205_137.vsi,.vsi,0,"C488, C561, C640",14,,254.3522645425136,256.30226454251357,ome_plane_position_z,
Z:\Brejtr\ActiveProjects\Microscopy\20251205\5_KONTROLA_28_Multichannel Z-Stack_20251205_137.vsi,5_KONTROLA_28_Multichannel Z-Stack_20251205_137.vsi,.vsi,1,macro image,1,,,,unavailable,
Z:\Brejtr\ActiveProjects\Microscopy\20251205\5_KONTROLA_29_Multichannel Z-Stack_20251205_138.vsi,5_KONTROLA_29_Multichannel Z-Stack_20251205_138.vsi,.vsi,0,"C488, C561, C640",31,,254.70161142647868,259.2016114264787,ome_plane_position_z,
Z:\Brejtr\ActiveProjects\Microscopy\20251205\5_KONTROLA_29_Multichannel Z-Stack_20251205_138.vsi,5_KONTROLA_29_Multichannel Z-Stack_20251205_138.vsi,.vsi,1,macro image,1,,,,unavailable,
Z:\Brejtr\ActiveProjects\Microscopy\20251205\5_KONTROLA_2_Multichannel Z-Stack_20251205_120.vsi,5_KONTROLA_2_Multichannel Z-Stack_20251205_120.vsi,.vsi,0,"C488, C561, C640",35,,229.1061893426113,234.20618934261128,ome_plane_position_z,
Z:\Brejtr\ActiveProjects\Microscopy\20251205\5_KONTROLA_2_Multichannel Z-Stack_20251205_120.vsi,5_KONTROLA_2_Multichannel Z-Stack_20251205_120.vsi,.vsi,1,macro image,1,,,,unavailable,
Z:\Brejtr\ActiveProjects\Microscopy\20251205\5_KONTROLA_30_Multichannel Z-Stack_20251205_139.vsi,5_KONTROLA_30_Multichannel Z-Stack_20251205_139.vsi,.vsi,0,"C488, C561, C640",22,,256.3568058353171,259.5068058353171,ome_plane_position_z,
Z:\Brejtr\ActiveProjects\Microscopy\20251205\5_KONTROLA_30_Multichannel Z-Stack_20251205_139.vsi,5_KONTROLA_30_Multichannel Z-Stack_20251205_139.vsi,.vsi,1,macro image,1,,,,unavailable,
Z:\Brejtr\ActiveProjects\Microscopy\20251205\5_KONTROLA_3_Multichannel Z-Stack_20251205_121.vsi,5_KONTROLA_3_Multichannel Z-Stack_20251205_121.vsi,.vsi,0,"C488, C561, C640",30,,231.35164194591957,235.70164194591956,ome_plane_position_z,
Z:\Brejtr\ActiveProjects\Microscopy\20251205\5_KONTROLA_3_Multichannel Z-Stack_20251205_121.vsi,5_KONTROLA_3_Multichannel Z-Stack_20251205_121.vsi,.vsi,1,macro image,1,,,,unavailable,
Z:\Brejtr\ActiveProjects\Microscopy\20251205\5_KONTROLA_4_Multichannel Z-Stack_20251205_122.vsi,5_KONTROLA_4_Multichannel Z-Stack_20251205_122.vsi,.vsi,0,"C488, C561, C640",29,,232.90553622657634,237.10553622657633,ome_plane_position_z,
Z:\Brejtr\ActiveProjects\Microscopy\20251205\5_KONTROLA_4_Multichannel Z-Stack_20251205_122.vsi,5_KONTROLA_4_Multichannel Z-Stack_20251205_122.vsi,.vsi,1,macro image,1,,,,unavailable,
Z:\Brejtr\ActiveProjects\Microscopy\20251205\5_KONTROLA_5_Multichannel Z-Stack_20251205_123.vsi,5_KONTROLA_5_Multichannel Z-Stack_20251205_123.vsi,.vsi,0,"C488, C561, C640",23,,235.2094305072331,238.5094305072331,ome_plane_position_z,
Z:\Brejtr\ActiveProjects\Microscopy\20251205\5_KONTROLA_5_Multichannel Z-Stack_20251205_123.vsi,5_KONTROLA_5_Multichannel Z-Stack_20251205_123.vsi,.vsi,1,macro image,1,,,,unavailable,
Z:\Brejtr\ActiveProjects\Microscopy\20251205\5_KONTROLA_6_Multichannel Z-Stack_20251205_124.vsi,5_KONTROLA_6_Multichannel Z-Stack_20251205_124.vsi,.vsi,0,"C488, C561, C640",29,,236.50683025086985,240.70683025086984,ome_plane_position_z,
Z:\Brejtr\ActiveProjects\Microscopy\20251205\5_KONTROLA_6_Multichannel Z-Stack_20251205_124.vsi,5_KONTROLA_6_Multichannel Z-Stack_20251205_124.vsi,.vsi,1,macro image,1,,,,unavailable,
Z:\Brejtr\ActiveProjects\Microscopy\20251205\5_KONTROLA_7_Multichannel Z-Stack_20251205_125.vsi,5_KONTROLA_7_Multichannel Z-Stack_20251205_125.vsi,.vsi,0,"C488, C561, C640",31,,238.70942440334497,243.20942440334497,ome_plane_position_z,
Z:\Brejtr\ActiveProjects\Microscopy\20251205\5_KONTROLA_7_Multichannel Z-Stack_20251205_125.vsi,5_KONTROLA_7_Multichannel Z-Stack_20251205_125.vsi,.vsi,1,macro image,1,,,,unavailable,
Z:\Brejtr\ActiveProjects\Microscopy\20251205\5_KONTROLA_8_Multichannel Z-Stack_20251205_126.vsi,5_KONTROLA_8_Multichannel Z-Stack_20251205_126.vsi,.vsi,0,"C488, C561, C640",30,,240.35487700665328,244.70487700665328,ome_plane_position_z,
Z:\Brejtr\ActiveProjects\Microscopy\20251205\5_KONTROLA_8_Multichannel Z-Stack_20251205_126.vsi,5_KONTROLA_8_Multichannel Z-Stack_20251205_126.vsi,.vsi,1,macro image,1,,,,unavailable,
Z:\Brejtr\ActiveProjects\Microscopy\20251205\5_KONTROLA_9_Multichannel Z-Stack_20251205_127.vsi,5_KONTROLA_9_Multichannel Z-Stack_20251205_127.vsi,.vsi,0,"C488, C561, C640",31,,242.7074711591284,247.2074711591284,ome_plane_position_z,
Z:\Brejtr\ActiveProjects\Microscopy\20251205\5_KONTROLA_9_Multichannel Z-Stack_20251205_127.vsi,5_KONTROLA_9_Multichannel Z-Stack_20251205_127.vsi,.vsi,1,macro image,1,,,,unavailable,
Z:\Brejtr\ActiveProjects\Microscopy\20251205\5_KONTROLA_WO_10_Multichannel Z-Stack_20251205_149.vsi,5_KONTROLA_WO_10_Multichannel Z-Stack_20251205_149.vsi,.vsi,0,"C488, C561, C640",23,,270.0015931148141,273.3015931148141,ome_plane_position_z,
Z:\Brejtr\ActiveProjects\Microscopy\20251205\5_KONTROLA_WO_10_Multichannel Z-Stack_20251205_149.vsi,5_KONTROLA_WO_10_Multichannel Z-Stack_20251205_149.vsi,.vsi,1,macro image,1,,,,unavailable,
Z:\Brejtr\ActiveProjects\Microscopy\20251205\5_KONTROLA_WO_11_Multichannel Z-Stack_20251205_150.vsi,5_KONTROLA_WO_11_Multichannel Z-Stack_20251205_150.vsi,.vsi,0,"C488, C561, C640",21,,272.4074345357993,275.4074345357993,ome_plane_position_z,
Z:\Brejtr\ActiveProjects\Microscopy\20251205\5_KONTROLA_WO_11_Multichannel Z-Stack_20251205_150.vsi,5_KONTROLA_WO_11_Multichannel Z-Stack_20251205_150.vsi,.vsi,1,macro image,1,,,,unavailable,
Z:\Brejtr\ActiveProjects\Microscopy\20251205\5_KONTROLA_WO_1_Multichannel Z-Stack_20251205_140.vsi,5_KONTROLA_WO_1_Multichannel Z-Stack_20251205_140.vsi,.vsi,0,"C488, C561, C640",24,,257.5522584386254,261.0022584386254,ome_plane_position_z,
Z:\Brejtr\ActiveProjects\Microscopy\20251205\5_KONTROLA_WO_1_Multichannel Z-Stack_20251205_140.vsi,5_KONTROLA_WO_1_Multichannel Z-Stack_20251205_140.vsi,.vsi,1,macro image,1,,,,unavailable,
Z:\Brejtr\ActiveProjects\Microscopy\20251205\5_KONTROLA_WO_2_Multichannel Z-Stack_20251205_141.vsi,5_KONTROLA_WO_2_Multichannel Z-Stack_20251205_141.vsi,.vsi,0,"C488, C561, C640",36,,260.05549960324726,265.30549960324726,ome_plane_position_z,
Z:\Brejtr\ActiveProjects\Microscopy\20251205\5_KONTROLA_WO_2_Multichannel Z-Stack_20251205_141.vsi,5_KONTROLA_WO_2_Multichannel Z-Stack_20251205_141.vsi,.vsi,1,macro image,1,,,,unavailable,
Z:\Brejtr\ActiveProjects\Microscopy\20251205\5_KONTROLA_WO_3_Multichannel Z-Stack_20251205_142.vsi,5_KONTROLA_WO_3_Multichannel Z-Stack_20251205_142.vsi,.vsi,0,"C488, C561, C640",16,,264.64251052920713,266.89251052920713,ome_plane_position_z,
Z:\Brejtr\ActiveProjects\Microscopy\20251205\5_KONTROLA_WO_3_Multichannel Z-Stack_20251205_142.vsi,5_KONTROLA_WO_3_Multichannel Z-Stack_20251205_142.vsi,.vsi,1,macro image,1,,,,unavailable,
Z:\Brejtr\ActiveProjects\Microscopy\20251205\5_KONTROLA_WO_4_Multichannel Z-Stack_20251205_143.vsi,5_KONTROLA_WO_4_Multichannel Z-Stack_20251205_143.vsi,.vsi,0,"C488, C561, C640",23,,266.0035463590307,269.3035463590307,ome_plane_position_z,
Z:\Brejtr\ActiveProjects\Microscopy\20251205\5_KONTROLA_WO_4_Multichannel Z-Stack_20251205_143.vsi,5_KONTROLA_WO_4_Multichannel Z-Stack_20251205_143.vsi,.vsi,1,macro image,1,,,,unavailable,
Z:\Brejtr\ActiveProjects\Microscopy\20251205\5_KONTROLA_WO_5_Multichannel Z-Stack_20251205_144.vsi,5_KONTROLA_WO_5_Multichannel Z-Stack_20251205_144.vsi,.vsi,0,"C488, C561, C640",26,,266.6522462308491,270.4022462308491,ome_plane_position_z,
Z:\Brejtr\ActiveProjects\Microscopy\20251205\5_KONTROLA_WO_5_Multichannel Z-Stack_20251205_144.vsi,5_KONTROLA_WO_5_Multichannel Z-Stack_20251205_144.vsi,.vsi,1,macro image,1,,,,unavailable,
Z:\Brejtr\ActiveProjects\Microscopy\20251205\5_KONTROLA_WO_6_Multichannel Z-Stack_20251205_145.vsi,5_KONTROLA_WO_6_Multichannel Z-Stack_20251205_145.vsi,.vsi,0,"C488, C561, C640",17,,265.59121040102553,267.9912104010255,ome_plane_position_z,
Z:\Brejtr\ActiveProjects\Microscopy\20251205\5_KONTROLA_WO_6_Multichannel Z-Stack_20251205_145.vsi,5_KONTROLA_WO_6_Multichannel Z-Stack_20251205_145.vsi,.vsi,1,macro image,1,,,,unavailable,
Z:\Brejtr\ActiveProjects\Microscopy\20251205\5_KONTROLA_WO_7_Multichannel Z-Stack_20251205_146.vsi,5_KONTROLA_WO_7_Multichannel Z-Stack_20251205_146.vsi,.vsi,0,"C488, C561, C640",23,,266.09510468168224,269.39510468168226,ome_plane_position_z,
Z:\Brejtr\ActiveProjects\Microscopy\20251205\5_KONTROLA_WO_7_Multichannel Z-Stack_20251205_146.vsi,5_KONTROLA_WO_7_Multichannel Z-Stack_20251205_146.vsi,.vsi,1,macro image,1,,,,unavailable,
Z:\Brejtr\ActiveProjects\Microscopy\20251205\5_KONTROLA_WO_8_Multichannel Z-Stack_20251205_147.vsi,5_KONTROLA_WO_8_Multichannel Z-Stack_20251205_147.vsi,.vsi,0,"C488, C561, C640",15,,268.39380455350056,270.49380455350064,ome_plane_position_z,
Z:\Brejtr\ActiveProjects\Microscopy\20251205\5_KONTROLA_WO_8_Multichannel Z-Stack_20251205_147.vsi,5_KONTROLA_WO_8_Multichannel Z-Stack_20251205_147.vsi,.vsi,1,macro image,1,,,,unavailable,
Z:\Brejtr\ActiveProjects\Microscopy\20251205\5_KONTROLA_WO_9_Multichannel Z-Stack_20251205_148.vsi,5_KONTROLA_WO_9_Multichannel Z-Stack_20251205_148.vsi,.vsi,0,"C488, C561, C640",23,,268.59769883415737,271.8976988341574,ome_plane_position_z,
Z:\Brejtr\ActiveProjects\Microscopy\20251205\5_KONTROLA_WO_9_Multichannel Z-Stack_20251205_148.vsi,5_KONTROLA_WO_9_Multichannel Z-Stack_20251205_148.vsi,.vsi,1,macro image,1,,,,unavailable,
Z:\Brejtr\ActiveProjects\Microscopy\20251205\5_LITHIUM_1uM_24hod_1_Multichannel Z-Stack_20251205_206.vsi,5_LITHIUM_1uM_24hod_1_Multichannel Z-Stack_20251205_206.vsi,.vsi,0,"C488, C561, C640",72,,342.8566837575536,353.50668375755356,ome_plane_position_z,
Z:\Brejtr\ActiveProjects\Microscopy\20251205\5_LITHIUM_1uM_24hod_1_Multichannel Z-Stack_20251205_206.vsi,5_LITHIUM_1uM_24hod_1_Multichannel Z-Stack_20251205_206.vsi,.vsi,1,macro image,1,,,,unavailable,
Z:\Brejtr\ActiveProjects\Microscopy\20251205\5_LITHIUM_1uM_24hod_2_Multichannel Z-Stack_20251205_207.vsi,5_LITHIUM_1uM_24hod_2_Multichannel Z-Stack_20251205_207.vsi,.vsi,0,"C488, C561, C640",73,,346.704730513337,357.504730513337,ome_plane_position_z,
Z:\Brejtr\ActiveProjects\Microscopy\20251205\5_LITHIUM_1uM_24hod_2_Multichannel Z-Stack_20251205_207.vsi,5_LITHIUM_1uM_24hod_2_Multichannel Z-Stack_20251205_207.vsi,.vsi,1,macro image,1,,,,unavailable,
Z:\Brejtr\ActiveProjects\Microscopy\20251205\5_LITHIUM_1uM_24hod_3_Multichannel Z-Stack_20251205_208.vsi,5_LITHIUM_1uM_24hod_3_Multichannel Z-Stack_20251205_208.vsi,.vsi,0,"C488, C561, C640",87,,350.8001770127572,363.7001770127572,ome_plane_position_z,
Z:\Brejtr\ActiveProjects\Microscopy\20251205\5_LITHIUM_1uM_24hod_3_Multichannel Z-Stack_20251205_208.vsi,5_LITHIUM_1uM_24hod_3_Multichannel Z-Stack_20251205_208.vsi,.vsi,1,macro image,1,,,,unavailable,
Z:\Brejtr\ActiveProjects\Microscopy\20251205\5_PSI1h10uM_WO_24hod_10_Multichannel Z-Stack_20251205_172.vsi,5_PSI1h10uM_WO_24hod_10_Multichannel Z-Stack_20251205_172.vsi,.vsi,0,"C488, C561, C640",45,,323.8034670084844,330.4034670084844,ome_plane_position_z,
Z:\Brejtr\ActiveProjects\Microscopy\20251205\5_PSI1h10uM_WO_24hod_10_Multichannel Z-Stack_20251205_172.vsi,5_PSI1h10uM_WO_24hod_10_Multichannel Z-Stack_20251205_172.vsi,.vsi,1,macro image,1,,,,unavailable,
Z:\Brejtr\ActiveProjects\Microscopy\20251205\5_PSI1h10uM_WO_24hod_1_Multichannel Z-Stack_20251205_162.vsi,5_PSI1h10uM_WO_24hod_1_Multichannel Z-Stack_20251205_162.vsi,.vsi,0,"C488, C561, C640",21,,304.60544466825365,307.60544466825365,ome_plane_position_z,
Z:\Brejtr\ActiveProjects\Microscopy\20251205\5_PSI1h10uM_WO_24hod_1_Multichannel Z-Stack_20251205_162.vsi,5_PSI1h10uM_WO_24hod_1_Multichannel Z-Stack_20251205_162.vsi,.vsi,1,macro image,1,,,,unavailable,
Z:\Brejtr\ActiveProjects\Microscopy\20251205\5_PSI1h10uM_WO_24hod_2_Multichannel Z-Stack_20251205_163.vsi,5_PSI1h10uM_WO_24hod_2_Multichannel Z-Stack_20251205_163.vsi,.vsi,0,"C488, C561, C640",36,,303.85089727156196,309.10089727156196,ome_plane_position_z,
Z:\Brejtr\ActiveProjects\Microscopy\20251205\5_PSI1h10uM_WO_24hod_2_Multichannel Z-Stack_20251205_163.vsi,5_PSI1h10uM_WO_24hod_2_Multichannel Z-Stack_20251205_163.vsi,.vsi,1,macro image,1,,,,unavailable,
Z:\Brejtr\ActiveProjects\Microscopy\20251205\5_PSI1h10uM_WO_24hod_3_Multichannel Z-Stack_20251205_164.vsi,5_PSI1h10uM_WO_24hod_3_Multichannel Z-Stack_20251205_164.vsi,.vsi,0,"C488, C561, C640",21,,307.50479155221876,310.50479155221876,ome_plane_position_z,
Z:\Brejtr\ActiveProjects\Microscopy\20251205\5_PSI1h10uM_WO_24hod_3_Multichannel Z-Stack_20251205_164.vsi,5_PSI1h10uM_WO_24hod_3_Multichannel Z-Stack_20251205_164.vsi,.vsi,1,macro image,1,,,,unavailable,
Z:\Brejtr\ActiveProjects\Microscopy\20251205\5_PSI1h10uM_WO_24hod_4_Multichannel Z-Stack_20251205_165.vsi,5_PSI1h10uM_WO_24hod_4_Multichannel Z-Stack_20251205_165.vsi,.vsi,0,"C488, C561, C640",30,,307.650244155527,312.00024415552707,ome_plane_position_z,
Z:\Brejtr\ActiveProjects\Microscopy\20251205\5_PSI1h10uM_WO_24hod_4_Multichannel Z-Stack_20251205_165.vsi,5_PSI1h10uM_WO_24hod_4_Multichannel Z-Stack_20251205_165.vsi,.vsi,1,macro image,1,,,,unavailable,
Z:\Brejtr\ActiveProjects\Microscopy\20251205\5_PSI1h10uM_WO_24hod_5_Multichannel Z-Stack_20251205_166.vsi,5_PSI1h10uM_WO_24hod_5_Multichannel Z-Stack_20251205_166.vsi,.vsi,0,"C488, C561, C640",30,,309.05413843618385,313.40413843618387,ome_plane_position_z,
Z:\Brejtr\ActiveProjects\Microscopy\20251205\5_PSI1h10uM_WO_24hod_5_Multichannel Z-Stack_20251205_166.vsi,5_PSI1h10uM_WO_24hod_5_Multichannel Z-Stack_20251205_166.vsi,.vsi,1,macro image,1,,,,unavailable,
Z:\Brejtr\ActiveProjects\Microscopy\20251205\5_PSI1h10uM_WO_24hod_6_Multichannel Z-Stack_20251205_167.vsi,5_PSI1h10uM_WO_24hod_6_Multichannel Z-Stack_20251205_167.vsi,.vsi,0,"C488, C561, C640",57,,309.70413233229567,318.10413233229565,ome_plane_position_z,
Z:\Brejtr\ActiveProjects\Microscopy\20251205\5_PSI1h10uM_WO_24hod_6_Multichannel Z-Stack_20251205_167.vsi,5_PSI1h10uM_WO_24hod_6_Multichannel Z-Stack_20251205_167.vsi,.vsi,1,macro image,1,,,,unavailable,
Z:\Brejtr\ActiveProjects\Microscopy\20251205\5_PSI1h10uM_WO_24hod_7_Multichannel Z-Stack_20251205_168.vsi,5_PSI1h10uM_WO_24hod_7_Multichannel Z-Stack_20251205_168.vsi,.vsi,0,"C488, C561, C640",51,,312.40477934444243,319.90477934444243,ome_plane_position_z,
Z:\Brejtr\ActiveProjects\Microscopy\20251205\5_PSI1h10uM_WO_24hod_7_Multichannel Z-Stack_20251205_168.vsi,5_PSI1h10uM_WO_24hod_7_Multichannel Z-Stack_20251205_168.vsi,.vsi,1,macro image,1,,,,unavailable,
Z:\Brejtr\ActiveProjects\Microscopy\20251205\5_PSI1h10uM_WO_24hod_8_Multichannel Z-Stack_20251205_169.vsi,5_PSI1h10uM_WO_24hod_8_Multichannel Z-Stack_20251205_169.vsi,.vsi,0,"C488, C561, C640",73,,313.10282610022585,323.90282610022587,ome_plane_position_z,
Z:\Brejtr\ActiveProjects\Microscopy\20251205\5_PSI1h10uM_WO_24hod_8_Multichannel Z-Stack_20251205_169.vsi,5_PSI1h10uM_WO_24hod_8_Multichannel Z-Stack_20251205_169.vsi,.vsi,1,macro image,1,,,,unavailable,
Z:\Brejtr\ActiveProjects\Microscopy\20251205\5_PSI1h10uM_WO_24hod_9_Multichannel Z-Stack_20251205_170.vsi,5_PSI1h10uM_WO_24hod_9_Multichannel Z-Stack_20251205_170.vsi,.vsi,0,"C488, C561, C640",33,,322.0021729841909,326.8021729841909,ome_plane_position_z,
Z:\Brejtr\ActiveProjects\Microscopy\20251205\5_PSI1h10uM_WO_24hod_9_Multichannel Z-Stack_20251205_170.vsi,5_PSI1h10uM_WO_24hod_9_Multichannel Z-Stack_20251205_170.vsi,.vsi,1,macro image,1,,,,unavailable,
Z:\Brejtr\ActiveProjects\Microscopy\20251205\5_PSI1h10uM_WO_24hod_9_Multichannel Z-Stack_20251205_171.vsi,5_PSI1h10uM_WO_24hod_9_Multichannel Z-Stack_20251205_171.vsi,.vsi,0,"C488, C561, C640",103,,313.30281999633763,328.60281999633764,ome_plane_position_z,
Z:\Brejtr\ActiveProjects\Microscopy\20251205\5_PSI1h10uM_WO_24hod_9_Multichannel Z-Stack_20251205_171.vsi,5_PSI1h10uM_WO_24hod_9_Multichannel Z-Stack_20251205_171.vsi,.vsi,1,macro image,1,,,,unavailable,
Z:\Brejtr\ActiveProjects\Microscopy\20251205\5_PSI1h1uM_WO_10_Multichannel Z-Stack_20251205_161.vsi,5_PSI1h1uM_WO_10_Multichannel Z-Stack_20251205_161.vsi,.vsi,0,"C488, C561, C640",65,,296.6015503875969,306.2015503875969,ome_plane_position_z,
Z:\Brejtr\ActiveProjects\Microscopy\20251205\5_PSI1h1uM_WO_10_Multichannel Z-Stack_20251205_161.vsi,5_PSI1h1uM_WO_10_Multichannel Z-Stack_20251205_161.vsi,.vsi,1,macro image,1,,,,unavailable,
Z:\Brejtr\ActiveProjects\Microscopy\20251205\5_PSI1h1uM_WO_1_Multichannel Z-Stack_20251205_151.vsi,5_PSI1h1uM_WO_1_Multichannel Z-Stack_20251205_151.vsi,.vsi,0,"C488, C561, C640",29,,272.3061344076177,276.5061344076177,ome_plane_position_z,
Z:\Brejtr\ActiveProjects\Microscopy\20251205\5_PSI1h1uM_WO_1_Multichannel Z-Stack_20251205_151.vsi,5_PSI1h1uM_WO_1_Multichannel Z-Stack_20251205_151.vsi,.vsi,1,macro image,1,,,,unavailable,
Z:\Brejtr\ActiveProjects\Microscopy\20251205\5_PSI1h1uM_WO_2_Multichannel Z-Stack_20251205_152.vsi,5_PSI1h1uM_WO_2_Multichannel Z-Stack_20251205_152.vsi,.vsi,0,"C488, C561, C640",37,,273.7002868827443,279.1002868827443,ome_plane_position_z,
Z:\Brejtr\ActiveProjects\Microscopy\20251205\5_PSI1h1uM_WO_2_Multichannel Z-Stack_20251205_152.vsi,5_PSI1h1uM_WO_2_Multichannel Z-Stack_20251205_152.vsi,.vsi,1,macro image,1,,,,unavailable,
Z:\Brejtr\ActiveProjects\Microscopy\20251205\5_PSI1h1uM_WO_2_Multichannel Z-Stack_20251205_153.vsi,5_PSI1h1uM_WO_2_Multichannel Z-Stack_20251205_153.vsi,.vsi,0,"C488, C561, C640",45,,276.10158090703777,282.7015809070378,ome_plane_position_z,
Z:\Brejtr\ActiveProjects\Microscopy\20251205\5_PSI1h1uM_WO_2_Multichannel Z-Stack_20251205_153.vsi,5_PSI1h1uM_WO_2_Multichannel Z-Stack_20251205_153.vsi,.vsi,1,macro image,1,,,,unavailable,
Z:\Brejtr\ActiveProjects\Microscopy\20251205\5_PSI1h1uM_WO_3_Multichannel Z-Stack_20251205_154.vsi,5_PSI1h1uM_WO_3_Multichannel Z-Stack_20251205_154.vsi,.vsi,0,"C488, C561, C640",37,,279.804175059513,285.2041750595129,ome_plane_position_z,
Z:\Brejtr\ActiveProjects\Microscopy\20251205\5_PSI1h1uM_WO_3_Multichannel Z-Stack_20251205_154.vsi,5_PSI1h1uM_WO_3_Multichannel Z-Stack_20251205_154.vsi,.vsi,1,macro image,1,,,,unavailable,
Z:\Brejtr\ActiveProjects\Microscopy\20251205\5_PSI1h1uM_WO_4_Multichannel Z-Stack_20251205_155.vsi,5_PSI1h1uM_WO_4_Multichannel Z-Stack_20251205_155.vsi,.vsi,0,"C488, C561, C640",36,,283.5554690838064,288.8054690838064,ome_plane_position_z,
Z:\Brejtr\ActiveProjects\Microscopy\20251205\5_PSI1h1uM_WO_4_Multichannel Z-Stack_20251205_155.vsi,5_PSI1h1uM_WO_4_Multichannel Z-Stack_20251205_155.vsi,.vsi,1,macro image,1,,,,unavailable,
Z:\Brejtr\ActiveProjects\Microscopy\20251205\5_PSI1h1uM_WO_5_Multichannel Z-Stack_20251205_156.vsi,5_PSI1h1uM_WO_5_Multichannel Z-Stack_20251205_156.vsi,.vsi,0,"C488, C561, C640",43,,286.10676310809987,292.4067631080999,ome_plane_position_z,
Z:\Brejtr\ActiveProjects\Microscopy\20251205\5_PSI1h1uM_WO_5_Multichannel Z-Stack_20251205_156.vsi,5_PSI1h1uM_WO_5_Multichannel Z-Stack_20251205_156.vsi,.vsi,1,macro image,1,,,,unavailable,
Z:\Brejtr\ActiveProjects\Microscopy\20251205\5_PSI1h1uM_WO_6_Multichannel Z-Stack_20251205_157.vsi,5_PSI1h1uM_WO_6_Multichannel Z-Stack_20251205_157.vsi,.vsi,0,"C488, C561, C640",38,,287.5587102484282,293.1087102484282,ome_plane_position_z,
Z:\Brejtr\ActiveProjects\Microscopy\20251205\5_PSI1h1uM_WO_6_Multichannel Z-Stack_20251205_157.vsi,5_PSI1h1uM_WO_6_Multichannel Z-Stack_20251205_157.vsi,.vsi,1,macro image,1,,,,unavailable,
Z:\Brejtr\ActiveProjects\Microscopy\20251205\5_PSI1h1uM_WO_7_Multichannel Z-Stack_20251205_158.vsi,5_PSI1h1uM_WO_7_Multichannel Z-Stack_20251205_158.vsi,.vsi,0,"C488, C561, C640",59,,290.20740401635845,298.90740401635844,ome_plane_position_z,
Z:\Brejtr\ActiveProjects\Microscopy\20251205\5_PSI1h1uM_WO_7_Multichannel Z-Stack_20251205_158.vsi,5_PSI1h1uM_WO_7_Multichannel Z-Stack_20251205_158.vsi,.vsi,1,macro image,1,,,,unavailable,
Z:\Brejtr\ActiveProjects\Microscopy\20251205\5_PSI1h1uM_WO_8_Multichannel Z-Stack_20251205_159.vsi,5_PSI1h1uM_WO_8_Multichannel Z-Stack_20251205_159.vsi,.vsi,0,"C488, C561, C640",23,,298.10999816883356,301.40999816883357,ome_plane_position_z,
Z:\Brejtr\ActiveProjects\Microscopy\20251205\5_PSI1h1uM_WO_8_Multichannel Z-Stack_20251205_159.vsi,5_PSI1h1uM_WO_8_Multichannel Z-Stack_20251205_159.vsi,.vsi,1,macro image,1,,,,unavailable,
Z:\Brejtr\ActiveProjects\Microscopy\20251205\5_PSI1h1uM_WO_9_Multichannel Z-Stack_20251205_160.vsi,5_PSI1h1uM_WO_9_Multichannel Z-Stack_20251205_160.vsi,.vsi,0,"C488, C561, C640",30,,300.05090337545016,304.4009033754502,ome_plane_position_z,
Z:\Brejtr\ActiveProjects\Microscopy\20251205\5_PSI1h1uM_WO_9_Multichannel Z-Stack_20251205_160.vsi,5_PSI1h1uM_WO_9_Multichannel Z-Stack_20251205_160.vsi,.vsi,1,macro image,1,,,,unavailable,
Z:\Brejtr\ActiveProjects\Microscopy\20251205\5_PSI_01uM_24hod_10_Multichannel Z-Stack_20251205_183.vsi,5_PSI_01uM_24hod_10_Multichannel Z-Stack_20251205_183.vsi,.vsi,0,"C488, C561, C640",36,,272.354834279436,277.604834279436,ome_plane_position_z,
Z:\Brejtr\ActiveProjects\Microscopy\20251205\5_PSI_01uM_24hod_10_Multichannel Z-Stack_20251205_183.vsi,5_PSI_01uM_24hod_10_Multichannel Z-Stack_20251205_183.vsi,.vsi,1,macro image,1,,,,unavailable,
Z:\Brejtr\ActiveProjects\Microscopy\20251205\5_PSI_01uM_24hod_1_Multichannel Z-Stack_20251205_173.vsi,5_PSI_01uM_24hod_1_Multichannel Z-Stack_20251205_173.vsi,.vsi,0,"C488, C561, C640",30,,248.2594121955686,252.60941219556858,ome_plane_position_z,
Z:\Brejtr\ActiveProjects\Microscopy\20251205\5_PSI_01uM_24hod_1_Multichannel Z-Stack_20251205_173.vsi,5_PSI_01uM_24hod_1_Multichannel Z-Stack_20251205_173.vsi,.vsi,1,macro image,1,,,,unavailable,
Z:\Brejtr\ActiveProjects\Microscopy\20251205\5_PSI_01uM_24hod_2_Multichannel Z-Stack_20251205_174.vsi,5_PSI_01uM_24hod_2_Multichannel Z-Stack_20251205_174.vsi,.vsi,0,"C488, C561, C640",19,,251.80161753036685,254.50161753036684,ome_plane_position_z,
Z:\Brejtr\ActiveProjects\Microscopy\20251205\5_PSI_01uM_24hod_2_Multichannel Z-Stack_20251205_174.vsi,5_PSI_01uM_24hod_2_Multichannel Z-Stack_20251205_174.vsi,.vsi,1,macro image,1,,,,unavailable,
Z:\Brejtr\ActiveProjects\Microscopy\20251205\5_PSI_01uM_24hod_3_Multichannel Z-Stack_20251205_175.vsi,5_PSI_01uM_24hod_3_Multichannel Z-Stack_20251205_175.vsi,.vsi,0,"C488, C561, C640",29,,253.9029115546603,258.1029115546603,ome_plane_position_z,
Z:\Brejtr\ActiveProjects\Microscopy\20251205\5_PSI_01uM_24hod_3_Multichannel Z-Stack_20251205_175.vsi,5_PSI_01uM_24hod_3_Multichannel Z-Stack_20251205_175.vsi,.vsi,1,macro image,1,,,,unavailable,
Z:\Brejtr\ActiveProjects\Microscopy\20251205\5_PSI_01uM_24hod_4_Multichannel Z-Stack_20251205_176.vsi,5_PSI_01uM_24hod_4_Multichannel Z-Stack_20251205_176.vsi,.vsi,0,"C488, C561, C640",29,,255.3068058353171,259.5068058353171,ome_plane_position_z,
Z:\Brejtr\ActiveProjects\Microscopy\20251205\5_PSI_01uM_24hod_4_Multichannel Z-Stack_20251205_176.vsi,5_PSI_01uM_24hod_4_Multichannel Z-Stack_20251205_176.vsi,.vsi,1,macro image,1,,,,unavailable,
Z:\Brejtr\ActiveProjects\Microscopy\20251205\5_PSI_01uM_24hod_5_Multichannel Z-Stack_20251205_177.vsi,5_PSI_01uM_24hod_5_Multichannel Z-Stack_20251205_177.vsi,.vsi,0,"C488, C561, C640",37,,256.70095831044375,262.10095831044373,ome_plane_position_z,
Z:\Brejtr\ActiveProjects\Microscopy\20251205\5_PSI_01uM_24hod_5_Multichannel Z-Stack_20251205_177.vsi,5_PSI_01uM_24hod_5_Multichannel Z-Stack_20251205_177.vsi,.vsi,1,macro image,1,,,,unavailable,
Z:\Brejtr\ActiveProjects\Microscopy\20251205\5_PSI_01uM_24hod_6_Multichannel Z-Stack_20251205_178.vsi,5_PSI_01uM_24hod_6_Multichannel Z-Stack_20251205_178.vsi,.vsi,0,"C488, C561, C640",35,,260.20549960324723,265.30549960324726,ome_plane_position_z,
Z:\Brejtr\ActiveProjects\Microscopy\20251205\5_PSI_01uM_24hod_6_Multichannel Z-Stack_20251205_178.vsi,5_PSI_01uM_24hod_6_Multichannel Z-Stack_20251205_178.vsi,.vsi,1,macro image,1,,,,unavailable,
Z:\Brejtr\ActiveProjects\Microscopy\20251205\5_PSI_01uM_24hod_7_Multichannel Z-Stack_20251205_179.vsi,5_PSI_01uM_24hod_7_Multichannel Z-Stack_20251205_179.vsi,.vsi,0,"C488, C561, C640",23,,264.50809375572237,267.8080937557224,ome_plane_position_z,
Z:\Brejtr\ActiveProjects\Microscopy\20251205\5_PSI_01uM_24hod_7_Multichannel Z-Stack_20251205_179.vsi,5_PSI_01uM_24hod_7_Multichannel Z-Stack_20251205_179.vsi,.vsi,1,macro image,1,,,,unavailable,
Z:\Brejtr\ActiveProjects\Microscopy\20251205\5_PSI_01uM_24hod_7_Multichannel Z-Stack_20251205_180.vsi,5_PSI_01uM_24hod_7_Multichannel Z-Stack_20251205_180.vsi,.vsi,0,"C488, C561, C640",36,,265.8541933711774,271.1041933711774,ome_plane_position_z,
Z:\Brejtr\ActiveProjects\Microscopy\20251205\5_PSI_01uM_24hod_7_Multichannel Z-Stack_20251205_180.vsi,5_PSI_01uM_24hod_7_Multichannel Z-Stack_20251205_180.vsi,.vsi,1,macro image,1,,,,unavailable,
Z:\Brejtr\ActiveProjects\Microscopy\20251205\5_PSI_01uM_24hod_8_Multichannel Z-Stack_20251205_181.vsi,5_PSI_01uM_24hod_8_Multichannel Z-Stack_20251205_181.vsi,.vsi,0,"C488, C561, C640",43,,267.30678752365253,273.60678752365254,ome_plane_position_z,
Z:\Brejtr\ActiveProjects\Microscopy\20251205\5_PSI_01uM_24hod_8_Multichannel Z-Stack_20251205_181.vsi,5_PSI_01uM_24hod_8_Multichannel Z-Stack_20251205_181.vsi,.vsi,1,macro image,1,,,,unavailable,
Z:\Brejtr\ActiveProjects\Microscopy\20251205\5_PSI_01uM_24hod_9_Multichannel Z-Stack_20251205_182.vsi,5_PSI_01uM_24hod_9_Multichannel Z-Stack_20251205_182.vsi,.vsi,0,"C488, C561, C640",31,,271.70093999877923,276.20093999877923,ome_plane_position_z,
Z:\Brejtr\ActiveProjects\Microscopy\20251205\5_PSI_01uM_24hod_9_Multichannel Z-Stack_20251205_182.vsi,5_PSI_01uM_24hod_9_Multichannel Z-Stack_20251205_182.vsi,.vsi,1,macro image,1,,,,unavailable,
Z:\Brejtr\ActiveProjects\Microscopy\20251205\5_PSI_10uM_24hod_10_Multichannel Z-Stack_20251205_205.vsi,5_PSI_10uM_24hod_10_Multichannel Z-Stack_20251205_205.vsi,.vsi,0,"C488, C561, C640",44,,341.25798998962347,347.70798998962346,ome_plane_position_z,
Z:\Brejtr\ActiveProjects\Microscopy\20251205\5_PSI_10uM_24hod_10_Multichannel Z-Stack_20251205_205.vsi,5_PSI_10uM_24hod_10_Multichannel Z-Stack_20251205_205.vsi,.vsi,1,macro image,1,,,,unavailable,
Z:\Brejtr\ActiveProjects\Microscopy\20251205\5_PSI_10uM_24hod_1_Multichannel Z-Stack_20251205_194.vsi,5_PSI_10uM_24hod_1_Multichannel Z-Stack_20251205_194.vsi,.vsi,0,"C488, C561, C640",15,,309.10673869254714,311.20673869254716,ome_plane_position_z,
Z:\Brejtr\ActiveProjects\Microscopy\20251205\5_PSI_10uM_24hod_1_Multichannel Z-Stack_20251205_194.vsi,5_PSI_10uM_24hod_1_Multichannel Z-Stack_20251205_194.vsi,.vsi,1,macro image,1,,,,unavailable,
Z:\Brejtr\ActiveProjects\Microscopy\20251205\5_PSI_10uM_24hod_1A_Multichannel Z-Stack_20251205_195.vsi,5_PSI_10uM_24hod_1A_Multichannel Z-Stack_20251205_195.vsi,.vsi,0,"C488, C561, C640",79,,302.4060855765122,314.1060855765122,ome_plane_position_z,
Z:\Brejtr\ActiveProjects\Microscopy\20251205\5_PSI_10uM_24hod_1A_Multichannel Z-Stack_20251205_195.vsi,5_PSI_10uM_24hod_1A_Multichannel Z-Stack_20251205_195.vsi,.vsi,1,macro image,1,,,,unavailable,
Z:\Brejtr\ActiveProjects\Microscopy\20251205\5_PSI_10uM_24hod_2A_Multichannel Z-Stack_20251205_196.vsi,5_PSI_10uM_24hod_2A_Multichannel Z-Stack_20251205_196.vsi,.vsi,0,"C488, C561, C640",66,,308.35413233229565,318.10413233229565,ome_plane_position_z,
Z:\Brejtr\ActiveProjects\Microscopy\20251205\5_PSI_10uM_24hod_2A_Multichannel Z-Stack_20251205_196.vsi,5_PSI_10uM_24hod_2A_Multichannel Z-Stack_20251205_196.vsi,.vsi,1,macro image,1,,,,unavailable,
Z:\Brejtr\ActiveProjects\Microscopy\20251205\5_PSI_10uM_24hod_3A_Multichannel Z-Stack_20251205_197.vsi,5_PSI_10uM_24hod_3A_Multichannel Z-Stack_20251205_197.vsi,.vsi,0,"C488, C561, C640",58,,312.85023194775073,321.40023194775074,ome_plane_position_z,
Z:\Brejtr\ActiveProjects\Microscopy\20251205\5_PSI_10uM_24hod_3A_Multichannel Z-Stack_20251205_197.vsi,5_PSI_10uM_24hod_3A_Multichannel Z-Stack_20251205_197.vsi,.vsi,1,macro image,1,,,,unavailable,
Z:\Brejtr\ActiveProjects\Microscopy\20251205\5_PSI_10uM_24hod_4_Multichannel Z-Stack_20251205_198.vsi,5_PSI_10uM_24hod_4_Multichannel Z-Stack_20251205_198.vsi,.vsi,0,"C488, C561, C640",51,,316.40282610022587,323.90282610022587,ome_plane_position_z,
Z:\Brejtr\ActiveProjects\Microscopy\20251205\5_PSI_10uM_24hod_4_Multichannel Z-Stack_20251205_198.vsi,5_PSI_10uM_24hod_4_Multichannel Z-Stack_20251205_198.vsi,.vsi,1,macro image,1,,,,unavailable,
Z:\Brejtr\ActiveProjects\Microscopy\20251205\5_PSI_10uM_24hod_5_Multichannel Z-Stack_20251205_199.vsi,5_PSI_10uM_24hod_5_Multichannel Z-Stack_20251205_199.vsi,.vsi,0,"C488, C561, C640",50,,320.15412012451924,327.5041201245193,ome_plane_position_z,
Z:\Brejtr\ActiveProjects\Microscopy\20251205\5_PSI_10uM_24hod_5_Multichannel Z-Stack_20251205_199.vsi,5_PSI_10uM_24hod_5_Multichannel Z-Stack_20251205_199.vsi,.vsi,1,macro image,1,,,,unavailable,
Z:\Brejtr\ActiveProjects\Microscopy\20251205\5_PSI_10uM_24hod_6_Multichannel Z-Stack_20251205_200.vsi,5_PSI_10uM_24hod_6_Multichannel Z-Stack_20251205_200.vsi,.vsi,0,"C488, C561, C640",53,,323.7021668803027,331.50216688030275,ome_plane_position_z,
Z:\Brejtr\ActiveProjects\Microscopy\20251205\5_PSI_10uM_24hod_6_Multichannel Z-Stack_20251205_200.vsi,5_PSI_10uM_24hod_6_Multichannel Z-Stack_20251205_200.vsi,.vsi,1,macro image,1,,,,unavailable,
Z:\Brejtr\ActiveProjects\Microscopy\20251205\5_PSI_10uM_24hod_6_Multichannel Z-Stack_20251205_201.vsi,5_PSI_10uM_24hod_6_Multichannel Z-Stack_20251205_201.vsi,.vsi,0,"C488, C561, C640",44,,328.6534609045962,335.1034609045962,ome_plane_position_z,
Z:\Brejtr\ActiveProjects\Microscopy\20251205\5_PSI_10uM_24hod_6_Multichannel Z-Stack_20251205_201.vsi,5_PSI_10uM_24hod_6_Multichannel Z-Stack_20251205_201.vsi,.vsi,1,macro image,1,,,,unavailable,
Z:\Brejtr\ActiveProjects\Microscopy\20251205\5_PSI_10uM_24hod_7_Multichannel Z-Stack_20251205_202.vsi,5_PSI_10uM_24hod_7_Multichannel Z-Stack_20251205_202.vsi,.vsi,0,"C488, C561, C640",51,,329.404107916743,336.904107916743,ome_plane_position_z,
Z:\Brejtr\ActiveProjects\Microscopy\20251205\5_PSI_10uM_24hod_7_Multichannel Z-Stack_20251205_202.vsi,5_PSI_10uM_24hod_7_Multichannel Z-Stack_20251205_202.vsi,.vsi,1,macro image,1,,,,unavailable,
Z:\Brejtr\ActiveProjects\Microscopy\20251205\5_PSI_10uM_24hod_8_Multichannel Z-Stack_20251205_203.vsi,5_PSI_10uM_24hod_8_Multichannel Z-Stack_20251205_203.vsi,.vsi,0,"C488, C561, C640",73,,330.1021546725264,340.9021546725264,ome_plane_position_z,
Z:\Brejtr\ActiveProjects\Microscopy\20251205\5_PSI_10uM_24hod_8_Multichannel Z-Stack_20251205_203.vsi,5_PSI_10uM_24hod_8_Multichannel Z-Stack_20251205_203.vsi,.vsi,1,macro image,1,,,,unavailable,
Z:\Brejtr\ActiveProjects\Microscopy\20251205\5_PSI_10uM_24hod_9_Multichannel Z-Stack_20251205_204.vsi,5_PSI_10uM_24hod_9_Multichannel Z-Stack_20251205_204.vsi,.vsi,0,"C488, C561, C640",66,,334.3566959653299,344.1066959653299,ome_plane_position_z,
Z:\Brejtr\ActiveProjects\Microscopy\20251205\5_PSI_10uM_24hod_9_Multichannel Z-Stack_20251205_204.vsi,5_PSI_10uM_24hod_9_Multichannel Z-Stack_20251205_204.vsi,.vsi,1,macro image,1,,,,unavailable,
Z:\Brejtr\ActiveProjects\Microscopy\20251205\5_PSI_1uM_24hod_10_Multichannel Z-Stack_20251205_193.vsi,5_PSI_1uM_24hod_10_Multichannel Z-Stack_20251205_193.vsi,.vsi,0,"C488, C561, C640",37,,300.801550387597,306.2015503875969,ome_plane_position_z,
Z:\Brejtr\ActiveProjects\Microscopy\20251205\5_PSI_1uM_24hod_10_Multichannel Z-Stack_20251205_193.vsi,5_PSI_1uM_24hod_10_Multichannel Z-Stack_20251205_193.vsi,.vsi,1,macro image,1,,,,unavailable,
Z:\Brejtr\ActiveProjects\Microscopy\20251205\5_PSI_1uM_24hod_1_Multichannel Z-Stack_20251205_184.vsi,5_PSI_1uM_24hod_1_Multichannel Z-Stack_20251205_184.vsi,.vsi,0,"C488, C561, C640",37,,274.7074284319111,280.1074284319111,ome_plane_position_z,
Z:\Brejtr\ActiveProjects\Microscopy\20251205\5_PSI_1uM_24hod_1_Multichannel Z-Stack_20251205_184.vsi,5_PSI_1uM_24hod_1_Multichannel Z-Stack_20251205_184.vsi,.vsi,1,macro image,1,,,,unavailable,
Z:\Brejtr\ActiveProjects\Microscopy\20251205\5_PSI_1uM_24hod_2_Multichannel Z-Stack_20251205_185.vsi,5_PSI_1uM_24hod_2_Multichannel Z-Stack_20251205_185.vsi,.vsi,0,"C488, C561, C640",50,,275.35158090703777,282.7015809070378,ome_plane_position_z,
Z:\Brejtr\ActiveProjects\Microscopy\20251205\5_PSI_1uM_24hod_2_Multichannel Z-Stack_20251205_185.vsi,5_PSI_1uM_24hod_2_Multichannel Z-Stack_20251205_185.vsi,.vsi,1,macro image,1,,,,unavailable,
Z:\Brejtr\ActiveProjects\Microscopy\20251205\5_PSI_1uM_24hod_3_Multichannel Z-Stack_20251205_186.vsi,5_PSI_1uM_24hod_3_Multichannel Z-Stack_20251205_186.vsi,.vsi,0,"C488, C561, C640",38,,280.75287493133123,286.30287493133125,ome_plane_position_z,
Z:\Brejtr\ActiveProjects\Microscopy\20251205\5_PSI_1uM_24hod_3_Multichannel Z-Stack_20251205_186.vsi,5_PSI_1uM_24hod_3_Multichannel Z-Stack_20251205_186.vsi,.vsi,1,macro image,1,,,,unavailable,
Z:\Brejtr\ActiveProjects\Microscopy\20251205\5_PSI_1uM_24hod_4_Multichannel Z-Stack_20251205_187.vsi,5_PSI_1uM_24hod_4_Multichannel Z-Stack_20251205_187.vsi,.vsi,0,"C488, C561, C640",44,,283.45416895562477,289.90416895562475,ome_plane_position_z,
Z:\Brejtr\ActiveProjects\Microscopy\20251205\5_PSI_1uM_24hod_4_Multichannel Z-Stack_20251205_187.vsi,5_PSI_1uM_24hod_4_Multichannel Z-Stack_20251205_187.vsi,.vsi,1,macro image,1,,,,unavailable,
Z:\Brejtr\ActiveProjects\Microscopy\20251205\5_PSI_1uM_24hod_5_Multichannel Z-Stack_20251205_188.vsi,5_PSI_1uM_24hod_5_Multichannel Z-Stack_20251205_188.vsi,.vsi,0,"C488, C561, C640",37,,287.00676310809996,292.4067631080999,ome_plane_position_z,
Z:\Brejtr\ActiveProjects\Microscopy\20251205\5_PSI_1uM_24hod_5_Multichannel Z-Stack_20251205_188.vsi,5_PSI_1uM_24hod_5_Multichannel Z-Stack_20251205_188.vsi,.vsi,1,macro image,1,,,,unavailable,
Z:\Brejtr\ActiveProjects\Microscopy\20251205\5_PSI_1uM_24hod_6_Multichannel Z-Stack_20251205_189.vsi,5_PSI_1uM_24hod_6_Multichannel Z-Stack_20251205_189.vsi,.vsi,0,"C488, C561, C640",37,,289.6009155832266,295.0009155832266,ome_plane_position_z,
Z:\Brejtr\ActiveProjects\Microscopy\20251205\5_PSI_1uM_24hod_6_Multichannel Z-Stack_20251205_189.vsi,5_PSI_1uM_24hod_6_Multichannel Z-Stack_20251205_189.vsi,.vsi,1,macro image,1,,,,unavailable,
Z:\Brejtr\ActiveProjects\Microscopy\20251205\5_PSI_1uM_24hod_7_Multichannel Z-Stack_20251205_190.vsi,5_PSI_1uM_24hod_7_Multichannel Z-Stack_20251205_190.vsi,.vsi,0,"C488, C561, C640",38,,291.95350973570163,297.5035097357017,ome_plane_position_z,
Z:\Brejtr\ActiveProjects\Microscopy\20251205\5_PSI_1uM_24hod_7_Multichannel Z-Stack_20251205_190.vsi,5_PSI_1uM_24hod_7_Multichannel Z-Stack_20251205_190.vsi,.vsi,1,macro image,1,,,,unavailable,
Z:\Brejtr\ActiveProjects\Microscopy\20251205\5_PSI_1uM_24hod_8_Multichannel Z-Stack_20251205_191.vsi,5_PSI_1uM_24hod_8_Multichannel Z-Stack_20251205_191.vsi,.vsi,0,"C488, C561, C640",38,,295.5548037599951,301.1048037599951,ome_plane_position_z,
Z:\Brejtr\ActiveProjects\Microscopy\20251205\5_PSI_1uM_24hod_8_Multichannel Z-Stack_20251205_191.vsi,5_PSI_1uM_24hod_8_Multichannel Z-Stack_20251205_191.vsi,.vsi,1,macro image,1,,,,unavailable,
Z:\Brejtr\ActiveProjects\Microscopy\20251205\5_PSI_1uM_24hod_9_Multichannel Z-Stack_20251205_192.vsi,5_PSI_1uM_24hod_9_Multichannel Z-Stack_20251205_192.vsi,.vsi,0,"C488, C561, C640",37,,298.20739791247024,303.6073979124702,ome_plane_position_z,
Z:\Brejtr\ActiveProjects\Microscopy\20251205\5_PSI_1uM_24hod_9_Multichannel Z-Stack_20251205_192.vsi,5_PSI_1uM_24hod_9_Multichannel Z-Stack_20251205_192.vsi,.vsi,1,macro image,1,,,,unavailable,
Z:\Brejtr\ActiveProjects\Microscopy\20251205\_5_KONTROLA_10_Multichannel Z-Stack_20251205_128_\stack1\frame_t_0.ets,frame_t_0.ets,.ets,0,"C488, C561, C640",29,,245.2048709027651,249.40487090276505,ome_plane_position_z,
Z:\Brejtr\ActiveProjects\Microscopy\20251205\_5_KONTROLA_10_Multichannel Z-Stack_20251205_128_\stack1\frame_t_0.ets,frame_t_0.ets,.ets,1,macro image,1,,,,unavailable,
Z:\Brejtr\ActiveProjects\Microscopy\20251205\_5_KONTROLA_1_Multichannel Z-Stack_20251205_119_\stack1\frame_t_0.ets,frame_t_0.ets,.ets,0,"C488, C561, C640",30,,228.4522950619545,232.80229506195445,ome_plane_position_z,
Z:\Brejtr\ActiveProjects\Microscopy\20251205\_5_KONTROLA_1_Multichannel Z-Stack_20251205_119_\stack1\frame_t_0.ets,frame_t_0.ets,.ets,1,macro image,1,,,,unavailable,
Z:\Brejtr\ActiveProjects\Microscopy\20251205\_5_KONTROLA_21_Multichannel Z-Stack_20251205_129_\stack1\frame_t_0.ets,frame_t_0.ets,.ets,0,"C488, C561, C640",23,,246.501623634255,249.801623634255,ome_plane_position_z,
Z:\Brejtr\ActiveProjects\Microscopy\20251205\_5_KONTROLA_21_Multichannel Z-Stack_20251205_129_\stack1\frame_t_0.ets,frame_t_0.ets,.ets,1,macro image,1,,,,unavailable,
Z:\Brejtr\ActiveProjects\Microscopy\20251205\_5_KONTROLA_21_Multichannel Z-Stack_20251205_130_\stack1\frame_t_0.ets,frame_t_0.ets,.ets,0,"C488, C561, C640",17,,247.8899346883965,250.2899346883965,ome_plane_position_z,
Z:\Brejtr\ActiveProjects\Microscopy\20251205\_5_KONTROLA_21_Multichannel Z-Stack_20251205_130_\stack1\frame_t_0.ets,frame_t_0.ets,.ets,1,macro image,1,,,,unavailable,
Z:\Brejtr\ActiveProjects\Microscopy\20251205\_5_KONTROLA_22_Multichannel Z-Stack_20251205_131_\stack1\frame_t_0.ets,frame_t_0.ets,.ets,0,"C488, C561, C640",23,,248.30227064640172,251.60227064640176,ome_plane_position_z,
Z:\Brejtr\ActiveProjects\Microscopy\20251205\_5_KONTROLA_22_Multichannel Z-Stack_20251205_131_\stack1\frame_t_0.ets,frame_t_0.ets,.ets,1,macro image,1,,,,unavailable,
Z:\Brejtr\ActiveProjects\Microscopy\20251205\_5_KONTROLA_23_Multichannel Z-Stack_20251205_132_\stack1\frame_t_0.ets,frame_t_0.ets,.ets,0,"C488, C561, C640",8,,250.64382896905326,251.6938289690533,ome_plane_position_z,
Z:\Brejtr\ActiveProjects\Microscopy\20251205\_5_KONTROLA_23_Multichannel Z-Stack_20251205_132_\stack1\frame_t_0.ets,frame_t_0.ets,.ets,1,macro image,1,,,,unavailable,
Z:\Brejtr\ActiveProjects\Microscopy\20251205\_5_KONTROLA_24_Multichannel Z-Stack_20251205_133_\stack1\frame_t_0.ets,frame_t_0.ets,.ets,0,"C488, C561, C640",15,,249.8074650552402,251.90746505524018,ome_plane_position_z,
Z:\Brejtr\ActiveProjects\Microscopy\20251205\_5_KONTROLA_24_Multichannel Z-Stack_20251205_133_\stack1\frame_t_0.ets,frame_t_0.ets,.ets,1,macro image,1,,,,unavailable,
Z:\Brejtr\ActiveProjects\Microscopy\20251205\_5_KONTROLA_25_Multichannel Z-Stack_20251205_134_\stack1\frame_t_0.ets,frame_t_0.ets,.ets,0,"C488, C561, C640",24,,249.95291765854853,253.4029176585485,ome_plane_position_z,
Z:\Brejtr\ActiveProjects\Microscopy\20251205\_5_KONTROLA_25_Multichannel Z-Stack_20251205_134_\stack1\frame_t_0.ets,frame_t_0.ets,.ets,1,macro image,1,,,,unavailable,
Z:\Brejtr\ActiveProjects\Microscopy\20251205\_5_KONTROLA_26_Multichannel Z-Stack_20251205_135_\stack1\frame_t_0.ets,frame_t_0.ets,.ets,0,"C488, C561, C640",17,,251.49122871268997,253.89122871268998,ome_plane_position_z,
Z:\Brejtr\ActiveProjects\Microscopy\20251205\_5_KONTROLA_26_Multichannel Z-Stack_20251205_135_\stack1\frame_t_0.ets,frame_t_0.ets,.ets,1,macro image,1,,,,unavailable,
Z:\Brejtr\ActiveProjects\Microscopy\20251205\_5_KONTROLA_27_Multichannel Z-Stack_20251205_136_\stack1\frame_t_0.ets,frame_t_0.ets,.ets,0,"C488, C561, C640",17,,252.80356467069524,255.20356467069527,ome_plane_position_z,
Z:\Brejtr\ActiveProjects\Microscopy\20251205\_5_KONTROLA_27_Multichannel Z-Stack_20251205_136_\stack1\frame_t_0.ets,frame_t_0.ets,.ets,1,macro image,1,,,,unavailable,
Z:\Brejtr\ActiveProjects\Microscopy\20251205\_5_KONTROLA_28_Multichannel Z-Stack_20251205_137_\stack1\frame_t_0.ets,frame_t_0.ets,.ets,0,"C488, C561, C640",14,,254.3522645425136,256.30226454251357,ome_plane_position_z,
Z:\Brejtr\ActiveProjects\Microscopy\20251205\_5_KONTROLA_28_Multichannel Z-Stack_20251205_137_\stack1\frame_t_0.ets,frame_t_0.ets,.ets,1,macro image,1,,,,unavailable,
Z:\Brejtr\ActiveProjects\Microscopy\20251205\_5_KONTROLA_29_Multichannel Z-Stack_20251205_138_\stack1\frame_t_0.ets,frame_t_0.ets,.ets,0,"C488, C561, C640",31,,254.70161142647868,259.2016114264787,ome_plane_position_z,
Z:\Brejtr\ActiveProjects\Microscopy\20251205\_5_KONTROLA_29_Multichannel Z-Stack_20251205_138_\stack1\frame_t_0.ets,frame_t_0.ets,.ets,1,macro image,1,,,,unavailable,
Z:\Brejtr\ActiveProjects\Microscopy\20251205\_5_KONTROLA_2_Multichannel Z-Stack_20251205_120_\stack1\frame_t_0.ets,frame_t_0.ets,.ets,0,"C488, C561, C640",35,,229.1061893426113,234.20618934261128,ome_plane_position_z,
Z:\Brejtr\ActiveProjects\Microscopy\20251205\_5_KONTROLA_2_Multichannel Z-Stack_20251205_120_\stack1\frame_t_0.ets,frame_t_0.ets,.ets,1,macro image,1,,,,unavailable,
Z:\Brejtr\ActiveProjects\Microscopy\20251205\_5_KONTROLA_30_Multichannel Z-Stack_20251205_139_\stack1\frame_t_0.ets,frame_t_0.ets,.ets,0,"C488, C561, C640",22,,256.3568058353171,259.5068058353171,ome_plane_position_z,
Z:\Brejtr\ActiveProjects\Microscopy\20251205\_5_KONTROLA_30_Multichannel Z-Stack_20251205_139_\stack1\frame_t_0.ets,frame_t_0.ets,.ets,1,macro image,1,,,,unavailable,
Z:\Brejtr\ActiveProjects\Microscopy\20251205\_5_KONTROLA_3_Multichannel Z-Stack_20251205_121_\stack1\frame_t_0.ets,frame_t_0.ets,.ets,0,"C488, C561, C640",30,,231.35164194591957,235.70164194591956,ome_plane_position_z,
Z:\Brejtr\ActiveProjects\Microscopy\20251205\_5_KONTROLA_3_Multichannel Z-Stack_20251205_121_\stack1\frame_t_0.ets,frame_t_0.ets,.ets,1,macro image,1,,,,unavailable,
Z:\Brejtr\ActiveProjects\Microscopy\20251205\_5_KONTROLA_4_Multichannel Z-Stack_20251205_122_\stack1\frame_t_0.ets,frame_t_0.ets,.ets,0,"C488, C561, C640",29,,232.90553622657634,237.10553622657633,ome_plane_position_z,
Z:\Brejtr\ActiveProjects\Microscopy\20251205\_5_KONTROLA_4_Multichannel Z-Stack_20251205_122_\stack1\frame_t_0.ets,frame_t_0.ets,.ets,1,macro image,1,,,,unavailable,
Z:\Brejtr\ActiveProjects\Microscopy\20251205\_5_KONTROLA_5_Multichannel Z-Stack_20251205_123_\stack1\frame_t_0.ets,frame_t_0.ets,.ets,0,"C488, C561, C640",23,,235.2094305072331,238.5094305072331,ome_plane_position_z,
Z:\Brejtr\ActiveProjects\Microscopy\20251205\_5_KONTROLA_5_Multichannel Z-Stack_20251205_123_\stack1\frame_t_0.ets,frame_t_0.ets,.ets,1,macro image,1,,,,unavailable,
Z:\Brejtr\ActiveProjects\Microscopy\20251205\_5_KONTROLA_6_Multichannel Z-Stack_20251205_124_\stack1\frame_t_0.ets,frame_t_0.ets,.ets,0,"C488, C561, C640",29,,236.50683025086985,240.70683025086984,ome_plane_position_z,
Z:\Brejtr\ActiveProjects\Microscopy\20251205\_5_KONTROLA_6_Multichannel Z-Stack_20251205_124_\stack1\frame_t_0.ets,frame_t_0.ets,.ets,1,macro image,1,,,,unavailable,
Z:\Brejtr\ActiveProjects\Microscopy\20251205\_5_KONTROLA_7_Multichannel Z-Stack_20251205_125_\stack1\frame_t_0.ets,frame_t_0.ets,.ets,0,"C488, C561, C640",31,,238.70942440334497,243.20942440334497,ome_plane_position_z,
Z:\Brejtr\ActiveProjects\Microscopy\20251205\_5_KONTROLA_7_Multichannel Z-Stack_20251205_125_\stack1\frame_t_0.ets,frame_t_0.ets,.ets,1,macro image,1,,,,unavailable,
Z:\Brejtr\ActiveProjects\Microscopy\20251205\_5_KONTROLA_8_Multichannel Z-Stack_20251205_126_\stack1\frame_t_0.ets,frame_t_0.ets,.ets,0,"C488, C561, C640",30,,240.35487700665328,244.70487700665328,ome_plane_position_z,
Z:\Brejtr\ActiveProjects\Microscopy\20251205\_5_KONTROLA_8_Multichannel Z-Stack_20251205_126_\stack1\frame_t_0.ets,frame_t_0.ets,.ets,1,macro image,1,,,,unavailable,
Z:\Brejtr\ActiveProjects\Microscopy\20251205\_5_KONTROLA_9_Multichannel Z-Stack_20251205_127_\stack1\frame_t_0.ets,frame_t_0.ets,.ets,0,"C488, C561, C640",31,,242.7074711591284,247.2074711591284,ome_plane_position_z,
Z:\Brejtr\ActiveProjects\Microscopy\20251205\_5_KONTROLA_9_Multichannel Z-Stack_20251205_127_\stack1\frame_t_0.ets,frame_t_0.ets,.ets,1,macro image,1,,,,unavailable,
Z:\Brejtr\ActiveProjects\Microscopy\20251205\_5_KONTROLA_WO_10_Multichannel Z-Stack_20251205_149_\stack1\frame_t_0.ets,frame_t_0.ets,.ets,0,"C488, C561, C640",23,,270.0015931148141,273.3015931148141,ome_plane_position_z,
Z:\Brejtr\ActiveProjects\Microscopy\20251205\_5_KONTROLA_WO_10_Multichannel Z-Stack_20251205_149_\stack1\frame_t_0.ets,frame_t_0.ets,.ets,1,macro image,1,,,,unavailable,
Z:\Brejtr\ActiveProjects\Microscopy\20251205\_5_KONTROLA_WO_11_Multichannel Z-Stack_20251205_150_\stack1\frame_t_0.ets,frame_t_0.ets,.ets,0,"C488, C561, C640",21,,272.4074345357993,275.4074345357993,ome_plane_position_z,
Z:\Brejtr\ActiveProjects\Microscopy\20251205\_5_KONTROLA_WO_11_Multichannel Z-Stack_20251205_150_\stack1\frame_t_0.ets,frame_t_0.ets,.ets,1,macro image,1,,,,unavailable,
Z:\Brejtr\ActiveProjects\Microscopy\20251205\_5_KONTROLA_WO_1_Multichannel Z-Stack_20251205_140_\stack1\frame_t_0.ets,frame_t_0.ets,.ets,0,"C488, C561, C640",24,,257.5522584386254,261.0022584386254,ome_plane_position_z,
Z:\Brejtr\ActiveProjects\Microscopy\20251205\_5_KONTROLA_WO_1_Multichannel Z-Stack_20251205_140_\stack1\frame_t_0.ets,frame_t_0.ets,.ets,1,macro image,1,,,,unavailable,
Z:\Brejtr\ActiveProjects\Microscopy\20251205\_5_KONTROLA_WO_2_Multichannel Z-Stack_20251205_141_\stack1\frame_t_0.ets,frame_t_0.ets,.ets,0,"C488, C561, C640",36,,260.05549960324726,265.30549960324726,ome_plane_position_z,
Z:\Brejtr\ActiveProjects\Microscopy\20251205\_5_KONTROLA_WO_2_Multichannel Z-Stack_20251205_141_\stack1\frame_t_0.ets,frame_t_0.ets,.ets,1,macro image,1,,,,unavailable,
Z:\Brejtr\ActiveProjects\Microscopy\20251205\_5_KONTROLA_WO_3_Multichannel Z-Stack_20251205_142_\stack1\frame_t_0.ets,frame_t_0.ets,.ets,0,"C488, C561, C640",16,,264.64251052920713,266.89251052920713,ome_plane_position_z,
Z:\Brejtr\ActiveProjects\Microscopy\20251205\_5_KONTROLA_WO_3_Multichannel Z-Stack_20251205_142_\stack1\frame_t_0.ets,frame_t_0.ets,.ets,1,macro image,1,,,,unavailable,
Z:\Brejtr\ActiveProjects\Microscopy\20251205\_5_KONTROLA_WO_4_Multichannel Z-Stack_20251205_143_\stack1\frame_t_0.ets,frame_t_0.ets,.ets,0,"C488, C561, C640",23,,266.0035463590307,269.3035463590307,ome_plane_position_z,
Z:\Brejtr\ActiveProjects\Microscopy\20251205\_5_KONTROLA_WO_4_Multichannel Z-Stack_20251205_143_\stack1\frame_t_0.ets,frame_t_0.ets,.ets,1,macro image,1,,,,unavailable,
Z:\Brejtr\ActiveProjects\Microscopy\20251205\_5_KONTROLA_WO_5_Multichannel Z-Stack_20251205_144_\stack1\frame_t_0.ets,frame_t_0.ets,.ets,0,"C488, C561, C640",26,,266.6522462308491,270.4022462308491,ome_plane_position_z,
Z:\Brejtr\ActiveProjects\Microscopy\20251205\_5_KONTROLA_WO_5_Multichannel Z-Stack_20251205_144_\stack1\frame_t_0.ets,frame_t_0.ets,.ets,1,macro image,1,,,,unavailable,
Z:\Brejtr\ActiveProjects\Microscopy\20251205\_5_KONTROLA_WO_6_Multichannel Z-Stack_20251205_145_\stack1\frame_t_0.ets,frame_t_0.ets,.ets,0,"C488, C561, C640",17,,265.59121040102553,267.9912104010255,ome_plane_position_z,
Z:\Brejtr\ActiveProjects\Microscopy\20251205\_5_KONTROLA_WO_6_Multichannel Z-Stack_20251205_145_\stack1\frame_t_0.ets,frame_t_0.ets,.ets,1,macro image,1,,,,unavailable,
Z:\Brejtr\ActiveProjects\Microscopy\20251205\_5_KONTROLA_WO_7_Multichannel Z-Stack_20251205_146_\stack1\frame_t_0.ets,frame_t_0.ets,.ets,0,"C488, C561, C640",23,,266.09510468168224,269.39510468168226,ome_plane_position_z,
Z:\Brejtr\ActiveProjects\Microscopy\20251205\_5_KONTROLA_WO_7_Multichannel Z-Stack_20251205_146_\stack1\frame_t_0.ets,frame_t_0.ets,.ets,1,macro image,1,,,,unavailable,
Z:\Brejtr\ActiveProjects\Microscopy\20251205\_5_KONTROLA_WO_8_Multichannel Z-Stack_20251205_147_\stack1\frame_t_0.ets,frame_t_0.ets,.ets,0,"C488, C561, C640",15,,268.39380455350056,270.49380455350064,ome_plane_position_z,
Z:\Brejtr\ActiveProjects\Microscopy\20251205\_5_KONTROLA_WO_8_Multichannel Z-Stack_20251205_147_\stack1\frame_t_0.ets,frame_t_0.ets,.ets,1,macro image,1,,,,unavailable,
Z:\Brejtr\ActiveProjects\Microscopy\20251205\_5_KONTROLA_WO_9_Multichannel Z-Stack_20251205_148_\stack1\frame_t_0.ets,frame_t_0.ets,.ets,0,"C488, C561, C640",23,,268.59769883415737,271.8976988341574,ome_plane_position_z,
Z:\Brejtr\ActiveProjects\Microscopy\20251205\_5_KONTROLA_WO_9_Multichannel Z-Stack_20251205_148_\stack1\frame_t_0.ets,frame_t_0.ets,.ets,1,macro image,1,,,,unavailable,
Z:\Brejtr\ActiveProjects\Microscopy\20251205\_5_LITHIUM_1uM_24hod_1_Multichannel Z-Stack_20251205_206_\stack1\frame_t_0.ets,frame_t_0.ets,.ets,0,"C488, C561, C640",72,,342.8566837575536,353.50668375755356,ome_plane_position_z,
Z:\Brejtr\ActiveProjects\Microscopy\20251205\_5_LITHIUM_1uM_24hod_1_Multichannel Z-Stack_20251205_206_\stack1\frame_t_0.ets,frame_t_0.ets,.ets,1,macro image,1,,,,unavailable,
Z:\Brejtr\ActiveProjects\Microscopy\20251205\_5_LITHIUM_1uM_24hod_2_Multichannel Z-Stack_20251205_207_\stack1\frame_t_0.ets,frame_t_0.ets,.ets,0,"C488, C561, C640",73,,346.704730513337,357.504730513337,ome_plane_position_z,
Z:\Brejtr\ActiveProjects\Microscopy\20251205\_5_LITHIUM_1uM_24hod_2_Multichannel Z-Stack_20251205_207_\stack1\frame_t_0.ets,frame_t_0.ets,.ets,1,macro image,1,,,,unavailable,
Z:\Brejtr\ActiveProjects\Microscopy\20251205\_5_LITHIUM_1uM_24hod_3_Multichannel Z-Stack_20251205_208_\stack1\frame_t_0.ets,frame_t_0.ets,.ets,0,"C488, C561, C640",87,,350.8001770127572,363.7001770127572,ome_plane_position_z,
Z:\Brejtr\ActiveProjects\Microscopy\20251205\_5_LITHIUM_1uM_24hod_3_Multichannel Z-Stack_20251205_208_\stack1\frame_t_0.ets,frame_t_0.ets,.ets,1,macro image,1,,,,unavailable,
Z:\Brejtr\ActiveProjects\Microscopy\20251205\_5_PSI1h10uM_WO_24hod_10_Multichannel Z-Stack_20251205_172_\stack1\frame_t_0.ets,frame_t_0.ets,.ets,0,"C488, C561, C640",45,,323.8034670084844,330.4034670084844,ome_plane_position_z,
Z:\Brejtr\ActiveProjects\Microscopy\20251205\_5_PSI1h10uM_WO_24hod_10_Multichannel Z-Stack_20251205_172_\stack1\frame_t_0.ets,frame_t_0.ets,.ets,1,macro image,1,,,,unavailable,
Z:\Brejtr\ActiveProjects\Microscopy\20251205\_5_PSI1h10uM_WO_24hod_1_Multichannel Z-Stack_20251205_162_\stack1\frame_t_0.ets,frame_t_0.ets,.ets,0,"C488, C561, C640",21,,304.60544466825365,307.60544466825365,ome_plane_position_z,
Z:\Brejtr\ActiveProjects\Microscopy\20251205\_5_PSI1h10uM_WO_24hod_1_Multichannel Z-Stack_20251205_162_\stack1\frame_t_0.ets,frame_t_0.ets,.ets,1,macro image,1,,,,unavailable,
Z:\Brejtr\ActiveProjects\Microscopy\20251205\_5_PSI1h10uM_WO_24hod_2_Multichannel Z-Stack_20251205_163_\stack1\frame_t_0.ets,frame_t_0.ets,.ets,0,"C488, C561, C640",36,,303.85089727156196,309.10089727156196,ome_plane_position_z,
Z:\Brejtr\ActiveProjects\Microscopy\20251205\_5_PSI1h10uM_WO_24hod_2_Multichannel Z-Stack_20251205_163_\stack1\frame_t_0.ets,frame_t_0.ets,.ets,1,macro image,1,,,,unavailable,
Z:\Brejtr\ActiveProjects\Microscopy\20251205\_5_PSI1h10uM_WO_24hod_3_Multichannel Z-Stack_20251205_164_\stack1\frame_t_0.ets,frame_t_0.ets,.ets,0,"C488, C561, C640",21,,307.50479155221876,310.50479155221876,ome_plane_position_z,
Z:\Brejtr\ActiveProjects\Microscopy\20251205\_5_PSI1h10uM_WO_24hod_3_Multichannel Z-Stack_20251205_164_\stack1\frame_t_0.ets,frame_t_0.ets,.ets,1,macro image,1,,,,unavailable,
Z:\Brejtr\ActiveProjects\Microscopy\20251205\_5_PSI1h10uM_WO_24hod_4_Multichannel Z-Stack_20251205_165_\stack1\frame_t_0.ets,frame_t_0.ets,.ets,0,"C488, C561, C640",30,,307.650244155527,312.00024415552707,ome_plane_position_z,
Z:\Brejtr\ActiveProjects\Microscopy\20251205\_5_PSI1h10uM_WO_24hod_4_Multichannel Z-Stack_20251205_165_\stack1\frame_t_0.ets,frame_t_0.ets,.ets,1,macro image,1,,,,unavailable,
Z:\Brejtr\ActiveProjects\Microscopy\20251205\_5_PSI1h10uM_WO_24hod_5_Multichannel Z-Stack_20251205_166_\stack1\frame_t_0.ets,frame_t_0.ets,.ets,0,"C488, C561, C640",30,,309.05413843618385,313.40413843618387,ome_plane_position_z,
Z:\Brejtr\ActiveProjects\Microscopy\20251205\_5_PSI1h10uM_WO_24hod_5_Multichannel Z-Stack_20251205_166_\stack1\frame_t_0.ets,frame_t_0.ets,.ets,1,macro image,1,,,,unavailable,
Z:\Brejtr\ActiveProjects\Microscopy\20251205\_5_PSI1h10uM_WO_24hod_6_Multichannel Z-Stack_20251205_167_\stack1\frame_t_0.ets,frame_t_0.ets,.ets,0,"C488, C561, C640",57,,309.70413233229567,318.10413233229565,ome_plane_position_z,
Z:\Brejtr\ActiveProjects\Microscopy\20251205\_5_PSI1h10uM_WO_24hod_6_Multichannel Z-Stack_20251205_167_\stack1\frame_t_0.ets,frame_t_0.ets,.ets,1,macro image,1,,,,unavailable,
Z:\Brejtr\ActiveProjects\Microscopy\20251205\_5_PSI1h10uM_WO_24hod_7_Multichannel Z-Stack_20251205_168_\stack1\frame_t_0.ets,frame_t_0.ets,.ets,0,"C488, C561, C640",51,,312.40477934444243,319.90477934444243,ome_plane_position_z,
Z:\Brejtr\ActiveProjects\Microscopy\20251205\_5_PSI1h10uM_WO_24hod_7_Multichannel Z-Stack_20251205_168_\stack1\frame_t_0.ets,frame_t_0.ets,.ets,1,macro image,1,,,,unavailable,
Z:\Brejtr\ActiveProjects\Microscopy\20251205\_5_PSI1h10uM_WO_24hod_8_Multichannel Z-Stack_20251205_169_\stack1\frame_t_0.ets,frame_t_0.ets,.ets,0,"C488, C561, C640",73,,313.10282610022585,323.90282610022587,ome_plane_position_z,
Z:\Brejtr\ActiveProjects\Microscopy\20251205\_5_PSI1h10uM_WO_24hod_8_Multichannel Z-Stack_20251205_169_\stack1\frame_t_0.ets,frame_t_0.ets,.ets,1,macro image,1,,,,unavailable,
Z:\Brejtr\ActiveProjects\Microscopy\20251205\_5_PSI1h10uM_WO_24hod_9_Multichannel Z-Stack_20251205_170_\stack1\frame_t_0.ets,frame_t_0.ets,.ets,0,"C488, C561, C640",33,,322.0021729841909,326.8021729841909,ome_plane_position_z,
Z:\Brejtr\ActiveProjects\Microscopy\20251205\_5_PSI1h10uM_WO_24hod_9_Multichannel Z-Stack_20251205_170_\stack1\frame_t_0.ets,frame_t_0.ets,.ets,1,macro image,1,,,,unavailable,
Z:\Brejtr\ActiveProjects\Microscopy\20251205\_5_PSI1h10uM_WO_24hod_9_Multichannel Z-Stack_20251205_171_\stack1\frame_t_0.ets,frame_t_0.ets,.ets,0,"C488, C561, C640",103,,313.30281999633763,328.60281999633764,ome_plane_position_z,
Z:\Brejtr\ActiveProjects\Microscopy\20251205\_5_PSI1h10uM_WO_24hod_9_Multichannel Z-Stack_20251205_171_\stack1\frame_t_0.ets,frame_t_0.ets,.ets,1,macro image,1,,,,unavailable,
Z:\Brejtr\ActiveProjects\Microscopy\20251205\_5_PSI1h1uM_WO_10_Multichannel Z-Stack_20251205_161_\stack1\frame_t_0.ets,frame_t_0.ets,.ets,0,"C488, C561, C640",65,,296.6015503875969,306.2015503875969,ome_plane_position_z,
Z:\Brejtr\ActiveProjects\Microscopy\20251205\_5_PSI1h1uM_WO_10_Multichannel Z-Stack_20251205_161_\stack1\frame_t_0.ets,frame_t_0.ets,.ets,1,macro image,1,,,,unavailable,
Z:\Brejtr\ActiveProjects\Microscopy\20251205\_5_PSI1h1uM_WO_1_Multichannel Z-Stack_20251205_151_\stack1\frame_t_0.ets,frame_t_0.ets,.ets,0,"C488, C561, C640",29,,272.3061344076177,276.5061344076177,ome_plane_position_z,
Z:\Brejtr\ActiveProjects\Microscopy\20251205\_5_PSI1h1uM_WO_1_Multichannel Z-Stack_20251205_151_\stack1\frame_t_0.ets,frame_t_0.ets,.ets,1,macro image,1,,,,unavailable,
Z:\Brejtr\ActiveProjects\Microscopy\20251205\_5_PSI1h1uM_WO_2_Multichannel Z-Stack_20251205_152_\stack1\frame_t_0.ets,frame_t_0.ets,.ets,0,"C488, C561, C640",37,,273.7002868827443,279.1002868827443,ome_plane_position_z,
Z:\Brejtr\ActiveProjects\Microscopy\20251205\_5_PSI1h1uM_WO_2_Multichannel Z-Stack_20251205_152_\stack1\frame_t_0.ets,frame_t_0.ets,.ets,1,macro image,1,,,,unavailable,
Z:\Brejtr\ActiveProjects\Microscopy\20251205\_5_PSI1h1uM_WO_2_Multichannel Z-Stack_20251205_153_\stack1\frame_t_0.ets,frame_t_0.ets,.ets,0,"C488, C561, C640",45,,276.10158090703777,282.7015809070378,ome_plane_position_z,
Z:\Brejtr\ActiveProjects\Microscopy\20251205\_5_PSI1h1uM_WO_2_Multichannel Z-Stack_20251205_153_\stack1\frame_t_0.ets,frame_t_0.ets,.ets,1,macro image,1,,,,unavailable,
Z:\Brejtr\ActiveProjects\Microscopy\20251205\_5_PSI1h1uM_WO_3_Multichannel Z-Stack_20251205_154_\stack1\frame_t_0.ets,frame_t_0.ets,.ets,0,"C488, C561, C640",37,,279.804175059513,285.2041750595129,ome_plane_position_z,
Z:\Brejtr\ActiveProjects\Microscopy\20251205\_5_PSI1h1uM_WO_3_Multichannel Z-Stack_20251205_154_\stack1\frame_t_0.ets,frame_t_0.ets,.ets,1,macro image,1,,,,unavailable,
Z:\Brejtr\ActiveProjects\Microscopy\20251205\_5_PSI1h1uM_WO_4_Multichannel Z-Stack_20251205_155_\stack1\frame_t_0.ets,frame_t_0.ets,.ets,0,"C488, C561, C640",36,,283.5554690838064,288.8054690838064,ome_plane_position_z,
Z:\Brejtr\ActiveProjects\Microscopy\20251205\_5_PSI1h1uM_WO_4_Multichannel Z-Stack_20251205_155_\stack1\frame_t_0.ets,frame_t_0.ets,.ets,1,macro image,1,,,,unavailable,
Z:\Brejtr\ActiveProjects\Microscopy\20251205\_5_PSI1h1uM_WO_5_Multichannel Z-Stack_20251205_156_\stack1\frame_t_0.ets,frame_t_0.ets,.ets,0,"C488, C561, C640",43,,286.10676310809987,292.4067631080999,ome_plane_position_z,
Z:\Brejtr\ActiveProjects\Microscopy\20251205\_5_PSI1h1uM_WO_5_Multichannel Z-Stack_20251205_156_\stack1\frame_t_0.ets,frame_t_0.ets,.ets,1,macro image,1,,,,unavailable,
Z:\Brejtr\ActiveProjects\Microscopy\20251205\_5_PSI1h1uM_WO_6_Multichannel Z-Stack_20251205_157_\stack1\frame_t_0.ets,frame_t_0.ets,.ets,0,"C488, C561, C640",38,,287.5587102484282,293.1087102484282,ome_plane_position_z,
Z:\Brejtr\ActiveProjects\Microscopy\20251205\_5_PSI1h1uM_WO_6_Multichannel Z-Stack_20251205_157_\stack1\frame_t_0.ets,frame_t_0.ets,.ets,1,macro image,1,,,,unavailable,
Z:\Brejtr\ActiveProjects\Microscopy\20251205\_5_PSI1h1uM_WO_7_Multichannel Z-Stack_20251205_158_\stack1\frame_t_0.ets,frame_t_0.ets,.ets,0,"C488, C561, C640",59,,290.20740401635845,298.90740401635844,ome_plane_position_z,
Z:\Brejtr\ActiveProjects\Microscopy\20251205\_5_PSI1h1uM_WO_7_Multichannel Z-Stack_20251205_158_\stack1\frame_t_0.ets,frame_t_0.ets,.ets,1,macro image,1,,,,unavailable,
Z:\Brejtr\ActiveProjects\Microscopy\20251205\_5_PSI1h1uM_WO_8_Multichannel Z-Stack_20251205_159_\stack1\frame_t_0.ets,frame_t_0.ets,.ets,0,"C488, C561, C640",23,,298.10999816883356,301.40999816883357,ome_plane_position_z,
Z:\Brejtr\ActiveProjects\Microscopy\20251205\_5_PSI1h1uM_WO_8_Multichannel Z-Stack_20251205_159_\stack1\frame_t_0.ets,frame_t_0.ets,.ets,1,macro image,1,,,,unavailable,
Z:\Brejtr\ActiveProjects\Microscopy\20251205\_5_PSI1h1uM_WO_9_Multichannel Z-Stack_20251205_160_\stack1\frame_t_0.ets,frame_t_0.ets,.ets,0,"C488, C561, C640",30,,300.05090337545016,304.4009033754502,ome_plane_position_z,
Z:\Brejtr\ActiveProjects\Microscopy\20251205\_5_PSI1h1uM_WO_9_Multichannel Z-Stack_20251205_160_\stack1\frame_t_0.ets,frame_t_0.ets,.ets,1,macro image,1,,,,unavailable,
Z:\Brejtr\ActiveProjects\Microscopy\20251205\_5_PSI_01uM_24hod_10_Multichannel Z-Stack_20251205_183_\stack1\frame_t_0.ets,frame_t_0.ets,.ets,0,"C488, C561, C640",36,,272.354834279436,277.604834279436,ome_plane_position_z,
Z:\Brejtr\ActiveProjects\Microscopy\20251205\_5_PSI_01uM_24hod_10_Multichannel Z-Stack_20251205_183_\stack1\frame_t_0.ets,frame_t_0.ets,.ets,1,macro image,1,,,,unavailable,
Z:\Brejtr\ActiveProjects\Microscopy\20251205\_5_PSI_01uM_24hod_1_Multichannel Z-Stack_20251205_173_\stack1\frame_t_0.ets,frame_t_0.ets,.ets,0,"C488, C561, C640",30,,248.2594121955686,252.60941219556858,ome_plane_position_z,
Z:\Brejtr\ActiveProjects\Microscopy\20251205\_5_PSI_01uM_24hod_1_Multichannel Z-Stack_20251205_173_\stack1\frame_t_0.ets,frame_t_0.ets,.ets,1,macro image,1,,,,unavailable,
Z:\Brejtr\ActiveProjects\Microscopy\20251205\_5_PSI_01uM_24hod_2_Multichannel Z-Stack_20251205_174_\stack1\frame_t_0.ets,frame_t_0.ets,.ets,0,"C488, C561, C640",19,,251.80161753036685,254.50161753036684,ome_plane_position_z,
Z:\Brejtr\ActiveProjects\Microscopy\20251205\_5_PSI_01uM_24hod_2_Multichannel Z-Stack_20251205_174_\stack1\frame_t_0.ets,frame_t_0.ets,.ets,1,macro image,1,,,,unavailable,
Z:\Brejtr\ActiveProjects\Microscopy\20251205\_5_PSI_01uM_24hod_3_Multichannel Z-Stack_20251205_175_\stack1\frame_t_0.ets,frame_t_0.ets,.ets,0,"C488, C561, C640",29,,253.9029115546603,258.1029115546603,ome_plane_position_z,
Z:\Brejtr\ActiveProjects\Microscopy\20251205\_5_PSI_01uM_24hod_3_Multichannel Z-Stack_20251205_175_\stack1\frame_t_0.ets,frame_t_0.ets,.ets,1,macro image,1,,,,unavailable,
Z:\Brejtr\ActiveProjects\Microscopy\20251205\_5_PSI_01uM_24hod_4_Multichannel Z-Stack_20251205_176_\stack1\frame_t_0.ets,frame_t_0.ets,.ets,0,"C488, C561, C640",29,,255.3068058353171,259.5068058353171,ome_plane_position_z,
Z:\Brejtr\ActiveProjects\Microscopy\20251205\_5_PSI_01uM_24hod_4_Multichannel Z-Stack_20251205_176_\stack1\frame_t_0.ets,frame_t_0.ets,.ets,1,macro image,1,,,,unavailable,
Z:\Brejtr\ActiveProjects\Microscopy\20251205\_5_PSI_01uM_24hod_5_Multichannel Z-Stack_20251205_177_\stack1\frame_t_0.ets,frame_t_0.ets,.ets,0,"C488, C561, C640",37,,256.70095831044375,262.10095831044373,ome_plane_position_z,
Z:\Brejtr\ActiveProjects\Microscopy\20251205\_5_PSI_01uM_24hod_5_Multichannel Z-Stack_20251205_177_\stack1\frame_t_0.ets,frame_t_0.ets,.ets,1,macro image,1,,,,unavailable,
Z:\Brejtr\ActiveProjects\Microscopy\20251205\_5_PSI_01uM_24hod_6_Multichannel Z-Stack_20251205_178_\stack1\frame_t_0.ets,frame_t_0.ets,.ets,0,"C488, C561, C640",35,,260.20549960324723,265.30549960324726,ome_plane_position_z,
Z:\Brejtr\ActiveProjects\Microscopy\20251205\_5_PSI_01uM_24hod_6_Multichannel Z-Stack_20251205_178_\stack1\frame_t_0.ets,frame_t_0.ets,.ets,1,macro image,1,,,,unavailable,
Z:\Brejtr\ActiveProjects\Microscopy\20251205\_5_PSI_01uM_24hod_7_Multichannel Z-Stack_20251205_179_\stack1\frame_t_0.ets,frame_t_0.ets,.ets,0,"C488, C561, C640",23,,264.50809375572237,267.8080937557224,ome_plane_position_z,
Z:\Brejtr\ActiveProjects\Microscopy\20251205\_5_PSI_01uM_24hod_7_Multichannel Z-Stack_20251205_179_\stack1\frame_t_0.ets,frame_t_0.ets,.ets,1,macro image,1,,,,unavailable,
Z:\Brejtr\ActiveProjects\Microscopy\20251205\_5_PSI_01uM_24hod_7_Multichannel Z-Stack_20251205_180_\stack1\frame_t_0.ets,frame_t_0.ets,.ets,0,"C488, C561, C640",36,,265.8541933711774,271.1041933711774,ome_plane_position_z,
Z:\Brejtr\ActiveProjects\Microscopy\20251205\_5_PSI_01uM_24hod_7_Multichannel Z-Stack_20251205_180_\stack1\frame_t_0.ets,frame_t_0.ets,.ets,1,macro image,1,,,,unavailable,
Z:\Brejtr\ActiveProjects\Microscopy\20251205\_5_PSI_01uM_24hod_8_Multichannel Z-Stack_20251205_181_\stack1\frame_t_0.ets,frame_t_0.ets,.ets,0,"C488, C561, C640",43,,267.30678752365253,273.60678752365254,ome_plane_position_z,
Z:\Brejtr\ActiveProjects\Microscopy\20251205\_5_PSI_01uM_24hod_8_Multichannel Z-Stack_20251205_181_\stack1\frame_t_0.ets,frame_t_0.ets,.ets,1,macro image,1,,,,unavailable,
Z:\Brejtr\ActiveProjects\Microscopy\20251205\_5_PSI_01uM_24hod_9_Multichannel Z-Stack_20251205_182_\stack1\frame_t_0.ets,frame_t_0.ets,.ets,0,"C488, C561, C640",31,,271.70093999877923,276.20093999877923,ome_plane_position_z,
Z:\Brejtr\ActiveProjects\Microscopy\20251205\_5_PSI_01uM_24hod_9_Multichannel Z-Stack_20251205_182_\stack1\frame_t_0.ets,frame_t_0.ets,.ets,1,macro image,1,,,,unavailable,
Z:\Brejtr\ActiveProjects\Microscopy\20251205\_5_PSI_10uM_24hod_10_Multichannel Z-Stack_20251205_205_\stack1\frame_t_0.ets,frame_t_0.ets,.ets,0,"C488, C561, C640",44,,341.25798998962347,347.70798998962346,ome_plane_position_z,
Z:\Brejtr\ActiveProjects\Microscopy\20251205\_5_PSI_10uM_24hod_10_Multichannel Z-Stack_20251205_205_\stack1\frame_t_0.ets,frame_t_0.ets,.ets,1,macro image,1,,,,unavailable,
Z:\Brejtr\ActiveProjects\Microscopy\20251205\_5_PSI_10uM_24hod_1_Multichannel Z-Stack_20251205_194_\stack1\frame_t_0.ets,frame_t_0.ets,.ets,0,"C488, C561, C640",15,,309.10673869254714,311.20673869254716,ome_plane_position_z,
Z:\Brejtr\ActiveProjects\Microscopy\20251205\_5_PSI_10uM_24hod_1_Multichannel Z-Stack_20251205_194_\stack1\frame_t_0.ets,frame_t_0.ets,.ets,1,macro image,1,,,,unavailable,
Z:\Brejtr\ActiveProjects\Microscopy\20251205\_5_PSI_10uM_24hod_1A_Multichannel Z-Stack_20251205_195_\stack1\frame_t_0.ets,frame_t_0.ets,.ets,0,"C488, C561, C640",79,,302.4060855765122,314.1060855765122,ome_plane_position_z,
Z:\Brejtr\ActiveProjects\Microscopy\20251205\_5_PSI_10uM_24hod_1A_Multichannel Z-Stack_20251205_195_\stack1\frame_t_0.ets,frame_t_0.ets,.ets,1,macro image,1,,,,unavailable,
Z:\Brejtr\ActiveProjects\Microscopy\20251205\_5_PSI_10uM_24hod_2A_Multichannel Z-Stack_20251205_196_\stack1\frame_t_0.ets,frame_t_0.ets,.ets,0,"C488, C561, C640",66,,308.35413233229565,318.10413233229565,ome_plane_position_z,
Z:\Brejtr\ActiveProjects\Microscopy\20251205\_5_PSI_10uM_24hod_2A_Multichannel Z-Stack_20251205_196_\stack1\frame_t_0.ets,frame_t_0.ets,.ets,1,macro image,1,,,,unavailable,
Z:\Brejtr\ActiveProjects\Microscopy\20251205\_5_PSI_10uM_24hod_3A_Multichannel Z-Stack_20251205_197_\stack1\frame_t_0.ets,frame_t_0.ets,.ets,0,"C488, C561, C640",58,,312.85023194775073,321.40023194775074,ome_plane_position_z,
Z:\Brejtr\ActiveProjects\Microscopy\20251205\_5_PSI_10uM_24hod_3A_Multichannel Z-Stack_20251205_197_\stack1\frame_t_0.ets,frame_t_0.ets,.ets,1,macro image,1,,,,unavailable,
Z:\Brejtr\ActiveProjects\Microscopy\20251205\_5_PSI_10uM_24hod_4_Multichannel Z-Stack_20251205_198_\stack1\frame_t_0.ets,frame_t_0.ets,.ets,0,"C488, C561, C640",51,,316.40282610022587,323.90282610022587,ome_plane_position_z,
Z:\Brejtr\ActiveProjects\Microscopy\20251205\_5_PSI_10uM_24hod_4_Multichannel Z-Stack_20251205_198_\stack1\frame_t_0.ets,frame_t_0.ets,.ets,1,macro image,1,,,,unavailable,
Z:\Brejtr\ActiveProjects\Microscopy\20251205\_5_PSI_10uM_24hod_5_Multichannel Z-Stack_20251205_199_\stack1\frame_t_0.ets,frame_t_0.ets,.ets,0,"C488, C561, C640",50,,320.15412012451924,327.5041201245193,ome_plane_position_z,
Z:\Brejtr\ActiveProjects\Microscopy\20251205\_5_PSI_10uM_24hod_5_Multichannel Z-Stack_20251205_199_\stack1\frame_t_0.ets,frame_t_0.ets,.ets,1,macro image,1,,,,unavailable,
Z:\Brejtr\ActiveProjects\Microscopy\20251205\_5_PSI_10uM_24hod_6_Multichannel Z-Stack_20251205_200_\stack1\frame_t_0.ets,frame_t_0.ets,.ets,0,"C488, C561, C640",53,,323.7021668803027,331.50216688030275,ome_plane_position_z,
Z:\Brejtr\ActiveProjects\Microscopy\20251205\_5_PSI_10uM_24hod_6_Multichannel Z-Stack_20251205_200_\stack1\frame_t_0.ets,frame_t_0.ets,.ets,1,macro image,1,,,,unavailable,
Z:\Brejtr\ActiveProjects\Microscopy\20251205\_5_PSI_10uM_24hod_6_Multichannel Z-Stack_20251205_201_\stack1\frame_t_0.ets,frame_t_0.ets,.ets,0,"C488, C561, C640",44,,328.6534609045962,335.1034609045962,ome_plane_position_z,
Z:\Brejtr\ActiveProjects\Microscopy\20251205\_5_PSI_10uM_24hod_6_Multichannel Z-Stack_20251205_201_\stack1\frame_t_0.ets,frame_t_0.ets,.ets,1,macro image,1,,,,unavailable,
Z:\Brejtr\ActiveProjects\Microscopy\20251205\_5_PSI_10uM_24hod_7_Multichannel Z-Stack_20251205_202_\stack1\frame_t_0.ets,frame_t_0.ets,.ets,0,"C488, C561, C640",51,,329.404107916743,336.904107916743,ome_plane_position_z,
Z:\Brejtr\ActiveProjects\Microscopy\20251205\_5_PSI_10uM_24hod_7_Multichannel Z-Stack_20251205_202_\stack1\frame_t_0.ets,frame_t_0.ets,.ets,1,macro image,1,,,,unavailable,
Z:\Brejtr\ActiveProjects\Microscopy\20251205\_5_PSI_10uM_24hod_8_Multichannel Z-Stack_20251205_203_\stack1\frame_t_0.ets,frame_t_0.ets,.ets,0,"C488, C561, C640",73,,330.1021546725264,340.9021546725264,ome_plane_position_z,
Z:\Brejtr\ActiveProjects\Microscopy\20251205\_5_PSI_10uM_24hod_8_Multichannel Z-Stack_20251205_203_\stack1\frame_t_0.ets,frame_t_0.ets,.ets,1,macro image,1,,,,unavailable,
Z:\Brejtr\ActiveProjects\Microscopy\20251205\_5_PSI_10uM_24hod_9_Multichannel Z-Stack_20251205_204_\stack1\frame_t_0.ets,frame_t_0.ets,.ets,0,"C488, C561, C640",66,,334.3566959653299,344.1066959653299,ome_plane_position_z,
Z:\Brejtr\ActiveProjects\Microscopy\20251205\_5_PSI_10uM_24hod_9_Multichannel Z-Stack_20251205_204_\stack1\frame_t_0.ets,frame_t_0.ets,.ets,1,macro image,1,,,,unavailable,
Z:\Brejtr\ActiveProjects\Microscopy\20251205\_5_PSI_1uM_24hod_10_Multichannel Z-Stack_20251205_193_\stack1\frame_t_0.ets,frame_t_0.ets,.ets,0,"C488, C561, C640",37,,300.801550387597,306.2015503875969,ome_plane_position_z,
Z:\Brejtr\ActiveProjects\Microscopy\20251205\_5_PSI_1uM_24hod_10_Multichannel Z-Stack_20251205_193_\stack1\frame_t_0.ets,frame_t_0.ets,.ets,1,macro image,1,,,,unavailable,
Z:\Brejtr\ActiveProjects\Microscopy\20251205\_5_PSI_1uM_24hod_1_Multichannel Z-Stack_20251205_184_\stack1\frame_t_0.ets,frame_t_0.ets,.ets,0,"C488, C561, C640",37,,274.7074284319111,280.1074284319111,ome_plane_position_z,
Z:\Brejtr\ActiveProjects\Microscopy\20251205\_5_PSI_1uM_24hod_1_Multichannel Z-Stack_20251205_184_\stack1\frame_t_0.ets,frame_t_0.ets,.ets,1,macro image,1,,,,unavailable,
Z:\Brejtr\ActiveProjects\Microscopy\20251205\_5_PSI_1uM_24hod_2_Multichannel Z-Stack_20251205_185_\stack1\frame_t_0.ets,frame_t_0.ets,.ets,0,"C488, C561, C640",50,,275.35158090703777,282.7015809070378,ome_plane_position_z,
Z:\Brejtr\ActiveProjects\Microscopy\20251205\_5_PSI_1uM_24hod_2_Multichannel Z-Stack_20251205_185_\stack1\frame_t_0.ets,frame_t_0.ets,.ets,1,macro image,1,,,,unavailable,
Z:\Brejtr\ActiveProjects\Microscopy\20251205\_5_PSI_1uM_24hod_3_Multichannel Z-Stack_20251205_186_\stack1\frame_t_0.ets,frame_t_0.ets,.ets,0,"C488, C561, C640",38,,280.75287493133123,286.30287493133125,ome_plane_position_z,
Z:\Brejtr\ActiveProjects\Microscopy\20251205\_5_PSI_1uM_24hod_3_Multichannel Z-Stack_20251205_186_\stack1\frame_t_0.ets,frame_t_0.ets,.ets,1,macro image,1,,,,unavailable,
Z:\Brejtr\ActiveProjects\Microscopy\20251205\_5_PSI_1uM_24hod_4_Multichannel Z-Stack_20251205_187_\stack1\frame_t_0.ets,frame_t_0.ets,.ets,0,"C488, C561, C640",44,,283.45416895562477,289.90416895562475,ome_plane_position_z,
Z:\Brejtr\ActiveProjects\Microscopy\20251205\_5_PSI_1uM_24hod_4_Multichannel Z-Stack_20251205_187_\stack1\frame_t_0.ets,frame_t_0.ets,.ets,1,macro image,1,,,,unavailable,
Z:\Brejtr\ActiveProjects\Microscopy\20251205\_5_PSI_1uM_24hod_5_Multichannel Z-Stack_20251205_188_\stack1\frame_t_0.ets,frame_t_0.ets,.ets,0,"C488, C561, C640",37,,287.00676310809996,292.4067631080999,ome_plane_position_z,
Z:\Brejtr\ActiveProjects\Microscopy\20251205\_5_PSI_1uM_24hod_5_Multichannel Z-Stack_20251205_188_\stack1\frame_t_0.ets,frame_t_0.ets,.ets,1,macro image,1,,,,unavailable,
Z:\Brejtr\ActiveProjects\Microscopy\20251205\_5_PSI_1uM_24hod_6_Multichannel Z-Stack_20251205_189_\stack1\frame_t_0.ets,frame_t_0.ets,.ets,0,"C488, C561, C640",37,,289.6009155832266,295.0009155832266,ome_plane_position_z,
Z:\Brejtr\ActiveProjects\Microscopy\20251205\_5_PSI_1uM_24hod_6_Multichannel Z-Stack_20251205_189_\stack1\frame_t_0.ets,frame_t_0.ets,.ets,1,macro image,1,,,,unavailable,
Z:\Brejtr\ActiveProjects\Microscopy\20251205\_5_PSI_1uM_24hod_7_Multichannel Z-Stack_20251205_190_\stack1\frame_t_0.ets,frame_t_0.ets,.ets,0,"C488, C561, C640",38,,291.95350973570163,297.5035097357017,ome_plane_position_z,
Z:\Brejtr\ActiveProjects\Microscopy\20251205\_5_PSI_1uM_24hod_7_Multichannel Z-Stack_20251205_190_\stack1\frame_t_0.ets,frame_t_0.ets,.ets,1,macro image,1,,,,unavailable,
Z:\Brejtr\ActiveProjects\Microscopy\20251205\_5_PSI_1uM_24hod_8_Multichannel Z-Stack_20251205_191_\stack1\frame_t_0.ets,frame_t_0.ets,.ets,0,"C488, C561, C640",38,,295.5548037599951,301.1048037599951,ome_plane_position_z,
Z:\Brejtr\ActiveProjects\Microscopy\20251205\_5_PSI_1uM_24hod_8_Multichannel Z-Stack_20251205_191_\stack1\frame_t_0.ets,frame_t_0.ets,.ets,1,macro image,1,,,,unavailable,
Z:\Brejtr\ActiveProjects\Microscopy\20251205\_5_PSI_1uM_24hod_9_Multichannel Z-Stack_20251205_192_\stack1\frame_t_0.ets,frame_t_0.ets,.ets,0,"C488, C561, C640",37,,298.20739791247024,303.6073979124702,ome_plane_position_z,
Z:\Brejtr\ActiveProjects\Microscopy\20251205\_5_PSI_1uM_24hod_9_Multichannel Z-Stack_20251205_192_\stack1\frame_t_0.ets,frame_t_0.ets,.ets,1,macro image,1,,,,unavailable,
Z:\Brejtr\ActiveProjects\Microscopy\20251208\5_KONTROLA_WO_48hod_10_Multichannel Z-Stack_20251208_219.vsi,5_KONTROLA_WO_48hod_10_Multichannel Z-Stack_20251208_219.vsi,.vsi,0,"C488, C561, C640",58,,249.85810596349876,258.40810596349877,ome_plane_position_z,
Z:\Brejtr\ActiveProjects\Microscopy\20251208\5_KONTROLA_WO_48hod_10_Multichannel Z-Stack_20251208_219.vsi,5_KONTROLA_WO_48hod_10_Multichannel Z-Stack_20251208_219.vsi,.vsi,1,macro image,1,,,,unavailable,
Z:\Brejtr\ActiveProjects\Microscopy\20251208\5_KONTROLA_WO_48hod_1_Multichannel Z-Stack_20251208_209.vsi,5_KONTROLA_WO_48hod_1_Multichannel Z-Stack_20251208_209.vsi,.vsi,0,"C488, C561, C640",30,,234.1594305072331,238.5094305072331,ome_plane_position_z,
Z:\Brejtr\ActiveProjects\Microscopy\20251208\5_KONTROLA_WO_48hod_1_Multichannel Z-Stack_20251208_209.vsi,5_KONTROLA_WO_48hod_1_Multichannel Z-Stack_20251208_209.vsi,.vsi,1,macro image,1,,,,unavailable,
Z:\Brejtr\ActiveProjects\Microscopy\20251208\5_KONTROLA_WO_48hod_1A_Multichannel Z-Stack_20251208_210.vsi,5_KONTROLA_WO_48hod_1A_Multichannel Z-Stack_20251208_210.vsi,.vsi,0,"C488, C561, C640",29,,236.50683025086985,240.70683025086984,ome_plane_position_z,
Z:\Brejtr\ActiveProjects\Microscopy\20251208\5_KONTROLA_WO_48hod_1A_Multichannel Z-Stack_20251208_210.vsi,5_KONTROLA_WO_48hod_1A_Multichannel Z-Stack_20251208_210.vsi,.vsi,1,macro image,1,,,,unavailable,
Z:\Brejtr\ActiveProjects\Microscopy\20251208\5_KONTROLA_WO_48hod_2_Multichannel Z-Stack_20251208_211.vsi,5_KONTROLA_WO_48hod_2_Multichannel Z-Stack_20251208_211.vsi,.vsi,0,"C488, C561, C640",31,,238.70942440334497,243.20942440334497,ome_plane_position_z,
Z:\Brejtr\ActiveProjects\Microscopy\20251208\5_KONTROLA_WO_48hod_2_Multichannel Z-Stack_20251208_211.vsi,5_KONTROLA_WO_48hod_2_Multichannel Z-Stack_20251208_211.vsi,.vsi,1,macro image,1,,,,unavailable,
Z:\Brejtr\ActiveProjects\Microscopy\20251208\5_KONTROLA_WO_48hod_3_Multichannel Z-Stack_20251208_212.vsi,5_KONTROLA_WO_48hod_3_Multichannel Z-Stack_20251208_212.vsi,.vsi,0,"C488, C561, C640",29,,241.20682414698166,245.40682414698162,ome_plane_position_z,
Z:\Brejtr\ActiveProjects\Microscopy\20251208\5_KONTROLA_WO_48hod_3_Multichannel Z-Stack_20251208_212.vsi,5_KONTROLA_WO_48hod_3_Multichannel Z-Stack_20251208_212.vsi,.vsi,1,macro image,1,,,,unavailable,
Z:\Brejtr\ActiveProjects\Microscopy\20251208\5_KONTROLA_WO_48hod_4_Multichannel Z-Stack_20251208_213.vsi,5_KONTROLA_WO_48hod_4_Multichannel Z-Stack_20251208_213.vsi,.vsi,0,"C488, C561, C640",36,,241.65227675028993,246.90227675028993,ome_plane_position_z,
Z:\Brejtr\ActiveProjects\Microscopy\20251208\5_KONTROLA_WO_48hod_4_Multichannel Z-Stack_20251208_213.vsi,5_KONTROLA_WO_48hod_4_Multichannel Z-Stack_20251208_213.vsi,.vsi,1,macro image,1,,,,unavailable,
Z:\Brejtr\ActiveProjects\Microscopy\20251208\5_KONTROLA_WO_48hod_5_Multichannel Z-Stack_20251208_214.vsi,5_KONTROLA_WO_48hod_5_Multichannel Z-Stack_20251208_214.vsi,.vsi,0,"C488, C561, C640",29,,244.10617103094674,248.3061710309467,ome_plane_position_z,
Z:\Brejtr\ActiveProjects\Microscopy\20251208\5_KONTROLA_WO_48hod_5_Multichannel Z-Stack_20251208_214.vsi,5_KONTROLA_WO_48hod_5_Multichannel Z-Stack_20251208_214.vsi,.vsi,1,macro image,1,,,,unavailable,
Z:\Brejtr\ActiveProjects\Microscopy\20251208\5_KONTROLA_WO_48hod_6_Multichannel Z-Stack_20251208_215.vsi,5_KONTROLA_WO_48hod_6_Multichannel Z-Stack_20251208_215.vsi,.vsi,0,"C488, C561, C640",38,,246.35746505524017,251.90746505524018,ome_plane_position_z,
Z:\Brejtr\ActiveProjects\Microscopy\20251208\5_KONTROLA_WO_48hod_6_Multichannel Z-Stack_20251208_215.vsi,5_KONTROLA_WO_48hod_6_Multichannel Z-Stack_20251208_215.vsi,.vsi,1,macro image,1,,,,unavailable,
Z:\Brejtr\ActiveProjects\Microscopy\20251208\5_KONTROLA_WO_48hod_7_Multichannel Z-Stack_20251208_216.vsi,5_KONTROLA_WO_48hod_7_Multichannel Z-Stack_20251208_216.vsi,.vsi,0,"C488, C561, C640",25,,249.89447598120003,253.49447598120003,ome_plane_position_z,
Z:\Brejtr\ActiveProjects\Microscopy\20251208\5_KONTROLA_WO_48hod_7_Multichannel Z-Stack_20251208_216.vsi,5_KONTROLA_WO_48hod_7_Multichannel Z-Stack_20251208_216.vsi,.vsi,1,macro image,1,,,,unavailable,
Z:\Brejtr\ActiveProjects\Microscopy\20251208\5_KONTROLA_WO_48hod_8_Multichannel Z-Stack_20251208_217.vsi,5_KONTROLA_WO_48hod_8_Multichannel Z-Stack_20251208_217.vsi,.vsi,0,"C488, C561, C640",23,,251.50681193920525,254.80681193920526,ome_plane_position_z,
Z:\Brejtr\ActiveProjects\Microscopy\20251208\5_KONTROLA_WO_48hod_8_Multichannel Z-Stack_20251208_217.vsi,5_KONTROLA_WO_48hod_8_Multichannel Z-Stack_20251208_217.vsi,.vsi,1,macro image,1,,,,unavailable,
Z:\Brejtr\ActiveProjects\Microscopy\20251208\5_KONTROLA_WO_48hod_9_Multichannel Z-Stack_20251208_218.vsi,5_KONTROLA_WO_48hod_9_Multichannel Z-Stack_20251208_218.vsi,.vsi,0,"C488, C561, C640",45,,250.007458951352,256.607458951352,ome_plane_position_z,
Z:\Brejtr\ActiveProjects\Microscopy\20251208\5_KONTROLA_WO_48hod_9_Multichannel Z-Stack_20251208_218.vsi,5_KONTROLA_WO_48hod_9_Multichannel Z-Stack_20251208_218.vsi,.vsi,1,macro image,1,,,,unavailable,
Z:\Brejtr\ActiveProjects\Microscopy\20251208\5_PSI1h01uM_WO_48hod_10_Multichannel Z-Stack_20251208_240.vsi,5_PSI1h01uM_WO_48hod_10_Multichannel Z-Stack_20251208_240.vsi,.vsi,0,"C488, C561, C640",38,,341.15084844045657,346.7008484404566,ome_plane_position_z,
Z:\Brejtr\ActiveProjects\Microscopy\20251208\5_PSI1h01uM_WO_48hod_10_Multichannel Z-Stack_20251208_240.vsi,5_PSI1h01uM_WO_48hod_10_Multichannel Z-Stack_20251208_240.vsi,.vsi,1,macro image,1,,,,unavailable,
Z:\Brejtr\ActiveProjects\Microscopy\20251208\5_PSI1h01uM_WO_48hod_1_Multichannel Z-Stack_20251208_231.vsi,5_PSI1h01uM_WO_48hod_1_Multichannel Z-Stack_20251208_231.vsi,.vsi,0,"C488, C561, C640",79,,285.40675700421167,297.10675700421166,ome_plane_position_z,
Z:\Brejtr\ActiveProjects\Microscopy\20251208\5_PSI1h01uM_WO_48hod_1_Multichannel Z-Stack_20251208_231.vsi,5_PSI1h01uM_WO_48hod_1_Multichannel Z-Stack_20251208_231.vsi,.vsi,1,macro image,1,,,,unavailable,
Z:\Brejtr\ActiveProjects\Microscopy\20251208\5_PSI1h01uM_WO_48hod_2_Multichannel Z-Stack_20251208_232.vsi,5_PSI1h01uM_WO_48hod_2_Multichannel Z-Stack_20251208_232.vsi,.vsi,0,"C488, C561, C640",80,,291.4522035036317,303.3022035036318,ome_plane_position_z,
Z:\Brejtr\ActiveProjects\Microscopy\20251208\5_PSI1h01uM_WO_48hod_2_Multichannel Z-Stack_20251208_232.vsi,5_PSI1h01uM_WO_48hod_2_Multichannel Z-Stack_20251208_232.vsi,.vsi,1,macro image,1,,,,unavailable,
Z:\Brejtr\ActiveProjects\Microscopy\20251208\5_PSI1h01uM_WO_48hod_3_Multichannel Z-Stack_20251208_233.vsi,5_PSI1h01uM_WO_48hod_3_Multichannel Z-Stack_20251208_233.vsi,.vsi,0,"C488, C561, C640",101,,294.80284441189036,309.80284441189036,ome_plane_position_z,
Z:\Brejtr\ActiveProjects\Microscopy\20251208\5_PSI1h01uM_WO_48hod_3_Multichannel Z-Stack_20251208_233.vsi,5_PSI1h01uM_WO_48hod_3_Multichannel Z-Stack_20251208_233.vsi,.vsi,1,macro image,1,,,,unavailable,
Z:\Brejtr\ActiveProjects\Microscopy\20251208\5_PSI1h01uM_WO_48hod_3_Multichannel Z-Stack_20251208_234.vsi,5_PSI1h01uM_WO_48hod_3_Multichannel Z-Stack_20251208_234.vsi,.vsi,0,"C488, C561, C640",81,,302.1060855765122,314.1060855765122,ome_plane_position_z,
Z:\Brejtr\ActiveProjects\Microscopy\20251208\5_PSI1h01uM_WO_48hod_3_Multichannel Z-Stack_20251208_234.vsi,5_PSI1h01uM_WO_48hod_3_Multichannel Z-Stack_20251208_234.vsi,.vsi,1,macro image,1,,,,unavailable,
Z:\Brejtr\ActiveProjects\Microscopy\20251208\5_PSI1h01uM_WO_48hod_4_Multichannel Z-Stack_20251208_235.vsi,5_PSI1h01uM_WO_48hod_4_Multichannel Z-Stack_20251208_235.vsi,.vsi,0,"C488, C561, C640",101,,303.50088506378563,318.50088506378563,ome_plane_position_z,
Z:\Brejtr\ActiveProjects\Microscopy\20251208\5_PSI1h01uM_WO_48hod_4_Multichannel Z-Stack_20251208_235.vsi,5_PSI1h01uM_WO_48hod_4_Multichannel Z-Stack_20251208_235.vsi,.vsi,1,macro image,1,,,,unavailable,
Z:\Brejtr\ActiveProjects\Microscopy\20251208\5_PSI1h01uM_WO_48hod_6_Multichannel Z-Stack_20251208_236.vsi,5_PSI1h01uM_WO_48hod_6_Multichannel Z-Stack_20251208_236.vsi,.vsi,0,"C488, C561, C640",123,,307.8002258438625,326.1002258438625,ome_plane_position_z,
Z:\Brejtr\ActiveProjects\Microscopy\20251208\5_PSI1h01uM_WO_48hod_6_Multichannel Z-Stack_20251208_236.vsi,5_PSI1h01uM_WO_48hod_6_Multichannel Z-Stack_20251208_236.vsi,.vsi,1,macro image,1,,,,unavailable,
Z:\Brejtr\ActiveProjects\Microscopy\20251208\5_PSI1h01uM_WO_48hod_7_Multichannel Z-Stack_20251208_237.vsi,5_PSI1h01uM_WO_48hod_7_Multichannel Z-Stack_20251208_237.vsi,.vsi,0,"C488, C561, C640",28,,327.75736128914116,331.80736128914117,ome_plane_position_z,
Z:\Brejtr\ActiveProjects\Microscopy\20251208\5_PSI1h01uM_WO_48hod_7_Multichannel Z-Stack_20251208_237.vsi,5_PSI1h01uM_WO_48hod_7_Multichannel Z-Stack_20251208_237.vsi,.vsi,1,macro image,1,,,,unavailable,
Z:\Brejtr\ActiveProjects\Microscopy\20251208\5_PSI1h01uM_WO_48hod_8_Multichannel Z-Stack_20251208_238.vsi,5_PSI1h01uM_WO_48hod_8_Multichannel Z-Stack_20251208_238.vsi,.vsi,0,"C488, C561, C640",59,,326.00670817310635,334.7067081731063,ome_plane_position_z,
Z:\Brejtr\ActiveProjects\Microscopy\20251208\5_PSI1h01uM_WO_48hod_8_Multichannel Z-Stack_20251208_238.vsi,5_PSI1h01uM_WO_48hod_8_Multichannel Z-Stack_20251208_238.vsi,.vsi,1,macro image,1,,,,unavailable,
Z:\Brejtr\ActiveProjects\Microscopy\20251208\5_PSI1h01uM_WO_48hod_9_Multichannel Z-Stack_20251208_239.vsi,5_PSI1h01uM_WO_48hod_9_Multichannel Z-Stack_20251208_239.vsi,.vsi,0,"C488, C561, C640",88,,329.95799609351155,343.00799609351157,ome_plane_position_z,
Z:\Brejtr\ActiveProjects\Microscopy\20251208\5_PSI1h01uM_WO_48hod_9_Multichannel Z-Stack_20251208_239.vsi,5_PSI1h01uM_WO_48hod_9_Multichannel Z-Stack_20251208_239.vsi,.vsi,1,macro image,1,,,,unavailable,
Z:\Brejtr\ActiveProjects\Microscopy\20251208\5_PSI1h10uM_WO_48hod_10_Multichannel Z-Stack_20251208_250.vsi,5_PSI1h10uM_WO_48hod_10_Multichannel Z-Stack_20251208_250.vsi,.vsi,0,"C488, C561, C640",57,,400.80466337056714,409.2046633705671,ome_plane_position_z,
Z:\Brejtr\ActiveProjects\Microscopy\20251208\5_PSI1h10uM_WO_48hod_10_Multichannel Z-Stack_20251208_250.vsi,5_PSI1h10uM_WO_48hod_10_Multichannel Z-Stack_20251208_250.vsi,.vsi,1,macro image,1,,,,unavailable,
Z:\Brejtr\ActiveProjects\Microscopy\20251208\5_PSI1h10uM_WO_48hod_1_Multichannel Z-Stack_20251208_241.vsi,5_PSI1h10uM_WO_48hod_1_Multichannel Z-Stack_20251208_241.vsi,.vsi,0,"C488, C561, C640",131,,346.7027711652323,366.2027711652323,ome_plane_position_z,
Z:\Brejtr\ActiveProjects\Microscopy\20251208\5_PSI1h10uM_WO_48hod_1_Multichannel Z-Stack_20251208_241.vsi,5_PSI1h10uM_WO_48hod_1_Multichannel Z-Stack_20251208_241.vsi,.vsi,1,macro image,1,,,,unavailable,
Z:\Brejtr\ActiveProjects\Microscopy\20251208\5_PSI1h10uM_WO_48hod_2_Multichannel Z-Stack_20251208_242.vsi,5_PSI1h10uM_WO_48hod_2_Multichannel Z-Stack_20251208_242.vsi,.vsi,0,"C488, C561, C640",94,,357.65471220167245,371.60471220167244,ome_plane_position_z,
Z:\Brejtr\ActiveProjects\Microscopy\20251208\5_PSI1h10uM_WO_48hod_2_Multichannel Z-Stack_20251208_242.vsi,5_PSI1h10uM_WO_48hod_2_Multichannel Z-Stack_20251208_242.vsi,.vsi,1,macro image,1,,,,unavailable,
Z:\Brejtr\ActiveProjects\Microscopy\20251208\5_PSI1h10uM_WO_48hod_3_Multichannel Z-Stack_20251208_243.vsi,5_PSI1h10uM_WO_48hod_3_Multichannel Z-Stack_20251208_243.vsi,.vsi,0,"C488, C561, C640",81,,363.90795336629435,375.90795336629435,ome_plane_position_z,
Z:\Brejtr\ActiveProjects\Microscopy\20251208\5_PSI1h10uM_WO_48hod_3_Multichannel Z-Stack_20251208_243.vsi,5_PSI1h10uM_WO_48hod_3_Multichannel Z-Stack_20251208_243.vsi,.vsi,1,macro image,1,,,,unavailable,
Z:\Brejtr\ActiveProjects\Microscopy\20251208\5_PSI1h10uM_WO_48hod_4_Multichannel Z-Stack_20251208_244.vsi,5_PSI1h10uM_WO_48hod_4_Multichannel Z-Stack_20251208_244.vsi,.vsi,0,"C488, C561, C640",80,,369.15469999389603,381.0046999938961,ome_plane_position_z,
Z:\Brejtr\ActiveProjects\Microscopy\20251208\5_PSI1h10uM_WO_48hod_4_Multichannel Z-Stack_20251208_244.vsi,5_PSI1h10uM_WO_48hod_4_Multichannel Z-Stack_20251208_244.vsi,.vsi,1,macro image,1,,,,unavailable,
Z:\Brejtr\ActiveProjects\Microscopy\20251208\5_PSI1h10uM_WO_48hod_5_Multichannel Z-Stack_20251208_245.vsi,5_PSI1h10uM_WO_48hod_5_Multichannel Z-Stack_20251208_245.vsi,.vsi,0,"C488, C561, C640",87,,371.40079960935117,384.30079960935115,ome_plane_position_z,
Z:\Brejtr\ActiveProjects\Microscopy\20251208\5_PSI1h10uM_WO_48hod_5_Multichannel Z-Stack_20251208_245.vsi,5_PSI1h10uM_WO_48hod_5_Multichannel Z-Stack_20251208_245.vsi,.vsi,1,macro image,1,,,,unavailable,
Z:\Brejtr\ActiveProjects\Microscopy\20251208\5_PSI1h10uM_WO_48hod_6_Multichannel Z-Stack_20251208_246.vsi,5_PSI1h10uM_WO_48hod_6_Multichannel Z-Stack_20251208_246.vsi,.vsi,0,"C488, C561, C640",81,,375.50534090215467,387.50534090215467,ome_plane_position_z,
Z:\Brejtr\ActiveProjects\Microscopy\20251208\5_PSI1h10uM_WO_48hod_6_Multichannel Z-Stack_20251208_246.vsi,5_PSI1h10uM_WO_48hod_6_Multichannel Z-Stack_20251208_246.vsi,.vsi,1,macro image,1,,,,unavailable,
Z:\Brejtr\ActiveProjects\Microscopy\20251208\5_PSI1h10uM_WO_48hod_7_Multichannel Z-Stack_20251208_247.vsi,5_PSI1h10uM_WO_48hod_7_Multichannel Z-Stack_20251208_247.vsi,.vsi,0,"C488, C561, C640",74,,379.8514405176097,390.8014405176097,ome_plane_position_z,
Z:\Brejtr\ActiveProjects\Microscopy\20251208\5_PSI1h10uM_WO_48hod_7_Multichannel Z-Stack_20251208_247.vsi,5_PSI1h10uM_WO_48hod_7_Multichannel Z-Stack_20251208_247.vsi,.vsi,1,macro image,1,,,,unavailable,
Z:\Brejtr\ActiveProjects\Microscopy\20251208\5_PSI1h10uM_WO_48hod_8_Multichannel Z-Stack_20251208_248.vsi,5_PSI1h10uM_WO_48hod_8_Multichannel Z-Stack_20251208_248.vsi,.vsi,0,"C488, C561, C640",91,,380.10922907892325,393.60922907892325,ome_plane_position_z,
Z:\Brejtr\ActiveProjects\Microscopy\20251208\5_PSI1h10uM_WO_48hod_8_Multichannel Z-Stack_20251208_248.vsi,5_PSI1h10uM_WO_48hod_8_Multichannel Z-Stack_20251208_248.vsi,.vsi,1,macro image,1,,,,unavailable,
Z:\Brejtr\ActiveProjects\Microscopy\20251208\5_PSI1h10uM_WO_48hod_9_Multichannel Z-Stack_20251208_249.vsi,5_PSI1h10uM_WO_48hod_9_Multichannel Z-Stack_20251208_249.vsi,.vsi,0,"C488, C561, C640",60,,395.65466947445515,404.5046694744552,ome_plane_position_z,
Z:\Brejtr\ActiveProjects\Microscopy\20251208\5_PSI1h10uM_WO_48hod_9_Multichannel Z-Stack_20251208_249.vsi,5_PSI1h10uM_WO_48hod_9_Multichannel Z-Stack_20251208_249.vsi,.vsi,1,macro image,1,,,,unavailable,
Z:\Brejtr\ActiveProjects\Microscopy\20251208\5_PSI_01UM_48hod_10_Multichannel Z-Stack_20251208_230.vsi,5_PSI_01UM_48hod_10_Multichannel Z-Stack_20251208_230.vsi,.vsi,0,"C488, C561, C640",52,,284.45156869926143,292.1015686992614,ome_plane_position_z,
Z:\Brejtr\ActiveProjects\Microscopy\20251208\5_PSI_01UM_48hod_10_Multichannel Z-Stack_20251208_230.vsi,5_PSI_01UM_48hod_10_Multichannel Z-Stack_20251208_230.vsi,.vsi,1,macro image,1,,,,unavailable,
Z:\Brejtr\ActiveProjects\Microscopy\20251208\5_PSI_01uM_48hod_10_Multichannel Z-Stack_20251208_260.vsi,5_PSI_01uM_48hod_10_Multichannel Z-Stack_20251208_260.vsi,.vsi,0,"C488, C561, C640",138,,428.75720869193674,449.30720869193675,ome_plane_position_z,
Z:\Brejtr\ActiveProjects\Microscopy\20251208\5_PSI_01uM_48hod_10_Multichannel Z-Stack_20251208_260.vsi,5_PSI_01uM_48hod_10_Multichannel Z-Stack_20251208_260.vsi,.vsi,1,macro image,1,,,,unavailable,
Z:\Brejtr\ActiveProjects\Microscopy\20251208\5_PSI_01UM_48hod_1_Multichannel Z-Stack_20251208_220.vsi,5_PSI_01UM_48hod_1_Multichannel Z-Stack_20251208_220.vsi,.vsi,0,"C488, C561, C640",30,,255.55355856680708,259.9035585668071,ome_plane_position_z,
Z:\Brejtr\ActiveProjects\Microscopy\20251208\5_PSI_01UM_48hod_1_Multichannel Z-Stack_20251208_220.vsi,5_PSI_01UM_48hod_1_Multichannel Z-Stack_20251208_220.vsi,.vsi,1,macro image,1,,,,unavailable,
Z:\Brejtr\ActiveProjects\Microscopy\20251208\5_PSI_01uM_48hod_1_Multichannel Z-Stack_20251208_251.vsi,5_PSI_01uM_48hod_1_Multichannel Z-Stack_20251208_251.vsi,.vsi,0,"C488, C561, C640",87,,400.60790453518894,413.5079045351889,ome_plane_position_z,
Z:\Brejtr\ActiveProjects\Microscopy\20251208\5_PSI_01uM_48hod_1_Multichannel Z-Stack_20251208_251.vsi,5_PSI_01uM_48hod_1_Multichannel Z-Stack_20251208_251.vsi,.vsi,1,macro image,1,,,,unavailable,
Z:\Brejtr\ActiveProjects\Microscopy\20251208\5_PSI_01UM_48hod_2_Multichannel Z-Stack_20251208_221.vsi,5_PSI_01UM_48hod_2_Multichannel Z-Stack_20251208_221.vsi,.vsi,0,"C488, C561, C640",45,,255.1042055789538,261.7042055789538,ome_plane_position_z,
Z:\Brejtr\ActiveProjects\Microscopy\20251208\5_PSI_01UM_48hod_2_Multichannel Z-Stack_20251208_221.vsi,5_PSI_01UM_48hod_2_Multichannel Z-Stack_20251208_221.vsi,.vsi,1,macro image,1,,,,unavailable,
Z:\Brejtr\ActiveProjects\Microscopy\20251208\5_PSI_01uM_48hod_2_Multichannel Z-Stack_20251208_252.vsi,5_PSI_01uM_48hod_2_Multichannel Z-Stack_20251208_252.vsi,.vsi,0,"C488, C561, C640",72,,404.35335713849724,415.0033571384972,ome_plane_position_z,
Z:\Brejtr\ActiveProjects\Microscopy\20251208\5_PSI_01uM_48hod_2_Multichannel Z-Stack_20251208_252.vsi,5_PSI_01uM_48hod_2_Multichannel Z-Stack_20251208_252.vsi,.vsi,1,macro image,1,,,,unavailable,
Z:\Brejtr\ActiveProjects\Microscopy\20251208\5_PSI_01UM_48hod_3_Multichannel Z-Stack_20251208_222.vsi,5_PSI_01UM_48hod_3_Multichannel Z-Stack_20251208_222.vsi,.vsi,0,"C488, C561, C640",45,,256.9048525911005,263.5048525911006,ome_plane_position_z,
Z:\Brejtr\ActiveProjects\Microscopy\20251208\5_PSI_01UM_48hod_3_Multichannel Z-Stack_20251208_222.vsi,5_PSI_01UM_48hod_3_Multichannel Z-Stack_20251208_222.vsi,.vsi,1,macro image,1,,,,unavailable,
Z:\Brejtr\ActiveProjects\Microscopy\20251208\5_PSI_01uM_48hod_3_Multichannel Z-Stack_20251208_253.vsi,5_PSI_01uM_48hod_3_Multichannel Z-Stack_20251208_253.vsi,.vsi,0,"C488, C561, C640",80,,406.75465116279065,418.6046511627907,ome_plane_position_z,
Z:\Brejtr\ActiveProjects\Microscopy\20251208\5_PSI_01uM_48hod_3_Multichannel Z-Stack_20251208_253.vsi,5_PSI_01uM_48hod_3_Multichannel Z-Stack_20251208_253.vsi,.vsi,1,macro image,1,,,,unavailable,
Z:\Brejtr\ActiveProjects\Microscopy\20251208\5_PSI_01UM_48hod_4_Multichannel Z-Stack_20251208_223.vsi,5_PSI_01UM_48hod_4_Multichannel Z-Stack_20251208_223.vsi,.vsi,0,"C488, C561, C640",50,,259.75614661539396,267.106146615394,ome_plane_position_z,
Z:\Brejtr\ActiveProjects\Microscopy\20251208\5_PSI_01UM_48hod_4_Multichannel Z-Stack_20251208_223.vsi,5_PSI_01UM_48hod_4_Multichannel Z-Stack_20251208_223.vsi,.vsi,1,macro image,1,,,,unavailable,
Z:\Brejtr\ActiveProjects\Microscopy\20251208\5_PSI_01uM_48hod_4_Multichannel Z-Stack_20251208_254.vsi,5_PSI_01uM_48hod_4_Multichannel Z-Stack_20251208_254.vsi,.vsi,0,"C488, C561, C640",94,,408.95789232741265,422.9078923274126,ome_plane_position_z,
Z:\Brejtr\ActiveProjects\Microscopy\20251208\5_PSI_01uM_48hod_4_Multichannel Z-Stack_20251208_254.vsi,5_PSI_01uM_48hod_4_Multichannel Z-Stack_20251208_254.vsi,.vsi,1,macro image,1,,,,unavailable,
Z:\Brejtr\ActiveProjects\Microscopy\20251208\5_PSI_01UM_48hod_5_Multichannel Z-Stack_20251208_224.vsi,5_PSI_01UM_48hod_5_Multichannel Z-Stack_20251208_224.vsi,.vsi,0,"C488, C561, C640",52,,262.35549349935917,270.00549349935915,ome_plane_position_z,
Z:\Brejtr\ActiveProjects\Microscopy\20251208\5_PSI_01UM_48hod_5_Multichannel Z-Stack_20251208_224.vsi,5_PSI_01UM_48hod_5_Multichannel Z-Stack_20251208_224.vsi,.vsi,1,macro image,1,,,,unavailable,
Z:\Brejtr\ActiveProjects\Microscopy\20251208\5_PSI_01uM_48hod_5_Multichannel Z-Stack_20251208_255.vsi,5_PSI_01uM_48hod_5_Multichannel Z-Stack_20251208_255.vsi,.vsi,0,"C488, C561, C640",108,,409.4520448025392,425.5020448025392,ome_plane_position_z,
Z:\Brejtr\ActiveProjects\Microscopy\20251208\5_PSI_01uM_48hod_5_Multichannel Z-Stack_20251208_255.vsi,5_PSI_01uM_48hod_5_Multichannel Z-Stack_20251208_255.vsi,.vsi,1,macro image,1,,,,unavailable,
Z:\Brejtr\ActiveProjects\Microscopy\20251208\5_PSI_01UM_48hod_6_Multichannel Z-Stack_20251208_225.vsi,5_PSI_01UM_48hod_6_Multichannel Z-Stack_20251208_225.vsi,.vsi,0,"C488, C561, C640",59,,265.3035402551426,274.0035402551426,ome_plane_position_z,
Z:\Brejtr\ActiveProjects\Microscopy\20251208\5_PSI_01UM_48hod_6_Multichannel Z-Stack_20251208_225.vsi,5_PSI_01UM_48hod_6_Multichannel Z-Stack_20251208_225.vsi,.vsi,1,macro image,1,,,,unavailable,
Z:\Brejtr\ActiveProjects\Microscopy\20251208\5_PSI_01UM_48hod_6_Multichannel Z-Stack_20251208_226.vsi,5_PSI_01UM_48hod_6_Multichannel Z-Stack_20251208_226.vsi,.vsi,0,"C488, C561, C640",65,,270.2022340230726,279.8022340230727,ome_plane_position_z,
Z:\Brejtr\ActiveProjects\Microscopy\20251208\5_PSI_01UM_48hod_6_Multichannel Z-Stack_20251208_226.vsi,5_PSI_01UM_48hod_6_Multichannel Z-Stack_20251208_226.vsi,.vsi,1,macro image,1,,,,unavailable,
Z:\Brejtr\ActiveProjects\Microscopy\20251208\5_PSI_01uM_48hod_6_Multichannel Z-Stack_20251208_256.vsi,5_PSI_01uM_48hod_6_Multichannel Z-Stack_20251208_256.vsi,.vsi,0,"C488, C561, C640",94,,415.8552859671611,429.80528596716107,ome_plane_position_z,
Z:\Brejtr\ActiveProjects\Microscopy\20251208\5_PSI_01uM_48hod_6_Multichannel Z-Stack_20251208_256.vsi,5_PSI_01uM_48hod_6_Multichannel Z-Stack_20251208_256.vsi,.vsi,1,macro image,1,,,,unavailable,
Z:\Brejtr\ActiveProjects\Microscopy\20251208\5_PSI_01UM_48hod_7_Multichannel Z-Stack_20251208_227.vsi,5_PSI_01UM_48hod_7_Multichannel Z-Stack_20251208_227.vsi,.vsi,0,"C488, C561, C640",31,,278.2015809070378,282.7015809070378,ome_plane_position_z,
Z:\Brejtr\ActiveProjects\Microscopy\20251208\5_PSI_01UM_48hod_7_Multichannel Z-Stack_20251208_227.vsi,5_PSI_01UM_48hod_7_Multichannel Z-Stack_20251208_227.vsi,.vsi,1,macro image,1,,,,unavailable,
Z:\Brejtr\ActiveProjects\Microscopy\20251208\5_PSI_01uM_48hod_7_Multichannel Z-Stack_20251208_257.vsi,5_PSI_01uM_48hod_7_Multichannel Z-Stack_20251208_257.vsi,.vsi,0,"C488, C561, C640",74,,422.1513855826161,433.1013855826161,ome_plane_position_z,
Z:\Brejtr\ActiveProjects\Microscopy\20251208\5_PSI_01uM_48hod_7_Multichannel Z-Stack_20251208_257.vsi,5_PSI_01uM_48hod_7_Multichannel Z-Stack_20251208_257.vsi,.vsi,1,macro image,1,,,,unavailable,
Z:\Brejtr\ActiveProjects\Microscopy\20251208\5_PSI_01UM_48hod_8_Multichannel Z-Stack_20251208_228.vsi,5_PSI_01UM_48hod_8_Multichannel Z-Stack_20251208_228.vsi,.vsi,0,"C488, C561, C640",43,,278.9041750595129,285.2041750595129,ome_plane_position_z,
Z:\Brejtr\ActiveProjects\Microscopy\20251208\5_PSI_01UM_48hod_8_Multichannel Z-Stack_20251208_228.vsi,5_PSI_01UM_48hod_8_Multichannel Z-Stack_20251208_228.vsi,.vsi,1,macro image,1,,,,unavailable,
Z:\Brejtr\ActiveProjects\Microscopy\20251208\5_PSI_01uM_48hod_8_Multichannel Z-Stack_20251208_258.vsi,5_PSI_01uM_48hod_8_Multichannel Z-Stack_20251208_258.vsi,.vsi,0,"C488, C561, C640",104,,422.4429378013795,437.89293780137945,ome_plane_position_z,
Z:\Brejtr\ActiveProjects\Microscopy\20251208\5_PSI_01uM_48hod_8_Multichannel Z-Stack_20251208_258.vsi,5_PSI_01uM_48hod_8_Multichannel Z-Stack_20251208_258.vsi,.vsi,1,macro image,1,,,,unavailable,
Z:\Brejtr\ActiveProjects\Microscopy\20251208\5_PSI_01UM_48hod_9_Multichannel Z-Stack_20251208_229.vsi,5_PSI_01UM_48hod_9_Multichannel Z-Stack_20251208_229.vsi,.vsi,0,"C488, C561, C640",67,,280.4009216871147,290.3009216871147,ome_plane_position_z,
Z:\Brejtr\ActiveProjects\Microscopy\20251208\5_PSI_01UM_48hod_9_Multichannel Z-Stack_20251208_229.vsi,5_PSI_01UM_48hod_9_Multichannel Z-Stack_20251208_229.vsi,.vsi,1,macro image,1,,,,unavailable,
Z:\Brejtr\ActiveProjects\Microscopy\20251208\5_PSI_01uM_48hod_9_Multichannel Z-Stack_20251208_259.vsi,5_PSI_01uM_48hod_9_Multichannel Z-Stack_20251208_259.vsi,.vsi,0,"C488, C561, C640",94,,426.3539736312031,440.30397363120306,ome_plane_position_z,
Z:\Brejtr\ActiveProjects\Microscopy\20251208\5_PSI_01uM_48hod_9_Multichannel Z-Stack_20251208_259.vsi,5_PSI_01uM_48hod_9_Multichannel Z-Stack_20251208_259.vsi,.vsi,1,macro image,1,,,,unavailable,
Z:\Brejtr\ActiveProjects\Microscopy\20251208\5_PSI_10uM_48hod_10_Multichannel Z-Stack_20251208_270.vsi,5_PSI_10uM_48hod_10_Multichannel Z-Stack_20251208_270.vsi,.vsi,0,"C488, C561, C640",101,,451.0013428553989,466.0013428553989,ome_plane_position_z,
Z:\Brejtr\ActiveProjects\Microscopy\20251208\5_PSI_10uM_48hod_10_Multichannel Z-Stack_20251208_270.vsi,5_PSI_10uM_48hod_10_Multichannel Z-Stack_20251208_270.vsi,.vsi,1,macro image,1,,,,unavailable,
Z:\Brejtr\ActiveProjects\Microscopy\20251208\5_PSI_10uM_48hod_1_Multichannel Z-Stack_20251208_261.vsi,5_PSI_10uM_48hod_1_Multichannel Z-Stack_20251208_261.vsi,.vsi,0,"C488, C561, C640",154,,434.7500549349936,457.7000549349936,ome_plane_position_z,
Z:\Brejtr\ActiveProjects\Microscopy\20251208\5_PSI_10uM_48hod_1_Multichannel Z-Stack_20251208_261.vsi,5_PSI_10uM_48hod_1_Multichannel Z-Stack_20251208_261.vsi,.vsi,1,macro image,1,,,,unavailable,
Z:\Brejtr\ActiveProjects\Microscopy\20251208\5_PSI_10uM_48hod_2_Multichannel Z-Stack_20251208_262.vsi,5_PSI_10uM_48hod_2_Multichannel Z-Stack_20251208_262.vsi,.vsi,0,"C488, C561, C640",92,,450.5506958432522,464.20069584325216,ome_plane_position_z,
Z:\Brejtr\ActiveProjects\Microscopy\20251208\5_PSI_10uM_48hod_2_Multichannel Z-Stack_20251208_262.vsi,5_PSI_10uM_48hod_2_Multichannel Z-Stack_20251208_262.vsi,.vsi,1,macro image,1,,,,unavailable,
Z:\Brejtr\ActiveProjects\Microscopy\20251208\5_PSI_10uM_48hod_3_Multichannel Z-Stack_20251208_263.vsi,5_PSI_10uM_48hod_3_Multichannel Z-Stack_20251208_263.vsi,.vsi,0,"C488, C561, C640",123,,439.0033022035036,457.3033022035036,ome_plane_position_z,
Z:\Brejtr\ActiveProjects\Microscopy\20251208\5_PSI_10uM_48hod_3_Multichannel Z-Stack_20251208_263.vsi,5_PSI_10uM_48hod_3_Multichannel Z-Stack_20251208_263.vsi,.vsi,1,macro image,1,,,,unavailable,
Z:\Brejtr\ActiveProjects\Microscopy\20251208\5_PSI_10uM_48hod_4_Multichannel Z-Stack_20251208_264.vsi,5_PSI_10uM_48hod_4_Multichannel Z-Stack_20251208_264.vsi,.vsi,0,"C488, C561, C640",101,,450.6045901239089,465.6045901239089,ome_plane_position_z,
Z:\Brejtr\ActiveProjects\Microscopy\20251208\5_PSI_10uM_48hod_4_Multichannel Z-Stack_20251208_264.vsi,5_PSI_10uM_48hod_4_Multichannel Z-Stack_20251208_264.vsi,.vsi,1,macro image,1,,,,unavailable,
Z:\Brejtr\ActiveProjects\Microscopy\20251208\5_PSI_10uM_48hod_5_Multichannel Z-Stack_20251208_265.vsi,5_PSI_10uM_48hod_5_Multichannel Z-Stack_20251208_265.vsi,.vsi,0,"C488, C561, C640",78,,459.45653116034913,471.00653116034914,ome_plane_position_z,
Z:\Brejtr\ActiveProjects\Microscopy\20251208\5_PSI_10uM_48hod_5_Multichannel Z-Stack_20251208_265.vsi,5_PSI_10uM_48hod_5_Multichannel Z-Stack_20251208_265.vsi,.vsi,1,macro image,1,,,,unavailable,
Z:\Brejtr\ActiveProjects\Microscopy\20251208\5_PSI_10uM_48hod_6_Multichannel Z-Stack_20251208_266.vsi,5_PSI_10uM_48hod_6_Multichannel Z-Stack_20251208_266.vsi,.vsi,0,"C488, C561, C640",116,,449.8500427272172,467.1000427272172,ome_plane_position_z,
Z:\Brejtr\ActiveProjects\Microscopy\20251208\5_PSI_10uM_48hod_6_Multichannel Z-Stack_20251208_266.vsi,5_PSI_10uM_48hod_6_Multichannel Z-Stack_20251208_266.vsi,.vsi,1,macro image,1,,,,unavailable,
Z:\Brejtr\ActiveProjects\Microscopy\20251208\5_PSI_10uM_48hod_7_Multichannel Z-Stack_20251208_267.vsi,5_PSI_10uM_48hod_7_Multichannel Z-Stack_20251208_267.vsi,.vsi,0,"C488, C561, C640",152,,454.5519776597693,477.2019776597693,ome_plane_position_z,
Z:\Brejtr\ActiveProjects\Microscopy\20251208\5_PSI_10uM_48hod_7_Multichannel Z-Stack_20251208_267.vsi,5_PSI_10uM_48hod_7_Multichannel Z-Stack_20251208_267.vsi,.vsi,1,macro image,1,,,,unavailable,
Z:\Brejtr\ActiveProjects\Microscopy\20251208\5_PSI_10uM_48hod_8_Multichannel Z-Stack_20251208_268.vsi,5_PSI_10uM_48hod_8_Multichannel Z-Stack_20251208_268.vsi,.vsi,0,"C488, C561, C640",131,,465.6065128486846,485.1065128486846,ome_plane_position_z,
Z:\Brejtr\ActiveProjects\Microscopy\20251208\5_PSI_10uM_48hod_8_Multichannel Z-Stack_20251208_268.vsi,5_PSI_10uM_48hod_8_Multichannel Z-Stack_20251208_268.vsi,.vsi,1,macro image,1,,,,unavailable,
Z:\Brejtr\ActiveProjects\Microscopy\20251208\5_PSI_10uM_48hod_9_Multichannel Z-Stack_20251208_269.vsi,5_PSI_10uM_48hod_9_Multichannel Z-Stack_20251208_269.vsi,.vsi,0,"C488, C561, C640",81,,476.4026124641397,488.4026124641397,ome_plane_position_z,
Z:\Brejtr\ActiveProjects\Microscopy\20251208\5_PSI_10uM_48hod_9_Multichannel Z-Stack_20251208_269.vsi,5_PSI_10uM_48hod_9_Multichannel Z-Stack_20251208_269.vsi,.vsi,1,macro image,1,,,,unavailable,
Z:\Brejtr\ActiveProjects\Microscopy\20251208\_5_KONTROLA_WO_48hod_10_Multichannel Z-Stack_20251208_219_\stack1\frame_t_0.ets,frame_t_0.ets,.ets,0,"C488, C561, C640",58,,249.85810596349876,258.40810596349877,ome_plane_position_z,
Z:\Brejtr\ActiveProjects\Microscopy\20251208\_5_KONTROLA_WO_48hod_10_Multichannel Z-Stack_20251208_219_\stack1\frame_t_0.ets,frame_t_0.ets,.ets,1,macro image,1,,,,unavailable,
Z:\Brejtr\ActiveProjects\Microscopy\20251208\_5_KONTROLA_WO_48hod_1_Multichannel Z-Stack_20251208_209_\stack1\frame_t_0.ets,frame_t_0.ets,.ets,0,"C488, C561, C640",30,,234.1594305072331,238.5094305072331,ome_plane_position_z,
Z:\Brejtr\ActiveProjects\Microscopy\20251208\_5_KONTROLA_WO_48hod_1_Multichannel Z-Stack_20251208_209_\stack1\frame_t_0.ets,frame_t_0.ets,.ets,1,macro image,1,,,,unavailable,
Z:\Brejtr\ActiveProjects\Microscopy\20251208\_5_KONTROLA_WO_48hod_1A_Multichannel Z-Stack_20251208_210_\stack1\frame_t_0.ets,frame_t_0.ets,.ets,0,"C488, C561, C640",29,,236.50683025086985,240.70683025086984,ome_plane_position_z,
Z:\Brejtr\ActiveProjects\Microscopy\20251208\_5_KONTROLA_WO_48hod_1A_Multichannel Z-Stack_20251208_210_\stack1\frame_t_0.ets,frame_t_0.ets,.ets,1,macro image,1,,,,unavailable,
Z:\Brejtr\ActiveProjects\Microscopy\20251208\_5_KONTROLA_WO_48hod_2_Multichannel Z-Stack_20251208_211_\stack1\frame_t_0.ets,frame_t_0.ets,.ets,0,"C488, C561, C640",31,,238.70942440334497,243.20942440334497,ome_plane_position_z,
Z:\Brejtr\ActiveProjects\Microscopy\20251208\_5_KONTROLA_WO_48hod_2_Multichannel Z-Stack_20251208_211_\stack1\frame_t_0.ets,frame_t_0.ets,.ets,1,macro image,1,,,,unavailable,
Z:\Brejtr\ActiveProjects\Microscopy\20251208\_5_KONTROLA_WO_48hod_3_Multichannel Z-Stack_20251208_212_\stack1\frame_t_0.ets,frame_t_0.ets,.ets,0,"C488, C561, C640",29,,241.20682414698166,245.40682414698162,ome_plane_position_z,
Z:\Brejtr\ActiveProjects\Microscopy\20251208\_5_KONTROLA_WO_48hod_3_Multichannel Z-Stack_20251208_212_\stack1\frame_t_0.ets,frame_t_0.ets,.ets,1,macro image,1,,,,unavailable,
Z:\Brejtr\ActiveProjects\Microscopy\20251208\_5_KONTROLA_WO_48hod_4_Multichannel Z-Stack_20251208_213_\stack1\frame_t_0.ets,frame_t_0.ets,.ets,0,"C488, C561, C640",36,,241.65227675028993,246.90227675028993,ome_plane_position_z,
Z:\Brejtr\ActiveProjects\Microscopy\20251208\_5_KONTROLA_WO_48hod_4_Multichannel Z-Stack_20251208_213_\stack1\frame_t_0.ets,frame_t_0.ets,.ets,1,macro image,1,,,,unavailable,
Z:\Brejtr\ActiveProjects\Microscopy\20251208\_5_KONTROLA_WO_48hod_5_Multichannel Z-Stack_20251208_214_\stack1\frame_t_0.ets,frame_t_0.ets,.ets,0,"C488, C561, C640",29,,244.10617103094674,248.3061710309467,ome_plane_position_z,
Z:\Brejtr\ActiveProjects\Microscopy\20251208\_5_KONTROLA_WO_48hod_5_Multichannel Z-Stack_20251208_214_\stack1\frame_t_0.ets,frame_t_0.ets,.ets,1,macro image,1,,,,unavailable,
Z:\Brejtr\ActiveProjects\Microscopy\20251208\_5_KONTROLA_WO_48hod_6_Multichannel Z-Stack_20251208_215_\stack1\frame_t_0.ets,frame_t_0.ets,.ets,0,"C488, C561, C640",38,,246.35746505524017,251.90746505524018,ome_plane_position_z,
Z:\Brejtr\ActiveProjects\Microscopy\20251208\_5_KONTROLA_WO_48hod_6_Multichannel Z-Stack_20251208_215_\stack1\frame_t_0.ets,frame_t_0.ets,.ets,1,macro image,1,,,,unavailable,
Z:\Brejtr\ActiveProjects\Microscopy\20251208\_5_KONTROLA_WO_48hod_7_Multichannel Z-Stack_20251208_216_\stack1\frame_t_0.ets,frame_t_0.ets,.ets,0,"C488, C561, C640",25,,249.89447598120003,253.49447598120003,ome_plane_position_z,
Z:\Brejtr\ActiveProjects\Microscopy\20251208\_5_KONTROLA_WO_48hod_7_Multichannel Z-Stack_20251208_216_\stack1\frame_t_0.ets,frame_t_0.ets,.ets,1,macro image,1,,,,unavailable,
Z:\Brejtr\ActiveProjects\Microscopy\20251208\_5_KONTROLA_WO_48hod_8_Multichannel Z-Stack_20251208_217_\stack1\frame_t_0.ets,frame_t_0.ets,.ets,0,"C488, C561, C640",23,,251.50681193920525,254.80681193920526,ome_plane_position_z,
Z:\Brejtr\ActiveProjects\Microscopy\20251208\_5_KONTROLA_WO_48hod_8_Multichannel Z-Stack_20251208_217_\stack1\frame_t_0.ets,frame_t_0.ets,.ets,1,macro image,1,,,,unavailable,
Z:\Brejtr\ActiveProjects\Microscopy\20251208\_5_KONTROLA_WO_48hod_9_Multichannel Z-Stack_20251208_218_\stack1\frame_t_0.ets,frame_t_0.ets,.ets,0,"C488, C561, C640",45,,250.007458951352,256.607458951352,ome_plane_position_z,
Z:\Brejtr\ActiveProjects\Microscopy\20251208\_5_KONTROLA_WO_48hod_9_Multichannel Z-Stack_20251208_218_\stack1\frame_t_0.ets,frame_t_0.ets,.ets,1,macro image,1,,,,unavailable,
Z:\Brejtr\ActiveProjects\Microscopy\20251208\_5_PSI1h01uM_WO_48hod_10_Multichannel Z-Stack_20251208_240_\stack1\frame_t_0.ets,frame_t_0.ets,.ets,0,"C488, C561, C640",38,,341.15084844045657,346.7008484404566,ome_plane_position_z,
Z:\Brejtr\ActiveProjects\Microscopy\20251208\_5_PSI1h01uM_WO_48hod_10_Multichannel Z-Stack_20251208_240_\stack1\frame_t_0.ets,frame_t_0.ets,.ets,1,macro image,1,,,,unavailable,
Z:\Brejtr\ActiveProjects\Microscopy\20251208\_5_PSI1h01uM_WO_48hod_1_Multichannel Z-Stack_20251208_231_\stack1\frame_t_0.ets,frame_t_0.ets,.ets,0,"C488, C561, C640",79,,285.40675700421167,297.10675700421166,ome_plane_position_z,
Z:\Brejtr\ActiveProjects\Microscopy\20251208\_5_PSI1h01uM_WO_48hod_1_Multichannel Z-Stack_20251208_231_\stack1\frame_t_0.ets,frame_t_0.ets,.ets,1,macro image,1,,,,unavailable,
Z:\Brejtr\ActiveProjects\Microscopy\20251208\_5_PSI1h01uM_WO_48hod_2_Multichannel Z-Stack_20251208_232_\stack1\frame_t_0.ets,frame_t_0.ets,.ets,0,"C488, C561, C640",80,,291.4522035036317,303.3022035036318,ome_plane_position_z,
Z:\Brejtr\ActiveProjects\Microscopy\20251208\_5_PSI1h01uM_WO_48hod_2_Multichannel Z-Stack_20251208_232_\stack1\frame_t_0.ets,frame_t_0.ets,.ets,1,macro image,1,,,,unavailable,
Z:\Brejtr\ActiveProjects\Microscopy\20251208\_5_PSI1h01uM_WO_48hod_3_Multichannel Z-Stack_20251208_233_\stack1\frame_t_0.ets,frame_t_0.ets,.ets,0,"C488, C561, C640",101,,294.80284441189036,309.80284441189036,ome_plane_position_z,
Z:\Brejtr\ActiveProjects\Microscopy\20251208\_5_PSI1h01uM_WO_48hod_3_Multichannel Z-Stack_20251208_233_\stack1\frame_t_0.ets,frame_t_0.ets,.ets,1,macro image,1,,,,unavailable,
Z:\Brejtr\ActiveProjects\Microscopy\20251208\_5_PSI1h01uM_WO_48hod_3_Multichannel Z-Stack_20251208_234_\stack1\frame_t_0.ets,frame_t_0.ets,.ets,0,"C488, C561, C640",81,,302.1060855765122,314.1060855765122,ome_plane_position_z,
Z:\Brejtr\ActiveProjects\Microscopy\20251208\_5_PSI1h01uM_WO_48hod_3_Multichannel Z-Stack_20251208_234_\stack1\frame_t_0.ets,frame_t_0.ets,.ets,1,macro image,1,,,,unavailable,
Z:\Brejtr\ActiveProjects\Microscopy\20251208\_5_PSI1h01uM_WO_48hod_4_Multichannel Z-Stack_20251208_235_\stack1\frame_t_0.ets,frame_t_0.ets,.ets,0,"C488, C561, C640",101,,303.50088506378563,318.50088506378563,ome_plane_position_z,
Z:\Brejtr\ActiveProjects\Microscopy\20251208\_5_PSI1h01uM_WO_48hod_4_Multichannel Z-Stack_20251208_235_\stack1\frame_t_0.ets,frame_t_0.ets,.ets,1,macro image,1,,,,unavailable,
Z:\Brejtr\ActiveProjects\Microscopy\20251208\_5_PSI1h01uM_WO_48hod_6_Multichannel Z-Stack_20251208_236_\stack1\frame_t_0.ets,frame_t_0.ets,.ets,0,"C488, C561, C640",123,,307.8002258438625,326.1002258438625,ome_plane_position_z,
Z:\Brejtr\ActiveProjects\Microscopy\20251208\_5_PSI1h01uM_WO_48hod_6_Multichannel Z-Stack_20251208_236_\stack1\frame_t_0.ets,frame_t_0.ets,.ets,1,macro image,1,,,,unavailable,
Z:\Brejtr\ActiveProjects\Microscopy\20251208\_5_PSI1h01uM_WO_48hod_7_Multichannel Z-Stack_20251208_237_\stack1\frame_t_0.ets,frame_t_0.ets,.ets,0,"C488, C561, C640",28,,327.75736128914116,331.80736128914117,ome_plane_position_z,
Z:\Brejtr\ActiveProjects\Microscopy\20251208\_5_PSI1h01uM_WO_48hod_7_Multichannel Z-Stack_20251208_237_\stack1\frame_t_0.ets,frame_t_0.ets,.ets,1,macro image,1,,,,unavailable,
Z:\Brejtr\ActiveProjects\Microscopy\20251208\_5_PSI1h01uM_WO_48hod_8_Multichannel Z-Stack_20251208_238_\stack1\frame_t_0.ets,frame_t_0.ets,.ets,0,"C488, C561, C640",59,,326.00670817310635,334.7067081731063,ome_plane_position_z,
Z:\Brejtr\ActiveProjects\Microscopy\20251208\_5_PSI1h01uM_WO_48hod_8_Multichannel Z-Stack_20251208_238_\stack1\frame_t_0.ets,frame_t_0.ets,.ets,1,macro image,1,,,,unavailable,
Z:\Brejtr\ActiveProjects\Microscopy\20251208\_5_PSI1h01uM_WO_48hod_9_Multichannel Z-Stack_20251208_239_\stack1\frame_t_0.ets,frame_t_0.ets,.ets,0,"C488, C561, C640",88,,329.95799609351155,343.00799609351157,ome_plane_position_z,
Z:\Brejtr\ActiveProjects\Microscopy\20251208\_5_PSI1h01uM_WO_48hod_9_Multichannel Z-Stack_20251208_239_\stack1\frame_t_0.ets,frame_t_0.ets,.ets,1,macro image,1,,,,unavailable,
Z:\Brejtr\ActiveProjects\Microscopy\20251208\_5_PSI1h10uM_WO_48hod_10_Multichannel Z-Stack_20251208_250_\stack1\frame_t_0.ets,frame_t_0.ets,.ets,0,"C488, C561, C640",57,,400.80466337056714,409.2046633705671,ome_plane_position_z,
Z:\Brejtr\ActiveProjects\Microscopy\20251208\_5_PSI1h10uM_WO_48hod_10_Multichannel Z-Stack_20251208_250_\stack1\frame_t_0.ets,frame_t_0.ets,.ets,1,macro image,1,,,,unavailable,
Z:\Brejtr\ActiveProjects\Microscopy\20251208\_5_PSI1h10uM_WO_48hod_1_Multichannel Z-Stack_20251208_241_\stack1\frame_t_0.ets,frame_t_0.ets,.ets,0,"C488, C561, C640",131,,346.7027711652323,366.2027711652323,ome_plane_position_z,
Z:\Brejtr\ActiveProjects\Microscopy\20251208\_5_PSI1h10uM_WO_48hod_1_Multichannel Z-Stack_20251208_241_\stack1\frame_t_0.ets,frame_t_0.ets,.ets,1,macro image,1,,,,unavailable,
Z:\Brejtr\ActiveProjects\Microscopy\20251208\_5_PSI1h10uM_WO_48hod_2_Multichannel Z-Stack_20251208_242_\stack1\frame_t_0.ets,frame_t_0.ets,.ets,0,"C488, C561, C640",94,,357.65471220167245,371.60471220167244,ome_plane_position_z,
Z:\Brejtr\ActiveProjects\Microscopy\20251208\_5_PSI1h10uM_WO_48hod_2_Multichannel Z-Stack_20251208_242_\stack1\frame_t_0.ets,frame_t_0.ets,.ets,1,macro image,1,,,,unavailable,
Z:\Brejtr\ActiveProjects\Microscopy\20251208\_5_PSI1h10uM_WO_48hod_3_Multichannel Z-Stack_20251208_243_\stack1\frame_t_0.ets,frame_t_0.ets,.ets,0,"C488, C561, C640",81,,363.90795336629435,375.90795336629435,ome_plane_position_z,
Z:\Brejtr\ActiveProjects\Microscopy\20251208\_5_PSI1h10uM_WO_48hod_3_Multichannel Z-Stack_20251208_243_\stack1\frame_t_0.ets,frame_t_0.ets,.ets,1,macro image,1,,,,unavailable,
Z:\Brejtr\ActiveProjects\Microscopy\20251208\_5_PSI1h10uM_WO_48hod_4_Multichannel Z-Stack_20251208_244_\stack1\frame_t_0.ets,frame_t_0.ets,.ets,0,"C488, C561, C640",80,,369.15469999389603,381.0046999938961,ome_plane_position_z,
Z:\Brejtr\ActiveProjects\Microscopy\20251208\_5_PSI1h10uM_WO_48hod_4_Multichannel Z-Stack_20251208_244_\stack1\frame_t_0.ets,frame_t_0.ets,.ets,1,macro image,1,,,,unavailable,
Z:\Brejtr\ActiveProjects\Microscopy\20251208\_5_PSI1h10uM_WO_48hod_5_Multichannel Z-Stack_20251208_245_\stack1\frame_t_0.ets,frame_t_0.ets,.ets,0,"C488, C561, C640",87,,371.40079960935117,384.30079960935115,ome_plane_position_z,
Z:\Brejtr\ActiveProjects\Microscopy\20251208\_5_PSI1h10uM_WO_48hod_5_Multichannel Z-Stack_20251208_245_\stack1\frame_t_0.ets,frame_t_0.ets,.ets,1,macro image,1,,,,unavailable,
Z:\Brejtr\ActiveProjects\Microscopy\20251208\_5_PSI1h10uM_WO_48hod_6_Multichannel Z-Stack_20251208_246_\stack1\frame_t_0.ets,frame_t_0.ets,.ets,0,"C488, C561, C640",81,,375.50534090215467,387.50534090215467,ome_plane_position_z,
Z:\Brejtr\ActiveProjects\Microscopy\20251208\_5_PSI1h10uM_WO_48hod_6_Multichannel Z-Stack_20251208_246_\stack1\frame_t_0.ets,frame_t_0.ets,.ets,1,macro image,1,,,,unavailable,
Z:\Brejtr\ActiveProjects\Microscopy\20251208\_5_PSI1h10uM_WO_48hod_7_Multichannel Z-Stack_20251208_247_\stack1\frame_t_0.ets,frame_t_0.ets,.ets,0,"C488, C561, C640",74,,379.8514405176097,390.8014405176097,ome_plane_position_z,
Z:\Brejtr\ActiveProjects\Microscopy\20251208\_5_PSI1h10uM_WO_48hod_7_Multichannel Z-Stack_20251208_247_\stack1\frame_t_0.ets,frame_t_0.ets,.ets,1,macro image,1,,,,unavailable,
Z:\Brejtr\ActiveProjects\Microscopy\20251208\_5_PSI1h10uM_WO_48hod_8_Multichannel Z-Stack_20251208_248_\stack1\frame_t_0.ets,frame_t_0.ets,.ets,0,"C488, C561, C640",91,,380.10922907892325,393.60922907892325,ome_plane_position_z,
Z:\Brejtr\ActiveProjects\Microscopy\20251208\_5_PSI1h10uM_WO_48hod_8_Multichannel Z-Stack_20251208_248_\stack1\frame_t_0.ets,frame_t_0.ets,.ets,1,macro image,1,,,,unavailable,
Z:\Brejtr\ActiveProjects\Microscopy\20251208\_5_PSI1h10uM_WO_48hod_9_Multichannel Z-Stack_20251208_249_\stack1\frame_t_0.ets,frame_t_0.ets,.ets,0,"C488, C561, C640",60,,395.65466947445515,404.5046694744552,ome_plane_position_z,
Z:\Brejtr\ActiveProjects\Microscopy\20251208\_5_PSI1h10uM_WO_48hod_9_Multichannel Z-Stack_20251208_249_\stack1\frame_t_0.ets,frame_t_0.ets,.ets,1,macro image,1,,,,unavailable,
Z:\Brejtr\ActiveProjects\Microscopy\20251208\_5_PSI_01UM_48hod_10_Multichannel Z-Stack_20251208_230_\stack1\frame_t_0.ets,frame_t_0.ets,.ets,0,"C488, C561, C640",52,,284.45156869926143,292.1015686992614,ome_plane_position_z,
Z:\Brejtr\ActiveProjects\Microscopy\20251208\_5_PSI_01UM_48hod_10_Multichannel Z-Stack_20251208_230_\stack1\frame_t_0.ets,frame_t_0.ets,.ets,1,macro image,1,,,,unavailable,
Z:\Brejtr\ActiveProjects\Microscopy\20251208\_5_PSI_01uM_48hod_10_Multichannel Z-Stack_20251208_260_\stack1\frame_t_0.ets,frame_t_0.ets,.ets,0,"C488, C561, C640",138,,428.75720869193674,449.30720869193675,ome_plane_position_z,
Z:\Brejtr\ActiveProjects\Microscopy\20251208\_5_PSI_01uM_48hod_10_Multichannel Z-Stack_20251208_260_\stack1\frame_t_0.ets,frame_t_0.ets,.ets,1,macro image,1,,,,unavailable,
Z:\Brejtr\ActiveProjects\Microscopy\20251208\_5_PSI_01UM_48hod_1_Multichannel Z-Stack_20251208_220_\stack1\frame_t_0.ets,frame_t_0.ets,.ets,0,"C488, C561, C640",30,,255.55355856680708,259.9035585668071,ome_plane_position_z,
Z:\Brejtr\ActiveProjects\Microscopy\20251208\_5_PSI_01UM_48hod_1_Multichannel Z-Stack_20251208_220_\stack1\frame_t_0.ets,frame_t_0.ets,.ets,1,macro image,1,,,,unavailable,
Z:\Brejtr\ActiveProjects\Microscopy\20251208\_5_PSI_01uM_48hod_1_Multichannel Z-Stack_20251208_251_\stack1\frame_t_0.ets,frame_t_0.ets,.ets,0,"C488, C561, C640",87,,400.60790453518894,413.5079045351889,ome_plane_position_z,
Z:\Brejtr\ActiveProjects\Microscopy\20251208\_5_PSI_01uM_48hod_1_Multichannel Z-Stack_20251208_251_\stack1\frame_t_0.ets,frame_t_0.ets,.ets,1,macro image,1,,,,unavailable,
Z:\Brejtr\ActiveProjects\Microscopy\20251208\_5_PSI_01UM_48hod_2_Multichannel Z-Stack_20251208_221_\stack1\frame_t_0.ets,frame_t_0.ets,.ets,0,"C488, C561, C640",45,,255.1042055789538,261.7042055789538,ome_plane_position_z,
Z:\Brejtr\ActiveProjects\Microscopy\20251208\_5_PSI_01UM_48hod_2_Multichannel Z-Stack_20251208_221_\stack1\frame_t_0.ets,frame_t_0.ets,.ets,1,macro image,1,,,,unavailable,
Z:\Brejtr\ActiveProjects\Microscopy\20251208\_5_PSI_01uM_48hod_2_Multichannel Z-Stack_20251208_252_\stack1\frame_t_0.ets,frame_t_0.ets,.ets,0,"C488, C561, C640",72,,404.35335713849724,415.0033571384972,ome_plane_position_z,
Z:\Brejtr\ActiveProjects\Microscopy\20251208\_5_PSI_01uM_48hod_2_Multichannel Z-Stack_20251208_252_\stack1\frame_t_0.ets,frame_t_0.ets,.ets,1,macro image,1,,,,unavailable,
Z:\Brejtr\ActiveProjects\Microscopy\20251208\_5_PSI_01UM_48hod_3_Multichannel Z-Stack_20251208_222_\stack1\frame_t_0.ets,frame_t_0.ets,.ets,0,"C488, C561, C640",45,,256.9048525911005,263.5048525911006,ome_plane_position_z,
Z:\Brejtr\ActiveProjects\Microscopy\20251208\_5_PSI_01UM_48hod_3_Multichannel Z-Stack_20251208_222_\stack1\frame_t_0.ets,frame_t_0.ets,.ets,1,macro image,1,,,,unavailable,
Z:\Brejtr\ActiveProjects\Microscopy\20251208\_5_PSI_01uM_48hod_3_Multichannel Z-Stack_20251208_253_\stack1\frame_t_0.ets,frame_t_0.ets,.ets,0,"C488, C561, C640",80,,406.75465116279065,418.6046511627907,ome_plane_position_z,
Z:\Brejtr\ActiveProjects\Microscopy\20251208\_5_PSI_01uM_48hod_3_Multichannel Z-Stack_20251208_253_\stack1\frame_t_0.ets,frame_t_0.ets,.ets,1,macro image,1,,,,unavailable,
Z:\Brejtr\ActiveProjects\Microscopy\20251208\_5_PSI_01UM_48hod_4_Multichannel Z-Stack_20251208_223_\stack1\frame_t_0.ets,frame_t_0.ets,.ets,0,"C488, C561, C640",50,,259.75614661539396,267.106146615394,ome_plane_position_z,
Z:\Brejtr\ActiveProjects\Microscopy\20251208\_5_PSI_01UM_48hod_4_Multichannel Z-Stack_20251208_223_\stack1\frame_t_0.ets,frame_t_0.ets,.ets,1,macro image,1,,,,unavailable,
Z:\Brejtr\ActiveProjects\Microscopy\20251208\_5_PSI_01uM_48hod_4_Multichannel Z-Stack_20251208_254_\stack1\frame_t_0.ets,frame_t_0.ets,.ets,0,"C488, C561, C640",94,,408.95789232741265,422.9078923274126,ome_plane_position_z,
Z:\Brejtr\ActiveProjects\Microscopy\20251208\_5_PSI_01uM_48hod_4_Multichannel Z-Stack_20251208_254_\stack1\frame_t_0.ets,frame_t_0.ets,.ets,1,macro image,1,,,,unavailable,
Z:\Brejtr\ActiveProjects\Microscopy\20251208\_5_PSI_01UM_48hod_5_Multichannel Z-Stack_20251208_224_\stack1\frame_t_0.ets,frame_t_0.ets,.ets,0,"C488, C561, C640",52,,262.35549349935917,270.00549349935915,ome_plane_position_z,
Z:\Brejtr\ActiveProjects\Microscopy\20251208\_5_PSI_01UM_48hod_5_Multichannel Z-Stack_20251208_224_\stack1\frame_t_0.ets,frame_t_0.ets,.ets,1,macro image,1,,,,unavailable,
Z:\Brejtr\ActiveProjects\Microscopy\20251208\_5_PSI_01uM_48hod_5_Multichannel Z-Stack_20251208_255_\stack1\frame_t_0.ets,frame_t_0.ets,.ets,0,"C488, C561, C640",108,,409.4520448025392,425.5020448025392,ome_plane_position_z,
Z:\Brejtr\ActiveProjects\Microscopy\20251208\_5_PSI_01uM_48hod_5_Multichannel Z-Stack_20251208_255_\stack1\frame_t_0.ets,frame_t_0.ets,.ets,1,macro image,1,,,,unavailable,
Z:\Brejtr\ActiveProjects\Microscopy\20251208\_5_PSI_01UM_48hod_6_Multichannel Z-Stack_20251208_225_\stack1\frame_t_0.ets,frame_t_0.ets,.ets,0,"C488, C561, C640",59,,265.3035402551426,274.0035402551426,ome_plane_position_z,
Z:\Brejtr\ActiveProjects\Microscopy\20251208\_5_PSI_01UM_48hod_6_Multichannel Z-Stack_20251208_225_\stack1\frame_t_0.ets,frame_t_0.ets,.ets,1,macro image,1,,,,unavailable,
Z:\Brejtr\ActiveProjects\Microscopy\20251208\_5_PSI_01UM_48hod_6_Multichannel Z-Stack_20251208_226_\stack1\frame_t_0.ets,frame_t_0.ets,.ets,0,"C488, C561, C640",65,,270.2022340230726,279.8022340230727,ome_plane_position_z,
Z:\Brejtr\ActiveProjects\Microscopy\20251208\_5_PSI_01UM_48hod_6_Multichannel Z-Stack_20251208_226_\stack1\frame_t_0.ets,frame_t_0.ets,.ets,1,macro image,1,,,,unavailable,
Z:\Brejtr\ActiveProjects\Microscopy\20251208\_5_PSI_01uM_48hod_6_Multichannel Z-Stack_20251208_256_\stack1\frame_t_0.ets,frame_t_0.ets,.ets,0,"C488, C561, C640",94,,415.8552859671611,429.80528596716107,ome_plane_position_z,
Z:\Brejtr\ActiveProjects\Microscopy\20251208\_5_PSI_01uM_48hod_6_Multichannel Z-Stack_20251208_256_\stack1\frame_t_0.ets,frame_t_0.ets,.ets,1,macro image,1,,,,unavailable,
Z:\Brejtr\ActiveProjects\Microscopy\20251208\_5_PSI_01UM_48hod_7_Multichannel Z-Stack_20251208_227_\stack1\frame_t_0.ets,frame_t_0.ets,.ets,0,"C488, C561, C640",31,,278.2015809070378,282.7015809070378,ome_plane_position_z,
Z:\Brejtr\ActiveProjects\Microscopy\20251208\_5_PSI_01UM_48hod_7_Multichannel Z-Stack_20251208_227_\stack1\frame_t_0.ets,frame_t_0.ets,.ets,1,macro image,1,,,,unavailable,
Z:\Brejtr\ActiveProjects\Microscopy\20251208\_5_PSI_01uM_48hod_7_Multichannel Z-Stack_20251208_257_\stack1\frame_t_0.ets,frame_t_0.ets,.ets,0,"C488, C561, C640",74,,422.1513855826161,433.1013855826161,ome_plane_position_z,
Z:\Brejtr\ActiveProjects\Microscopy\20251208\_5_PSI_01uM_48hod_7_Multichannel Z-Stack_20251208_257_\stack1\frame_t_0.ets,frame_t_0.ets,.ets,1,macro image,1,,,,unavailable,
Z:\Brejtr\ActiveProjects\Microscopy\20251208\_5_PSI_01UM_48hod_8_Multichannel Z-Stack_20251208_228_\stack1\frame_t_0.ets,frame_t_0.ets,.ets,0,"C488, C561, C640",43,,278.9041750595129,285.2041750595129,ome_plane_position_z,
Z:\Brejtr\ActiveProjects\Microscopy\20251208\_5_PSI_01UM_48hod_8_Multichannel Z-Stack_20251208_228_\stack1\frame_t_0.ets,frame_t_0.ets,.ets,1,macro image,1,,,,unavailable,
Z:\Brejtr\ActiveProjects\Microscopy\20251208\_5_PSI_01uM_48hod_8_Multichannel Z-Stack_20251208_258_\stack1\frame_t_0.ets,frame_t_0.ets,.ets,0,"C488, C561, C640",104,,422.4429378013795,437.89293780137945,ome_plane_position_z,
Z:\Brejtr\ActiveProjects\Microscopy\20251208\_5_PSI_01uM_48hod_8_Multichannel Z-Stack_20251208_258_\stack1\frame_t_0.ets,frame_t_0.ets,.ets,1,macro image,1,,,,unavailable,
Z:\Brejtr\ActiveProjects\Microscopy\20251208\_5_PSI_01UM_48hod_9_Multichannel Z-Stack_20251208_229_\stack1\frame_t_0.ets,frame_t_0.ets,.ets,0,"C488, C561, C640",67,,280.4009216871147,290.3009216871147,ome_plane_position_z,
Z:\Brejtr\ActiveProjects\Microscopy\20251208\_5_PSI_01UM_48hod_9_Multichannel Z-Stack_20251208_229_\stack1\frame_t_0.ets,frame_t_0.ets,.ets,1,macro image,1,,,,unavailable,
Z:\Brejtr\ActiveProjects\Microscopy\20251208\_5_PSI_01uM_48hod_9_Multichannel Z-Stack_20251208_259_\stack1\frame_t_0.ets,frame_t_0.ets,.ets,0,"C488, C561, C640",94,,426.3539736312031,440.30397363120306,ome_plane_position_z,
Z:\Brejtr\ActiveProjects\Microscopy\20251208\_5_PSI_01uM_48hod_9_Multichannel Z-Stack_20251208_259_\stack1\frame_t_0.ets,frame_t_0.ets,.ets,1,macro image,1,,,,unavailable,
Z:\Brejtr\ActiveProjects\Microscopy\20251208\_5_PSI_10uM_48hod_10_Multichannel Z-Stack_20251208_270_\stack1\frame_t_0.ets,frame_t_0.ets,.ets,0,"C488, C561, C640",101,,451.0013428553989,466.0013428553989,ome_plane_position_z,
Z:\Brejtr\ActiveProjects\Microscopy\20251208\_5_PSI_10uM_48hod_10_Multichannel Z-Stack_20251208_270_\stack1\frame_t_0.ets,frame_t_0.ets,.ets,1,macro image,1,,,,unavailable,
Z:\Brejtr\ActiveProjects\Microscopy\20251208\_5_PSI_10uM_48hod_1_Multichannel Z-Stack_20251208_261_\stack1\frame_t_0.ets,frame_t_0.ets,.ets,0,"C488, C561, C640",154,,434.7500549349936,457.7000549349936,ome_plane_position_z,
Z:\Brejtr\ActiveProjects\Microscopy\20251208\_5_PSI_10uM_48hod_1_Multichannel Z-Stack_20251208_261_\stack1\frame_t_0.ets,frame_t_0.ets,.ets,1,macro image,1,,,,unavailable,
Z:\Brejtr\ActiveProjects\Microscopy\20251208\_5_PSI_10uM_48hod_2_Multichannel Z-Stack_20251208_262_\stack1\frame_t_0.ets,frame_t_0.ets,.ets,0,"C488, C561, C640",92,,450.5506958432522,464.20069584325216,ome_plane_position_z,
Z:\Brejtr\ActiveProjects\Microscopy\20251208\_5_PSI_10uM_48hod_2_Multichannel Z-Stack_20251208_262_\stack1\frame_t_0.ets,frame_t_0.ets,.ets,1,macro image,1,,,,unavailable,
Z:\Brejtr\ActiveProjects\Microscopy\20251208\_5_PSI_10uM_48hod_3_Multichannel Z-Stack_20251208_263_\stack1\frame_t_0.ets,frame_t_0.ets,.ets,0,"C488, C561, C640",123,,439.0033022035036,457.3033022035036,ome_plane_position_z,
Z:\Brejtr\ActiveProjects\Microscopy\20251208\_5_PSI_10uM_48hod_3_Multichannel Z-Stack_20251208_263_\stack1\frame_t_0.ets,frame_t_0.ets,.ets,1,macro image,1,,,,unavailable,
Z:\Brejtr\ActiveProjects\Microscopy\20251208\_5_PSI_10uM_48hod_4_Multichannel Z-Stack_20251208_264_\stack1\frame_t_0.ets,frame_t_0.ets,.ets,0,"C488, C561, C640",101,,450.6045901239089,465.6045901239089,ome_plane_position_z,
Z:\Brejtr\ActiveProjects\Microscopy\20251208\_5_PSI_10uM_48hod_4_Multichannel Z-Stack_20251208_264_\stack1\frame_t_0.ets,frame_t_0.ets,.ets,1,macro image,1,,,,unavailable,
Z:\Brejtr\ActiveProjects\Microscopy\20251208\_5_PSI_10uM_48hod_5_Multichannel Z-Stack_20251208_265_\stack1\frame_t_0.ets,frame_t_0.ets,.ets,0,"C488, C561, C640",78,,459.45653116034913,471.00653116034914,ome_plane_position_z,
Z:\Brejtr\ActiveProjects\Microscopy\20251208\_5_PSI_10uM_48hod_5_Multichannel Z-Stack_20251208_265_\stack1\frame_t_0.ets,frame_t_0.ets,.ets,1,macro image,1,,,,unavailable,
Z:\Brejtr\ActiveProjects\Microscopy\20251208\_5_PSI_10uM_48hod_6_Multichannel Z-Stack_20251208_266_\stack1\frame_t_0.ets,frame_t_0.ets,.ets,0,"C488, C561, C640",116,,449.8500427272172,467.1000427272172,ome_plane_position_z,
Z:\Brejtr\ActiveProjects\Microscopy\20251208\_5_PSI_10uM_48hod_6_Multichannel Z-Stack_20251208_266_\stack1\frame_t_0.ets,frame_t_0.ets,.ets,1,macro image,1,,,,unavailable,
Z:\Brejtr\ActiveProjects\Microscopy\20251208\_5_PSI_10uM_48hod_7_Multichannel Z-Stack_20251208_267_\stack1\frame_t_0.ets,frame_t_0.ets,.ets,0,"C488, C561, C640",152,,454.5519776597693,477.2019776597693,ome_plane_position_z,
Z:\Brejtr\ActiveProjects\Microscopy\20251208\_5_PSI_10uM_48hod_7_Multichannel Z-Stack_20251208_267_\stack1\frame_t_0.ets,frame_t_0.ets,.ets,1,macro image,1,,,,unavailable,
Z:\Brejtr\ActiveProjects\Microscopy\20251208\_5_PSI_10uM_48hod_8_Multichannel Z-Stack_20251208_268_\stack1\frame_t_0.ets,frame_t_0.ets,.ets,0,"C488, C561, C640",131,,465.6065128486846,485.1065128486846,ome_plane_position_z,
Z:\Brejtr\ActiveProjects\Microscopy\20251208\_5_PSI_10uM_48hod_8_Multichannel Z-Stack_20251208_268_\stack1\frame_t_0.ets,frame_t_0.ets,.ets,1,macro image,1,,,,unavailable,
Z:\Brejtr\ActiveProjects\Microscopy\20251208\_5_PSI_10uM_48hod_9_Multichannel Z-Stack_20251208_269_\stack1\frame_t_0.ets,frame_t_0.ets,.ets,0,"C488, C561, C640",81,,476.4026124641397,488.4026124641397,ome_plane_position_z,
Z:\Brejtr\ActiveProjects\Microscopy\20251208\_5_PSI_10uM_48hod_9_Multichannel Z-Stack_20251208_269_\stack1\frame_t_0.ets,frame_t_0.ets,.ets,1,macro image,1,,,,unavailable,
Z:\Brejtr\ActiveProjects\Microscopy\20251213\5_KONTROLA_A_72HOD_10_Multichannel Z-Stack_20251213_495.vsi,5_KONTROLA_A_72HOD_10_Multichannel Z-Stack_20251213_495.vsi,.vsi,0,"C488, C561, C640",47,,462.5478312885308,469.9078312885309,ome_plane_position_z,
Z:\Brejtr\ActiveProjects\Microscopy\20251213\5_KONTROLA_A_72HOD_10_Multichannel Z-Stack_20251213_495.vsi,5_KONTROLA_A_72HOD_10_Multichannel Z-Stack_20251213_495.vsi,.vsi,1,macro image,1,,,,unavailable,
Z:\Brejtr\ActiveProjects\Microscopy\20251213\5_KONTROLA_A_72HOD_1_Multichannel Z-Stack_20251213_486.vsi,5_KONTROLA_A_72HOD_1_Multichannel Z-Stack_20251213_486.vsi,.vsi,0,"C488, C561, C640",48,,448.28784960019533,455.8078496001953,ome_plane_position_z,
Z:\Brejtr\ActiveProjects\Microscopy\20251213\5_KONTROLA_A_72HOD_1_Multichannel Z-Stack_20251213_486.vsi,5_KONTROLA_A_72HOD_1_Multichannel Z-Stack_20251213_486.vsi,.vsi,1,macro image,1,,,,unavailable,
Z:\Brejtr\ActiveProjects\Microscopy\20251213\5_KONTROLA_A_72HOD_2_Multichannel Z-Stack_20251213_487.vsi,5_KONTROLA_A_72HOD_2_Multichannel Z-Stack_20251213_487.vsi,.vsi,0,"C488, C561, C640",23,,452.8677189769884,456.3877189769883,ome_plane_position_z,
Z:\Brejtr\ActiveProjects\Microscopy\20251213\5_KONTROLA_A_72HOD_2_Multichannel Z-Stack_20251213_487.vsi,5_KONTROLA_A_72HOD_2_Multichannel Z-Stack_20251213_487.vsi,.vsi,1,macro image,1,,,,unavailable,
Z:\Brejtr\ActiveProjects\Microscopy\20251213\5_KONTROLA_A_72HOD_3_Multichannel Z-Stack_20251213_488.vsi,5_KONTROLA_A_72HOD_3_Multichannel Z-Stack_20251213_488.vsi,.vsi,0,"C488, C561, C640",34,,451.6265494720138,456.90654947201375,ome_plane_position_z,
Z:\Brejtr\ActiveProjects\Microscopy\20251213\5_KONTROLA_A_72HOD_3_Multichannel Z-Stack_20251213_488.vsi,5_KONTROLA_A_72HOD_3_Multichannel Z-Stack_20251213_488.vsi,.vsi,1,macro image,1,,,,unavailable,
Z:\Brejtr\ActiveProjects\Microscopy\20251213\5_KONTROLA_A_72HOD_4_Multichannel Z-Stack_20251213_489.vsi,5_KONTROLA_A_72HOD_4_Multichannel Z-Stack_20251213_489.vsi,.vsi,0,"C488, C561, C640",42,,451.1400549349936,457.7000549349936,ome_plane_position_z,
Z:\Brejtr\ActiveProjects\Microscopy\20251213\5_KONTROLA_A_72HOD_4_Multichannel Z-Stack_20251213_489.vsi,5_KONTROLA_A_72HOD_4_Multichannel Z-Stack_20251213_489.vsi,.vsi,1,macro image,1,,,,unavailable,
Z:\Brejtr\ActiveProjects\Microscopy\20251213\5_KONTROLA_A_72HOD_5_Multichannel Z-Stack_20251213_490.vsi,5_KONTROLA_A_72HOD_5_Multichannel Z-Stack_20251213_490.vsi,.vsi,0,"C488, C561, C640",43,,454.581348959287,461.30134895928705,ome_plane_position_z,
Z:\Brejtr\ActiveProjects\Microscopy\20251213\5_KONTROLA_A_72HOD_5_Multichannel Z-Stack_20251213_490.vsi,5_KONTROLA_A_72HOD_5_Multichannel Z-Stack_20251213_490.vsi,.vsi,1,macro image,1,,,,unavailable,
Z:\Brejtr\ActiveProjects\Microscopy\20251213\5_KONTROLA_A_72HOD_6_Multichannel Z-Stack_20251213_491.vsi,5_KONTROLA_A_72HOD_6_Multichannel Z-Stack_20251213_491.vsi,.vsi,0,"C488, C561, C640",42,,458.34264298358056,464.90264298358056,ome_plane_position_z,
Z:\Brejtr\ActiveProjects\Microscopy\20251213\5_KONTROLA_A_72HOD_6_Multichannel Z-Stack_20251213_491.vsi,5_KONTROLA_A_72HOD_6_Multichannel Z-Stack_20251213_491.vsi,.vsi,1,macro image,1,,,,unavailable,
Z:\Brejtr\ActiveProjects\Microscopy\20251213\5_KONTROLA_A_72HOD_7_Multichannel Z-Stack_20251213_492.vsi,5_KONTROLA_A_72HOD_7_Multichannel Z-Stack_20251213_492.vsi,.vsi,0,"C488, C561, C640",47,,458.2445901239089,465.6045901239089,ome_plane_position_z,
Z:\Brejtr\ActiveProjects\Microscopy\20251213\5_KONTROLA_A_72HOD_7_Multichannel Z-Stack_20251213_492.vsi,5_KONTROLA_A_72HOD_7_Multichannel Z-Stack_20251213_492.vsi,.vsi,1,macro image,1,,,,unavailable,
Z:\Brejtr\ActiveProjects\Microscopy\20251213\5_KONTROLA_A_72HOD_8_Multichannel Z-Stack_20251213_493.vsi,5_KONTROLA_A_72HOD_8_Multichannel Z-Stack_20251213_493.vsi,.vsi,0,"C488, C561, C640",48,,459.88523713605576,467.40523713605575,ome_plane_position_z,
Z:\Brejtr\ActiveProjects\Microscopy\20251213\5_KONTROLA_A_72HOD_8_Multichannel Z-Stack_20251213_493.vsi,5_KONTROLA_A_72HOD_8_Multichannel Z-Stack_20251213_493.vsi,.vsi,1,macro image,1,,,,unavailable,
Z:\Brejtr\ActiveProjects\Microscopy\20251213\5_KONTROLA_A_72HOD_9_Multichannel Z-Stack_20251213_494.vsi,5_KONTROLA_A_72HOD_9_Multichannel Z-Stack_20251213_494.vsi,.vsi,0,"C488, C561, C640",42,,462.6458841482024,469.2058841482024,ome_plane_position_z,
Z:\Brejtr\ActiveProjects\Microscopy\20251213\5_KONTROLA_A_72HOD_9_Multichannel Z-Stack_20251213_494.vsi,5_KONTROLA_A_72HOD_9_Multichannel Z-Stack_20251213_494.vsi,.vsi,1,macro image,1,,,,unavailable,
Z:\Brejtr\ActiveProjects\Microscopy\20251213\5_KONTROLA_WO_48HOD_10_Multichannel Z-Stack_20251213_423.vsi,5_KONTROLA_WO_48HOD_10_Multichannel Z-Stack_20251213_423.vsi,.vsi,0,"C488, C561, C640",49,,407.5064737838003,415.18647378380035,ome_plane_position_z,
Z:\Brejtr\ActiveProjects\Microscopy\20251213\5_KONTROLA_WO_48HOD_10_Multichannel Z-Stack_20251213_423.vsi,5_KONTROLA_WO_48HOD_10_Multichannel Z-Stack_20251213_423.vsi,.vsi,1,macro image,1,,,,unavailable,
Z:\Brejtr\ActiveProjects\Microscopy\20251213\5_KONTROLA_WO_48HOD_1_Multichannel Z-Stack_20251213_414.vsi,5_KONTROLA_WO_48HOD_1_Multichannel Z-Stack_20251213_414.vsi,.vsi,0,"C488, C561, C640",27,,386.51936275407434,390.67936275407436,ome_plane_position_z,
Z:\Brejtr\ActiveProjects\Microscopy\20251213\5_KONTROLA_WO_48HOD_1_Multichannel Z-Stack_20251213_414.vsi,5_KONTROLA_WO_48HOD_1_Multichannel Z-Stack_20251213_414.vsi,.vsi,1,macro image,1,,,,unavailable,
Z:\Brejtr\ActiveProjects\Microscopy\20251213\5_KONTROLA_WO_48HOD_2_Multichannel Z-Stack_20251213_415.vsi,5_KONTROLA_WO_48HOD_2_Multichannel Z-Stack_20251213_415.vsi,.vsi,0,"C488, C561, C640",32,,386.72650430324126,391.68650430324124,ome_plane_position_z,
Z:\Brejtr\ActiveProjects\Microscopy\20251213\5_KONTROLA_WO_48HOD_2_Multichannel Z-Stack_20251213_415.vsi,5_KONTROLA_WO_48HOD_2_Multichannel Z-Stack_20251213_415.vsi,.vsi,1,macro image,1,,,,unavailable,
Z:\Brejtr\ActiveProjects\Microscopy\20251213\5_KONTROLA_WO_48HOD_3_Multichannel Z-Stack_20251213_416.vsi,5_KONTROLA_WO_48HOD_3_Multichannel Z-Stack_20251213_416.vsi,.vsi,0,"C488, C561, C640",42,,388.84987609107003,395.40987609107003,ome_plane_position_z,
Z:\Brejtr\ActiveProjects\Microscopy\20251213\5_KONTROLA_WO_48HOD_3_Multichannel Z-Stack_20251213_416.vsi,5_KONTROLA_WO_48HOD_3_Multichannel Z-Stack_20251213_416.vsi,.vsi,1,macro image,1,,,,unavailable,
Z:\Brejtr\ActiveProjects\Microscopy\20251213\5_KONTROLA_WO_48HOD_4_Multichannel Z-Stack_20251213_417.vsi,5_KONTROLA_WO_48HOD_4_Multichannel Z-Stack_20251213_417.vsi,.vsi,0,"C488, C561, C640",48,,391.58272843801507,399.102728438015,ome_plane_position_z,
Z:\Brejtr\ActiveProjects\Microscopy\20251213\5_KONTROLA_WO_48HOD_4_Multichannel Z-Stack_20251213_417.vsi,5_KONTROLA_WO_48HOD_4_Multichannel Z-Stack_20251213_417.vsi,.vsi,1,macro image,1,,,,unavailable,
Z:\Brejtr\ActiveProjects\Microscopy\20251213\5_KONTROLA_WO_48HOD_5_Multichannel Z-Stack_20251213_418.vsi,5_KONTROLA_WO_48HOD_5_Multichannel Z-Stack_20251213_418.vsi,.vsi,0,"C488, C561, C640",41,,395.2053225904902,401.6053225904901,ome_plane_position_z,
Z:\Brejtr\ActiveProjects\Microscopy\20251213\5_KONTROLA_WO_48HOD_5_Multichannel Z-Stack_20251213_418.vsi,5_KONTROLA_WO_48HOD_5_Multichannel Z-Stack_20251213_418.vsi,.vsi,1,macro image,1,,,,unavailable,
Z:\Brejtr\ActiveProjects\Microscopy\20251213\5_KONTROLA_WO_48HOD_6_Multichannel Z-Stack_20251213_419.vsi,5_KONTROLA_WO_48HOD_6_Multichannel Z-Stack_20251213_419.vsi,.vsi,0,"C488, C561, C640",41,,397.40272233412685,403.8027223341268,ome_plane_position_z,
Z:\Brejtr\ActiveProjects\Microscopy\20251213\5_KONTROLA_WO_48HOD_6_Multichannel Z-Stack_20251213_419.vsi,5_KONTROLA_WO_48HOD_6_Multichannel Z-Stack_20251213_419.vsi,.vsi,1,macro image,1,,,,unavailable,
Z:\Brejtr\ActiveProjects\Microscopy\20251213\5_KONTROLA_WO_48HOD_7_Multichannel Z-Stack_20251213_420.vsi,5_KONTROLA_WO_48HOD_7_Multichannel Z-Stack_20251213_420.vsi,.vsi,0,"C488, C561, C640",42,,401.94271623023866,408.50271623023866,ome_plane_position_z,
Z:\Brejtr\ActiveProjects\Microscopy\20251213\5_KONTROLA_WO_48HOD_7_Multichannel Z-Stack_20251213_420.vsi,5_KONTROLA_WO_48HOD_7_Multichannel Z-Stack_20251213_420.vsi,.vsi,1,macro image,1,,,,unavailable,
Z:\Brejtr\ActiveProjects\Microscopy\20251213\5_KONTROLA_WO_48HOD_8_Multichannel Z-Stack_20251213_421.vsi,5_KONTROLA_WO_48HOD_8_Multichannel Z-Stack_20251213_421.vsi,.vsi,0,"C488, C561, C640",57,,399.8479106390771,408.8079106390771,ome_plane_position_z,
Z:\Brejtr\ActiveProjects\Microscopy\20251213\5_KONTROLA_WO_48HOD_8_Multichannel Z-Stack_20251213_421.vsi,5_KONTROLA_WO_48HOD_8_Multichannel Z-Stack_20251213_421.vsi,.vsi,1,macro image,1,,,,unavailable,
Z:\Brejtr\ActiveProjects\Microscopy\20251213\5_KONTROLA_WO_48HOD_9_Multichannel Z-Stack_20251213_422.vsi,5_KONTROLA_WO_48HOD_9_Multichannel Z-Stack_20251213_422.vsi,.vsi,0,"C488, C561, C640",35,,405.9620631142038,411.40206311420377,ome_plane_position_z,
Z:\Brejtr\ActiveProjects\Microscopy\20251213\5_KONTROLA_WO_48HOD_9_Multichannel Z-Stack_20251213_422.vsi,5_KONTROLA_WO_48HOD_9_Multichannel Z-Stack_20251213_422.vsi,.vsi,1,macro image,1,,,,unavailable,
Z:\Brejtr\ActiveProjects\Microscopy\20251213\5_PSI1H10UM_WO_48HOD_10_Multichannel Z-Stack_20251213_453.vsi,5_PSI1H10UM_WO_48HOD_10_Multichannel Z-Stack_20251213_453.vsi,.vsi,0,"C488, C561, C640",41,,347.5034364890436,353.90343648904354,ome_plane_position_z,
Z:\Brejtr\ActiveProjects\Microscopy\20251213\5_PSI1H10UM_WO_48HOD_10_Multichannel Z-Stack_20251213_453.vsi,5_PSI1H10UM_WO_48HOD_10_Multichannel Z-Stack_20251213_453.vsi,.vsi,1,macro image,1,,,,unavailable,
Z:\Brejtr\ActiveProjects\Microscopy\20251213\5_PSI1H10UM_WO_48HOD_1_Multichannel Z-Stack_20251213_444.vsi,5_PSI1H10UM_WO_48HOD_1_Multichannel Z-Stack_20251213_444.vsi,.vsi,0,"C488, C561, C640",49,,325.62281389244947,333.3028138924495,ome_plane_position_z,
Z:\Brejtr\ActiveProjects\Microscopy\20251213\5_PSI1H10UM_WO_48HOD_1_Multichannel Z-Stack_20251213_444.vsi,5_PSI1H10UM_WO_48HOD_1_Multichannel Z-Stack_20251213_444.vsi,.vsi,1,macro image,1,,,,unavailable,
Z:\Brejtr\ActiveProjects\Microscopy\20251213\5_PSI1H10UM_WO_48HOD_2_Multichannel Z-Stack_20251213_445.vsi,5_PSI1H10UM_WO_48HOD_2_Multichannel Z-Stack_20251213_445.vsi,.vsi,0,"C488, C561, C640",42,,330.344107916743,336.904107916743,ome_plane_position_z,
Z:\Brejtr\ActiveProjects\Microscopy\20251213\5_PSI1H10UM_WO_48HOD_2_Multichannel Z-Stack_20251213_445.vsi,5_PSI1H10UM_WO_48HOD_2_Multichannel Z-Stack_20251213_445.vsi,.vsi,1,macro image,1,,,,unavailable,
Z:\Brejtr\ActiveProjects\Microscopy\20251213\5_PSI1H10UM_WO_48HOD_3_Multichannel Z-Stack_20251213_446.vsi,5_PSI1H10UM_WO_48HOD_3_Multichannel Z-Stack_20251213_446.vsi,.vsi,0,"C488, C561, C640",34,,333.02800219739976,338.30800219739973,ome_plane_position_z,
Z:\Brejtr\ActiveProjects\Microscopy\20251213\5_PSI1H10UM_WO_48HOD_3_Multichannel Z-Stack_20251213_446.vsi,5_PSI1H10UM_WO_48HOD_3_Multichannel Z-Stack_20251213_446.vsi,.vsi,1,macro image,1,,,,unavailable,
Z:\Brejtr\ActiveProjects\Microscopy\20251213\5_PSI1H10UM_WO_48HOD_4_Multichannel Z-Stack_20251213_447.vsi,5_PSI1H10UM_WO_48HOD_4_Multichannel Z-Stack_20251213_447.vsi,.vsi,0,"C488, C561, C640",42,,335.44085454434475,342.00085454434475,ome_plane_position_z,
Z:\Brejtr\ActiveProjects\Microscopy\20251213\5_PSI1H10UM_WO_48HOD_4_Multichannel Z-Stack_20251213_447.vsi,5_PSI1H10UM_WO_48HOD_4_Multichannel Z-Stack_20251213_447.vsi,.vsi,1,macro image,1,,,,unavailable,
Z:\Brejtr\ActiveProjects\Microscopy\20251213\5_PSI1H10UM_WO_48HOD_5_Multichannel Z-Stack_20251213_448.vsi,5_PSI1H10UM_WO_48HOD_5_Multichannel Z-Stack_20251213_448.vsi,.vsi,0,"C488, C561, C640",34,,338.12474882500163,343.40474882500155,ome_plane_position_z,
Z:\Brejtr\ActiveProjects\Microscopy\20251213\5_PSI1H10UM_WO_48HOD_5_Multichannel Z-Stack_20251213_448.vsi,5_PSI1H10UM_WO_48HOD_5_Multichannel Z-Stack_20251213_448.vsi,.vsi,1,macro image,1,,,,unavailable,
Z:\Brejtr\ActiveProjects\Microscopy\20251213\5_PSI1H10UM_WO_48HOD_6_Multichannel Z-Stack_20251213_449.vsi,5_PSI1H10UM_WO_48HOD_6_Multichannel Z-Stack_20251213_449.vsi,.vsi,0,"C488, C561, C640",35,,340.4673429774767,345.9073429774767,ome_plane_position_z,
Z:\Brejtr\ActiveProjects\Microscopy\20251213\5_PSI1H10UM_WO_48HOD_6_Multichannel Z-Stack_20251213_449.vsi,5_PSI1H10UM_WO_48HOD_6_Multichannel Z-Stack_20251213_449.vsi,.vsi,1,macro image,1,,,,unavailable,
Z:\Brejtr\ActiveProjects\Microscopy\20251213\5_PSI1H10UM_WO_48HOD_7_Multichannel Z-Stack_20251213_450.vsi,5_PSI1H10UM_WO_48HOD_7_Multichannel Z-Stack_20251213_450.vsi,.vsi,0,"C488, C561, C640",42,,340.1408484404566,346.7008484404566,ome_plane_position_z,
Z:\Brejtr\ActiveProjects\Microscopy\20251213\5_PSI1H10UM_WO_48HOD_7_Multichannel Z-Stack_20251213_450.vsi,5_PSI1H10UM_WO_48HOD_7_Multichannel Z-Stack_20251213_450.vsi,.vsi,1,macro image,1,,,,unavailable,
Z:\Brejtr\ActiveProjects\Microscopy\20251213\5_PSI1H10UM_WO_48HOD_8_Multichannel Z-Stack_20251213_451.vsi,5_PSI1H10UM_WO_48HOD_8_Multichannel Z-Stack_20251213_451.vsi,.vsi,0,"C488, C561, C640",29,,343.6247427211133,348.1047427211133,ome_plane_position_z,
Z:\Brejtr\ActiveProjects\Microscopy\20251213\5_PSI1H10UM_WO_48HOD_8_Multichannel Z-Stack_20251213_451.vsi,5_PSI1H10UM_WO_48HOD_8_Multichannel Z-Stack_20251213_451.vsi,.vsi,1,macro image,1,,,,unavailable,
Z:\Brejtr\ActiveProjects\Microscopy\20251213\5_PSI1H10UM_WO_48HOD_9_Multichannel Z-Stack_20251213_452.vsi,5_PSI1H10UM_WO_48HOD_9_Multichannel Z-Stack_20251213_452.vsi,.vsi,0,"C488, C561, C640",28,,345.28019532442164,349.60019532442163,ome_plane_position_z,
Z:\Brejtr\ActiveProjects\Microscopy\20251213\5_PSI1H10UM_WO_48HOD_9_Multichannel Z-Stack_20251213_452.vsi,5_PSI1H10UM_WO_48HOD_9_Multichannel Z-Stack_20251213_452.vsi,.vsi,1,macro image,1,,,,unavailable,
Z:\Brejtr\ActiveProjects\Microscopy\20251213\5_PSI1H1UM_WO_48HOD_10_Multichannel Z-Stack_20251213_443.vsi,5_PSI1H1UM_WO_48HOD_10_Multichannel Z-Stack_20251213_443.vsi,.vsi,0,"C488, C561, C640",29,,323.02412012451924,327.5041201245193,ome_plane_position_z,
Z:\Brejtr\ActiveProjects\Microscopy\20251213\5_PSI1H1UM_WO_48HOD_10_Multichannel Z-Stack_20251213_443.vsi,5_PSI1H1UM_WO_48HOD_10_Multichannel Z-Stack_20251213_443.vsi,.vsi,1,macro image,1,,,,unavailable,
Z:\Brejtr\ActiveProjects\Microscopy\20251213\5_PSI1H1UM_WO_48HOD_1_Multichannel Z-Stack_20251213_434.vsi,5_PSI1H1UM_WO_48HOD_1_Multichannel Z-Stack_20251213_434.vsi,.vsi,0,"C488, C561, C640",43,,296.5822035036317,303.3022035036318,ome_plane_position_z,
Z:\Brejtr\ActiveProjects\Microscopy\20251213\5_PSI1H1UM_WO_48HOD_1_Multichannel Z-Stack_20251213_434.vsi,5_PSI1H1UM_WO_48HOD_1_Multichannel Z-Stack_20251213_434.vsi,.vsi,1,macro image,1,,,,unavailable,
Z:\Brejtr\ActiveProjects\Microscopy\20251213\5_PSI1H1UM_WO_48HOD_2_Multichannel Z-Stack_20251213_435.vsi,5_PSI1H1UM_WO_48HOD_2_Multichannel Z-Stack_20251213_435.vsi,.vsi,0,"C488, C561, C640",48,,300.48219739974365,308.00219739974364,ome_plane_position_z,
Z:\Brejtr\ActiveProjects\Microscopy\20251213\5_PSI1H1UM_WO_48HOD_2_Multichannel Z-Stack_20251213_435.vsi,5_PSI1H1UM_WO_48HOD_2_Multichannel Z-Stack_20251213_435.vsi,.vsi,1,macro image,1,,,,unavailable,
Z:\Brejtr\ActiveProjects\Microscopy\20251213\5_PSI1H1UM_WO_48HOD_3_Multichannel Z-Stack_20251213_436.vsi,5_PSI1H1UM_WO_48HOD_3_Multichannel Z-Stack_20251213_436.vsi,.vsi,0,"C488, C561, C640",31,,305.0944027345419,309.8944027345419,ome_plane_position_z,
Z:\Brejtr\ActiveProjects\Microscopy\20251213\5_PSI1H1UM_WO_48HOD_3_Multichannel Z-Stack_20251213_436.vsi,5_PSI1H1UM_WO_48HOD_3_Multichannel Z-Stack_20251213_436.vsi,.vsi,1,macro image,1,,,,unavailable,
Z:\Brejtr\ActiveProjects\Microscopy\20251213\5_PSI1H1UM_WO_48HOD_4_Multichannel Z-Stack_20251213_437.vsi,5_PSI1H1UM_WO_48HOD_4_Multichannel Z-Stack_20251213_437.vsi,.vsi,0,"C488, C561, C640",41,,304.1047915522188,310.50479155221876,ome_plane_position_z,
Z:\Brejtr\ActiveProjects\Microscopy\20251213\5_PSI1H1UM_WO_48HOD_4_Multichannel Z-Stack_20251213_437.vsi,5_PSI1H1UM_WO_48HOD_4_Multichannel Z-Stack_20251213_437.vsi,.vsi,1,macro image,1,,,,unavailable,
Z:\Brejtr\ActiveProjects\Microscopy\20251213\5_PSI1H1UM_WO_48HOD_5_Multichannel Z-Stack_20251213_438.vsi,5_PSI1H1UM_WO_48HOD_5_Multichannel Z-Stack_20251213_438.vsi,.vsi,0,"C488, C561, C640",54,,306.7247854483306,315.2047854483306,ome_plane_position_z,
Z:\Brejtr\ActiveProjects\Microscopy\20251213\5_PSI1H1UM_WO_48HOD_5_Multichannel Z-Stack_20251213_438.vsi,5_PSI1H1UM_WO_48HOD_5_Multichannel Z-Stack_20251213_438.vsi,.vsi,1,macro image,1,,,,unavailable,
Z:\Brejtr\ActiveProjects\Microscopy\20251213\5_PSI1H1UM_WO_48HOD_6_Multichannel Z-Stack_20251213_439.vsi,5_PSI1H1UM_WO_48HOD_6_Multichannel Z-Stack_20251213_439.vsi,.vsi,0,"C488, C561, C640",48,,311.28607947262407,318.80607947262405,ome_plane_position_z,
Z:\Brejtr\ActiveProjects\Microscopy\20251213\5_PSI1H1UM_WO_48HOD_6_Multichannel Z-Stack_20251213_439.vsi,5_PSI1H1UM_WO_48HOD_6_Multichannel Z-Stack_20251213_439.vsi,.vsi,1,macro image,1,,,,unavailable,
Z:\Brejtr\ActiveProjects\Microscopy\20251213\5_PSI1H1UM_WO_48HOD_7_Multichannel Z-Stack_20251213_440.vsi,5_PSI1H1UM_WO_48HOD_7_Multichannel Z-Stack_20251213_440.vsi,.vsi,0,"C488, C561, C640",55,,313.0654263565892,321.70542635658916,ome_plane_position_z,
Z:\Brejtr\ActiveProjects\Microscopy\20251213\5_PSI1H1UM_WO_48HOD_7_Multichannel Z-Stack_20251213_440.vsi,5_PSI1H1UM_WO_48HOD_7_Multichannel Z-Stack_20251213_440.vsi,.vsi,1,macro image,1,,,,unavailable,
Z:\Brejtr\ActiveProjects\Microscopy\20251213\5_PSI1H1UM_WO_48HOD_8_Multichannel Z-Stack_20251213_441.vsi,5_PSI1H1UM_WO_48HOD_8_Multichannel Z-Stack_20251213_441.vsi,.vsi,0,"C488, C561, C640",48,,315.9860733687359,323.5060733687359,ome_plane_position_z,
Z:\Brejtr\ActiveProjects\Microscopy\20251213\5_PSI1H1UM_WO_48HOD_8_Multichannel Z-Stack_20251213_441.vsi,5_PSI1H1UM_WO_48HOD_8_Multichannel Z-Stack_20251213_441.vsi,.vsi,1,macro image,1,,,,unavailable,
Z:\Brejtr\ActiveProjects\Microscopy\20251213\5_PSI1H1UM_WO_48HOD_9_Multichannel Z-Stack_20251213_442.vsi,5_PSI1H1UM_WO_48HOD_9_Multichannel Z-Stack_20251213_442.vsi,.vsi,0,"C488, C561, C640",27,,321.9402258438625,326.1002258438625,ome_plane_position_z,
Z:\Brejtr\ActiveProjects\Microscopy\20251213\5_PSI1H1UM_WO_48HOD_9_Multichannel Z-Stack_20251213_442.vsi,5_PSI1H1UM_WO_48HOD_9_Multichannel Z-Stack_20251213_442.vsi,.vsi,1,macro image,1,,,,unavailable,
Z:\Brejtr\ActiveProjects\Microscopy\20251213\5_PSI_01UM_48HOD_10_Multichannel Z-Stack_20251213_433.vsi,5_PSI_01UM_48HOD_10_Multichannel Z-Stack_20251213_433.vsi,.vsi,0,"C488, C561, C640",49,,292.02090947933834,299.70090947933835,ome_plane_position_z,
Z:\Brejtr\ActiveProjects\Microscopy\20251213\5_PSI_01UM_48HOD_10_Multichannel Z-Stack_20251213_433.vsi,5_PSI_01UM_48HOD_10_Multichannel Z-Stack_20251213_433.vsi,.vsi,1,macro image,1,,,,unavailable,
Z:\Brejtr\ActiveProjects\Microscopy\20251213\5_PSI_01UM_48HOD_1_Multichannel Z-Stack_20251213_424.vsi,5_PSI_01UM_48HOD_1_Multichannel Z-Stack_20251213_424.vsi,.vsi,0,"C488, C561, C640",36,,277.58989196117926,283.1898919611793,ome_plane_position_z,
Z:\Brejtr\ActiveProjects\Microscopy\20251213\5_PSI_01UM_48HOD_1_Multichannel Z-Stack_20251213_424.vsi,5_PSI_01UM_48HOD_1_Multichannel Z-Stack_20251213_424.vsi,.vsi,1,macro image,1,,,,unavailable,
Z:\Brejtr\ActiveProjects\Microscopy\20251213\5_PSI_01UM_48HOD_2_Multichannel Z-Stack_20251213_425.vsi,5_PSI_01UM_48HOD_2_Multichannel Z-Stack_20251213_425.vsi,.vsi,0,"C488, C561, C640",54,,280.3254690838063,288.8054690838064,ome_plane_position_z,
Z:\Brejtr\ActiveProjects\Microscopy\20251213\5_PSI_01UM_48HOD_2_Multichannel Z-Stack_20251213_425.vsi,5_PSI_01UM_48HOD_2_Multichannel Z-Stack_20251213_425.vsi,.vsi,1,macro image,1,,,,unavailable,
Z:\Brejtr\ActiveProjects\Microscopy\20251213\5_PSI_01UM_48HOD_3_Multichannel Z-Stack_20251213_426.vsi,5_PSI_01UM_48HOD_3_Multichannel Z-Stack_20251213_426.vsi,.vsi,0,"C488, C561, C640",35,,283.060274674968,288.500274674968,ome_plane_position_z,
Z:\Brejtr\ActiveProjects\Microscopy\20251213\5_PSI_01UM_48HOD_3_Multichannel Z-Stack_20251213_426.vsi,5_PSI_01UM_48HOD_3_Multichannel Z-Stack_20251213_426.vsi,.vsi,1,macro image,1,,,,unavailable,
Z:\Brejtr\ActiveProjects\Microscopy\20251213\5_PSI_01UM_48HOD_4_Multichannel Z-Stack_20251213_427.vsi,5_PSI_01UM_48HOD_4_Multichannel Z-Stack_20251213_427.vsi,.vsi,0,"C488, C561, C640",55,,281.6609216871147,290.3009216871147,ome_plane_position_z,
Z:\Brejtr\ActiveProjects\Microscopy\20251213\5_PSI_01UM_48HOD_4_Multichannel Z-Stack_20251213_427.vsi,5_PSI_01UM_48HOD_4_Multichannel Z-Stack_20251213_427.vsi,.vsi,1,macro image,1,,,,unavailable,
Z:\Brejtr\ActiveProjects\Microscopy\20251213\5_PSI_01UM_48HOD_5_Multichannel Z-Stack_20251213_428.vsi,5_PSI_01UM_48HOD_5_Multichannel Z-Stack_20251213_428.vsi,.vsi,0,"C488, C561, C640",34,,285.3261160959531,290.6061160959531,ome_plane_position_z,
Z:\Brejtr\ActiveProjects\Microscopy\20251213\5_PSI_01UM_48HOD_5_Multichannel Z-Stack_20251213_428.vsi,5_PSI_01UM_48HOD_5_Multichannel Z-Stack_20251213_428.vsi,.vsi,1,macro image,1,,,,unavailable,
Z:\Brejtr\ActiveProjects\Microscopy\20251213\5_PSI_01UM_48HOD_6_Multichannel Z-Stack_20251213_429.vsi,5_PSI_01UM_48HOD_6_Multichannel Z-Stack_20251213_429.vsi,.vsi,0,"C488, C561, C640",41,,287.8074101202467,294.2074101202466,ome_plane_position_z,
Z:\Brejtr\ActiveProjects\Microscopy\20251213\5_PSI_01UM_48HOD_6_Multichannel Z-Stack_20251213_429.vsi,5_PSI_01UM_48HOD_6_Multichannel Z-Stack_20251213_429.vsi,.vsi,1,macro image,1,,,,unavailable,
Z:\Brejtr\ActiveProjects\Microscopy\20251213\5_PSI_01UM_48HOD_7_Multichannel Z-Stack_20251213_430.vsi,5_PSI_01UM_48HOD_7_Multichannel Z-Stack_20251213_430.vsi,.vsi,0,"C488, C561, C640",48,,290.3802624671917,297.9002624671916,ome_plane_position_z,
Z:\Brejtr\ActiveProjects\Microscopy\20251213\5_PSI_01UM_48HOD_7_Multichannel Z-Stack_20251213_430.vsi,5_PSI_01UM_48HOD_7_Multichannel Z-Stack_20251213_430.vsi,.vsi,1,macro image,1,,,,unavailable,
Z:\Brejtr\ActiveProjects\Microscopy\20251213\5_PSI_01UM_48HOD_8_Multichannel Z-Stack_20251213_431.vsi,5_PSI_01UM_48HOD_8_Multichannel Z-Stack_20251213_431.vsi,.vsi,0,"C488, C561, C640",29,,294.82415674784835,299.30415674784837,ome_plane_position_z,
Z:\Brejtr\ActiveProjects\Microscopy\20251213\5_PSI_01UM_48HOD_8_Multichannel Z-Stack_20251213_431.vsi,5_PSI_01UM_48HOD_8_Multichannel Z-Stack_20251213_431.vsi,.vsi,1,macro image,1,,,,unavailable,
Z:\Brejtr\ActiveProjects\Microscopy\20251213\5_PSI_01UM_48HOD_9_Multichannel Z-Stack_20251213_432.vsi,5_PSI_01UM_48HOD_9_Multichannel Z-Stack_20251213_432.vsi,.vsi,0,"C488, C561, C640",34,,295.42805102850525,300.70805102850517,ome_plane_position_z,
Z:\Brejtr\ActiveProjects\Microscopy\20251213\5_PSI_01UM_48HOD_9_Multichannel Z-Stack_20251213_432.vsi,5_PSI_01UM_48HOD_9_Multichannel Z-Stack_20251213_432.vsi,.vsi,1,macro image,1,,,,unavailable,
Z:\Brejtr\ActiveProjects\Microscopy\20251213\5_PSI_01UM_72HOD_10_Multichannel Z-Stack_20251213_485.vsi,5_PSI_01UM_72HOD_10_Multichannel Z-Stack_20251213_485.vsi,.vsi,0,"C488, C561, C640",41,,444.70785570408356,451.1078557040835,ome_plane_position_z,
Z:\Brejtr\ActiveProjects\Microscopy\20251213\5_PSI_01UM_72HOD_10_Multichannel Z-Stack_20251213_485.vsi,5_PSI_01UM_72HOD_10_Multichannel Z-Stack_20251213_485.vsi,.vsi,1,macro image,1,,,,unavailable,
Z:\Brejtr\ActiveProjects\Microscopy\20251213\5_PSI_01UM_72HOD_1_Multichannel Z-Stack_20251213_474.vsi,5_PSI_01UM_72HOD_1_Multichannel Z-Stack_20251213_474.vsi,.vsi,0,"C488, C561, C640",61,,410.50010376609896,420.100103766099,ome_plane_position_z,
Z:\Brejtr\ActiveProjects\Microscopy\20251213\5_PSI_01UM_72HOD_1_Multichannel Z-Stack_20251213_474.vsi,5_PSI_01UM_72HOD_1_Multichannel Z-Stack_20251213_474.vsi,.vsi,1,macro image,1,,,,unavailable,
Z:\Brejtr\ActiveProjects\Microscopy\20251213\5_PSI_01UM_72HOD_2_Multichannel Z-Stack_20251213_475.vsi,5_PSI_01UM_72HOD_2_Multichannel Z-Stack_20251213_475.vsi,.vsi,0,"C488, C561, C640",41,,416.2026979185742,422.6026979185741,ome_plane_position_z,
Z:\Brejtr\ActiveProjects\Microscopy\20251213\5_PSI_01UM_72HOD_2_Multichannel Z-Stack_20251213_475.vsi,5_PSI_01UM_72HOD_2_Multichannel Z-Stack_20251213_475.vsi,.vsi,1,macro image,1,,,,unavailable,
Z:\Brejtr\ActiveProjects\Microscopy\20251213\5_PSI_01UM_72HOD_3_Multichannel Z-Stack_20251213_476.vsi,5_PSI_01UM_72HOD_3_Multichannel Z-Stack_20251213_476.vsi,.vsi,0,"C488, C561, C640",35,,419.66529207104924,425.10529207104923,ome_plane_position_z,
Z:\Brejtr\ActiveProjects\Microscopy\20251213\5_PSI_01UM_72HOD_3_Multichannel Z-Stack_20251213_476.vsi,5_PSI_01UM_72HOD_3_Multichannel Z-Stack_20251213_476.vsi,.vsi,1,macro image,1,,,,unavailable,
Z:\Brejtr\ActiveProjects\Microscopy\20251213\5_PSI_01UM_72HOD_4_Multichannel Z-Stack_20251213_477.vsi,5_PSI_01UM_72HOD_4_Multichannel Z-Stack_20251213_477.vsi,.vsi,0,"C488, C561, C640",43,,422.2917805041811,429.01178050418116,ome_plane_position_z,
Z:\Brejtr\ActiveProjects\Microscopy\20251213\5_PSI_01UM_72HOD_4_Multichannel Z-Stack_20251213_477.vsi,5_PSI_01UM_72HOD_4_Multichannel Z-Stack_20251213_477.vsi,.vsi,1,macro image,1,,,,unavailable,
Z:\Brejtr\ActiveProjects\Microscopy\20251213\5_PSI_01UM_72HOD_5_Multichannel Z-Stack_20251213_478.vsi,5_PSI_01UM_72HOD_5_Multichannel Z-Stack_20251213_478.vsi,.vsi,0,"C488, C561, C640",41,,426.3046328511262,432.7046328511262,ome_plane_position_z,
Z:\Brejtr\ActiveProjects\Microscopy\20251213\5_PSI_01UM_72HOD_5_Multichannel Z-Stack_20251213_478.vsi,5_PSI_01UM_72HOD_5_Multichannel Z-Stack_20251213_478.vsi,.vsi,1,macro image,1,,,,unavailable,
Z:\Brejtr\ActiveProjects\Microscopy\20251213\5_PSI_01UM_72HOD_5{2]_Multichannel Z-Stack_20251213_479.vsi,5_PSI_01UM_72HOD_5{2]_Multichannel Z-Stack_20251213_479.vsi,.vsi,0,"C488, C561, C640",35,,429.7672270036013,435.2072270036013,ome_plane_position_z,
Z:\Brejtr\ActiveProjects\Microscopy\20251213\5_PSI_01UM_72HOD_5{2]_Multichannel Z-Stack_20251213_479.vsi,5_PSI_01UM_72HOD_5{2]_Multichannel Z-Stack_20251213_479.vsi,.vsi,1,macro image,1,,,,unavailable,
Z:\Brejtr\ActiveProjects\Microscopy\20251213\5_PSI_01UM_72HOD_5{3]_Multichannel Z-Stack_20251213_480.vsi,5_PSI_01UM_72HOD_5{3]_Multichannel Z-Stack_20251213_480.vsi,.vsi,0,"C488, C561, C640",35,,433.4600793505463,438.90007935054626,ome_plane_position_z,
Z:\Brejtr\ActiveProjects\Microscopy\20251213\5_PSI_01UM_72HOD_5{3]_Multichannel Z-Stack_20251213_480.vsi,5_PSI_01UM_72HOD_5{3]_Multichannel Z-Stack_20251213_480.vsi,.vsi,1,macro image,1,,,,unavailable,
Z:\Brejtr\ActiveProjects\Microscopy\20251213\5_PSI_01UM_72HOD_6_Multichannel Z-Stack_20251213_481.vsi,5_PSI_01UM_72HOD_6_Multichannel Z-Stack_20251213_481.vsi,.vsi,0,"C488, C561, C640",36,,435.8026735030214,441.40267350302145,ome_plane_position_z,
Z:\Brejtr\ActiveProjects\Microscopy\20251213\5_PSI_01UM_72HOD_6_Multichannel Z-Stack_20251213_481.vsi,5_PSI_01UM_72HOD_6_Multichannel Z-Stack_20251213_481.vsi,.vsi,1,macro image,1,,,,unavailable,
Z:\Brejtr\ActiveProjects\Microscopy\20251213\5_PSI_01UM_72HOD_7_Multichannel Z-Stack_20251213_482.vsi,5_PSI_01UM_72HOD_7_Multichannel Z-Stack_20251213_482.vsi,.vsi,0,"C488, C561, C640",48,,437.4839675273149,445.0039675273149,ome_plane_position_z,
Z:\Brejtr\ActiveProjects\Microscopy\20251213\5_PSI_01UM_72HOD_7_Multichannel Z-Stack_20251213_482.vsi,5_PSI_01UM_72HOD_7_Multichannel Z-Stack_20251213_482.vsi,.vsi,1,macro image,1,,,,unavailable,
Z:\Brejtr\ActiveProjects\Microscopy\20251213\5_PSI_01UM_72HOD_8_Multichannel Z-Stack_20251213_483.vsi,5_PSI_01UM_72HOD_8_Multichannel Z-Stack_20251213_483.vsi,.vsi,0,"C488, C561, C640",48,,439.28461453946164,446.8046145394616,ome_plane_position_z,
Z:\Brejtr\ActiveProjects\Microscopy\20251213\5_PSI_01UM_72HOD_8_Multichannel Z-Stack_20251213_483.vsi,5_PSI_01UM_72HOD_8_Multichannel Z-Stack_20251213_483.vsi,.vsi,1,macro image,1,,,,unavailable,
Z:\Brejtr\ActiveProjects\Microscopy\20251213\5_PSI_01UM_72HOD_9_Multichannel Z-Stack_20251213_484.vsi,5_PSI_01UM_72HOD_9_Multichannel Z-Stack_20251213_484.vsi,.vsi,0,"C488, C561, C640",42,,443.84590856375513,450.4059085637552,ome_plane_position_z,
Z:\Brejtr\ActiveProjects\Microscopy\20251213\5_PSI_01UM_72HOD_9_Multichannel Z-Stack_20251213_484.vsi,5_PSI_01UM_72HOD_9_Multichannel Z-Stack_20251213_484.vsi,.vsi,1,macro image,1,,,,unavailable,
Z:\Brejtr\ActiveProjects\Microscopy\20251213\5_PSI_10UM_48HOD_10_Multichannel Z-Stack_20251213_473.vsi,5_PSI_10UM_48HOD_10_Multichannel Z-Stack_20251213_473.vsi,.vsi,0,"C488, C561, C640",34,,409.0214099981689,414.3014099981688,ome_plane_position_z,
Z:\Brejtr\ActiveProjects\Microscopy\20251213\5_PSI_10UM_48HOD_10_Multichannel Z-Stack_20251213_473.vsi,5_PSI_10UM_48HOD_10_Multichannel Z-Stack_20251213_473.vsi,.vsi,1,macro image,1,,,,unavailable,
Z:\Brejtr\ActiveProjects\Microscopy\20251213\5_PSI_10UM_48HOD_1_Multichannel Z-Stack_20251213_464.vsi,5_PSI_10UM_48HOD_1_Multichannel Z-Stack_20251213_464.vsi,.vsi,0,"C488, C561, C640",35,,380.96664103033635,386.40664103033635,ome_plane_position_z,
Z:\Brejtr\ActiveProjects\Microscopy\20251213\5_PSI_10UM_48HOD_1_Multichannel Z-Stack_20251213_464.vsi,5_PSI_10UM_48HOD_1_Multichannel Z-Stack_20251213_464.vsi,.vsi,1,macro image,1,,,,unavailable,
Z:\Brejtr\ActiveProjects\Microscopy\20251213\5_PSI_10UM_48HOD_2_Multichannel Z-Stack_20251213_465.vsi,5_PSI_10UM_48HOD_2_Multichannel Z-Stack_20251213_465.vsi,.vsi,0,"C488, C561, C640",42,,381.6472880424831,388.2072880424831,ome_plane_position_z,
Z:\Brejtr\ActiveProjects\Microscopy\20251213\5_PSI_10UM_48HOD_2_Multichannel Z-Stack_20251213_465.vsi,5_PSI_10UM_48HOD_2_Multichannel Z-Stack_20251213_465.vsi,.vsi,1,macro image,1,,,,unavailable,
Z:\Brejtr\ActiveProjects\Microscopy\20251213\5_PSI_10UM_48HOD_3_Multichannel Z-Stack_20251213_466.vsi,5_PSI_10UM_48HOD_3_Multichannel Z-Stack_20251213_466.vsi,.vsi,0,"C488, C561, C640",42,,385.3401403894281,391.9001403894281,ome_plane_position_z,
Z:\Brejtr\ActiveProjects\Microscopy\20251213\5_PSI_10UM_48HOD_3_Multichannel Z-Stack_20251213_466.vsi,5_PSI_10UM_48HOD_3_Multichannel Z-Stack_20251213_466.vsi,.vsi,1,macro image,1,,,,unavailable,
Z:\Brejtr\ActiveProjects\Microscopy\20251213\5_PSI_10UM_48HOD_4_Multichannel Z-Stack_20251213_467.vsi,5_PSI_10UM_48HOD_4_Multichannel Z-Stack_20251213_467.vsi,.vsi,0,"C488, C561, C640",34,,389.82468168223164,395.10468168223156,ome_plane_position_z,
Z:\Brejtr\ActiveProjects\Microscopy\20251213\5_PSI_10UM_48HOD_4_Multichannel Z-Stack_20251213_467.vsi,5_PSI_10UM_48HOD_4_Multichannel Z-Stack_20251213_467.vsi,.vsi,1,macro image,1,,,,unavailable,
Z:\Brejtr\ActiveProjects\Microscopy\20251213\5_PSI_10UM_48HOD_5_Multichannel Z-Stack_20251213_468.vsi,5_PSI_10UM_48HOD_5_Multichannel Z-Stack_20251213_468.vsi,.vsi,0,"C488, C561, C640",28,,392.2801342855399,396.60013428553987,ome_plane_position_z,
Z:\Brejtr\ActiveProjects\Microscopy\20251213\5_PSI_10UM_48HOD_5_Multichannel Z-Stack_20251213_468.vsi,5_PSI_10UM_48HOD_5_Multichannel Z-Stack_20251213_468.vsi,.vsi,1,macro image,1,,,,unavailable,
Z:\Brejtr\ActiveProjects\Microscopy\20251213\5_PSI_10UM_48HOD_6_Multichannel Z-Stack_20251213_469.vsi,5_PSI_10UM_48HOD_6_Multichannel Z-Stack_20251213_469.vsi,.vsi,0,"C488, C561, C640",49,,393.6201281816517,401.3001281816517,ome_plane_position_z,
Z:\Brejtr\ActiveProjects\Microscopy\20251213\5_PSI_10UM_48HOD_6_Multichannel Z-Stack_20251213_469.vsi,5_PSI_10UM_48HOD_6_Multichannel Z-Stack_20251213_469.vsi,.vsi,1,macro image,1,,,,unavailable,
Z:\Brejtr\ActiveProjects\Microscopy\20251213\5_PSI_10UM_48HOD_7_Multichannel Z-Stack_20251213_470.vsi,5_PSI_10UM_48HOD_7_Multichannel Z-Stack_20251213_470.vsi,.vsi,0,"C488, C561, C640",42,,399.2264859915766,405.7864859915766,ome_plane_position_z,
Z:\Brejtr\ActiveProjects\Microscopy\20251213\5_PSI_10UM_48HOD_7_Multichannel Z-Stack_20251213_470.vsi,5_PSI_10UM_48HOD_7_Multichannel Z-Stack_20251213_470.vsi,.vsi,1,macro image,1,,,,unavailable,
Z:\Brejtr\ActiveProjects\Microscopy\20251213\5_PSI_10UM_48HOD_8_Multichannel Z-Stack_20251213_471.vsi,5_PSI_10UM_48HOD_8_Multichannel Z-Stack_20251213_471.vsi,.vsi,0,"C488, C561, C640",40,,402.96466337056705,409.2046633705671,ome_plane_position_z,
Z:\Brejtr\ActiveProjects\Microscopy\20251213\5_PSI_10UM_48HOD_8_Multichannel Z-Stack_20251213_471.vsi,5_PSI_10UM_48HOD_8_Multichannel Z-Stack_20251213_471.vsi,.vsi,1,macro image,1,,,,unavailable,
Z:\Brejtr\ActiveProjects\Microscopy\20251213\5_PSI_10UM_48HOD_9_Multichannel Z-Stack_20251213_472.vsi,5_PSI_10UM_48HOD_9_Multichannel Z-Stack_20251213_472.vsi,.vsi,0,"C488, C561, C640",17,,408.3537520600623,410.9137520600623,ome_plane_position_z,
Z:\Brejtr\ActiveProjects\Microscopy\20251213\5_PSI_10UM_48HOD_9_Multichannel Z-Stack_20251213_472.vsi,5_PSI_10UM_48HOD_9_Multichannel Z-Stack_20251213_472.vsi,.vsi,1,macro image,1,,,,unavailable,
Z:\Brejtr\ActiveProjects\Microscopy\20251213\5_PSI_1UM_48HOD_10_Multichannel Z-Stack_20251213_463.vsi,5_PSI_1UM_48HOD_10_Multichannel Z-Stack_20251213_463.vsi,.vsi,0,"C488, C561, C640",35,,378.4640468778612,383.9040468778612,ome_plane_position_z,
Z:\Brejtr\ActiveProjects\Microscopy\20251213\5_PSI_1UM_48HOD_10_Multichannel Z-Stack_20251213_463.vsi,5_PSI_1UM_48HOD_10_Multichannel Z-Stack_20251213_463.vsi,.vsi,1,macro image,1,,,,unavailable,
Z:\Brejtr\ActiveProjects\Microscopy\20251213\5_PSI_1UM_48HOD_1_Multichannel Z-Stack_20251213_454.vsi,5_PSI_1UM_48HOD_1_Multichannel Z-Stack_20251213_454.vsi,.vsi,0,"C488, C561, C640",48,,351.08343038515534,358.6034303851553,ome_plane_position_z,
Z:\Brejtr\ActiveProjects\Microscopy\20251213\5_PSI_1UM_48HOD_1_Multichannel Z-Stack_20251213_454.vsi,5_PSI_1UM_48HOD_1_Multichannel Z-Stack_20251213_454.vsi,.vsi,1,macro image,1,,,,unavailable,
Z:\Brejtr\ActiveProjects\Microscopy\20251213\5_PSI_1UM_48HOD_2_Multichannel Z-Stack_20251213_455.vsi,5_PSI_1UM_48HOD_2_Multichannel Z-Stack_20251213_455.vsi,.vsi,0,"C488, C561, C640",41,,354.7060245376305,361.10602453763045,ome_plane_position_z,
Z:\Brejtr\ActiveProjects\Microscopy\20251213\5_PSI_1UM_48HOD_2_Multichannel Z-Stack_20251213_455.vsi,5_PSI_1UM_48HOD_2_Multichannel Z-Stack_20251213_455.vsi,.vsi,1,macro image,1,,,,unavailable,
Z:\Brejtr\ActiveProjects\Microscopy\20251213\5_PSI_1UM_48HOD_3_Multichannel Z-Stack_20251213_456.vsi,5_PSI_1UM_48HOD_3_Multichannel Z-Stack_20251213_456.vsi,.vsi,0,"C488, C561, C640",42,,358.147318561924,364.707318561924,ome_plane_position_z,
Z:\Brejtr\ActiveProjects\Microscopy\20251213\5_PSI_1UM_48HOD_3_Multichannel Z-Stack_20251213_456.vsi,5_PSI_1UM_48HOD_3_Multichannel Z-Stack_20251213_456.vsi,.vsi,1,macro image,1,,,,unavailable,
Z:\Brejtr\ActiveProjects\Microscopy\20251213\5_PSI_1UM_48HOD_4_Multichannel Z-Stack_20251213_457.vsi,5_PSI_1UM_48HOD_4_Multichannel Z-Stack_20251213_457.vsi,.vsi,0,"C488, C561, C640",35,,361.8614710370506,367.3014710370506,ome_plane_position_z,
Z:\Brejtr\ActiveProjects\Microscopy\20251213\5_PSI_1UM_48HOD_4_Multichannel Z-Stack_20251213_457.vsi,5_PSI_1UM_48HOD_4_Multichannel Z-Stack_20251213_457.vsi,.vsi,1,macro image,1,,,,unavailable,
Z:\Brejtr\ActiveProjects\Microscopy\20251213\5_PSI_1UM_48HOD_5_Multichannel Z-Stack_20251213_458.vsi,5_PSI_1UM_48HOD_5_Multichannel Z-Stack_20251213_458.vsi,.vsi,0,"C488, C561, C640",35,,364.3640651895257,369.8040651895257,ome_plane_position_z,
Z:\Brejtr\ActiveProjects\Microscopy\20251213\5_PSI_1UM_48HOD_5_Multichannel Z-Stack_20251213_458.vsi,5_PSI_1UM_48HOD_5_Multichannel Z-Stack_20251213_458.vsi,.vsi,1,macro image,1,,,,unavailable,
Z:\Brejtr\ActiveProjects\Microscopy\20251213\5_PSI_1UM_48HOD_6_Multichannel Z-Stack_20251213_459.vsi,5_PSI_1UM_48HOD_6_Multichannel Z-Stack_20251213_459.vsi,.vsi,0,"C488, C561, C640",35,,365.0660123298541,370.5060123298541,ome_plane_position_z,
Z:\Brejtr\ActiveProjects\Microscopy\20251213\5_PSI_1UM_48HOD_6_Multichannel Z-Stack_20251213_459.vsi,5_PSI_1UM_48HOD_6_Multichannel Z-Stack_20251213_459.vsi,.vsi,1,macro image,1,,,,unavailable,
Z:\Brejtr\ActiveProjects\Microscopy\20251213\5_PSI_1UM_48HOD_7_Multichannel Z-Stack_20251213_460.vsi,5_PSI_1UM_48HOD_7_Multichannel Z-Stack_20251213_460.vsi,.vsi,0,"C488, C561, C640",42,,367.54730635414757,374.10730635414757,ome_plane_position_z,
Z:\Brejtr\ActiveProjects\Microscopy\20251213\5_PSI_1UM_48HOD_7_Multichannel Z-Stack_20251213_460.vsi,5_PSI_1UM_48HOD_7_Multichannel Z-Stack_20251213_460.vsi,.vsi,1,macro image,1,,,,unavailable,
Z:\Brejtr\ActiveProjects\Microscopy\20251213\5_PSI_1UM_48HOD_8_Multichannel Z-Stack_20251213_461.vsi,5_PSI_1UM_48HOD_8_Multichannel Z-Stack_20251213_461.vsi,.vsi,0,"C488, C561, C640",42,,371.2401587010926,377.8001587010926,ome_plane_position_z,
Z:\Brejtr\ActiveProjects\Microscopy\20251213\5_PSI_1UM_48HOD_8_Multichannel Z-Stack_20251213_461.vsi,5_PSI_1UM_48HOD_8_Multichannel Z-Stack_20251213_461.vsi,.vsi,1,macro image,1,,,,unavailable,
Z:\Brejtr\ActiveProjects\Microscopy\20251213\5_PSI_1UM_48HOD_9_Multichannel Z-Stack_20251213_462.vsi,5_PSI_1UM_48HOD_9_Multichannel Z-Stack_20251213_462.vsi,.vsi,0,"C488, C561, C640",55,,372.76145272538616,381.4014527253861,ome_plane_position_z,
Z:\Brejtr\ActiveProjects\Microscopy\20251213\5_PSI_1UM_48HOD_9_Multichannel Z-Stack_20251213_462.vsi,5_PSI_1UM_48HOD_9_Multichannel Z-Stack_20251213_462.vsi,.vsi,1,macro image,1,,,,unavailable,
Z:\Brejtr\ActiveProjects\Microscopy\20251213\6_1_HARMIN_24hod_10_Multichannel Z-Stack_20251213_311.vsi,6_1_HARMIN_24hod_10_Multichannel Z-Stack_20251213_311.vsi,.vsi,0,"C488, C561, C640",40,,316.55737349691753,322.40737349691756,ome_plane_position_z,
Z:\Brejtr\ActiveProjects\Microscopy\20251213\6_1_HARMIN_24hod_10_Multichannel Z-Stack_20251213_311.vsi,6_1_HARMIN_24hod_10_Multichannel Z-Stack_20251213_311.vsi,.vsi,1,macro image,1,,,,unavailable,
Z:\Brejtr\ActiveProjects\Microscopy\20251213\6_1_HARMIN_24hod_1_Multichannel Z-Stack_20251213_302.vsi,6_1_HARMIN_24hod_1_Multichannel Z-Stack_20251213_302.vsi,.vsi,0,"C488, C561, C640",22,,303.051550387597,306.2015503875969,ome_plane_position_z,
Z:\Brejtr\ActiveProjects\Microscopy\20251213\6_1_HARMIN_24hod_1_Multichannel Z-Stack_20251213_302.vsi,6_1_HARMIN_24hod_1_Multichannel Z-Stack_20251213_302.vsi,.vsi,1,macro image,1,,,,unavailable,
Z:\Brejtr\ActiveProjects\Microscopy\20251213\6_1_HARMIN_24hod_2_Multichannel Z-Stack_20251213_303.vsi,6_1_HARMIN_24hod_2_Multichannel Z-Stack_20251213_303.vsi,.vsi,0,"C488, C561, C640",23,,304.30544466825364,307.60544466825365,ome_plane_position_z,
Z:\Brejtr\ActiveProjects\Microscopy\20251213\6_1_HARMIN_24hod_2_Multichannel Z-Stack_20251213_303.vsi,6_1_HARMIN_24hod_2_Multichannel Z-Stack_20251213_303.vsi,.vsi,1,macro image,1,,,,unavailable,
Z:\Brejtr\ActiveProjects\Microscopy\20251213\6_1_HARMIN_24hod_3_Multichannel Z-Stack_20251213_304.vsi,6_1_HARMIN_24hod_3_Multichannel Z-Stack_20251213_304.vsi,.vsi,0,"C488, C561, C640",30,,304.75089727156194,309.10089727156196,ome_plane_position_z,
Z:\Brejtr\ActiveProjects\Microscopy\20251213\6_1_HARMIN_24hod_3_Multichannel Z-Stack_20251213_304.vsi,6_1_HARMIN_24hod_3_Multichannel Z-Stack_20251213_304.vsi,.vsi,1,macro image,1,,,,unavailable,
Z:\Brejtr\ActiveProjects\Microscopy\20251213\6_1_HARMIN_24hod_4_Multichannel Z-Stack_20251213_305.vsi,6_1_HARMIN_24hod_4_Multichannel Z-Stack_20251213_305.vsi,.vsi,0,"C488, C561, C640",30,,306.1547915522187,310.50479155221876,ome_plane_position_z,
Z:\Brejtr\ActiveProjects\Microscopy\20251213\6_1_HARMIN_24hod_4_Multichannel Z-Stack_20251213_305.vsi,6_1_HARMIN_24hod_4_Multichannel Z-Stack_20251213_305.vsi,.vsi,1,macro image,1,,,,unavailable,
Z:\Brejtr\ActiveProjects\Microscopy\20251213\6_1_HARMIN_24hod_5_Multichannel Z-Stack_20251213_306.vsi,6_1_HARMIN_24hod_5_Multichannel Z-Stack_20251213_306.vsi,.vsi,0,"C488, C561, C640",36,,306.75024415552707,312.00024415552707,ome_plane_position_z,
Z:\Brejtr\ActiveProjects\Microscopy\20251213\6_1_HARMIN_24hod_5_Multichannel Z-Stack_20251213_306.vsi,6_1_HARMIN_24hod_5_Multichannel Z-Stack_20251213_306.vsi,.vsi,1,macro image,1,,,,unavailable,
Z:\Brejtr\ActiveProjects\Microscopy\20251213\6_1_HARMIN_24hod_6_Multichannel Z-Stack_20251213_307.vsi,6_1_HARMIN_24hod_6_Multichannel Z-Stack_20251213_307.vsi,.vsi,0,"C488, C561, C640",30,,309.05413843618385,313.40413843618387,ome_plane_position_z,
Z:\Brejtr\ActiveProjects\Microscopy\20251213\6_1_HARMIN_24hod_6_Multichannel Z-Stack_20251213_307.vsi,6_1_HARMIN_24hod_6_Multichannel Z-Stack_20251213_307.vsi,.vsi,1,macro image,1,,,,unavailable,
Z:\Brejtr\ActiveProjects\Microscopy\20251213\6_1_HARMIN_24hod_7_Multichannel Z-Stack_20251213_308.vsi,6_1_HARMIN_24hod_7_Multichannel Z-Stack_20251213_308.vsi,.vsi,0,"C488, C561, C640",22,,312.45153817982055,315.6015381798205,ome_plane_position_z,
Z:\Brejtr\ActiveProjects\Microscopy\20251213\6_1_HARMIN_24hod_7_Multichannel Z-Stack_20251213_308.vsi,6_1_HARMIN_24hod_7_Multichannel Z-Stack_20251213_308.vsi,.vsi,1,macro image,1,,,,unavailable,
Z:\Brejtr\ActiveProjects\Microscopy\20251213\6_1_HARMIN_24hod_8_Multichannel Z-Stack_20251213_309.vsi,6_1_HARMIN_24hod_8_Multichannel Z-Stack_20251213_309.vsi,.vsi,0,"C488, C561, C640",29,,312.80543246047733,317.0054324604773,ome_plane_position_z,
Z:\Brejtr\ActiveProjects\Microscopy\20251213\6_1_HARMIN_24hod_8_Multichannel Z-Stack_20251213_309.vsi,6_1_HARMIN_24hod_8_Multichannel Z-Stack_20251213_309.vsi,.vsi,1,macro image,1,,,,unavailable,
Z:\Brejtr\ActiveProjects\Microscopy\20251213\6_1_HARMIN_24hod_9_Multichannel Z-Stack_20251213_310.vsi,6_1_HARMIN_24hod_9_Multichannel Z-Stack_20251213_310.vsi,.vsi,0,"C488, C561, C640",30,,314.15088506378555,318.50088506378563,ome_plane_position_z,
Z:\Brejtr\ActiveProjects\Microscopy\20251213\6_1_HARMIN_24hod_9_Multichannel Z-Stack_20251213_310.vsi,6_1_HARMIN_24hod_9_Multichannel Z-Stack_20251213_310.vsi,.vsi,1,macro image,1,,,,unavailable,
Z:\Brejtr\ActiveProjects\Microscopy\20251213\6_1_KONTROLA_24hod_10_Multichannel Z-Stack_20251213_301.vsi,6_1_KONTROLA_24hod_10_Multichannel Z-Stack_20251213_301.vsi,.vsi,0,"C488, C561, C640",23,,300.70415064396013,304.0041506439602,ome_plane_position_z,
Z:\Brejtr\ActiveProjects\Microscopy\20251213\6_1_KONTROLA_24hod_10_Multichannel Z-Stack_20251213_301.vsi,6_1_KONTROLA_24hod_10_Multichannel Z-Stack_20251213_301.vsi,.vsi,1,macro image,1,,,,unavailable,
Z:\Brejtr\ActiveProjects\Microscopy\20251213\6_1_KONTROLA_24hod_1_Multichannel Z-Stack_20251213_292.vsi,6_1_KONTROLA_24hod_1_Multichannel Z-Stack_20251213_292.vsi,.vsi,0,"C488, C561, C640",29,,285.0022218152964,289.20222181529635,ome_plane_position_z,
Z:\Brejtr\ActiveProjects\Microscopy\20251213\6_1_KONTROLA_24hod_1_Multichannel Z-Stack_20251213_292.vsi,6_1_KONTROLA_24hod_1_Multichannel Z-Stack_20251213_292.vsi,.vsi,1,macro image,1,,,,unavailable,
Z:\Brejtr\ActiveProjects\Microscopy\20251213\6_1_KONTROLA_24hod_2_Multichannel Z-Stack_20251213_293.vsi,6_1_KONTROLA_24hod_2_Multichannel Z-Stack_20251213_293.vsi,.vsi,0,"C488, C561, C640",14,,288.3509216871147,290.3009216871147,ome_plane_position_z,
Z:\Brejtr\ActiveProjects\Microscopy\20251213\6_1_KONTROLA_24hod_2_Multichannel Z-Stack_20251213_293.vsi,6_1_KONTROLA_24hod_2_Multichannel Z-Stack_20251213_293.vsi,.vsi,1,macro image,1,,,,unavailable,
Z:\Brejtr\ActiveProjects\Microscopy\20251213\6_1_KONTROLA_24hod_3_Multichannel Z-Stack_20251213_294.vsi,6_1_KONTROLA_24hod_3_Multichannel Z-Stack_20251213_294.vsi,.vsi,0,"C488, C561, C640",22,,289.25676310809996,292.4067631080999,ome_plane_position_z,
Z:\Brejtr\ActiveProjects\Microscopy\20251213\6_1_KONTROLA_24hod_3_Multichannel Z-Stack_20251213_294.vsi,6_1_KONTROLA_24hod_3_Multichannel Z-Stack_20251213_294.vsi,.vsi,1,macro image,1,,,,unavailable,
Z:\Brejtr\ActiveProjects\Microscopy\20251213\6_1_KONTROLA_24hod_4_Multichannel Z-Stack_20251213_295.vsi,6_1_KONTROLA_24hod_4_Multichannel Z-Stack_20251213_295.vsi,.vsi,0,"C488, C561, C640",21,,290.50546297991826,293.50546297991826,ome_plane_position_z,
Z:\Brejtr\ActiveProjects\Microscopy\20251213\6_1_KONTROLA_24hod_4_Multichannel Z-Stack_20251213_295.vsi,6_1_KONTROLA_24hod_4_Multichannel Z-Stack_20251213_295.vsi,.vsi,1,macro image,1,,,,unavailable,
Z:\Brejtr\ActiveProjects\Microscopy\20251213\6_1_KONTROLA_24hod_5_Multichannel Z-Stack_20251213_296.vsi,6_1_KONTROLA_24hod_5_Multichannel Z-Stack_20251213_296.vsi,.vsi,0,"C488, C561, C640",36,,289.7509155832266,295.0009155832266,ome_plane_position_z,
Z:\Brejtr\ActiveProjects\Microscopy\20251213\6_1_KONTROLA_24hod_5_Multichannel Z-Stack_20251213_296.vsi,6_1_KONTROLA_24hod_5_Multichannel Z-Stack_20251213_296.vsi,.vsi,1,macro image,1,,,,unavailable,
Z:\Brejtr\ActiveProjects\Microscopy\20251213\6_1_KONTROLA_24hod_6_Multichannel Z-Stack_20251213_297.vsi,6_1_KONTROLA_24hod_6_Multichannel Z-Stack_20251213_297.vsi,.vsi,0,"C488, C561, C640",35,,293.10545687603,298.20545687603004,ome_plane_position_z,
Z:\Brejtr\ActiveProjects\Microscopy\20251213\6_1_KONTROLA_24hod_6_Multichannel Z-Stack_20251213_297.vsi,6_1_KONTROLA_24hod_6_Multichannel Z-Stack_20251213_297.vsi,.vsi,1,macro image,1,,,,unavailable,
Z:\Brejtr\ActiveProjects\Microscopy\20251213\6_1_KONTROLA_24hod_7_Multichannel Z-Stack_20251213_298.vsi,6_1_KONTROLA_24hod_7_Multichannel Z-Stack_20251213_298.vsi,.vsi,0,"C488, C561, C640",30,,295.3509094793383,299.70090947933835,ome_plane_position_z,
Z:\Brejtr\ActiveProjects\Microscopy\20251213\6_1_KONTROLA_24hod_7_Multichannel Z-Stack_20251213_298.vsi,6_1_KONTROLA_24hod_7_Multichannel Z-Stack_20251213_298.vsi,.vsi,1,macro image,1,,,,unavailable,
Z:\Brejtr\ActiveProjects\Microscopy\20251213\6_1_KONTROLA_24hod_8_Multichannel Z-Stack_20251213_299.vsi,6_1_KONTROLA_24hod_8_Multichannel Z-Stack_20251213_299.vsi,.vsi,0,"C488, C561, C640",30,,296.75480375999507,301.1048037599951,ome_plane_position_z,
Z:\Brejtr\ActiveProjects\Microscopy\20251213\6_1_KONTROLA_24hod_8_Multichannel Z-Stack_20251213_299.vsi,6_1_KONTROLA_24hod_8_Multichannel Z-Stack_20251213_299.vsi,.vsi,1,macro image,1,,,,unavailable,
Z:\Brejtr\ActiveProjects\Microscopy\20251213\6_1_KONTROLA_24hod_9_Multichannel Z-Stack_20251213_300.vsi,6_1_KONTROLA_24hod_9_Multichannel Z-Stack_20251213_300.vsi,.vsi,0,"C488, C561, C640",31,,298.19181468595497,302.69181468595497,ome_plane_position_z,
Z:\Brejtr\ActiveProjects\Microscopy\20251213\6_1_KONTROLA_24hod_9_Multichannel Z-Stack_20251213_300.vsi,6_1_KONTROLA_24hod_9_Multichannel Z-Stack_20251213_300.vsi,.vsi,1,macro image,1,,,,unavailable,
Z:\Brejtr\ActiveProjects\Microscopy\20251213\6_2_PSI_24hod_10_Multichannel Z-Stack_20251213_321.vsi,6_2_PSI_24hod_10_Multichannel Z-Stack_20251213_321.vsi,.vsi,0,"C488, C561, C640",21,,336.4067020692181,339.4067020692181,ome_plane_position_z,
Z:\Brejtr\ActiveProjects\Microscopy\20251213\6_2_PSI_24hod_10_Multichannel Z-Stack_20251213_321.vsi,6_2_PSI_24hod_10_Multichannel Z-Stack_20251213_321.vsi,.vsi,1,macro image,1,,,,unavailable,
Z:\Brejtr\ActiveProjects\Microscopy\20251213\6_2_PSI_24hod_1_Multichannel Z-Stack_20251213_312.vsi,6_2_PSI_24hod_1_Multichannel Z-Stack_20251213_312.vsi,.vsi,0,"C488, C561, C640",25,,320.39438442287735,323.99438442287743,ome_plane_position_z,
Z:\Brejtr\ActiveProjects\Microscopy\20251213\6_2_PSI_24hod_1_Multichannel Z-Stack_20251213_312.vsi,6_2_PSI_24hod_1_Multichannel Z-Stack_20251213_312.vsi,.vsi,1,macro image,1,,,,unavailable,
Z:\Brejtr\ActiveProjects\Microscopy\20251213\6_2_PSI_24hod_2_Multichannel Z-Stack_20251213_313.vsi,6_2_PSI_24hod_2_Multichannel Z-Stack_20251213_313.vsi,.vsi,0,"C488, C561, C640",29,,322.90736739302935,327.10736739302934,ome_plane_position_z,
Z:\Brejtr\ActiveProjects\Microscopy\20251213\6_2_PSI_24hod_2_Multichannel Z-Stack_20251213_313.vsi,6_2_PSI_24hod_2_Multichannel Z-Stack_20251213_313.vsi,.vsi,1,macro image,1,,,,unavailable,
Z:\Brejtr\ActiveProjects\Microscopy\20251213\6_2_PSI_24hod_3_Multichannel Z-Stack_20251213_314.vsi,6_2_PSI_24hod_3_Multichannel Z-Stack_20251213_314.vsi,.vsi,0,"C488, C561, C640",30,,324.2528199963376,328.60281999633764,ome_plane_position_z,
Z:\Brejtr\ActiveProjects\Microscopy\20251213\6_2_PSI_24hod_3_Multichannel Z-Stack_20251213_314.vsi,6_2_PSI_24hod_3_Multichannel Z-Stack_20251213_314.vsi,.vsi,1,macro image,1,,,,unavailable,
Z:\Brejtr\ActiveProjects\Microscopy\20251213\6_2_PSI_24hod_4_Multichannel Z-Stack_20251213_315.vsi,6_2_PSI_24hod_4_Multichannel Z-Stack_20251213_315.vsi,.vsi,0,"C488, C561, C640",29,,325.80671427699446,330.00671427699444,ome_plane_position_z,
Z:\Brejtr\ActiveProjects\Microscopy\20251213\6_2_PSI_24hod_4_Multichannel Z-Stack_20251213_315.vsi,6_2_PSI_24hod_4_Multichannel Z-Stack_20251213_315.vsi,.vsi,1,macro image,1,,,,unavailable,
Z:\Brejtr\ActiveProjects\Microscopy\20251213\6_2_PSI_24hod_5_Multichannel Z-Stack_20251213_316.vsi,6_2_PSI_24hod_5_Multichannel Z-Stack_20251213_316.vsi,.vsi,0,"C488, C561, C640",31,,328.1008667521211,332.6008667521211,ome_plane_position_z,
Z:\Brejtr\ActiveProjects\Microscopy\20251213\6_2_PSI_24hod_5_Multichannel Z-Stack_20251213_316.vsi,6_2_PSI_24hod_5_Multichannel Z-Stack_20251213_316.vsi,.vsi,1,macro image,1,,,,unavailable,
Z:\Brejtr\ActiveProjects\Microscopy\20251213\6_2_PSI_24hod_6_Multichannel Z-Stack_20251213_317.vsi,6_2_PSI_24hod_6_Multichannel Z-Stack_20251213_317.vsi,.vsi,0,"C488, C561, C640",21,,330.6080083012879,333.6080083012879,ome_plane_position_z,
Z:\Brejtr\ActiveProjects\Microscopy\20251213\6_2_PSI_24hod_6_Multichannel Z-Stack_20251213_317.vsi,6_2_PSI_24hod_6_Multichannel Z-Stack_20251213_317.vsi,.vsi,1,macro image,1,,,,unavailable,
Z:\Brejtr\ActiveProjects\Microscopy\20251213\6_2_PSI_24hod_7_Multichannel Z-Stack_20251213_318.vsi,6_2_PSI_24hod_7_Multichannel Z-Stack_20251213_318.vsi,.vsi,0,"C488, C561, C640",29,,331.6054080449246,335.8054080449246,ome_plane_position_z,
Z:\Brejtr\ActiveProjects\Microscopy\20251213\6_2_PSI_24hod_7_Multichannel Z-Stack_20251213_318.vsi,6_2_PSI_24hod_7_Multichannel Z-Stack_20251213_318.vsi,.vsi,1,macro image,1,,,,unavailable,
Z:\Brejtr\ActiveProjects\Microscopy\20251213\6_2_PSI_24hod_8_Multichannel Z-Stack_20251213_319.vsi,6_2_PSI_24hod_8_Multichannel Z-Stack_20251213_319.vsi,.vsi,0,"C488, C561, C640",24,,333.8508606482329,337.3008606482329,ome_plane_position_z,
Z:\Brejtr\ActiveProjects\Microscopy\20251213\6_2_PSI_24hod_8_Multichannel Z-Stack_20251213_319.vsi,6_2_PSI_24hod_8_Multichannel Z-Stack_20251213_319.vsi,.vsi,1,macro image,1,,,,unavailable,
Z:\Brejtr\ActiveProjects\Microscopy\20251213\6_2_PSI_24hod_9_Multichannel Z-Stack_20251213_320.vsi,6_2_PSI_24hod_9_Multichannel Z-Stack_20251213_320.vsi,.vsi,0,"C488, C561, C640",21,,335.30800219739973,338.30800219739973,ome_plane_position_z,
Z:\Brejtr\ActiveProjects\Microscopy\20251213\6_2_PSI_24hod_9_Multichannel Z-Stack_20251213_320.vsi,6_2_PSI_24hod_9_Multichannel Z-Stack_20251213_320.vsi,.vsi,1,macro image,1,,,,unavailable,
Z:\Brejtr\ActiveProjects\Microscopy\20251213\6_2_PSIHARMIN_24hod_10_Multichannel Z-Stack_20251213_331.vsi,6_2_PSIHARMIN_24hod_10_Multichannel Z-Stack_20251213_331.vsi,.vsi,0,"C488, C561, C640",23,,354.9066776536654,358.20667765366545,ome_plane_position_z,
Z:\Brejtr\ActiveProjects\Microscopy\20251213\6_2_PSIHARMIN_24hod_10_Multichannel Z-Stack_20251213_331.vsi,6_2_PSIHARMIN_24hod_10_Multichannel Z-Stack_20251213_331.vsi,.vsi,1,macro image,1,,,,unavailable,
Z:\Brejtr\ActiveProjects\Microscopy\20251213\6_2_PSIHARMIN_24hod_11_Multichannel Z-Stack_20251213_332.vsi,6_2_PSIHARMIN_24hod_11_Multichannel Z-Stack_20251213_332.vsi,.vsi,0,"C488, C561, C640",30,,355.3521302569737,359.70213025697376,ome_plane_position_z,
Z:\Brejtr\ActiveProjects\Microscopy\20251213\6_2_PSIHARMIN_24hod_11_Multichannel Z-Stack_20251213_332.vsi,6_2_PSIHARMIN_24hod_11_Multichannel Z-Stack_20251213_332.vsi,.vsi,1,macro image,1,,,,unavailable,
Z:\Brejtr\ActiveProjects\Microscopy\20251213\6_2_PSIHARMIN_24hod_1_Multichannel Z-Stack_20251213_322.vsi,6_2_PSIHARMIN_24hod_1_Multichannel Z-Stack_20251213_322.vsi,.vsi,0,"C488, C561, C640",24,,337.45215467252643,340.9021546725264,ome_plane_position_z,
Z:\Brejtr\ActiveProjects\Microscopy\20251213\6_2_PSIHARMIN_24hod_1_Multichannel Z-Stack_20251213_322.vsi,6_2_PSIHARMIN_24hod_1_Multichannel Z-Stack_20251213_322.vsi,.vsi,1,macro image,1,,,,unavailable,
Z:\Brejtr\ActiveProjects\Microscopy\20251213\6_2_PSIHARMIN_24hod_2_Multichannel Z-Stack_20251213_323.vsi,6_2_PSIHARMIN_24hod_2_Multichannel Z-Stack_20251213_323.vsi,.vsi,0,"C488, C561, C640",28,,340.0566959653299,344.1066959653299,ome_plane_position_z,
Z:\Brejtr\ActiveProjects\Microscopy\20251213\6_2_PSIHARMIN_24hod_2_Multichannel Z-Stack_20251213_323.vsi,6_2_PSIHARMIN_24hod_2_Multichannel Z-Stack_20251213_323.vsi,.vsi,1,macro image,1,,,,unavailable,
Z:\Brejtr\ActiveProjects\Microscopy\20251213\6_2_PSIHARMIN_24hod_3_Multichannel Z-Stack_20251213_324.vsi,6_2_PSIHARMIN_24hod_3_Multichannel Z-Stack_20251213_324.vsi,.vsi,0,"C488, C561, C640",24,,342.1521485686382,345.6021485686382,ome_plane_position_z,
Z:\Brejtr\ActiveProjects\Microscopy\20251213\6_2_PSIHARMIN_24hod_3_Multichannel Z-Stack_20251213_324.vsi,6_2_PSIHARMIN_24hod_3_Multichannel Z-Stack_20251213_324.vsi,.vsi,1,macro image,1,,,,unavailable,
Z:\Brejtr\ActiveProjects\Microscopy\20251213\6_2_PSIHARMIN_24hod_4_Multichannel Z-Stack_20251213_325.vsi,6_2_PSIHARMIN_24hod_4_Multichannel Z-Stack_20251213_325.vsi,.vsi,0,"C488, C561, C640",23,,343.706042849295,347.006042849295,ome_plane_position_z,
Z:\Brejtr\ActiveProjects\Microscopy\20251213\6_2_PSIHARMIN_24hod_4_Multichannel Z-Stack_20251213_325.vsi,6_2_PSIHARMIN_24hod_4_Multichannel Z-Stack_20251213_325.vsi,.vsi,1,macro image,1,,,,unavailable,
Z:\Brejtr\ActiveProjects\Microscopy\20251213\6_2_PSIHARMIN_24hod_5_Multichannel Z-Stack_20251213_326.vsi,6_2_PSIHARMIN_24hod_5_Multichannel Z-Stack_20251213_326.vsi,.vsi,0,"C488, C561, C640",24,,345.0514954526033,348.5014954526033,ome_plane_position_z,
Z:\Brejtr\ActiveProjects\Microscopy\20251213\6_2_PSIHARMIN_24hod_5_Multichannel Z-Stack_20251213_326.vsi,6_2_PSIHARMIN_24hod_5_Multichannel Z-Stack_20251213_326.vsi,.vsi,1,macro image,1,,,,unavailable,
Z:\Brejtr\ActiveProjects\Microscopy\20251213\6_2_PSIHARMIN_24hod_6_Multichannel Z-Stack_20251213_327.vsi,6_2_PSIHARMIN_24hod_6_Multichannel Z-Stack_20251213_327.vsi,.vsi,0,"C488, C561, C640",32,,345.65214246475006,350.30214246475003,ome_plane_position_z,
Z:\Brejtr\ActiveProjects\Microscopy\20251213\6_2_PSIHARMIN_24hod_6_Multichannel Z-Stack_20251213_327.vsi,6_2_PSIHARMIN_24hod_6_Multichannel Z-Stack_20251213_327.vsi,.vsi,1,macro image,1,,,,unavailable,
Z:\Brejtr\ActiveProjects\Microscopy\20251213\6_2_PSIHARMIN_24hod_7_Multichannel Z-Stack_20251213_328.vsi,6_2_PSIHARMIN_24hod_7_Multichannel Z-Stack_20251213_328.vsi,.vsi,0,"C488, C561, C640",38,,348.35343648904353,353.90343648904354,ome_plane_position_z,
Z:\Brejtr\ActiveProjects\Microscopy\20251213\6_2_PSIHARMIN_24hod_7_Multichannel Z-Stack_20251213_328.vsi,6_2_PSIHARMIN_24hod_7_Multichannel Z-Stack_20251213_328.vsi,.vsi,1,macro image,1,,,,unavailable,
Z:\Brejtr\ActiveProjects\Microscopy\20251213\6_2_PSIHARMIN_24hod_8_Multichannel Z-Stack_20251213_329.vsi,6_2_PSIHARMIN_24hod_8_Multichannel Z-Stack_20251213_329.vsi,.vsi,0,"C488, C561, C640",29,,351.1073307697003,355.3073307697003,ome_plane_position_z,
Z:\Brejtr\ActiveProjects\Microscopy\20251213\6_2_PSIHARMIN_24hod_8_Multichannel Z-Stack_20251213_329.vsi,6_2_PSIHARMIN_24hod_8_Multichannel Z-Stack_20251213_329.vsi,.vsi,1,macro image,1,,,,unavailable,
Z:\Brejtr\ActiveProjects\Microscopy\20251213\6_2_PSIHARMIN_24hod_9_Multichannel Z-Stack_20251213_330.vsi,6_2_PSIHARMIN_24hod_9_Multichannel Z-Stack_20251213_330.vsi,.vsi,0,"C488, C561, C640",30,,352.4527833730086,356.8027833730086,ome_plane_position_z,
Z:\Brejtr\ActiveProjects\Microscopy\20251213\6_2_PSIHARMIN_24hod_9_Multichannel Z-Stack_20251213_330.vsi,6_2_PSIHARMIN_24hod_9_Multichannel Z-Stack_20251213_330.vsi,.vsi,1,macro image,1,,,,unavailable,
Z:\Brejtr\ActiveProjects\Microscopy\20251213\6_3_PSY_24hod_10_Multichannel Z-Stack_20251213_342.vsi,6_3_PSY_24hod_10_Multichannel Z-Stack_20251213_342.vsi,.vsi,0,"C488, C561, C640",28,,238.98098272599648,243.30098272599645,ome_plane_position_z,
Z:\Brejtr\ActiveProjects\Microscopy\20251213\6_3_PSY_24hod_10_Multichannel Z-Stack_20251213_342.vsi,6_3_PSY_24hod_10_Multichannel Z-Stack_20251213_342.vsi,.vsi,1,macro image,1,,,,unavailable,
Z:\Brejtr\ActiveProjects\Microscopy\20251213\6_3_PSY_24hod_1_Multichannel Z-Stack_20251213_333.vsi,6_3_PSY_24hod_1_Multichannel Z-Stack_20251213_333.vsi,.vsi,0,"C488, C561, C640",21,,358.80797167795885,361.80797167795885,ome_plane_position_z,
Z:\Brejtr\ActiveProjects\Microscopy\20251213\6_3_PSY_24hod_1_Multichannel Z-Stack_20251213_333.vsi,6_3_PSY_24hod_1_Multichannel Z-Stack_20251213_333.vsi,.vsi,1,macro image,1,,,,unavailable,
Z:\Brejtr\ActiveProjects\Microscopy\20251213\6_3_PSY_24hod_2_Multichannel Z-Stack_20251213_334.vsi,6_3_PSY_24hod_2_Multichannel Z-Stack_20251213_334.vsi,.vsi,0,"C488, C561, C640",21,,359.90667154977723,362.90667154977723,ome_plane_position_z,
Z:\Brejtr\ActiveProjects\Microscopy\20251213\6_3_PSY_24hod_2_Multichannel Z-Stack_20251213_334.vsi,6_3_PSY_24hod_2_Multichannel Z-Stack_20251213_334.vsi,.vsi,1,macro image,1,,,,unavailable,
Z:\Brejtr\ActiveProjects\Microscopy\20251213\6_3_PSY_24hod_3_Multichannel Z-Stack_20251213_335.vsi,6_3_PSY_24hod_3_Multichannel Z-Stack_20251213_335.vsi,.vsi,0,"C488, C561, C640",24,,360.9521241530856,364.40212415308554,ome_plane_position_z,
Z:\Brejtr\ActiveProjects\Microscopy\20251213\6_3_PSY_24hod_3_Multichannel Z-Stack_20251213_335.vsi,6_3_PSY_24hod_3_Multichannel Z-Stack_20251213_335.vsi,.vsi,1,macro image,1,,,,unavailable,
Z:\Brejtr\ActiveProjects\Microscopy\20251213\6_3_PSY_24hod_4_Multichannel Z-Stack_20251213_336.vsi,6_3_PSY_24hod_4_Multichannel Z-Stack_20251213_336.vsi,.vsi,0,"C488, C561, C640",23,,362.50601843374227,365.8060184337423,ome_plane_position_z,
Z:\Brejtr\ActiveProjects\Microscopy\20251213\6_3_PSY_24hod_4_Multichannel Z-Stack_20251213_336.vsi,6_3_PSY_24hod_4_Multichannel Z-Stack_20251213_336.vsi,.vsi,1,macro image,1,,,,unavailable,
Z:\Brejtr\ActiveProjects\Microscopy\20251213\6_3_PSY_24hod_5_Multichannel Z-Stack_20251213_337.vsi,6_3_PSY_24hod_5_Multichannel Z-Stack_20251213_337.vsi,.vsi,0,"C488, C561, C640",22,,364.853418177379,368.003418177379,ome_plane_position_z,
Z:\Brejtr\ActiveProjects\Microscopy\20251213\6_3_PSY_24hod_5_Multichannel Z-Stack_20251213_337.vsi,6_3_PSY_24hod_5_Multichannel Z-Stack_20251213_337.vsi,.vsi,1,macro image,1,,,,unavailable,
Z:\Brejtr\ActiveProjects\Microscopy\20251213\6_3_PSY_24hod_6_Multichannel_20251213_338.vsi,6_3_PSY_24hod_6_Multichannel_20251213_338.vsi,.vsi,0,"C488, C561, C640",1,,365.98913507904535,365.98913507904535,ome_plane_position_z,
Z:\Brejtr\ActiveProjects\Microscopy\20251213\6_3_PSY_24hod_6_Multichannel_20251213_338.vsi,6_3_PSY_24hod_6_Multichannel_20251213_338.vsi,.vsi,1,macro image,1,,,,unavailable,
Z:\Brejtr\ActiveProjects\Microscopy\20251213\6_3_PSY_24hod_7_Multichannel Z-Stack_20251213_339.vsi,6_3_PSY_24hod_7_Multichannel Z-Stack_20251213_339.vsi,.vsi,0,"C488, C561, C640",28,,366.4560123298541,370.5060123298541,ome_plane_position_z,
Z:\Brejtr\ActiveProjects\Microscopy\20251213\6_3_PSY_24hod_7_Multichannel Z-Stack_20251213_339.vsi,6_3_PSY_24hod_7_Multichannel Z-Stack_20251213_339.vsi,.vsi,1,macro image,1,,,,unavailable,
Z:\Brejtr\ActiveProjects\Microscopy\20251213\6_3_PSY_24hod_8_Multichannel Z-Stack_20251213_340.vsi,6_3_PSY_24hod_8_Multichannel Z-Stack_20251213_340.vsi,.vsi,0,"C488, C561, C640",2,,233.90098882988465,238.60098882988464,ome_plane_position_z,
Z:\Brejtr\ActiveProjects\Microscopy\20251213\6_3_PSY_24hod_8_Multichannel Z-Stack_20251213_340.vsi,6_3_PSY_24hod_8_Multichannel Z-Stack_20251213_340.vsi,.vsi,1,macro image,1,,,,unavailable,
Z:\Brejtr\ActiveProjects\Microscopy\20251213\6_3_PSY_24hod_9_Multichannel Z-Stack_20251213_341.vsi,6_3_PSY_24hod_9_Multichannel Z-Stack_20251213_341.vsi,.vsi,0,"C488, C561, C640",27,,237.64553012268817,241.80553012268814,ome_plane_position_z,
Z:\Brejtr\ActiveProjects\Microscopy\20251213\6_3_PSY_24hod_9_Multichannel Z-Stack_20251213_341.vsi,6_3_PSY_24hod_9_Multichannel Z-Stack_20251213_341.vsi,.vsi,1,macro image,1,,,,unavailable,
Z:\Brejtr\ActiveProjects\Microscopy\20251213\6_3_PSYHARMIN_24hod_10_Multichannel Z-Stack_20251213_352.vsi,6_3_PSYHARMIN_24hod_10_Multichannel Z-Stack_20251213_352.vsi,.vsi,0,"C488, C561, C640",29,,257.9261527192822,262.4061527192822,ome_plane_position_z,
Z:\Brejtr\ActiveProjects\Microscopy\20251213\6_3_PSYHARMIN_24hod_10_Multichannel Z-Stack_20251213_352.vsi,6_3_PSYHARMIN_24hod_10_Multichannel Z-Stack_20251213_352.vsi,.vsi,1,macro image,1,,,,unavailable,
Z:\Brejtr\ActiveProjects\Microscopy\20251213\6_3_PSYHARMIN_24hod_1_Multichannel Z-Stack_20251213_343.vsi,6_3_PSYHARMIN_24hod_1_Multichannel Z-Stack_20251213_343.vsi,.vsi,0,"C488, C561, C640",20,,241.2681242751633,244.30812427516327,ome_plane_position_z,
Z:\Brejtr\ActiveProjects\Microscopy\20251213\6_3_PSYHARMIN_24hod_1_Multichannel Z-Stack_20251213_343.vsi,6_3_PSYHARMIN_24hod_1_Multichannel Z-Stack_20251213_343.vsi,.vsi,1,macro image,1,,,,unavailable,
Z:\Brejtr\ActiveProjects\Microscopy\20251213\6_3_PSYHARMIN_24hod_2_Multichannel Z-Stack_20251213_344.vsi,6_3_PSYHARMIN_24hod_2_Multichannel Z-Stack_20251213_344.vsi,.vsi,0,"C488, C561, C640",27,,242.34552401879998,246.50552401879997,ome_plane_position_z,
Z:\Brejtr\ActiveProjects\Microscopy\20251213\6_3_PSYHARMIN_24hod_2_Multichannel Z-Stack_20251213_344.vsi,6_3_PSYHARMIN_24hod_2_Multichannel Z-Stack_20251213_344.vsi,.vsi,1,macro image,1,,,,unavailable,
Z:\Brejtr\ActiveProjects\Microscopy\20251213\6_3_PSYHARMIN_24hod_3_Multichannel Z-Stack_20251213_345.vsi,6_3_PSYHARMIN_24hod_3_Multichannel Z-Stack_20251213_345.vsi,.vsi,0,"C488, C561, C640",22,,244.64097662210827,248.00097662210828,ome_plane_position_z,
Z:\Brejtr\ActiveProjects\Microscopy\20251213\6_3_PSYHARMIN_24hod_3_Multichannel Z-Stack_20251213_345.vsi,6_3_PSYHARMIN_24hod_3_Multichannel Z-Stack_20251213_345.vsi,.vsi,1,macro image,1,,,,unavailable,
Z:\Brejtr\ActiveProjects\Microscopy\20251213\6_3_PSYHARMIN_24hod_4_Multichannel Z-Stack_20251213_346.vsi,6_3_PSYHARMIN_24hod_4_Multichannel Z-Stack_20251213_346.vsi,.vsi,0,"C488, C561, C640",29,,244.9248709027651,249.40487090276505,ome_plane_position_z,
Z:\Brejtr\ActiveProjects\Microscopy\20251213\6_3_PSYHARMIN_24hod_4_Multichannel Z-Stack_20251213_346.vsi,6_3_PSYHARMIN_24hod_4_Multichannel Z-Stack_20251213_346.vsi,.vsi,1,macro image,1,,,,unavailable,
Z:\Brejtr\ActiveProjects\Microscopy\20251213\6_3_PSYHARMIN_24hod_5_Multichannel Z-Stack_20251213_347.vsi,6_3_PSYHARMIN_24hod_5_Multichannel Z-Stack_20251213_347.vsi,.vsi,0,"C488, C561, C640",28,,246.58032350607337,250.90032350607336,ome_plane_position_z,
Z:\Brejtr\ActiveProjects\Microscopy\20251213\6_3_PSYHARMIN_24hod_5_Multichannel Z-Stack_20251213_347.vsi,6_3_PSYHARMIN_24hod_5_Multichannel Z-Stack_20251213_347.vsi,.vsi,1,macro image,1,,,,unavailable,
Z:\Brejtr\ActiveProjects\Microscopy\20251213\6_3_PSYHARMIN_24hod_6_Multichannel Z-Stack_20251213_348.vsi,6_3_PSYHARMIN_24hod_6_Multichannel Z-Stack_20251213_348.vsi,.vsi,0,"C488, C561, C640",32,,248.74811206738693,253.70811206738696,ome_plane_position_z,
Z:\Brejtr\ActiveProjects\Microscopy\20251213\6_3_PSYHARMIN_24hod_6_Multichannel Z-Stack_20251213_348.vsi,6_3_PSYHARMIN_24hod_6_Multichannel Z-Stack_20251213_348.vsi,.vsi,1,macro image,1,,,,unavailable,
Z:\Brejtr\ActiveProjects\Microscopy\20251213\6_3_PSYHARMIN_24hod_7_Multichannel Z-Stack_20251213_349.vsi,6_3_PSYHARMIN_24hod_7_Multichannel Z-Stack_20251213_349.vsi,.vsi,0,"C488, C561, C640",27,,251.83707013367516,255.99707013367515,ome_plane_position_z,
Z:\Brejtr\ActiveProjects\Microscopy\20251213\6_3_PSYHARMIN_24hod_7_Multichannel Z-Stack_20251213_349.vsi,6_3_PSYHARMIN_24hod_7_Multichannel Z-Stack_20251213_349.vsi,.vsi,1,macro image,1,,,,unavailable,
Z:\Brejtr\ActiveProjects\Microscopy\20251213\6_3_PSYHARMIN_24hod_8_Multichannel Z-Stack_20251213_350.vsi,6_3_PSYHARMIN_24hod_8_Multichannel Z-Stack_20251213_350.vsi,.vsi,0,"C488, C561, C640",22,,254.04096441433194,257.40096441433195,ome_plane_position_z,
Z:\Brejtr\ActiveProjects\Microscopy\20251213\6_3_PSYHARMIN_24hod_8_Multichannel Z-Stack_20251213_350.vsi,6_3_PSYHARMIN_24hod_8_Multichannel Z-Stack_20251213_350.vsi,.vsi,1,macro image,1,,,,unavailable,
Z:\Brejtr\ActiveProjects\Microscopy\20251213\6_3_PSYHARMIN_24hod_9_Multichannel Z-Stack_20251213_351.vsi,6_3_PSYHARMIN_24hod_9_Multichannel Z-Stack_20251213_351.vsi,.vsi,0,"C488, C561, C640",36,,254.30355856680708,259.9035585668071,ome_plane_position_z,
Z:\Brejtr\ActiveProjects\Microscopy\20251213\6_3_PSYHARMIN_24hod_9_Multichannel Z-Stack_20251213_351.vsi,6_3_PSYHARMIN_24hod_9_Multichannel Z-Stack_20251213_351.vsi,.vsi,1,macro image,1,,,,unavailable,
Z:\Brejtr\ActiveProjects\Microscopy\20251213\6_4_NORPSI_24hod_10_Multichannel Z-Stack_20251213_362.vsi,6_4_NORPSI_24hod_10_Multichannel Z-Stack_20251213_362.vsi,.vsi,0,"C488, C561, C640",29,,279.6254751876945,284.10547518769454,ome_plane_position_z,
Z:\Brejtr\ActiveProjects\Microscopy\20251213\6_4_NORPSI_24hod_10_Multichannel Z-Stack_20251213_362.vsi,6_4_NORPSI_24hod_10_Multichannel Z-Stack_20251213_362.vsi,.vsi,1,macro image,1,,,,unavailable,
Z:\Brejtr\ActiveProjects\Microscopy\20251213\6_4_NORPSI_24hod_1_Multichannel Z-Stack_20251213_353.vsi,6_4_NORPSI_24hod_1_Multichannel Z-Stack_20251213_353.vsi,.vsi,0,"C488, C561, C640",28,,261.38225233473725,265.70225233473724,ome_plane_position_z,
Z:\Brejtr\ActiveProjects\Microscopy\20251213\6_4_NORPSI_24hod_1_Multichannel Z-Stack_20251213_353.vsi,6_4_NORPSI_24hod_1_Multichannel Z-Stack_20251213_353.vsi,.vsi,1,macro image,1,,,,unavailable,
Z:\Brejtr\ActiveProjects\Microscopy\20251213\6_4_NORPSI_24hod_2_Multichannel Z-Stack_20251213_354.vsi,6_4_NORPSI_24hod_2_Multichannel Z-Stack_20251213_354.vsi,.vsi,0,"C488, C561, C640",35,,260.96419947506564,266.40419947506564,ome_plane_position_z,
Z:\Brejtr\ActiveProjects\Microscopy\20251213\6_4_NORPSI_24hod_2_Multichannel Z-Stack_20251213_354.vsi,6_4_NORPSI_24hod_2_Multichannel Z-Stack_20251213_354.vsi,.vsi,1,macro image,1,,,,unavailable,
Z:\Brejtr\ActiveProjects\Microscopy\20251213\6_4_NORPSI_24hod_3_Multichannel Z-Stack_20251213_355.vsi,6_4_NORPSI_24hod_3_Multichannel Z-Stack_20251213_355.vsi,.vsi,0,"C488, C561, C640",21,,265.4015992187023,268.6015992187023,ome_plane_position_z,
Z:\Brejtr\ActiveProjects\Microscopy\20251213\6_4_NORPSI_24hod_3_Multichannel Z-Stack_20251213_355.vsi,6_4_NORPSI_24hod_3_Multichannel Z-Stack_20251213_355.vsi,.vsi,1,macro image,1,,,,unavailable,
Z:\Brejtr\ActiveProjects\Microscopy\20251213\6_4_NORPSI_24hod_4_Multichannel Z-Stack_20251213_356.vsi,6_4_NORPSI_24hod_4_Multichannel Z-Stack_20251213_356.vsi,.vsi,0,"C488, C561, C640",20,,267.66744063968747,270.7074406396875,ome_plane_position_z,
Z:\Brejtr\ActiveProjects\Microscopy\20251213\6_4_NORPSI_24hod_4_Multichannel Z-Stack_20251213_356.vsi,6_4_NORPSI_24hod_4_Multichannel Z-Stack_20251213_356.vsi,.vsi,1,macro image,1,,,,unavailable,
Z:\Brejtr\ActiveProjects\Microscopy\20251213\6_4_NORPSI_24hod_5_Multichannel Z-Stack_20251213_357.vsi,6_4_NORPSI_24hod_5_Multichannel Z-Stack_20251213_357.vsi,.vsi,0,"C488, C561, C640",41,,266.90159311481415,273.3015931148141,ome_plane_position_z,
Z:\Brejtr\ActiveProjects\Microscopy\20251213\6_4_NORPSI_24hod_5_Multichannel Z-Stack_20251213_357.vsi,6_4_NORPSI_24hod_5_Multichannel Z-Stack_20251213_357.vsi,.vsi,1,macro image,1,,,,unavailable,
Z:\Brejtr\ActiveProjects\Microscopy\20251213\6_4_NORPSI_24hod_6_Multichannel Z-Stack_20251213_358.vsi,6_4_NORPSI_24hod_6_Multichannel Z-Stack_20251213_358.vsi,.vsi,0,"C488, C561, C640",20,,272.3674345357993,275.4074345357993,ome_plane_position_z,
Z:\Brejtr\ActiveProjects\Microscopy\20251213\6_4_NORPSI_24hod_6_Multichannel Z-Stack_20251213_358.vsi,6_4_NORPSI_24hod_6_Multichannel Z-Stack_20251213_358.vsi,.vsi,1,macro image,1,,,,unavailable,
Z:\Brejtr\ActiveProjects\Microscopy\20251213\6_4_NORPSI_24hod_7_Multichannel Z-Stack_20251213_359.vsi,6_4_NORPSI_24hod_7_Multichannel Z-Stack_20251213_359.vsi,.vsi,0,"C488, C561, C640",22,,273.5428871391076,276.90288713910763,ome_plane_position_z,
Z:\Brejtr\ActiveProjects\Microscopy\20251213\6_4_NORPSI_24hod_7_Multichannel Z-Stack_20251213_359.vsi,6_4_NORPSI_24hod_7_Multichannel Z-Stack_20251213_359.vsi,.vsi,1,macro image,1,,,,unavailable,
Z:\Brejtr\ActiveProjects\Microscopy\20251213\6_4_NORPSI_24hod_8_Multichannel Z-Stack_20251213_360.vsi,6_4_NORPSI_24hod_8_Multichannel Z-Stack_20251213_360.vsi,.vsi,0,"C488, C561, C640",27,,275.9474284319111,280.1074284319111,ome_plane_position_z,
Z:\Brejtr\ActiveProjects\Microscopy\20251213\6_4_NORPSI_24hod_8_Multichannel Z-Stack_20251213_360.vsi,6_4_NORPSI_24hod_8_Multichannel Z-Stack_20251213_360.vsi,.vsi,1,macro image,1,,,,unavailable,
Z:\Brejtr\ActiveProjects\Microscopy\20251213\6_4_NORPSI_24hod_9_Multichannel Z-Stack_20251213_361.vsi,6_4_NORPSI_24hod_9_Multichannel Z-Stack_20251213_361.vsi,.vsi,0,"C488, C561, C640",28,,277.2828810352194,281.6028810352194,ome_plane_position_z,
Z:\Brejtr\ActiveProjects\Microscopy\20251213\6_4_NORPSI_24hod_9_Multichannel Z-Stack_20251213_361.vsi,6_4_NORPSI_24hod_9_Multichannel Z-Stack_20251213_361.vsi,.vsi,1,macro image,1,,,,unavailable,
Z:\Brejtr\ActiveProjects\Microscopy\20251213\6_4_NORPSIHARMIN_24hod_10_Multichannel Z-Stack_20251213_373.vsi,6_4_NORPSIHARMIN_24hod_10_Multichannel Z-Stack_20251213_373.vsi,.vsi,0,"C488, C561, C640",27,,307.04673869254714,311.20673869254716,ome_plane_position_z,
Z:\Brejtr\ActiveProjects\Microscopy\20251213\6_4_NORPSIHARMIN_24hod_10_Multichannel Z-Stack_20251213_373.vsi,6_4_NORPSIHARMIN_24hod_10_Multichannel Z-Stack_20251213_373.vsi,.vsi,1,macro image,1,,,,unavailable,
Z:\Brejtr\ActiveProjects\Microscopy\20251213\6_4_NORPSIHARMIN_24hod_1_Multichannel Z-Stack_20251213_363.vsi,6_4_NORPSIHARMIN_24hod_1_Multichannel Z-Stack_20251213_363.vsi,.vsi,0,"C488, C561, C640",41,,280.2080693401697,286.60806934016966,ome_plane_position_z,
Z:\Brejtr\ActiveProjects\Microscopy\20251213\6_4_NORPSIHARMIN_24hod_1_Multichannel Z-Stack_20251213_363.vsi,6_4_NORPSIHARMIN_24hod_1_Multichannel Z-Stack_20251213_363.vsi,.vsi,1,macro image,1,,,,unavailable,
Z:\Brejtr\ActiveProjects\Microscopy\20251213\6_4_NORPSIHARMIN_24hod_1A_Multichannel Z-Stack_20251213_364.vsi,6_4_NORPSIHARMIN_24hod_1A_Multichannel Z-Stack_20251213_364.vsi,.vsi,0,"C488, C561, C640",27,,284.6454690838063,288.8054690838064,ome_plane_position_z,
Z:\Brejtr\ActiveProjects\Microscopy\20251213\6_4_NORPSIHARMIN_24hod_1A_Multichannel Z-Stack_20251213_364.vsi,6_4_NORPSIHARMIN_24hod_1A_Multichannel Z-Stack_20251213_364.vsi,.vsi,1,macro image,1,,,,unavailable,
Z:\Brejtr\ActiveProjects\Microscopy\20251213\6_4_NORPSIHARMIN_24hod_2_Multichannel Z-Stack_20251213_365.vsi,6_4_NORPSIHARMIN_24hod_2_Multichannel Z-Stack_20251213_365.vsi,.vsi,0,"C488, C561, C640",28,,286.9880632362815,291.3080632362815,ome_plane_position_z,
Z:\Brejtr\ActiveProjects\Microscopy\20251213\6_4_NORPSIHARMIN_24hod_2_Multichannel Z-Stack_20251213_365.vsi,6_4_NORPSIHARMIN_24hod_2_Multichannel Z-Stack_20251213_365.vsi,.vsi,1,macro image,1,,,,unavailable,
Z:\Brejtr\ActiveProjects\Microscopy\20251213\6_4_NORPSIHARMIN_24hod_3_Multichannel Z-Stack_20251213_366.vsi,6_4_NORPSIHARMIN_24hod_3_Multichannel Z-Stack_20251213_366.vsi,.vsi,0,"C488, C561, C640",27,,289.3454629799182,293.50546297991826,ome_plane_position_z,
Z:\Brejtr\ActiveProjects\Microscopy\20251213\6_4_NORPSIHARMIN_24hod_3_Multichannel Z-Stack_20251213_366.vsi,6_4_NORPSIHARMIN_24hod_3_Multichannel Z-Stack_20251213_366.vsi,.vsi,1,macro image,1,,,,unavailable,
Z:\Brejtr\ActiveProjects\Microscopy\20251213\6_4_NORPSIHARMIN_24hod_4_Multichannel Z-Stack_20251213_367.vsi,6_4_NORPSIHARMIN_24hod_4_Multichannel Z-Stack_20251213_367.vsi,.vsi,0,"C488, C561, C640",29,,291.52805713239326,296.00805713239333,ome_plane_position_z,
Z:\Brejtr\ActiveProjects\Microscopy\20251213\6_4_NORPSIHARMIN_24hod_4_Multichannel Z-Stack_20251213_367.vsi,6_4_NORPSIHARMIN_24hod_4_Multichannel Z-Stack_20251213_367.vsi,.vsi,1,macro image,1,,,,unavailable,
Z:\Brejtr\ActiveProjects\Microscopy\20251213\6_4_NORPSIHARMIN_24hod_5_Multichannel Z-Stack_20251213_368.vsi,6_4_NORPSIHARMIN_24hod_5_Multichannel Z-Stack_20251213_368.vsi,.vsi,0,"C488, C561, C640",34,,294.0241567478484,299.30415674784837,ome_plane_position_z,
Z:\Brejtr\ActiveProjects\Microscopy\20251213\6_4_NORPSIHARMIN_24hod_5_Multichannel Z-Stack_20251213_368.vsi,6_4_NORPSIHARMIN_24hod_5_Multichannel Z-Stack_20251213_368.vsi,.vsi,1,macro image,1,,,,unavailable,
Z:\Brejtr\ActiveProjects\Microscopy\20251213\6_4_NORPSIHARMIN_24hod_6_Multichannel Z-Stack_20251213_369.vsi,6_4_NORPSIHARMIN_24hod_6_Multichannel Z-Stack_20251213_369.vsi,.vsi,0,"C488, C561, C640",28,,298.2802563633034,302.6002563633034,ome_plane_position_z,
Z:\Brejtr\ActiveProjects\Microscopy\20251213\6_4_NORPSIHARMIN_24hod_6_Multichannel Z-Stack_20251213_369.vsi,6_4_NORPSIHARMIN_24hod_6_Multichannel Z-Stack_20251213_369.vsi,.vsi,1,macro image,1,,,,unavailable,
Z:\Brejtr\ActiveProjects\Microscopy\20251213\6_4_NORPSIHARMIN_24hod_7_Multichannel Z-Stack_20251213_370.vsi,6_4_NORPSIHARMIN_24hod_7_Multichannel Z-Stack_20251213_370.vsi,.vsi,0,"C488, C561, C640",36,,299.5028505157785,305.1028505157785,ome_plane_position_z,
Z:\Brejtr\ActiveProjects\Microscopy\20251213\6_4_NORPSIHARMIN_24hod_7_Multichannel Z-Stack_20251213_370.vsi,6_4_NORPSIHARMIN_24hod_7_Multichannel Z-Stack_20251213_370.vsi,.vsi,1,macro image,1,,,,unavailable,
Z:\Brejtr\ActiveProjects\Microscopy\20251213\6_4_NORPSIHARMIN_24hod_8_Multichannel Z-Stack_20251213_371.vsi,6_4_NORPSIHARMIN_24hod_8_Multichannel Z-Stack_20251213_371.vsi,.vsi,0,"C488, C561, C640",22,,303.14674479643526,306.5067447964353,ome_plane_position_z,
Z:\Brejtr\ActiveProjects\Microscopy\20251213\6_4_NORPSIHARMIN_24hod_8_Multichannel Z-Stack_20251213_371.vsi,6_4_NORPSIHARMIN_24hod_8_Multichannel Z-Stack_20251213_371.vsi,.vsi,1,macro image,1,,,,unavailable,
Z:\Brejtr\ActiveProjects\Microscopy\20251213\6_4_NORPSIHARMIN_24hod_9_Multichannel Z-Stack_20251213_372.vsi,6_4_NORPSIHARMIN_24hod_9_Multichannel Z-Stack_20251213_372.vsi,.vsi,0,"C488, C561, C640",29,,304.5293389489104,309.00933894891045,ome_plane_position_z,
Z:\Brejtr\ActiveProjects\Microscopy\20251213\6_4_NORPSIHARMIN_24hod_9_Multichannel Z-Stack_20251213_372.vsi,6_4_NORPSIHARMIN_24hod_9_Multichannel Z-Stack_20251213_372.vsi,.vsi,1,macro image,1,,,,unavailable,
Z:\Brejtr\ActiveProjects\Microscopy\20251213\6_5_BAEO_24hod_10_Multichannel Z-Stack_20251213_383.vsi,6_5_BAEO_24hod_10_Multichannel Z-Stack_20251213_383.vsi,.vsi,0,"C488, C561, C640",22,,327.34866141732283,330.70866141732284,ome_plane_position_z,
Z:\Brejtr\ActiveProjects\Microscopy\20251213\6_5_BAEO_24hod_10_Multichannel Z-Stack_20251213_383.vsi,6_5_BAEO_24hod_10_Multichannel Z-Stack_20251213_383.vsi,.vsi,1,macro image,1,,,,unavailable,
Z:\Brejtr\ActiveProjects\Microscopy\20251213\6_5_BAEO_24hod_1_Multichannel Z-Stack_20251213_374.vsi,6_5_BAEO_24hod_1_Multichannel Z-Stack_20251213_374.vsi,.vsi,0,"C488, C561, C640",35,,308.3608911676738,313.8008911676738,ome_plane_position_z,
Z:\Brejtr\ActiveProjects\Microscopy\20251213\6_5_BAEO_24hod_1_Multichannel Z-Stack_20251213_374.vsi,6_5_BAEO_24hod_1_Multichannel Z-Stack_20251213_374.vsi,.vsi,1,macro image,1,,,,unavailable,
Z:\Brejtr\ActiveProjects\Microscopy\20251213\6_5_BAEO_24hod_2_Multichannel Z-Stack_20251213_375.vsi,6_5_BAEO_24hod_2_Multichannel Z-Stack_20251213_375.vsi,.vsi,0,"C488, C561, C640",27,,311.746732588659,315.906732588659,ome_plane_position_z,
Z:\Brejtr\ActiveProjects\Microscopy\20251213\6_5_BAEO_24hod_2_Multichannel Z-Stack_20251213_375.vsi,6_5_BAEO_24hod_2_Multichannel Z-Stack_20251213_375.vsi,.vsi,1,macro image,1,,,,unavailable,
Z:\Brejtr\ActiveProjects\Microscopy\20251213\6_5_BAEO_24hod_3_Multichannel Z-Stack_20251213_376.vsi,6_5_BAEO_24hod_3_Multichannel Z-Stack_20251213_376.vsi,.vsi,0,"C488, C561, C640",28,,313.0821851919673,317.4021851919673,ome_plane_position_z,
Z:\Brejtr\ActiveProjects\Microscopy\20251213\6_5_BAEO_24hod_3_Multichannel Z-Stack_20251213_376.vsi,6_5_BAEO_24hod_3_Multichannel Z-Stack_20251213_376.vsi,.vsi,1,macro image,1,,,,unavailable,
Z:\Brejtr\ActiveProjects\Microscopy\20251213\6_5_BAEO_24hod_4_Multichannel Z-Stack_20251213_377.vsi,6_5_BAEO_24hod_4_Multichannel Z-Stack_20251213_377.vsi,.vsi,0,"C488, C561, C640",29,,315.4247793444424,319.90477934444243,ome_plane_position_z,
Z:\Brejtr\ActiveProjects\Microscopy\20251213\6_5_BAEO_24hod_4_Multichannel Z-Stack_20251213_377.vsi,6_5_BAEO_24hod_4_Multichannel Z-Stack_20251213_377.vsi,.vsi,1,macro image,1,,,,unavailable,
Z:\Brejtr\ActiveProjects\Microscopy\20251213\6_5_BAEO_24hod_5_Multichannel Z-Stack_20251213_378.vsi,6_5_BAEO_24hod_5_Multichannel Z-Stack_20251213_378.vsi,.vsi,0,"C488, C561, C640",29,,317.92737349691754,322.40737349691756,ome_plane_position_z,
Z:\Brejtr\ActiveProjects\Microscopy\20251213\6_5_BAEO_24hod_5_Multichannel Z-Stack_20251213_378.vsi,6_5_BAEO_24hod_5_Multichannel Z-Stack_20251213_378.vsi,.vsi,1,macro image,1,,,,unavailable,
Z:\Brejtr\ActiveProjects\Microscopy\20251213\6_5_BAEO_24hod_6_Multichannel Z-Stack_20251213_379.vsi,6_5_BAEO_24hod_6_Multichannel Z-Stack_20251213_379.vsi,.vsi,0,"C488, C561, C640",34,,318.62282610022595,323.90282610022587,ome_plane_position_z,
Z:\Brejtr\ActiveProjects\Microscopy\20251213\6_5_BAEO_24hod_6_Multichannel Z-Stack_20251213_379.vsi,6_5_BAEO_24hod_6_Multichannel Z-Stack_20251213_379.vsi,.vsi,1,macro image,1,,,,unavailable,
Z:\Brejtr\ActiveProjects\Microscopy\20251213\6_5_BAEO_24hod_7_Multichannel Z-Stack_20251213_380.vsi,6_5_BAEO_24hod_7_Multichannel Z-Stack_20251213_380.vsi,.vsi,0,"C488, C561, C640",22,,321.9467203808826,325.3067203808826,ome_plane_position_z,
Z:\Brejtr\ActiveProjects\Microscopy\20251213\6_5_BAEO_24hod_7_Multichannel Z-Stack_20251213_380.vsi,6_5_BAEO_24hod_7_Multichannel Z-Stack_20251213_380.vsi,.vsi,1,macro image,1,,,,unavailable,
Z:\Brejtr\ActiveProjects\Microscopy\20251213\6_5_BAEO_24hod_8_Multichannel Z-Stack_20251213_381.vsi,6_5_BAEO_24hod_8_Multichannel Z-Stack_20251213_381.vsi,.vsi,0,"C488, C561, C640",29,,323.3293145333577,327.80931453335774,ome_plane_position_z,
Z:\Brejtr\ActiveProjects\Microscopy\20251213\6_5_BAEO_24hod_8_Multichannel Z-Stack_20251213_381.vsi,6_5_BAEO_24hod_8_Multichannel Z-Stack_20251213_381.vsi,.vsi,1,macro image,1,,,,unavailable,
Z:\Brejtr\ActiveProjects\Microscopy\20251213\6_5_BAEO_24hod_9_Multichannel Z-Stack_20251213_382.vsi,6_5_BAEO_24hod_9_Multichannel Z-Stack_20251213_382.vsi,.vsi,0,"C488, C561, C640",34,,324.02476713666607,329.30476713666604,ome_plane_position_z,
Z:\Brejtr\ActiveProjects\Microscopy\20251213\6_5_BAEO_24hod_9_Multichannel Z-Stack_20251213_382.vsi,6_5_BAEO_24hod_9_Multichannel Z-Stack_20251213_382.vsi,.vsi,1,macro image,1,,,,unavailable,
Z:\Brejtr\ActiveProjects\Microscopy\20251213\6_5_BAEOHARMIN_24hod_10_Multichannel Z-Stack_20251213_393.vsi,6_5_BAEOHARMIN_24hod_10_Multichannel Z-Stack_20251213_393.vsi,.vsi,0,"C488, C561, C640",34,,346.1208423365685,351.4008423365684,ome_plane_position_z,
Z:\Brejtr\ActiveProjects\Microscopy\20251213\6_5_BAEOHARMIN_24hod_10_Multichannel Z-Stack_20251213_393.vsi,6_5_BAEOHARMIN_24hod_10_Multichannel Z-Stack_20251213_393.vsi,.vsi,1,macro image,1,,,,unavailable,
Z:\Brejtr\ActiveProjects\Microscopy\20251213\6_5_BAEOHARMIN_24hod_1_Multichannel Z-Stack_20251213_384.vsi,6_5_BAEOHARMIN_24hod_1_Multichannel Z-Stack_20251213_384.vsi,.vsi,0,"C488, C561, C640",34,,328.7247610327779,334.0047610327779,ome_plane_position_z,
Z:\Brejtr\ActiveProjects\Microscopy\20251213\6_5_BAEOHARMIN_24hod_1_Multichannel Z-Stack_20251213_384.vsi,6_5_BAEOHARMIN_24hod_1_Multichannel Z-Stack_20251213_384.vsi,.vsi,1,macro image,1,,,,unavailable,
Z:\Brejtr\ActiveProjects\Microscopy\20251213\6_5_BAEOHARMIN_24hod_2_Multichannel Z-Stack_20251213_385.vsi,6_5_BAEOHARMIN_24hod_2_Multichannel Z-Stack_20251213_385.vsi,.vsi,0,"C488, C561, C640",22,,332.04865531343467,335.4086553134347,ome_plane_position_z,
Z:\Brejtr\ActiveProjects\Microscopy\20251213\6_5_BAEOHARMIN_24hod_2_Multichannel Z-Stack_20251213_385.vsi,6_5_BAEOHARMIN_24hod_2_Multichannel Z-Stack_20251213_385.vsi,.vsi,1,macro image,1,,,,unavailable,
Z:\Brejtr\ActiveProjects\Microscopy\20251213\6_5_BAEOHARMIN_24hod_3_Multichannel Z-Stack_20251213_386.vsi,6_5_BAEOHARMIN_24hod_3_Multichannel Z-Stack_20251213_386.vsi,.vsi,0,"C488, C561, C640",34,,333.4247549288898,338.7047549288897,ome_plane_position_z,
Z:\Brejtr\ActiveProjects\Microscopy\20251213\6_5_BAEOHARMIN_24hod_3_Multichannel Z-Stack_20251213_386.vsi,6_5_BAEOHARMIN_24hod_3_Multichannel Z-Stack_20251213_386.vsi,.vsi,1,macro image,1,,,,unavailable,
Z:\Brejtr\ActiveProjects\Microscopy\20251213\6_5_BAEOHARMIN_24hod_4_Multichannel Z-Stack_20251213_387.vsi,6_5_BAEOHARMIN_24hod_4_Multichannel Z-Stack_20251213_387.vsi,.vsi,0,"C488, C561, C640",28,,335.8802075321981,340.200207532198,ome_plane_position_z,
Z:\Brejtr\ActiveProjects\Microscopy\20251213\6_5_BAEOHARMIN_24hod_4_Multichannel Z-Stack_20251213_387.vsi,6_5_BAEOHARMIN_24hod_4_Multichannel Z-Stack_20251213_387.vsi,.vsi,1,macro image,1,,,,unavailable,
Z:\Brejtr\ActiveProjects\Microscopy\20251213\6_5_BAEOHARMIN_24hod_5_Multichannel Z-Stack_20251213_388.vsi,6_5_BAEOHARMIN_24hod_5_Multichannel Z-Stack_20251213_388.vsi,.vsi,0,"C488, C561, C640",29,,337.12410181285475,341.60410181285476,ome_plane_position_z,
Z:\Brejtr\ActiveProjects\Microscopy\20251213\6_5_BAEOHARMIN_24hod_5_Multichannel Z-Stack_20251213_388.vsi,6_5_BAEOHARMIN_24hod_5_Multichannel Z-Stack_20251213_388.vsi,.vsi,1,macro image,1,,,,unavailable,
Z:\Brejtr\ActiveProjects\Microscopy\20251213\6_5_BAEOHARMIN_24hod_6_Multichannel Z-Stack_20251213_389.vsi,6_5_BAEOHARMIN_24hod_6_Multichannel Z-Stack_20251213_389.vsi,.vsi,0,"C488, C561, C640",28,,338.6879960935116,343.00799609351157,ome_plane_position_z,
Z:\Brejtr\ActiveProjects\Microscopy\20251213\6_5_BAEOHARMIN_24hod_6_Multichannel Z-Stack_20251213_389.vsi,6_5_BAEOHARMIN_24hod_6_Multichannel Z-Stack_20251213_389.vsi,.vsi,1,macro image,1,,,,unavailable,
Z:\Brejtr\ActiveProjects\Microscopy\20251213\6_5_BAEOHARMIN_24hod_7_Multichannel Z-Stack_20251213_390.vsi,6_5_BAEOHARMIN_24hod_7_Multichannel Z-Stack_20251213_390.vsi,.vsi,0,"C488, C561, C640",34,,341.0240957089666,346.3040957089666,ome_plane_position_z,
Z:\Brejtr\ActiveProjects\Microscopy\20251213\6_5_BAEOHARMIN_24hod_7_Multichannel Z-Stack_20251213_390.vsi,6_5_BAEOHARMIN_24hod_7_Multichannel Z-Stack_20251213_390.vsi,.vsi,1,macro image,1,,,,unavailable,
Z:\Brejtr\ActiveProjects\Microscopy\20251213\6_5_BAEOHARMIN_24hod_8_Multichannel Z-Stack_20251213_391.vsi,6_5_BAEOHARMIN_24hod_8_Multichannel Z-Stack_20251213_391.vsi,.vsi,0,"C488, C561, C640",22,,344.3479899896234,347.70798998962346,ome_plane_position_z,
Z:\Brejtr\ActiveProjects\Microscopy\20251213\6_5_BAEOHARMIN_24hod_8_Multichannel Z-Stack_20251213_391.vsi,6_5_BAEOHARMIN_24hod_8_Multichannel Z-Stack_20251213_391.vsi,.vsi,1,macro image,1,,,,unavailable,
Z:\Brejtr\ActiveProjects\Microscopy\20251213\6_5_BAEOHARMIN_24hod_9_Multichannel Z-Stack_20251213_392.vsi,6_5_BAEOHARMIN_24hod_9_Multichannel Z-Stack_20251213_392.vsi,.vsi,0,"C488, C561, C640",27,,345.7453897332601,349.9053897332601,ome_plane_position_z,
Z:\Brejtr\ActiveProjects\Microscopy\20251213\6_5_BAEOHARMIN_24hod_9_Multichannel Z-Stack_20251213_392.vsi,6_5_BAEOHARMIN_24hod_9_Multichannel Z-Stack_20251213_392.vsi,.vsi,1,macro image,1,,,,unavailable,
Z:\Brejtr\ActiveProjects\Microscopy\20251213\6_6_AERUG_24hod_10_Multichannel Z-Stack_20251213_413.vsi,6_6_AERUG_24hod_10_Multichannel Z-Stack_20251213_413.vsi,.vsi,0,"C488, C561, C640",26,,384.6650796557407,388.6650796557407,ome_plane_position_z,
Z:\Brejtr\ActiveProjects\Microscopy\20251213\6_6_AERUG_24hod_10_Multichannel Z-Stack_20251213_413.vsi,6_6_AERUG_24hod_10_Multichannel Z-Stack_20251213_413.vsi,.vsi,1,macro image,1,,,,unavailable,
Z:\Brejtr\ActiveProjects\Microscopy\20251213\6_6_AERUG_24hod_1_Multichannel Z-Stack_20251213_404.vsi,6_6_AERUG_24hod_1_Multichannel Z-Stack_20251213_404.vsi,.vsi,0,"C488, C561, C640",26,,368.5508148690716,372.5508148690716,ome_plane_position_z,
Z:\Brejtr\ActiveProjects\Microscopy\20251213\6_6_AERUG_24hod_1_Multichannel Z-Stack_20251213_404.vsi,6_6_AERUG_24hod_1_Multichannel Z-Stack_20251213_404.vsi,.vsi,1,macro image,1,,,,unavailable,
Z:\Brejtr\ActiveProjects\Microscopy\20251213\6_6_AERUG_24hod_2_Multichannel Z-Stack_20251213_405.vsi,6_6_AERUG_24hod_2_Multichannel Z-Stack_20251213_405.vsi,.vsi,0,"C488, C561, C640",27,,370.4050979674052,374.5650979674052,ome_plane_position_z,
Z:\Brejtr\ActiveProjects\Microscopy\20251213\6_6_AERUG_24hod_2_Multichannel Z-Stack_20251213_405.vsi,6_6_AERUG_24hod_2_Multichannel Z-Stack_20251213_405.vsi,.vsi,1,macro image,1,,,,unavailable,
Z:\Brejtr\ActiveProjects\Microscopy\20251213\6_6_AERUG_24hod_3_Multichannel Z-Stack_20251213_406.vsi,6_6_AERUG_24hod_3_Multichannel Z-Stack_20251213_406.vsi,.vsi,0,"C488, C561, C640",27,,372.41938106573883,376.57938106573886,ome_plane_position_z,
Z:\Brejtr\ActiveProjects\Microscopy\20251213\6_6_AERUG_24hod_3_Multichannel Z-Stack_20251213_406.vsi,6_6_AERUG_24hod_3_Multichannel Z-Stack_20251213_406.vsi,.vsi,1,macro image,1,,,,unavailable,
Z:\Brejtr\ActiveProjects\Microscopy\20251213\6_6_AERUG_24hod_4_Multichannel Z-Stack_20251213_407.vsi,6_6_AERUG_24hod_4_Multichannel Z-Stack_20251213_407.vsi,.vsi,0,"C488, C561, C640",45,,371.5536641640725,378.5936641640725,ome_plane_position_z,
Z:\Brejtr\ActiveProjects\Microscopy\20251213\6_6_AERUG_24hod_4_Multichannel Z-Stack_20251213_407.vsi,6_6_AERUG_24hod_4_Multichannel Z-Stack_20251213_407.vsi,.vsi,1,macro image,1,,,,unavailable,
Z:\Brejtr\ActiveProjects\Microscopy\20251213\6_6_AERUG_24hod_5_Multichannel Z-Stack_20251213_408.vsi,6_6_AERUG_24hod_5_Multichannel Z-Stack_20251213_408.vsi,.vsi,0,"C488, C561, C640",26,,375.6008057132393,379.6008057132393,ome_plane_position_z,
Z:\Brejtr\ActiveProjects\Microscopy\20251213\6_6_AERUG_24hod_5_Multichannel Z-Stack_20251213_408.vsi,6_6_AERUG_24hod_5_Multichannel Z-Stack_20251213_408.vsi,.vsi,1,macro image,1,,,,unavailable,
Z:\Brejtr\ActiveProjects\Microscopy\20251213\6_6_AERUG_24hod_6_Multichannel Z-Stack_20251213_409.vsi,6_6_AERUG_24hod_6_Multichannel Z-Stack_20251213_409.vsi,.vsi,0,"C488, C561, C640",27,,377.4550888115729,381.61508881157295,ome_plane_position_z,
Z:\Brejtr\ActiveProjects\Microscopy\20251213\6_6_AERUG_24hod_6_Multichannel Z-Stack_20251213_409.vsi,6_6_AERUG_24hod_6_Multichannel Z-Stack_20251213_409.vsi,.vsi,1,macro image,1,,,,unavailable,
Z:\Brejtr\ActiveProjects\Microscopy\20251213\6_6_AERUG_24hod_7_Multichannel Z-Stack_20251213_410.vsi,6_6_AERUG_24hod_7_Multichannel Z-Stack_20251213_410.vsi,.vsi,0,"C488, C561, C640",27,,379.46937190990656,383.6293719099066,ome_plane_position_z,
Z:\Brejtr\ActiveProjects\Microscopy\20251213\6_6_AERUG_24hod_7_Multichannel Z-Stack_20251213_410.vsi,6_6_AERUG_24hod_7_Multichannel Z-Stack_20251213_410.vsi,.vsi,1,macro image,1,,,,unavailable,
Z:\Brejtr\ActiveProjects\Microscopy\20251213\6_6_AERUG_24hod_8_Multichannel Z-Stack_20251213_411.vsi,6_6_AERUG_24hod_8_Multichannel Z-Stack_20251213_411.vsi,.vsi,0,"C488, C561, C640",39,,379.5636550082403,385.6436550082402,ome_plane_position_z,
Z:\Brejtr\ActiveProjects\Microscopy\20251213\6_6_AERUG_24hod_8_Multichannel Z-Stack_20251213_411.vsi,6_6_AERUG_24hod_8_Multichannel Z-Stack_20251213_411.vsi,.vsi,1,macro image,1,,,,unavailable,
Z:\Brejtr\ActiveProjects\Microscopy\20251213\6_6_AERUG_24hod_9_Multichannel Z-Stack_20251213_412.vsi,6_6_AERUG_24hod_9_Multichannel Z-Stack_20251213_412.vsi,.vsi,0,"C488, C561, C640",33,,382.5379381065739,387.6579381065739,ome_plane_position_z,
Z:\Brejtr\ActiveProjects\Microscopy\20251213\6_6_AERUG_24hod_9_Multichannel Z-Stack_20251213_412.vsi,6_6_AERUG_24hod_9_Multichannel Z-Stack_20251213_412.vsi,.vsi,1,macro image,1,,,,unavailable,
Z:\Brejtr\ActiveProjects\Microscopy\20251213\6_6_NORBAEO_24hod_10_Multichannel Z-Stack_20251213_403.vsi,6_6_NORBAEO_24hod_10_Multichannel Z-Stack_20251213_403.vsi,.vsi,0,"C488, C561, C640",27,,365.36939022157105,369.52939022157113,ome_plane_position_z,
Z:\Brejtr\ActiveProjects\Microscopy\20251213\6_6_NORBAEO_24hod_10_Multichannel Z-Stack_20251213_403.vsi,6_6_NORBAEO_24hod_10_Multichannel Z-Stack_20251213_403.vsi,.vsi,1,macro image,1,,,,unavailable,
Z:\Brejtr\ActiveProjects\Microscopy\20251213\6_6_NORBAEO_24hod_1_Multichannel Z-Stack_20251213_394.vsi,6_6_NORBAEO_24hod_1_Multichannel Z-Stack_20251213_394.vsi,.vsi,0,"C488, C561, C640",20,,350.4666837575535,353.50668375755356,ome_plane_position_z,
Z:\Brejtr\ActiveProjects\Microscopy\20251213\6_6_NORBAEO_24hod_1_Multichannel Z-Stack_20251213_394.vsi,6_6_NORBAEO_24hod_1_Multichannel Z-Stack_20251213_394.vsi,.vsi,1,macro image,1,,,,unavailable,
Z:\Brejtr\ActiveProjects\Microscopy\20251213\6_6_NORBAEO_24hod_2_Multichannel Z-Stack_20251213_395.vsi,6_6_NORBAEO_24hod_2_Multichannel Z-Stack_20251213_395.vsi,.vsi,0,"C488, C561, C640",22,,351.6421363608618,355.00213636086187,ome_plane_position_z,
Z:\Brejtr\ActiveProjects\Microscopy\20251213\6_6_NORBAEO_24hod_2_Multichannel Z-Stack_20251213_395.vsi,6_6_NORBAEO_24hod_2_Multichannel Z-Stack_20251213_395.vsi,.vsi,1,macro image,1,,,,unavailable,
Z:\Brejtr\ActiveProjects\Microscopy\20251213\6_6_NORBAEO_24hod_3_Multichannel Z-Stack_20251213_396.vsi,6_6_NORBAEO_24hod_3_Multichannel Z-Stack_20251213_396.vsi,.vsi,0,"C488, C561, C640",28,,352.0860306415187,356.40603064151867,ome_plane_position_z,
Z:\Brejtr\ActiveProjects\Microscopy\20251213\6_6_NORBAEO_24hod_3_Multichannel Z-Stack_20251213_396.vsi,6_6_NORBAEO_24hod_3_Multichannel Z-Stack_20251213_396.vsi,.vsi,1,macro image,1,,,,unavailable,
Z:\Brejtr\ActiveProjects\Microscopy\20251213\6_6_NORBAEO_24hod_4_Multichannel Z-Stack_20251213_397.vsi,6_6_NORBAEO_24hod_4_Multichannel Z-Stack_20251213_397.vsi,.vsi,0,"C488, C561, C640",23,,354.38148324482705,357.901483244827,ome_plane_position_z,
Z:\Brejtr\ActiveProjects\Microscopy\20251213\6_6_NORBAEO_24hod_4_Multichannel Z-Stack_20251213_397.vsi,6_6_NORBAEO_24hod_4_Multichannel Z-Stack_20251213_397.vsi,.vsi,1,macro image,1,,,,unavailable,
Z:\Brejtr\ActiveProjects\Microscopy\20251213\6_6_NORBAEO_24hod_5_Multichannel Z-Stack_20251213_398.vsi,6_6_NORBAEO_24hod_5_Multichannel Z-Stack_20251213_398.vsi,.vsi,0,"C488, C561, C640",35,,354.9640773973021,360.4040773973021,ome_plane_position_z,
Z:\Brejtr\ActiveProjects\Microscopy\20251213\6_6_NORBAEO_24hod_5_Multichannel Z-Stack_20251213_398.vsi,6_6_NORBAEO_24hod_5_Multichannel Z-Stack_20251213_398.vsi,.vsi,1,macro image,1,,,,unavailable,
Z:\Brejtr\ActiveProjects\Microscopy\20251213\6_6_NORBAEO_24hod_6_Multichannel Z-Stack_20251213_399.vsi,6_6_NORBAEO_24hod_6_Multichannel Z-Stack_20251213_399.vsi,.vsi,0,"C488, C561, C640",33,,358.30550204480255,363.42550204480256,ome_plane_position_z,
Z:\Brejtr\ActiveProjects\Microscopy\20251213\6_6_NORBAEO_24hod_6_Multichannel Z-Stack_20251213_399.vsi,6_6_NORBAEO_24hod_6_Multichannel Z-Stack_20251213_399.vsi,.vsi,1,macro image,1,,,,unavailable,
Z:\Brejtr\ActiveProjects\Microscopy\20251213\6_6_NORBAEO_24hod_7_Multichannel Z-Stack_20251213_400.vsi,6_6_NORBAEO_24hod_7_Multichannel Z-Stack_20251213_400.vsi,.vsi,0,"C488, C561, C640",27,,361.27978514313617,365.4397851431362,ome_plane_position_z,
Z:\Brejtr\ActiveProjects\Microscopy\20251213\6_6_NORBAEO_24hod_7_Multichannel Z-Stack_20251213_400.vsi,6_6_NORBAEO_24hod_7_Multichannel Z-Stack_20251213_400.vsi,.vsi,1,macro image,1,,,,unavailable,
Z:\Brejtr\ActiveProjects\Microscopy\20251213\6_6_NORBAEO_24hod_8_Multichannel Z-Stack_20251213_401.vsi,6_6_NORBAEO_24hod_8_Multichannel Z-Stack_20251213_401.vsi,.vsi,0,"C488, C561, C640",27,,362.3479655740706,366.5079655740707,ome_plane_position_z,
Z:\Brejtr\ActiveProjects\Microscopy\20251213\6_6_NORBAEO_24hod_8_Multichannel Z-Stack_20251213_401.vsi,6_6_NORBAEO_24hod_8_Multichannel Z-Stack_20251213_401.vsi,.vsi,1,macro image,1,,,,unavailable,
Z:\Brejtr\ActiveProjects\Microscopy\20251213\6_6_NORBAEO_24hod_9_Multichannel Z-Stack_20251213_402.vsi,6_6_NORBAEO_24hod_9_Multichannel Z-Stack_20251213_402.vsi,.vsi,0,"C488, C561, C640",32,,362.5551071232375,367.5151071232375,ome_plane_position_z,
Z:\Brejtr\ActiveProjects\Microscopy\20251213\6_6_NORBAEO_24hod_9_Multichannel Z-Stack_20251213_402.vsi,6_6_NORBAEO_24hod_9_Multichannel Z-Stack_20251213_402.vsi,.vsi,1,macro image,1,,,,unavailable,
Z:\Brejtr\ActiveProjects\Microscopy\20251213\6_ORGANOID_KONTROLA_0HOD_1_Multichannel Z-Stack_20251213_496.vsi,6_ORGANOID_KONTROLA_0HOD_1_Multichannel Z-Stack_20251213_496.vsi,.vsi,0,"C488, C561, C640",108,,462.1878190807544,479.3078190807544,ome_plane_position_z,
Z:\Brejtr\ActiveProjects\Microscopy\20251213\6_ORGANOID_KONTROLA_0HOD_1_Multichannel Z-Stack_20251213_496.vsi,6_ORGANOID_KONTROLA_0HOD_1_Multichannel Z-Stack_20251213_496.vsi,.vsi,1,macro image,1,,,,unavailable,
Z:\Brejtr\ActiveProjects\Microscopy\20251213\6_ORGANOID_KONTROLA_0HOD_1_Multichannel Z-Stack_20251213_497.vsi,6_ORGANOID_KONTROLA_0HOD_1_Multichannel Z-Stack_20251213_497.vsi,.vsi,0,"C488, C561, C640",61,,475.50651284868457,485.1065128486846,ome_plane_position_z,
Z:\Brejtr\ActiveProjects\Microscopy\20251213\6_ORGANOID_KONTROLA_0HOD_1_Multichannel Z-Stack_20251213_497.vsi,6_ORGANOID_KONTROLA_0HOD_1_Multichannel Z-Stack_20251213_497.vsi,.vsi,1,macro image,1,,,,unavailable,
Z:\Brejtr\ActiveProjects\Microscopy\20251213\_5_KONTROLA_A_72HOD_10_Multichannel Z-Stack_20251213_495_\stack1\frame_t_0.ets,frame_t_0.ets,.ets,0,"C488, C561, C640",47,,462.5478312885308,469.9078312885309,ome_plane_position_z,
Z:\Brejtr\ActiveProjects\Microscopy\20251213\_5_KONTROLA_A_72HOD_10_Multichannel Z-Stack_20251213_495_\stack1\frame_t_0.ets,frame_t_0.ets,.ets,1,macro image,1,,,,unavailable,
Z:\Brejtr\ActiveProjects\Microscopy\20251213\_5_KONTROLA_A_72HOD_1_Multichannel Z-Stack_20251213_486_\stack1\frame_t_0.ets,frame_t_0.ets,.ets,0,"C488, C561, C640",48,,448.28784960019533,455.8078496001953,ome_plane_position_z,
Z:\Brejtr\ActiveProjects\Microscopy\20251213\_5_KONTROLA_A_72HOD_1_Multichannel Z-Stack_20251213_486_\stack1\frame_t_0.ets,frame_t_0.ets,.ets,1,macro image,1,,,,unavailable,
Z:\Brejtr\ActiveProjects\Microscopy\20251213\_5_KONTROLA_A_72HOD_2_Multichannel Z-Stack_20251213_487_\stack1\frame_t_0.ets,frame_t_0.ets,.ets,0,"C488, C561, C640",23,,452.8677189769884,456.3877189769883,ome_plane_position_z,
Z:\Brejtr\ActiveProjects\Microscopy\20251213\_5_KONTROLA_A_72HOD_2_Multichannel Z-Stack_20251213_487_\stack1\frame_t_0.ets,frame_t_0.ets,.ets,1,macro image,1,,,,unavailable,
Z:\Brejtr\ActiveProjects\Microscopy\20251213\_5_KONTROLA_A_72HOD_3_Multichannel Z-Stack_20251213_488_\stack1\frame_t_0.ets,frame_t_0.ets,.ets,0,"C488, C561, C640",34,,451.6265494720138,456.90654947201375,ome_plane_position_z,
Z:\Brejtr\ActiveProjects\Microscopy\20251213\_5_KONTROLA_A_72HOD_3_Multichannel Z-Stack_20251213_488_\stack1\frame_t_0.ets,frame_t_0.ets,.ets,1,macro image,1,,,,unavailable,
Z:\Brejtr\ActiveProjects\Microscopy\20251213\_5_KONTROLA_A_72HOD_4_Multichannel Z-Stack_20251213_489_\stack1\frame_t_0.ets,frame_t_0.ets,.ets,0,"C488, C561, C640",42,,451.1400549349936,457.7000549349936,ome_plane_position_z,
Z:\Brejtr\ActiveProjects\Microscopy\20251213\_5_KONTROLA_A_72HOD_4_Multichannel Z-Stack_20251213_489_\stack1\frame_t_0.ets,frame_t_0.ets,.ets,1,macro image,1,,,,unavailable,
Z:\Brejtr\ActiveProjects\Microscopy\20251213\_5_KONTROLA_A_72HOD_5_Multichannel Z-Stack_20251213_490_\stack1\frame_t_0.ets,frame_t_0.ets,.ets,0,"C488, C561, C640",43,,454.581348959287,461.30134895928705,ome_plane_position_z,
Z:\Brejtr\ActiveProjects\Microscopy\20251213\_5_KONTROLA_A_72HOD_5_Multichannel Z-Stack_20251213_490_\stack1\frame_t_0.ets,frame_t_0.ets,.ets,1,macro image,1,,,,unavailable,
Z:\Brejtr\ActiveProjects\Microscopy\20251213\_5_KONTROLA_A_72HOD_6_Multichannel Z-Stack_20251213_491_\stack1\frame_t_0.ets,frame_t_0.ets,.ets,0,"C488, C561, C640",42,,458.34264298358056,464.90264298358056,ome_plane_position_z,
Z:\Brejtr\ActiveProjects\Microscopy\20251213\_5_KONTROLA_A_72HOD_6_Multichannel Z-Stack_20251213_491_\stack1\frame_t_0.ets,frame_t_0.ets,.ets,1,macro image,1,,,,unavailable,
Z:\Brejtr\ActiveProjects\Microscopy\20251213\_5_KONTROLA_A_72HOD_7_Multichannel Z-Stack_20251213_492_\stack1\frame_t_0.ets,frame_t_0.ets,.ets,0,"C488, C561, C640",47,,458.2445901239089,465.6045901239089,ome_plane_position_z,
Z:\Brejtr\ActiveProjects\Microscopy\20251213\_5_KONTROLA_A_72HOD_7_Multichannel Z-Stack_20251213_492_\stack1\frame_t_0.ets,frame_t_0.ets,.ets,1,macro image,1,,,,unavailable,
Z:\Brejtr\ActiveProjects\Microscopy\20251213\_5_KONTROLA_A_72HOD_8_Multichannel Z-Stack_20251213_493_\stack1\frame_t_0.ets,frame_t_0.ets,.ets,0,"C488, C561, C640",48,,459.88523713605576,467.40523713605575,ome_plane_position_z,
Z:\Brejtr\ActiveProjects\Microscopy\20251213\_5_KONTROLA_A_72HOD_8_Multichannel Z-Stack_20251213_493_\stack1\frame_t_0.ets,frame_t_0.ets,.ets,1,macro image,1,,,,unavailable,
Z:\Brejtr\ActiveProjects\Microscopy\20251213\_5_KONTROLA_A_72HOD_9_Multichannel Z-Stack_20251213_494_\stack1\frame_t_0.ets,frame_t_0.ets,.ets,0,"C488, C561, C640",42,,462.6458841482024,469.2058841482024,ome_plane_position_z,
Z:\Brejtr\ActiveProjects\Microscopy\20251213\_5_KONTROLA_A_72HOD_9_Multichannel Z-Stack_20251213_494_\stack1\frame_t_0.ets,frame_t_0.ets,.ets,1,macro image,1,,,,unavailable,
Z:\Brejtr\ActiveProjects\Microscopy\20251213\_5_KONTROLA_WO_48HOD_10_Multichannel Z-Stack_20251213_423_\stack1\frame_t_0.ets,frame_t_0.ets,.ets,0,"C488, C561, C640",49,,407.5064737838003,415.18647378380035,ome_plane_position_z,
Z:\Brejtr\ActiveProjects\Microscopy\20251213\_5_KONTROLA_WO_48HOD_10_Multichannel Z-Stack_20251213_423_\stack1\frame_t_0.ets,frame_t_0.ets,.ets,1,macro image,1,,,,unavailable,
Z:\Brejtr\ActiveProjects\Microscopy\20251213\_5_KONTROLA_WO_48HOD_1_Multichannel Z-Stack_20251213_414_\stack1\frame_t_0.ets,frame_t_0.ets,.ets,0,"C488, C561, C640",27,,386.51936275407434,390.67936275407436,ome_plane_position_z,
Z:\Brejtr\ActiveProjects\Microscopy\20251213\_5_KONTROLA_WO_48HOD_1_Multichannel Z-Stack_20251213_414_\stack1\frame_t_0.ets,frame_t_0.ets,.ets,1,macro image,1,,,,unavailable,
Z:\Brejtr\ActiveProjects\Microscopy\20251213\_5_KONTROLA_WO_48HOD_2_Multichannel Z-Stack_20251213_415_\stack1\frame_t_0.ets,frame_t_0.ets,.ets,0,"C488, C561, C640",32,,386.72650430324126,391.68650430324124,ome_plane_position_z,
Z:\Brejtr\ActiveProjects\Microscopy\20251213\_5_KONTROLA_WO_48HOD_2_Multichannel Z-Stack_20251213_415_\stack1\frame_t_0.ets,frame_t_0.ets,.ets,1,macro image,1,,,,unavailable,
Z:\Brejtr\ActiveProjects\Microscopy\20251213\_5_KONTROLA_WO_48HOD_3_Multichannel Z-Stack_20251213_416_\stack1\frame_t_0.ets,frame_t_0.ets,.ets,0,"C488, C561, C640",42,,388.84987609107003,395.40987609107003,ome_plane_position_z,
Z:\Brejtr\ActiveProjects\Microscopy\20251213\_5_KONTROLA_WO_48HOD_3_Multichannel Z-Stack_20251213_416_\stack1\frame_t_0.ets,frame_t_0.ets,.ets,1,macro image,1,,,,unavailable,
Z:\Brejtr\ActiveProjects\Microscopy\20251213\_5_KONTROLA_WO_48HOD_4_Multichannel Z-Stack_20251213_417_\stack1\frame_t_0.ets,frame_t_0.ets,.ets,0,"C488, C561, C640",48,,391.58272843801507,399.102728438015,ome_plane_position_z,
Z:\Brejtr\ActiveProjects\Microscopy\20251213\_5_KONTROLA_WO_48HOD_4_Multichannel Z-Stack_20251213_417_\stack1\frame_t_0.ets,frame_t_0.ets,.ets,1,macro image,1,,,,unavailable,
Z:\Brejtr\ActiveProjects\Microscopy\20251213\_5_KONTROLA_WO_48HOD_5_Multichannel Z-Stack_20251213_418_\stack1\frame_t_0.ets,frame_t_0.ets,.ets,0,"C488, C561, C640",41,,395.2053225904902,401.6053225904901,ome_plane_position_z,
Z:\Brejtr\ActiveProjects\Microscopy\20251213\_5_KONTROLA_WO_48HOD_5_Multichannel Z-Stack_20251213_418_\stack1\frame_t_0.ets,frame_t_0.ets,.ets,1,macro image,1,,,,unavailable,
Z:\Brejtr\ActiveProjects\Microscopy\20251213\_5_KONTROLA_WO_48HOD_6_Multichannel Z-Stack_20251213_419_\stack1\frame_t_0.ets,frame_t_0.ets,.ets,0,"C488, C561, C640",41,,397.40272233412685,403.8027223341268,ome_plane_position_z,
Z:\Brejtr\ActiveProjects\Microscopy\20251213\_5_KONTROLA_WO_48HOD_6_Multichannel Z-Stack_20251213_419_\stack1\frame_t_0.ets,frame_t_0.ets,.ets,1,macro image,1,,,,unavailable,
Z:\Brejtr\ActiveProjects\Microscopy\20251213\_5_KONTROLA_WO_48HOD_7_Multichannel Z-Stack_20251213_420_\stack1\frame_t_0.ets,frame_t_0.ets,.ets,0,"C488, C561, C640",42,,401.94271623023866,408.50271623023866,ome_plane_position_z,
Z:\Brejtr\ActiveProjects\Microscopy\20251213\_5_KONTROLA_WO_48HOD_7_Multichannel Z-Stack_20251213_420_\stack1\frame_t_0.ets,frame_t_0.ets,.ets,1,macro image,1,,,,unavailable,
Z:\Brejtr\ActiveProjects\Microscopy\20251213\_5_KONTROLA_WO_48HOD_8_Multichannel Z-Stack_20251213_421_\stack1\frame_t_0.ets,frame_t_0.ets,.ets,0,"C488, C561, C640",57,,399.8479106390771,408.8079106390771,ome_plane_position_z,
Z:\Brejtr\ActiveProjects\Microscopy\20251213\_5_KONTROLA_WO_48HOD_8_Multichannel Z-Stack_20251213_421_\stack1\frame_t_0.ets,frame_t_0.ets,.ets,1,macro image,1,,,,unavailable,
Z:\Brejtr\ActiveProjects\Microscopy\20251213\_5_KONTROLA_WO_48HOD_9_Multichannel Z-Stack_20251213_422_\stack1\frame_t_0.ets,frame_t_0.ets,.ets,0,"C488, C561, C640",35,,405.9620631142038,411.40206311420377,ome_plane_position_z,
Z:\Brejtr\ActiveProjects\Microscopy\20251213\_5_KONTROLA_WO_48HOD_9_Multichannel Z-Stack_20251213_422_\stack1\frame_t_0.ets,frame_t_0.ets,.ets,1,macro image,1,,,,unavailable,
Z:\Brejtr\ActiveProjects\Microscopy\20251213\_5_PSI1H10UM_WO_48HOD_10_Multichannel Z-Stack_20251213_453_\stack1\frame_t_0.ets,frame_t_0.ets,.ets,0,"C488, C561, C640",41,,347.5034364890436,353.90343648904354,ome_plane_position_z,
Z:\Brejtr\ActiveProjects\Microscopy\20251213\_5_PSI1H10UM_WO_48HOD_10_Multichannel Z-Stack_20251213_453_\stack1\frame_t_0.ets,frame_t_0.ets,.ets,1,macro image,1,,,,unavailable,
Z:\Brejtr\ActiveProjects\Microscopy\20251213\_5_PSI1H10UM_WO_48HOD_1_Multichannel Z-Stack_20251213_444_\stack1\frame_t_0.ets,frame_t_0.ets,.ets,0,"C488, C561, C640",49,,325.62281389244947,333.3028138924495,ome_plane_position_z,
Z:\Brejtr\ActiveProjects\Microscopy\20251213\_5_PSI1H10UM_WO_48HOD_1_Multichannel Z-Stack_20251213_444_\stack1\frame_t_0.ets,frame_t_0.ets,.ets,1,macro image,1,,,,unavailable,
Z:\Brejtr\ActiveProjects\Microscopy\20251213\_5_PSI1H10UM_WO_48HOD_2_Multichannel Z-Stack_20251213_445_\stack1\frame_t_0.ets,frame_t_0.ets,.ets,0,"C488, C561, C640",42,,330.344107916743,336.904107916743,ome_plane_position_z,
Z:\Brejtr\ActiveProjects\Microscopy\20251213\_5_PSI1H10UM_WO_48HOD_2_Multichannel Z-Stack_20251213_445_\stack1\frame_t_0.ets,frame_t_0.ets,.ets,1,macro image,1,,,,unavailable,
Z:\Brejtr\ActiveProjects\Microscopy\20251213\_5_PSI1H10UM_WO_48HOD_3_Multichannel Z-Stack_20251213_446_\stack1\frame_t_0.ets,frame_t_0.ets,.ets,0,"C488, C561, C640",34,,333.02800219739976,338.30800219739973,ome_plane_position_z,
Z:\Brejtr\ActiveProjects\Microscopy\20251213\_5_PSI1H10UM_WO_48HOD_3_Multichannel Z-Stack_20251213_446_\stack1\frame_t_0.ets,frame_t_0.ets,.ets,1,macro image,1,,,,unavailable,
Z:\Brejtr\ActiveProjects\Microscopy\20251213\_5_PSI1H10UM_WO_48HOD_4_Multichannel Z-Stack_20251213_447_\stack1\frame_t_0.ets,frame_t_0.ets,.ets,0,"C488, C561, C640",42,,335.44085454434475,342.00085454434475,ome_plane_position_z,
Z:\Brejtr\ActiveProjects\Microscopy\20251213\_5_PSI1H10UM_WO_48HOD_4_Multichannel Z-Stack_20251213_447_\stack1\frame_t_0.ets,frame_t_0.ets,.ets,1,macro image,1,,,,unavailable,
Z:\Brejtr\ActiveProjects\Microscopy\20251213\_5_PSI1H10UM_WO_48HOD_5_Multichannel Z-Stack_20251213_448_\stack1\frame_t_0.ets,frame_t_0.ets,.ets,0,"C488, C561, C640",34,,338.12474882500163,343.40474882500155,ome_plane_position_z,
Z:\Brejtr\ActiveProjects\Microscopy\20251213\_5_PSI1H10UM_WO_48HOD_5_Multichannel Z-Stack_20251213_448_\stack1\frame_t_0.ets,frame_t_0.ets,.ets,1,macro image,1,,,,unavailable,
Z:\Brejtr\ActiveProjects\Microscopy\20251213\_5_PSI1H10UM_WO_48HOD_6_Multichannel Z-Stack_20251213_449_\stack1\frame_t_0.ets,frame_t_0.ets,.ets,0,"C488, C561, C640",35,,340.4673429774767,345.9073429774767,ome_plane_position_z,
Z:\Brejtr\ActiveProjects\Microscopy\20251213\_5_PSI1H10UM_WO_48HOD_6_Multichannel Z-Stack_20251213_449_\stack1\frame_t_0.ets,frame_t_0.ets,.ets,1,macro image,1,,,,unavailable,
Z:\Brejtr\ActiveProjects\Microscopy\20251213\_5_PSI1H10UM_WO_48HOD_7_Multichannel Z-Stack_20251213_450_\stack1\frame_t_0.ets,frame_t_0.ets,.ets,0,"C488, C561, C640",42,,340.1408484404566,346.7008484404566,ome_plane_position_z,
Z:\Brejtr\ActiveProjects\Microscopy\20251213\_5_PSI1H10UM_WO_48HOD_7_Multichannel Z-Stack_20251213_450_\stack1\frame_t_0.ets,frame_t_0.ets,.ets,1,macro image,1,,,,unavailable,
Z:\Brejtr\ActiveProjects\Microscopy\20251213\_5_PSI1H10UM_WO_48HOD_8_Multichannel Z-Stack_20251213_451_\stack1\frame_t_0.ets,frame_t_0.ets,.ets,0,"C488, C561, C640",29,,343.6247427211133,348.1047427211133,ome_plane_position_z,
Z:\Brejtr\ActiveProjects\Microscopy\20251213\_5_PSI1H10UM_WO_48HOD_8_Multichannel Z-Stack_20251213_451_\stack1\frame_t_0.ets,frame_t_0.ets,.ets,1,macro image,1,,,,unavailable,
Z:\Brejtr\ActiveProjects\Microscopy\20251213\_5_PSI1H10UM_WO_48HOD_9_Multichannel Z-Stack_20251213_452_\stack1\frame_t_0.ets,frame_t_0.ets,.ets,0,"C488, C561, C640",28,,345.28019532442164,349.60019532442163,ome_plane_position_z,
Z:\Brejtr\ActiveProjects\Microscopy\20251213\_5_PSI1H10UM_WO_48HOD_9_Multichannel Z-Stack_20251213_452_\stack1\frame_t_0.ets,frame_t_0.ets,.ets,1,macro image,1,,,,unavailable,
Z:\Brejtr\ActiveProjects\Microscopy\20251213\_5_PSI1H1UM_WO_48HOD_10_Multichannel Z-Stack_20251213_443_\stack1\frame_t_0.ets,frame_t_0.ets,.ets,0,"C488, C561, C640",29,,323.02412012451924,327.5041201245193,ome_plane_position_z,
Z:\Brejtr\ActiveProjects\Microscopy\20251213\_5_PSI1H1UM_WO_48HOD_10_Multichannel Z-Stack_20251213_443_\stack1\frame_t_0.ets,frame_t_0.ets,.ets,1,macro image,1,,,,unavailable,
Z:\Brejtr\ActiveProjects\Microscopy\20251213\_5_PSI1H1UM_WO_48HOD_1_Multichannel Z-Stack_20251213_434_\stack1\frame_t_0.ets,frame_t_0.ets,.ets,0,"C488, C561, C640",43,,296.5822035036317,303.3022035036318,ome_plane_position_z,
Z:\Brejtr\ActiveProjects\Microscopy\20251213\_5_PSI1H1UM_WO_48HOD_1_Multichannel Z-Stack_20251213_434_\stack1\frame_t_0.ets,frame_t_0.ets,.ets,1,macro image,1,,,,unavailable,
Z:\Brejtr\ActiveProjects\Microscopy\20251213\_5_PSI1H1UM_WO_48HOD_2_Multichannel Z-Stack_20251213_435_\stack1\frame_t_0.ets,frame_t_0.ets,.ets,0,"C488, C561, C640",48,,300.48219739974365,308.00219739974364,ome_plane_position_z,
Z:\Brejtr\ActiveProjects\Microscopy\20251213\_5_PSI1H1UM_WO_48HOD_2_Multichannel Z-Stack_20251213_435_\stack1\frame_t_0.ets,frame_t_0.ets,.ets,1,macro image,1,,,,unavailable,
Z:\Brejtr\ActiveProjects\Microscopy\20251213\_5_PSI1H1UM_WO_48HOD_3_Multichannel Z-Stack_20251213_436_\stack1\frame_t_0.ets,frame_t_0.ets,.ets,0,"C488, C561, C640",31,,305.0944027345419,309.8944027345419,ome_plane_position_z,
Z:\Brejtr\ActiveProjects\Microscopy\20251213\_5_PSI1H1UM_WO_48HOD_3_Multichannel Z-Stack_20251213_436_\stack1\frame_t_0.ets,frame_t_0.ets,.ets,1,macro image,1,,,,unavailable,
Z:\Brejtr\ActiveProjects\Microscopy\20251213\_5_PSI1H1UM_WO_48HOD_4_Multichannel Z-Stack_20251213_437_\stack1\frame_t_0.ets,frame_t_0.ets,.ets,0,"C488, C561, C640",41,,304.1047915522188,310.50479155221876,ome_plane_position_z,
Z:\Brejtr\ActiveProjects\Microscopy\20251213\_5_PSI1H1UM_WO_48HOD_4_Multichannel Z-Stack_20251213_437_\stack1\frame_t_0.ets,frame_t_0.ets,.ets,1,macro image,1,,,,unavailable,
Z:\Brejtr\ActiveProjects\Microscopy\20251213\_5_PSI1H1UM_WO_48HOD_5_Multichannel Z-Stack_20251213_438_\stack1\frame_t_0.ets,frame_t_0.ets,.ets,0,"C488, C561, C640",54,,306.7247854483306,315.2047854483306,ome_plane_position_z,
Z:\Brejtr\ActiveProjects\Microscopy\20251213\_5_PSI1H1UM_WO_48HOD_5_Multichannel Z-Stack_20251213_438_\stack1\frame_t_0.ets,frame_t_0.ets,.ets,1,macro image,1,,,,unavailable,
Z:\Brejtr\ActiveProjects\Microscopy\20251213\_5_PSI1H1UM_WO_48HOD_6_Multichannel Z-Stack_20251213_439_\stack1\frame_t_0.ets,frame_t_0.ets,.ets,0,"C488, C561, C640",48,,311.28607947262407,318.80607947262405,ome_plane_position_z,
Z:\Brejtr\ActiveProjects\Microscopy\20251213\_5_PSI1H1UM_WO_48HOD_6_Multichannel Z-Stack_20251213_439_\stack1\frame_t_0.ets,frame_t_0.ets,.ets,1,macro image,1,,,,unavailable,
Z:\Brejtr\ActiveProjects\Microscopy\20251213\_5_PSI1H1UM_WO_48HOD_7_Multichannel Z-Stack_20251213_440_\stack1\frame_t_0.ets,frame_t_0.ets,.ets,0,"C488, C561, C640",55,,313.0654263565892,321.70542635658916,ome_plane_position_z,
Z:\Brejtr\ActiveProjects\Microscopy\20251213\_5_PSI1H1UM_WO_48HOD_7_Multichannel Z-Stack_20251213_440_\stack1\frame_t_0.ets,frame_t_0.ets,.ets,1,macro image,1,,,,unavailable,
Z:\Brejtr\ActiveProjects\Microscopy\20251213\_5_PSI1H1UM_WO_48HOD_8_Multichannel Z-Stack_20251213_441_\stack1\frame_t_0.ets,frame_t_0.ets,.ets,0,"C488, C561, C640",48,,315.9860733687359,323.5060733687359,ome_plane_position_z,
Z:\Brejtr\ActiveProjects\Microscopy\20251213\_5_PSI1H1UM_WO_48HOD_8_Multichannel Z-Stack_20251213_441_\stack1\frame_t_0.ets,frame_t_0.ets,.ets,1,macro image,1,,,,unavailable,
Z:\Brejtr\ActiveProjects\Microscopy\20251213\_5_PSI1H1UM_WO_48HOD_9_Multichannel Z-Stack_20251213_442_\stack1\frame_t_0.ets,frame_t_0.ets,.ets,0,"C488, C561, C640",27,,321.9402258438625,326.1002258438625,ome_plane_position_z,
Z:\Brejtr\ActiveProjects\Microscopy\20251213\_5_PSI1H1UM_WO_48HOD_9_Multichannel Z-Stack_20251213_442_\stack1\frame_t_0.ets,frame_t_0.ets,.ets,1,macro image,1,,,,unavailable,
Z:\Brejtr\ActiveProjects\Microscopy\20251213\_5_PSI_01UM_48HOD_10_Multichannel Z-Stack_20251213_433_\stack1\frame_t_0.ets,frame_t_0.ets,.ets,0,"C488, C561, C640",49,,292.02090947933834,299.70090947933835,ome_plane_position_z,
Z:\Brejtr\ActiveProjects\Microscopy\20251213\_5_PSI_01UM_48HOD_10_Multichannel Z-Stack_20251213_433_\stack1\frame_t_0.ets,frame_t_0.ets,.ets,1,macro image,1,,,,unavailable,
Z:\Brejtr\ActiveProjects\Microscopy\20251213\_5_PSI_01UM_48HOD_1_Multichannel Z-Stack_20251213_424_\stack1\frame_t_0.ets,frame_t_0.ets,.ets,0,"C488, C561, C640",36,,277.58989196117926,283.1898919611793,ome_plane_position_z,
Z:\Brejtr\ActiveProjects\Microscopy\20251213\_5_PSI_01UM_48HOD_1_Multichannel Z-Stack_20251213_424_\stack1\frame_t_0.ets,frame_t_0.ets,.ets,1,macro image,1,,,,unavailable,
Z:\Brejtr\ActiveProjects\Microscopy\20251213\_5_PSI_01UM_48HOD_2_Multichannel Z-Stack_20251213_425_\stack1\frame_t_0.ets,frame_t_0.ets,.ets,0,"C488, C561, C640",54,,280.3254690838063,288.8054690838064,ome_plane_position_z,
Z:\Brejtr\ActiveProjects\Microscopy\20251213\_5_PSI_01UM_48HOD_2_Multichannel Z-Stack_20251213_425_\stack1\frame_t_0.ets,frame_t_0.ets,.ets,1,macro image,1,,,,unavailable,
Z:\Brejtr\ActiveProjects\Microscopy\20251213\_5_PSI_01UM_48HOD_3_Multichannel Z-Stack_20251213_426_\stack1\frame_t_0.ets,frame_t_0.ets,.ets,0,"C488, C561, C640",35,,283.060274674968,288.500274674968,ome_plane_position_z,
Z:\Brejtr\ActiveProjects\Microscopy\20251213\_5_PSI_01UM_48HOD_3_Multichannel Z-Stack_20251213_426_\stack1\frame_t_0.ets,frame_t_0.ets,.ets,1,macro image,1,,,,unavailable,
Z:\Brejtr\ActiveProjects\Microscopy\20251213\_5_PSI_01UM_48HOD_4_Multichannel Z-Stack_20251213_427_\stack1\frame_t_0.ets,frame_t_0.ets,.ets,0,"C488, C561, C640",55,,281.6609216871147,290.3009216871147,ome_plane_position_z,
Z:\Brejtr\ActiveProjects\Microscopy\20251213\_5_PSI_01UM_48HOD_4_Multichannel Z-Stack_20251213_427_\stack1\frame_t_0.ets,frame_t_0.ets,.ets,1,macro image,1,,,,unavailable,
Z:\Brejtr\ActiveProjects\Microscopy\20251213\_5_PSI_01UM_48HOD_5_Multichannel Z-Stack_20251213_428_\stack1\frame_t_0.ets,frame_t_0.ets,.ets,0,"C488, C561, C640",34,,285.3261160959531,290.6061160959531,ome_plane_position_z,
Z:\Brejtr\ActiveProjects\Microscopy\20251213\_5_PSI_01UM_48HOD_5_Multichannel Z-Stack_20251213_428_\stack1\frame_t_0.ets,frame_t_0.ets,.ets,1,macro image,1,,,,unavailable,
Z:\Brejtr\ActiveProjects\Microscopy\20251213\_5_PSI_01UM_48HOD_6_Multichannel Z-Stack_20251213_429_\stack1\frame_t_0.ets,frame_t_0.ets,.ets,0,"C488, C561, C640",41,,287.8074101202467,294.2074101202466,ome_plane_position_z,
Z:\Brejtr\ActiveProjects\Microscopy\20251213\_5_PSI_01UM_48HOD_6_Multichannel Z-Stack_20251213_429_\stack1\frame_t_0.ets,frame_t_0.ets,.ets,1,macro image,1,,,,unavailable,
Z:\Brejtr\ActiveProjects\Microscopy\20251213\_5_PSI_01UM_48HOD_7_Multichannel Z-Stack_20251213_430_\stack1\frame_t_0.ets,frame_t_0.ets,.ets,0,"C488, C561, C640",48,,290.3802624671917,297.9002624671916,ome_plane_position_z,
Z:\Brejtr\ActiveProjects\Microscopy\20251213\_5_PSI_01UM_48HOD_7_Multichannel Z-Stack_20251213_430_\stack1\frame_t_0.ets,frame_t_0.ets,.ets,1,macro image,1,,,,unavailable,
Z:\Brejtr\ActiveProjects\Microscopy\20251213\_5_PSI_01UM_48HOD_8_Multichannel Z-Stack_20251213_431_\stack1\frame_t_0.ets,frame_t_0.ets,.ets,0,"C488, C561, C640",29,,294.82415674784835,299.30415674784837,ome_plane_position_z,
Z:\Brejtr\ActiveProjects\Microscopy\20251213\_5_PSI_01UM_48HOD_8_Multichannel Z-Stack_20251213_431_\stack1\frame_t_0.ets,frame_t_0.ets,.ets,1,macro image,1,,,,unavailable,
Z:\Brejtr\ActiveProjects\Microscopy\20251213\_5_PSI_01UM_48HOD_9_Multichannel Z-Stack_20251213_432_\stack1\frame_t_0.ets,frame_t_0.ets,.ets,0,"C488, C561, C640",34,,295.42805102850525,300.70805102850517,ome_plane_position_z,
Z:\Brejtr\ActiveProjects\Microscopy\20251213\_5_PSI_01UM_48HOD_9_Multichannel Z-Stack_20251213_432_\stack1\frame_t_0.ets,frame_t_0.ets,.ets,1,macro image,1,,,,unavailable,
Z:\Brejtr\ActiveProjects\Microscopy\20251213\_5_PSI_01UM_72HOD_10_Multichannel Z-Stack_20251213_485_\stack1\frame_t_0.ets,frame_t_0.ets,.ets,0,"C488, C561, C640",41,,444.70785570408356,451.1078557040835,ome_plane_position_z,
Z:\Brejtr\ActiveProjects\Microscopy\20251213\_5_PSI_01UM_72HOD_10_Multichannel Z-Stack_20251213_485_\stack1\frame_t_0.ets,frame_t_0.ets,.ets,1,macro image,1,,,,unavailable,
Z:\Brejtr\ActiveProjects\Microscopy\20251213\_5_PSI_01UM_72HOD_1_Multichannel Z-Stack_20251213_474_\stack1\frame_t_0.ets,frame_t_0.ets,.ets,0,"C488, C561, C640",61,,410.50010376609896,420.100103766099,ome_plane_position_z,
Z:\Brejtr\ActiveProjects\Microscopy\20251213\_5_PSI_01UM_72HOD_1_Multichannel Z-Stack_20251213_474_\stack1\frame_t_0.ets,frame_t_0.ets,.ets,1,macro image,1,,,,unavailable,
Z:\Brejtr\ActiveProjects\Microscopy\20251213\_5_PSI_01UM_72HOD_2_Multichannel Z-Stack_20251213_475_\stack1\frame_t_0.ets,frame_t_0.ets,.ets,0,"C488, C561, C640",41,,416.2026979185742,422.6026979185741,ome_plane_position_z,
Z:\Brejtr\ActiveProjects\Microscopy\20251213\_5_PSI_01UM_72HOD_2_Multichannel Z-Stack_20251213_475_\stack1\frame_t_0.ets,frame_t_0.ets,.ets,1,macro image,1,,,,unavailable,
Z:\Brejtr\ActiveProjects\Microscopy\20251213\_5_PSI_01UM_72HOD_3_Multichannel Z-Stack_20251213_476_\stack1\frame_t_0.ets,frame_t_0.ets,.ets,0,"C488, C561, C640",35,,419.66529207104924,425.10529207104923,ome_plane_position_z,
Z:\Brejtr\ActiveProjects\Microscopy\20251213\_5_PSI_01UM_72HOD_3_Multichannel Z-Stack_20251213_476_\stack1\frame_t_0.ets,frame_t_0.ets,.ets,1,macro image,1,,,,unavailable,
Z:\Brejtr\ActiveProjects\Microscopy\20251213\_5_PSI_01UM_72HOD_4_Multichannel Z-Stack_20251213_477_\stack1\frame_t_0.ets,frame_t_0.ets,.ets,0,"C488, C561, C640",43,,422.2917805041811,429.01178050418116,ome_plane_position_z,
Z:\Brejtr\ActiveProjects\Microscopy\20251213\_5_PSI_01UM_72HOD_4_Multichannel Z-Stack_20251213_477_\stack1\frame_t_0.ets,frame_t_0.ets,.ets,1,macro image,1,,,,unavailable,
Z:\Brejtr\ActiveProjects\Microscopy\20251213\_5_PSI_01UM_72HOD_5_Multichannel Z-Stack_20251213_478_\stack1\frame_t_0.ets,frame_t_0.ets,.ets,0,"C488, C561, C640",41,,426.3046328511262,432.7046328511262,ome_plane_position_z,
Z:\Brejtr\ActiveProjects\Microscopy\20251213\_5_PSI_01UM_72HOD_5_Multichannel Z-Stack_20251213_478_\stack1\frame_t_0.ets,frame_t_0.ets,.ets,1,macro image,1,,,,unavailable,
Z:\Brejtr\ActiveProjects\Microscopy\20251213\_5_PSI_01UM_72HOD_5{2]_Multichannel Z-Stack_20251213_479_\stack1\frame_t_0.ets,frame_t_0.ets,.ets,0,"C488, C561, C640",35,,429.7672270036013,435.2072270036013,ome_plane_position_z,
Z:\Brejtr\ActiveProjects\Microscopy\20251213\_5_PSI_01UM_72HOD_5{2]_Multichannel Z-Stack_20251213_479_\stack1\frame_t_0.ets,frame_t_0.ets,.ets,1,macro image,1,,,,unavailable,
Z:\Brejtr\ActiveProjects\Microscopy\20251213\_5_PSI_01UM_72HOD_5{3]_Multichannel Z-Stack_20251213_480_\stack1\frame_t_0.ets,frame_t_0.ets,.ets,0,"C488, C561, C640",35,,433.4600793505463,438.90007935054626,ome_plane_position_z,
Z:\Brejtr\ActiveProjects\Microscopy\20251213\_5_PSI_01UM_72HOD_5{3]_Multichannel Z-Stack_20251213_480_\stack1\frame_t_0.ets,frame_t_0.ets,.ets,1,macro image,1,,,,unavailable,
Z:\Brejtr\ActiveProjects\Microscopy\20251213\_5_PSI_01UM_72HOD_6_Multichannel Z-Stack_20251213_481_\stack1\frame_t_0.ets,frame_t_0.ets,.ets,0,"C488, C561, C640",36,,435.8026735030214,441.40267350302145,ome_plane_position_z,
Z:\Brejtr\ActiveProjects\Microscopy\20251213\_5_PSI_01UM_72HOD_6_Multichannel Z-Stack_20251213_481_\stack1\frame_t_0.ets,frame_t_0.ets,.ets,1,macro image,1,,,,unavailable,
Z:\Brejtr\ActiveProjects\Microscopy\20251213\_5_PSI_01UM_72HOD_7_Multichannel Z-Stack_20251213_482_\stack1\frame_t_0.ets,frame_t_0.ets,.ets,0,"C488, C561, C640",48,,437.4839675273149,445.0039675273149,ome_plane_position_z,
Z:\Brejtr\ActiveProjects\Microscopy\20251213\_5_PSI_01UM_72HOD_7_Multichannel Z-Stack_20251213_482_\stack1\frame_t_0.ets,frame_t_0.ets,.ets,1,macro image,1,,,,unavailable,
Z:\Brejtr\ActiveProjects\Microscopy\20251213\_5_PSI_01UM_72HOD_8_Multichannel Z-Stack_20251213_483_\stack1\frame_t_0.ets,frame_t_0.ets,.ets,0,"C488, C561, C640",48,,439.28461453946164,446.8046145394616,ome_plane_position_z,
Z:\Brejtr\ActiveProjects\Microscopy\20251213\_5_PSI_01UM_72HOD_8_Multichannel Z-Stack_20251213_483_\stack1\frame_t_0.ets,frame_t_0.ets,.ets,1,macro image,1,,,,unavailable,
Z:\Brejtr\ActiveProjects\Microscopy\20251213\_5_PSI_01UM_72HOD_9_Multichannel Z-Stack_20251213_484_\stack1\frame_t_0.ets,frame_t_0.ets,.ets,0,"C488, C561, C640",42,,443.84590856375513,450.4059085637552,ome_plane_position_z,
Z:\Brejtr\ActiveProjects\Microscopy\20251213\_5_PSI_01UM_72HOD_9_Multichannel Z-Stack_20251213_484_\stack1\frame_t_0.ets,frame_t_0.ets,.ets,1,macro image,1,,,,unavailable,
Z:\Brejtr\ActiveProjects\Microscopy\20251213\_5_PSI_10UM_48HOD_10_Multichannel Z-Stack_20251213_473_\stack1\frame_t_0.ets,frame_t_0.ets,.ets,0,"C488, C561, C640",34,,409.0214099981689,414.3014099981688,ome_plane_position_z,
Z:\Brejtr\ActiveProjects\Microscopy\20251213\_5_PSI_10UM_48HOD_10_Multichannel Z-Stack_20251213_473_\stack1\frame_t_0.ets,frame_t_0.ets,.ets,1,macro image,1,,,,unavailable,
Z:\Brejtr\ActiveProjects\Microscopy\20251213\_5_PSI_10UM_48HOD_1_Multichannel Z-Stack_20251213_464_\stack1\frame_t_0.ets,frame_t_0.ets,.ets,0,"C488, C561, C640",35,,380.96664103033635,386.40664103033635,ome_plane_position_z,
Z:\Brejtr\ActiveProjects\Microscopy\20251213\_5_PSI_10UM_48HOD_1_Multichannel Z-Stack_20251213_464_\stack1\frame_t_0.ets,frame_t_0.ets,.ets,1,macro image,1,,,,unavailable,
Z:\Brejtr\ActiveProjects\Microscopy\20251213\_5_PSI_10UM_48HOD_2_Multichannel Z-Stack_20251213_465_\stack1\frame_t_0.ets,frame_t_0.ets,.ets,0,"C488, C561, C640",42,,381.6472880424831,388.2072880424831,ome_plane_position_z,
Z:\Brejtr\ActiveProjects\Microscopy\20251213\_5_PSI_10UM_48HOD_2_Multichannel Z-Stack_20251213_465_\stack1\frame_t_0.ets,frame_t_0.ets,.ets,1,macro image,1,,,,unavailable,
Z:\Brejtr\ActiveProjects\Microscopy\20251213\_5_PSI_10UM_48HOD_3_Multichannel Z-Stack_20251213_466_\stack1\frame_t_0.ets,frame_t_0.ets,.ets,0,"C488, C561, C640",42,,385.3401403894281,391.9001403894281,ome_plane_position_z,
Z:\Brejtr\ActiveProjects\Microscopy\20251213\_5_PSI_10UM_48HOD_3_Multichannel Z-Stack_20251213_466_\stack1\frame_t_0.ets,frame_t_0.ets,.ets,1,macro image,1,,,,unavailable,
Z:\Brejtr\ActiveProjects\Microscopy\20251213\_5_PSI_10UM_48HOD_4_Multichannel Z-Stack_20251213_467_\stack1\frame_t_0.ets,frame_t_0.ets,.ets,0,"C488, C561, C640",34,,389.82468168223164,395.10468168223156,ome_plane_position_z,
Z:\Brejtr\ActiveProjects\Microscopy\20251213\_5_PSI_10UM_48HOD_4_Multichannel Z-Stack_20251213_467_\stack1\frame_t_0.ets,frame_t_0.ets,.ets,1,macro image,1,,,,unavailable,
Z:\Brejtr\ActiveProjects\Microscopy\20251213\_5_PSI_10UM_48HOD_5_Multichannel Z-Stack_20251213_468_\stack1\frame_t_0.ets,frame_t_0.ets,.ets,0,"C488, C561, C640",28,,392.2801342855399,396.60013428553987,ome_plane_position_z,
Z:\Brejtr\ActiveProjects\Microscopy\20251213\_5_PSI_10UM_48HOD_5_Multichannel Z-Stack_20251213_468_\stack1\frame_t_0.ets,frame_t_0.ets,.ets,1,macro image,1,,,,unavailable,
Z:\Brejtr\ActiveProjects\Microscopy\20251213\_5_PSI_10UM_48HOD_6_Multichannel Z-Stack_20251213_469_\stack1\frame_t_0.ets,frame_t_0.ets,.ets,0,"C488, C561, C640",49,,393.6201281816517,401.3001281816517,ome_plane_position_z,
Z:\Brejtr\ActiveProjects\Microscopy\20251213\_5_PSI_10UM_48HOD_6_Multichannel Z-Stack_20251213_469_\stack1\frame_t_0.ets,frame_t_0.ets,.ets,1,macro image,1,,,,unavailable,
Z:\Brejtr\ActiveProjects\Microscopy\20251213\_5_PSI_10UM_48HOD_7_Multichannel Z-Stack_20251213_470_\stack1\frame_t_0.ets,frame_t_0.ets,.ets,0,"C488, C561, C640",42,,399.2264859915766,405.7864859915766,ome_plane_position_z,
Z:\Brejtr\ActiveProjects\Microscopy\20251213\_5_PSI_10UM_48HOD_7_Multichannel Z-Stack_20251213_470_\stack1\frame_t_0.ets,frame_t_0.ets,.ets,1,macro image,1,,,,unavailable,
Z:\Brejtr\ActiveProjects\Microscopy\20251213\_5_PSI_10UM_48HOD_8_Multichannel Z-Stack_20251213_471_\stack1\frame_t_0.ets,frame_t_0.ets,.ets,0,"C488, C561, C640",40,,402.96466337056705,409.2046633705671,ome_plane_position_z,
Z:\Brejtr\ActiveProjects\Microscopy\20251213\_5_PSI_10UM_48HOD_8_Multichannel Z-Stack_20251213_471_\stack1\frame_t_0.ets,frame_t_0.ets,.ets,1,macro image,1,,,,unavailable,
Z:\Brejtr\ActiveProjects\Microscopy\20251213\_5_PSI_10UM_48HOD_9_Multichannel Z-Stack_20251213_472_\stack1\frame_t_0.ets,frame_t_0.ets,.ets,0,"C488, C561, C640",17,,408.3537520600623,410.9137520600623,ome_plane_position_z,
Z:\Brejtr\ActiveProjects\Microscopy\20251213\_5_PSI_10UM_48HOD_9_Multichannel Z-Stack_20251213_472_\stack1\frame_t_0.ets,frame_t_0.ets,.ets,1,macro image,1,,,,unavailable,
Z:\Brejtr\ActiveProjects\Microscopy\20251213\_5_PSI_1UM_48HOD_10_Multichannel Z-Stack_20251213_463_\stack1\frame_t_0.ets,frame_t_0.ets,.ets,0,"C488, C561, C640",35,,378.4640468778612,383.9040468778612,ome_plane_position_z,
Z:\Brejtr\ActiveProjects\Microscopy\20251213\_5_PSI_1UM_48HOD_10_Multichannel Z-Stack_20251213_463_\stack1\frame_t_0.ets,frame_t_0.ets,.ets,1,macro image,1,,,,unavailable,
Z:\Brejtr\ActiveProjects\Microscopy\20251213\_5_PSI_1UM_48HOD_1_Multichannel Z-Stack_20251213_454_\stack1\frame_t_0.ets,frame_t_0.ets,.ets,0,"C488, C561, C640",48,,351.08343038515534,358.6034303851553,ome_plane_position_z,
Z:\Brejtr\ActiveProjects\Microscopy\20251213\_5_PSI_1UM_48HOD_1_Multichannel Z-Stack_20251213_454_\stack1\frame_t_0.ets,frame_t_0.ets,.ets,1,macro image,1,,,,unavailable,
Z:\Brejtr\ActiveProjects\Microscopy\20251213\_5_PSI_1UM_48HOD_2_Multichannel Z-Stack_20251213_455_\stack1\frame_t_0.ets,frame_t_0.ets,.ets,0,"C488, C561, C640",41,,354.7060245376305,361.10602453763045,ome_plane_position_z,
Z:\Brejtr\ActiveProjects\Microscopy\20251213\_5_PSI_1UM_48HOD_2_Multichannel Z-Stack_20251213_455_\stack1\frame_t_0.ets,frame_t_0.ets,.ets,1,macro image,1,,,,unavailable,
Z:\Brejtr\ActiveProjects\Microscopy\20251213\_5_PSI_1UM_48HOD_3_Multichannel Z-Stack_20251213_456_\stack1\frame_t_0.ets,frame_t_0.ets,.ets,0,"C488, C561, C640",42,,358.147318561924,364.707318561924,ome_plane_position_z,
Z:\Brejtr\ActiveProjects\Microscopy\20251213\_5_PSI_1UM_48HOD_3_Multichannel Z-Stack_20251213_456_\stack1\frame_t_0.ets,frame_t_0.ets,.ets,1,macro image,1,,,,unavailable,
Z:\Brejtr\ActiveProjects\Microscopy\20251213\_5_PSI_1UM_48HOD_4_Multichannel Z-Stack_20251213_457_\stack1\frame_t_0.ets,frame_t_0.ets,.ets,0,"C488, C561, C640",35,,361.8614710370506,367.3014710370506,ome_plane_position_z,
Z:\Brejtr\ActiveProjects\Microscopy\20251213\_5_PSI_1UM_48HOD_4_Multichannel Z-Stack_20251213_457_\stack1\frame_t_0.ets,frame_t_0.ets,.ets,1,macro image,1,,,,unavailable,
Z:\Brejtr\ActiveProjects\Microscopy\20251213\_5_PSI_1UM_48HOD_5_Multichannel Z-Stack_20251213_458_\stack1\frame_t_0.ets,frame_t_0.ets,.ets,0,"C488, C561, C640",35,,364.3640651895257,369.8040651895257,ome_plane_position_z,
Z:\Brejtr\ActiveProjects\Microscopy\20251213\_5_PSI_1UM_48HOD_5_Multichannel Z-Stack_20251213_458_\stack1\frame_t_0.ets,frame_t_0.ets,.ets,1,macro image,1,,,,unavailable,
Z:\Brejtr\ActiveProjects\Microscopy\20251213\_5_PSI_1UM_48HOD_6_Multichannel Z-Stack_20251213_459_\stack1\frame_t_0.ets,frame_t_0.ets,.ets,0,"C488, C561, C640",35,,365.0660123298541,370.5060123298541,ome_plane_position_z,
Z:\Brejtr\ActiveProjects\Microscopy\20251213\_5_PSI_1UM_48HOD_6_Multichannel Z-Stack_20251213_459_\stack1\frame_t_0.ets,frame_t_0.ets,.ets,1,macro image,1,,,,unavailable,
Z:\Brejtr\ActiveProjects\Microscopy\20251213\_5_PSI_1UM_48HOD_7_Multichannel Z-Stack_20251213_460_\stack1\frame_t_0.ets,frame_t_0.ets,.ets,0,"C488, C561, C640",42,,367.54730635414757,374.10730635414757,ome_plane_position_z,
Z:\Brejtr\ActiveProjects\Microscopy\20251213\_5_PSI_1UM_48HOD_7_Multichannel Z-Stack_20251213_460_\stack1\frame_t_0.ets,frame_t_0.ets,.ets,1,macro image,1,,,,unavailable,
Z:\Brejtr\ActiveProjects\Microscopy\20251213\_5_PSI_1UM_48HOD_8_Multichannel Z-Stack_20251213_461_\stack1\frame_t_0.ets,frame_t_0.ets,.ets,0,"C488, C561, C640",42,,371.2401587010926,377.8001587010926,ome_plane_position_z,
Z:\Brejtr\ActiveProjects\Microscopy\20251213\_5_PSI_1UM_48HOD_8_Multichannel Z-Stack_20251213_461_\stack1\frame_t_0.ets,frame_t_0.ets,.ets,1,macro image,1,,,,unavailable,
Z:\Brejtr\ActiveProjects\Microscopy\20251213\_5_PSI_1UM_48HOD_9_Multichannel Z-Stack_20251213_462_\stack1\frame_t_0.ets,frame_t_0.ets,.ets,0,"C488, C561, C640",55,,372.76145272538616,381.4014527253861,ome_plane_position_z,
Z:\Brejtr\ActiveProjects\Microscopy\20251213\_5_PSI_1UM_48HOD_9_Multichannel Z-Stack_20251213_462_\stack1\frame_t_0.ets,frame_t_0.ets,.ets,1,macro image,1,,,,unavailable,
Z:\Brejtr\ActiveProjects\Microscopy\20251213\_6_1_HARMIN_24hod_10_Multichannel Z-Stack_20251213_311_\stack1\frame_t_0.ets,frame_t_0.ets,.ets,0,"C488, C561, C640",40,,316.55737349691753,322.40737349691756,ome_plane_position_z,
Z:\Brejtr\ActiveProjects\Microscopy\20251213\_6_1_HARMIN_24hod_10_Multichannel Z-Stack_20251213_311_\stack1\frame_t_0.ets,frame_t_0.ets,.ets,1,macro image,1,,,,unavailable,
Z:\Brejtr\ActiveProjects\Microscopy\20251213\_6_1_HARMIN_24hod_1_Multichannel Z-Stack_20251213_302_\stack1\frame_t_0.ets,frame_t_0.ets,.ets,0,"C488, C561, C640",22,,303.051550387597,306.2015503875969,ome_plane_position_z,
Z:\Brejtr\ActiveProjects\Microscopy\20251213\_6_1_HARMIN_24hod_1_Multichannel Z-Stack_20251213_302_\stack1\frame_t_0.ets,frame_t_0.ets,.ets,1,macro image,1,,,,unavailable,
Z:\Brejtr\ActiveProjects\Microscopy\20251213\_6_1_HARMIN_24hod_2_Multichannel Z-Stack_20251213_303_\stack1\frame_t_0.ets,frame_t_0.ets,.ets,0,"C488, C561, C640",23,,304.30544466825364,307.60544466825365,ome_plane_position_z,
Z:\Brejtr\ActiveProjects\Microscopy\20251213\_6_1_HARMIN_24hod_2_Multichannel Z-Stack_20251213_303_\stack1\frame_t_0.ets,frame_t_0.ets,.ets,1,macro image,1,,,,unavailable,
Z:\Brejtr\ActiveProjects\Microscopy\20251213\_6_1_HARMIN_24hod_3_Multichannel Z-Stack_20251213_304_\stack1\frame_t_0.ets,frame_t_0.ets,.ets,0,"C488, C561, C640",30,,304.75089727156194,309.10089727156196,ome_plane_position_z,
Z:\Brejtr\ActiveProjects\Microscopy\20251213\_6_1_HARMIN_24hod_3_Multichannel Z-Stack_20251213_304_\stack1\frame_t_0.ets,frame_t_0.ets,.ets,1,macro image,1,,,,unavailable,
Z:\Brejtr\ActiveProjects\Microscopy\20251213\_6_1_HARMIN_24hod_4_Multichannel Z-Stack_20251213_305_\stack1\frame_t_0.ets,frame_t_0.ets,.ets,0,"C488, C561, C640",30,,306.1547915522187,310.50479155221876,ome_plane_position_z,
Z:\Brejtr\ActiveProjects\Microscopy\20251213\_6_1_HARMIN_24hod_4_Multichannel Z-Stack_20251213_305_\stack1\frame_t_0.ets,frame_t_0.ets,.ets,1,macro image,1,,,,unavailable,
Z:\Brejtr\ActiveProjects\Microscopy\20251213\_6_1_HARMIN_24hod_5_Multichannel Z-Stack_20251213_306_\stack1\frame_t_0.ets,frame_t_0.ets,.ets,0,"C488, C561, C640",36,,306.75024415552707,312.00024415552707,ome_plane_position_z,
Z:\Brejtr\ActiveProjects\Microscopy\20251213\_6_1_HARMIN_24hod_5_Multichannel Z-Stack_20251213_306_\stack1\frame_t_0.ets,frame_t_0.ets,.ets,1,macro image,1,,,,unavailable,
Z:\Brejtr\ActiveProjects\Microscopy\20251213\_6_1_HARMIN_24hod_6_Multichannel Z-Stack_20251213_307_\stack1\frame_t_0.ets,frame_t_0.ets,.ets,0,"C488, C561, C640",30,,309.05413843618385,313.40413843618387,ome_plane_position_z,
Z:\Brejtr\ActiveProjects\Microscopy\20251213\_6_1_HARMIN_24hod_6_Multichannel Z-Stack_20251213_307_\stack1\frame_t_0.ets,frame_t_0.ets,.ets,1,macro image,1,,,,unavailable,
Z:\Brejtr\ActiveProjects\Microscopy\20251213\_6_1_HARMIN_24hod_7_Multichannel Z-Stack_20251213_308_\stack1\frame_t_0.ets,frame_t_0.ets,.ets,0,"C488, C561, C640",22,,312.45153817982055,315.6015381798205,ome_plane_position_z,
Z:\Brejtr\ActiveProjects\Microscopy\20251213\_6_1_HARMIN_24hod_7_Multichannel Z-Stack_20251213_308_\stack1\frame_t_0.ets,frame_t_0.ets,.ets,1,macro image,1,,,,unavailable,
Z:\Brejtr\ActiveProjects\Microscopy\20251213\_6_1_HARMIN_24hod_8_Multichannel Z-Stack_20251213_309_\stack1\frame_t_0.ets,frame_t_0.ets,.ets,0,"C488, C561, C640",29,,312.80543246047733,317.0054324604773,ome_plane_position_z,
Z:\Brejtr\ActiveProjects\Microscopy\20251213\_6_1_HARMIN_24hod_8_Multichannel Z-Stack_20251213_309_\stack1\frame_t_0.ets,frame_t_0.ets,.ets,1,macro image,1,,,,unavailable,
Z:\Brejtr\ActiveProjects\Microscopy\20251213\_6_1_HARMIN_24hod_9_Multichannel Z-Stack_20251213_310_\stack1\frame_t_0.ets,frame_t_0.ets,.ets,0,"C488, C561, C640",30,,314.15088506378555,318.50088506378563,ome_plane_position_z,
Z:\Brejtr\ActiveProjects\Microscopy\20251213\_6_1_HARMIN_24hod_9_Multichannel Z-Stack_20251213_310_\stack1\frame_t_0.ets,frame_t_0.ets,.ets,1,macro image,1,,,,unavailable,
Z:\Brejtr\ActiveProjects\Microscopy\20251213\_6_1_KONTROLA_24hod_10_Multichannel Z-Stack_20251213_301_\stack1\frame_t_0.ets,frame_t_0.ets,.ets,0,"C488, C561, C640",23,,300.70415064396013,304.0041506439602,ome_plane_position_z,
Z:\Brejtr\ActiveProjects\Microscopy\20251213\_6_1_KONTROLA_24hod_10_Multichannel Z-Stack_20251213_301_\stack1\frame_t_0.ets,frame_t_0.ets,.ets,1,macro image,1,,,,unavailable,
Z:\Brejtr\ActiveProjects\Microscopy\20251213\_6_1_KONTROLA_24hod_1_Multichannel Z-Stack_20251213_292_\stack1\frame_t_0.ets,frame_t_0.ets,.ets,0,"C488, C561, C640",29,,285.0022218152964,289.20222181529635,ome_plane_position_z,
Z:\Brejtr\ActiveProjects\Microscopy\20251213\_6_1_KONTROLA_24hod_1_Multichannel Z-Stack_20251213_292_\stack1\frame_t_0.ets,frame_t_0.ets,.ets,1,macro image,1,,,,unavailable,
Z:\Brejtr\ActiveProjects\Microscopy\20251213\_6_1_KONTROLA_24hod_2_Multichannel Z-Stack_20251213_293_\stack1\frame_t_0.ets,frame_t_0.ets,.ets,0,"C488, C561, C640",14,,288.3509216871147,290.3009216871147,ome_plane_position_z,
Z:\Brejtr\ActiveProjects\Microscopy\20251213\_6_1_KONTROLA_24hod_2_Multichannel Z-Stack_20251213_293_\stack1\frame_t_0.ets,frame_t_0.ets,.ets,1,macro image,1,,,,unavailable,
Z:\Brejtr\ActiveProjects\Microscopy\20251213\_6_1_KONTROLA_24hod_3_Multichannel Z-Stack_20251213_294_\stack1\frame_t_0.ets,frame_t_0.ets,.ets,0,"C488, C561, C640",22,,289.25676310809996,292.4067631080999,ome_plane_position_z,
Z:\Brejtr\ActiveProjects\Microscopy\20251213\_6_1_KONTROLA_24hod_3_Multichannel Z-Stack_20251213_294_\stack1\frame_t_0.ets,frame_t_0.ets,.ets,1,macro image,1,,,,unavailable,
Z:\Brejtr\ActiveProjects\Microscopy\20251213\_6_1_KONTROLA_24hod_4_Multichannel Z-Stack_20251213_295_\stack1\frame_t_0.ets,frame_t_0.ets,.ets,0,"C488, C561, C640",21,,290.50546297991826,293.50546297991826,ome_plane_position_z,
Z:\Brejtr\ActiveProjects\Microscopy\20251213\_6_1_KONTROLA_24hod_4_Multichannel Z-Stack_20251213_295_\stack1\frame_t_0.ets,frame_t_0.ets,.ets,1,macro image,1,,,,unavailable,
Z:\Brejtr\ActiveProjects\Microscopy\20251213\_6_1_KONTROLA_24hod_5_Multichannel Z-Stack_20251213_296_\stack1\frame_t_0.ets,frame_t_0.ets,.ets,0,"C488, C561, C640",36,,289.7509155832266,295.0009155832266,ome_plane_position_z,
Z:\Brejtr\ActiveProjects\Microscopy\20251213\_6_1_KONTROLA_24hod_5_Multichannel Z-Stack_20251213_296_\stack1\frame_t_0.ets,frame_t_0.ets,.ets,1,macro image,1,,,,unavailable,
Z:\Brejtr\ActiveProjects\Microscopy\20251213\_6_1_KONTROLA_24hod_6_Multichannel Z-Stack_20251213_297_\stack1\frame_t_0.ets,frame_t_0.ets,.ets,0,"C488, C561, C640",35,,293.10545687603,298.20545687603004,ome_plane_position_z,
Z:\Brejtr\ActiveProjects\Microscopy\20251213\_6_1_KONTROLA_24hod_6_Multichannel Z-Stack_20251213_297_\stack1\frame_t_0.ets,frame_t_0.ets,.ets,1,macro image,1,,,,unavailable,
Z:\Brejtr\ActiveProjects\Microscopy\20251213\_6_1_KONTROLA_24hod_7_Multichannel Z-Stack_20251213_298_\stack1\frame_t_0.ets,frame_t_0.ets,.ets,0,"C488, C561, C640",30,,295.3509094793383,299.70090947933835,ome_plane_position_z,
Z:\Brejtr\ActiveProjects\Microscopy\20251213\_6_1_KONTROLA_24hod_7_Multichannel Z-Stack_20251213_298_\stack1\frame_t_0.ets,frame_t_0.ets,.ets,1,macro image,1,,,,unavailable,
Z:\Brejtr\ActiveProjects\Microscopy\20251213\_6_1_KONTROLA_24hod_8_Multichannel Z-Stack_20251213_299_\stack1\frame_t_0.ets,frame_t_0.ets,.ets,0,"C488, C561, C640",30,,296.75480375999507,301.1048037599951,ome_plane_position_z,
Z:\Brejtr\ActiveProjects\Microscopy\20251213\_6_1_KONTROLA_24hod_8_Multichannel Z-Stack_20251213_299_\stack1\frame_t_0.ets,frame_t_0.ets,.ets,1,macro image,1,,,,unavailable,
Z:\Brejtr\ActiveProjects\Microscopy\20251213\_6_1_KONTROLA_24hod_9_Multichannel Z-Stack_20251213_300_\stack1\frame_t_0.ets,frame_t_0.ets,.ets,0,"C488, C561, C640",31,,298.19181468595497,302.69181468595497,ome_plane_position_z,
Z:\Brejtr\ActiveProjects\Microscopy\20251213\_6_1_KONTROLA_24hod_9_Multichannel Z-Stack_20251213_300_\stack1\frame_t_0.ets,frame_t_0.ets,.ets,1,macro image,1,,,,unavailable,
Z:\Brejtr\ActiveProjects\Microscopy\20251213\_6_2_PSI_24hod_10_Multichannel Z-Stack_20251213_321_\stack1\frame_t_0.ets,frame_t_0.ets,.ets,0,"C488, C561, C640",21,,336.4067020692181,339.4067020692181,ome_plane_position_z,
Z:\Brejtr\ActiveProjects\Microscopy\20251213\_6_2_PSI_24hod_10_Multichannel Z-Stack_20251213_321_\stack1\frame_t_0.ets,frame_t_0.ets,.ets,1,macro image,1,,,,unavailable,
Z:\Brejtr\ActiveProjects\Microscopy\20251213\_6_2_PSI_24hod_1_Multichannel Z-Stack_20251213_312_\stack1\frame_t_0.ets,frame_t_0.ets,.ets,0,"C488, C561, C640",25,,320.39438442287735,323.99438442287743,ome_plane_position_z,
Z:\Brejtr\ActiveProjects\Microscopy\20251213\_6_2_PSI_24hod_1_Multichannel Z-Stack_20251213_312_\stack1\frame_t_0.ets,frame_t_0.ets,.ets,1,macro image,1,,,,unavailable,
Z:\Brejtr\ActiveProjects\Microscopy\20251213\_6_2_PSI_24hod_2_Multichannel Z-Stack_20251213_313_\stack1\frame_t_0.ets,frame_t_0.ets,.ets,0,"C488, C561, C640",29,,322.90736739302935,327.10736739302934,ome_plane_position_z,
Z:\Brejtr\ActiveProjects\Microscopy\20251213\_6_2_PSI_24hod_2_Multichannel Z-Stack_20251213_313_\stack1\frame_t_0.ets,frame_t_0.ets,.ets,1,macro image,1,,,,unavailable,
Z:\Brejtr\ActiveProjects\Microscopy\20251213\_6_2_PSI_24hod_3_Multichannel Z-Stack_20251213_314_\stack1\frame_t_0.ets,frame_t_0.ets,.ets,0,"C488, C561, C640",30,,324.2528199963376,328.60281999633764,ome_plane_position_z,
Z:\Brejtr\ActiveProjects\Microscopy\20251213\_6_2_PSI_24hod_3_Multichannel Z-Stack_20251213_314_\stack1\frame_t_0.ets,frame_t_0.ets,.ets,1,macro image,1,,,,unavailable,
Z:\Brejtr\ActiveProjects\Microscopy\20251213\_6_2_PSI_24hod_4_Multichannel Z-Stack_20251213_315_\stack1\frame_t_0.ets,frame_t_0.ets,.ets,0,"C488, C561, C640",29,,325.80671427699446,330.00671427699444,ome_plane_position_z,
Z:\Brejtr\ActiveProjects\Microscopy\20251213\_6_2_PSI_24hod_4_Multichannel Z-Stack_20251213_315_\stack1\frame_t_0.ets,frame_t_0.ets,.ets,1,macro image,1,,,,unavailable,
Z:\Brejtr\ActiveProjects\Microscopy\20251213\_6_2_PSI_24hod_5_Multichannel Z-Stack_20251213_316_\stack1\frame_t_0.ets,frame_t_0.ets,.ets,0,"C488, C561, C640",31,,328.1008667521211,332.6008667521211,ome_plane_position_z,
Z:\Brejtr\ActiveProjects\Microscopy\20251213\_6_2_PSI_24hod_5_Multichannel Z-Stack_20251213_316_\stack1\frame_t_0.ets,frame_t_0.ets,.ets,1,macro image,1,,,,unavailable,
Z:\Brejtr\ActiveProjects\Microscopy\20251213\_6_2_PSI_24hod_6_Multichannel Z-Stack_20251213_317_\stack1\frame_t_0.ets,frame_t_0.ets,.ets,0,"C488, C561, C640",21,,330.6080083012879,333.6080083012879,ome_plane_position_z,
Z:\Brejtr\ActiveProjects\Microscopy\20251213\_6_2_PSI_24hod_6_Multichannel Z-Stack_20251213_317_\stack1\frame_t_0.ets,frame_t_0.ets,.ets,1,macro image,1,,,,unavailable,
Z:\Brejtr\ActiveProjects\Microscopy\20251213\_6_2_PSI_24hod_7_Multichannel Z-Stack_20251213_318_\stack1\frame_t_0.ets,frame_t_0.ets,.ets,0,"C488, C561, C640",29,,331.6054080449246,335.8054080449246,ome_plane_position_z,
Z:\Brejtr\ActiveProjects\Microscopy\20251213\_6_2_PSI_24hod_7_Multichannel Z-Stack_20251213_318_\stack1\frame_t_0.ets,frame_t_0.ets,.ets,1,macro image,1,,,,unavailable,
Z:\Brejtr\ActiveProjects\Microscopy\20251213\_6_2_PSI_24hod_8_Multichannel Z-Stack_20251213_319_\stack1\frame_t_0.ets,frame_t_0.ets,.ets,0,"C488, C561, C640",24,,333.8508606482329,337.3008606482329,ome_plane_position_z,
Z:\Brejtr\ActiveProjects\Microscopy\20251213\_6_2_PSI_24hod_8_Multichannel Z-Stack_20251213_319_\stack1\frame_t_0.ets,frame_t_0.ets,.ets,1,macro image,1,,,,unavailable,
Z:\Brejtr\ActiveProjects\Microscopy\20251213\_6_2_PSI_24hod_9_Multichannel Z-Stack_20251213_320_\stack1\frame_t_0.ets,frame_t_0.ets,.ets,0,"C488, C561, C640",21,,335.30800219739973,338.30800219739973,ome_plane_position_z,
Z:\Brejtr\ActiveProjects\Microscopy\20251213\_6_2_PSI_24hod_9_Multichannel Z-Stack_20251213_320_\stack1\frame_t_0.ets,frame_t_0.ets,.ets,1,macro image,1,,,,unavailable,
Z:\Brejtr\ActiveProjects\Microscopy\20251213\_6_2_PSIHARMIN_24hod_10_Multichannel Z-Stack_20251213_331_\stack1\frame_t_0.ets,frame_t_0.ets,.ets,0,"C488, C561, C640",23,,354.9066776536654,358.20667765366545,ome_plane_position_z,
Z:\Brejtr\ActiveProjects\Microscopy\20251213\_6_2_PSIHARMIN_24hod_10_Multichannel Z-Stack_20251213_331_\stack1\frame_t_0.ets,frame_t_0.ets,.ets,1,macro image,1,,,,unavailable,
Z:\Brejtr\ActiveProjects\Microscopy\20251213\_6_2_PSIHARMIN_24hod_11_Multichannel Z-Stack_20251213_332_\stack1\frame_t_0.ets,frame_t_0.ets,.ets,0,"C488, C561, C640",30,,355.3521302569737,359.70213025697376,ome_plane_position_z,
Z:\Brejtr\ActiveProjects\Microscopy\20251213\_6_2_PSIHARMIN_24hod_11_Multichannel Z-Stack_20251213_332_\stack1\frame_t_0.ets,frame_t_0.ets,.ets,1,macro image,1,,,,unavailable,
Z:\Brejtr\ActiveProjects\Microscopy\20251213\_6_2_PSIHARMIN_24hod_1_Multichannel Z-Stack_20251213_322_\stack1\frame_t_0.ets,frame_t_0.ets,.ets,0,"C488, C561, C640",24,,337.45215467252643,340.9021546725264,ome_plane_position_z,
Z:\Brejtr\ActiveProjects\Microscopy\20251213\_6_2_PSIHARMIN_24hod_1_Multichannel Z-Stack_20251213_322_\stack1\frame_t_0.ets,frame_t_0.ets,.ets,1,macro image,1,,,,unavailable,
Z:\Brejtr\ActiveProjects\Microscopy\20251213\_6_2_PSIHARMIN_24hod_2_Multichannel Z-Stack_20251213_323_\stack1\frame_t_0.ets,frame_t_0.ets,.ets,0,"C488, C561, C640",28,,340.0566959653299,344.1066959653299,ome_plane_position_z,
Z:\Brejtr\ActiveProjects\Microscopy\20251213\_6_2_PSIHARMIN_24hod_2_Multichannel Z-Stack_20251213_323_\stack1\frame_t_0.ets,frame_t_0.ets,.ets,1,macro image,1,,,,unavailable,
Z:\Brejtr\ActiveProjects\Microscopy\20251213\_6_2_PSIHARMIN_24hod_3_Multichannel Z-Stack_20251213_324_\stack1\frame_t_0.ets,frame_t_0.ets,.ets,0,"C488, C561, C640",24,,342.1521485686382,345.6021485686382,ome_plane_position_z,
Z:\Brejtr\ActiveProjects\Microscopy\20251213\_6_2_PSIHARMIN_24hod_3_Multichannel Z-Stack_20251213_324_\stack1\frame_t_0.ets,frame_t_0.ets,.ets,1,macro image,1,,,,unavailable,
Z:\Brejtr\ActiveProjects\Microscopy\20251213\_6_2_PSIHARMIN_24hod_4_Multichannel Z-Stack_20251213_325_\stack1\frame_t_0.ets,frame_t_0.ets,.ets,0,"C488, C561, C640",23,,343.706042849295,347.006042849295,ome_plane_position_z,
Z:\Brejtr\ActiveProjects\Microscopy\20251213\_6_2_PSIHARMIN_24hod_4_Multichannel Z-Stack_20251213_325_\stack1\frame_t_0.ets,frame_t_0.ets,.ets,1,macro image,1,,,,unavailable,
Z:\Brejtr\ActiveProjects\Microscopy\20251213\_6_2_PSIHARMIN_24hod_5_Multichannel Z-Stack_20251213_326_\stack1\frame_t_0.ets,frame_t_0.ets,.ets,0,"C488, C561, C640",24,,345.0514954526033,348.5014954526033,ome_plane_position_z,
Z:\Brejtr\ActiveProjects\Microscopy\20251213\_6_2_PSIHARMIN_24hod_5_Multichannel Z-Stack_20251213_326_\stack1\frame_t_0.ets,frame_t_0.ets,.ets,1,macro image,1,,,,unavailable,
Z:\Brejtr\ActiveProjects\Microscopy\20251213\_6_2_PSIHARMIN_24hod_6_Multichannel Z-Stack_20251213_327_\stack1\frame_t_0.ets,frame_t_0.ets,.ets,0,"C488, C561, C640",32,,345.65214246475006,350.30214246475003,ome_plane_position_z,
Z:\Brejtr\ActiveProjects\Microscopy\20251213\_6_2_PSIHARMIN_24hod_6_Multichannel Z-Stack_20251213_327_\stack1\frame_t_0.ets,frame_t_0.ets,.ets,1,macro image,1,,,,unavailable,
Z:\Brejtr\ActiveProjects\Microscopy\20251213\_6_2_PSIHARMIN_24hod_7_Multichannel Z-Stack_20251213_328_\stack1\frame_t_0.ets,frame_t_0.ets,.ets,0,"C488, C561, C640",38,,348.35343648904353,353.90343648904354,ome_plane_position_z,
Z:\Brejtr\ActiveProjects\Microscopy\20251213\_6_2_PSIHARMIN_24hod_7_Multichannel Z-Stack_20251213_328_\stack1\frame_t_0.ets,frame_t_0.ets,.ets,1,macro image,1,,,,unavailable,
Z:\Brejtr\ActiveProjects\Microscopy\20251213\_6_2_PSIHARMIN_24hod_8_Multichannel Z-Stack_20251213_329_\stack1\frame_t_0.ets,frame_t_0.ets,.ets,0,"C488, C561, C640",29,,351.1073307697003,355.3073307697003,ome_plane_position_z,
Z:\Brejtr\ActiveProjects\Microscopy\20251213\_6_2_PSIHARMIN_24hod_8_Multichannel Z-Stack_20251213_329_\stack1\frame_t_0.ets,frame_t_0.ets,.ets,1,macro image,1,,,,unavailable,
Z:\Brejtr\ActiveProjects\Microscopy\20251213\_6_2_PSIHARMIN_24hod_9_Multichannel Z-Stack_20251213_330_\stack1\frame_t_0.ets,frame_t_0.ets,.ets,0,"C488, C561, C640",30,,352.4527833730086,356.8027833730086,ome_plane_position_z,
Z:\Brejtr\ActiveProjects\Microscopy\20251213\_6_2_PSIHARMIN_24hod_9_Multichannel Z-Stack_20251213_330_\stack1\frame_t_0.ets,frame_t_0.ets,.ets,1,macro image,1,,,,unavailable,
Z:\Brejtr\ActiveProjects\Microscopy\20251213\_6_3_PSY_24hod_10_Multichannel Z-Stack_20251213_342_\stack1\frame_t_0.ets,frame_t_0.ets,.ets,0,"C488, C561, C640",28,,238.98098272599648,243.30098272599645,ome_plane_position_z,
Z:\Brejtr\ActiveProjects\Microscopy\20251213\_6_3_PSY_24hod_10_Multichannel Z-Stack_20251213_342_\stack1\frame_t_0.ets,frame_t_0.ets,.ets,1,macro image,1,,,,unavailable,
Z:\Brejtr\ActiveProjects\Microscopy\20251213\_6_3_PSY_24hod_1_Multichannel Z-Stack_20251213_333_\stack1\frame_t_0.ets,frame_t_0.ets,.ets,0,"C488, C561, C640",21,,358.80797167795885,361.80797167795885,ome_plane_position_z,
Z:\Brejtr\ActiveProjects\Microscopy\20251213\_6_3_PSY_24hod_1_Multichannel Z-Stack_20251213_333_\stack1\frame_t_0.ets,frame_t_0.ets,.ets,1,macro image,1,,,,unavailable,
Z:\Brejtr\ActiveProjects\Microscopy\20251213\_6_3_PSY_24hod_2_Multichannel Z-Stack_20251213_334_\stack1\frame_t_0.ets,frame_t_0.ets,.ets,0,"C488, C561, C640",21,,359.90667154977723,362.90667154977723,ome_plane_position_z,
Z:\Brejtr\ActiveProjects\Microscopy\20251213\_6_3_PSY_24hod_2_Multichannel Z-Stack_20251213_334_\stack1\frame_t_0.ets,frame_t_0.ets,.ets,1,macro image,1,,,,unavailable,
Z:\Brejtr\ActiveProjects\Microscopy\20251213\_6_3_PSY_24hod_3_Multichannel Z-Stack_20251213_335_\stack1\frame_t_0.ets,frame_t_0.ets,.ets,0,"C488, C561, C640",24,,360.9521241530856,364.40212415308554,ome_plane_position_z,
Z:\Brejtr\ActiveProjects\Microscopy\20251213\_6_3_PSY_24hod_3_Multichannel Z-Stack_20251213_335_\stack1\frame_t_0.ets,frame_t_0.ets,.ets,1,macro image,1,,,,unavailable,
Z:\Brejtr\ActiveProjects\Microscopy\20251213\_6_3_PSY_24hod_4_Multichannel Z-Stack_20251213_336_\stack1\frame_t_0.ets,frame_t_0.ets,.ets,0,"C488, C561, C640",23,,362.50601843374227,365.8060184337423,ome_plane_position_z,
Z:\Brejtr\ActiveProjects\Microscopy\20251213\_6_3_PSY_24hod_4_Multichannel Z-Stack_20251213_336_\stack1\frame_t_0.ets,frame_t_0.ets,.ets,1,macro image,1,,,,unavailable,
Z:\Brejtr\ActiveProjects\Microscopy\20251213\_6_3_PSY_24hod_5_Multichannel Z-Stack_20251213_337_\stack1\frame_t_0.ets,frame_t_0.ets,.ets,0,"C488, C561, C640",22,,364.853418177379,368.003418177379,ome_plane_position_z,
Z:\Brejtr\ActiveProjects\Microscopy\20251213\_6_3_PSY_24hod_5_Multichannel Z-Stack_20251213_337_\stack1\frame_t_0.ets,frame_t_0.ets,.ets,1,macro image,1,,,,unavailable,
Z:\Brejtr\ActiveProjects\Microscopy\20251213\_6_3_PSY_24hod_6_Multichannel_20251213_338_\stack1\frame_t_0.ets,frame_t_0.ets,.ets,0,"C488, C561, C640",1,,365.98913507904535,365.98913507904535,ome_plane_position_z,
Z:\Brejtr\ActiveProjects\Microscopy\20251213\_6_3_PSY_24hod_6_Multichannel_20251213_338_\stack1\frame_t_0.ets,frame_t_0.ets,.ets,1,macro image,1,,,,unavailable,
Z:\Brejtr\ActiveProjects\Microscopy\20251213\_6_3_PSY_24hod_7_Multichannel Z-Stack_20251213_339_\stack1\frame_t_0.ets,frame_t_0.ets,.ets,0,"C488, C561, C640",28,,366.4560123298541,370.5060123298541,ome_plane_position_z,
Z:\Brejtr\ActiveProjects\Microscopy\20251213\_6_3_PSY_24hod_7_Multichannel Z-Stack_20251213_339_\stack1\frame_t_0.ets,frame_t_0.ets,.ets,1,macro image,1,,,,unavailable,
Z:\Brejtr\ActiveProjects\Microscopy\20251213\_6_3_PSY_24hod_8_Multichannel Z-Stack_20251213_340_\stack1\frame_t_0.ets,frame_t_0.ets,.ets,0,"C488, C561, C640",2,,233.90098882988465,238.60098882988464,ome_plane_position_z,
Z:\Brejtr\ActiveProjects\Microscopy\20251213\_6_3_PSY_24hod_8_Multichannel Z-Stack_20251213_340_\stack1\frame_t_0.ets,frame_t_0.ets,.ets,1,macro image,1,,,,unavailable,
Z:\Brejtr\ActiveProjects\Microscopy\20251213\_6_3_PSY_24hod_9_Multichannel Z-Stack_20251213_341_\stack1\frame_t_0.ets,frame_t_0.ets,.ets,0,"C488, C561, C640",27,,237.64553012268817,241.80553012268814,ome_plane_position_z,
Z:\Brejtr\ActiveProjects\Microscopy\20251213\_6_3_PSY_24hod_9_Multichannel Z-Stack_20251213_341_\stack1\frame_t_0.ets,frame_t_0.ets,.ets,1,macro image,1,,,,unavailable,
Z:\Brejtr\ActiveProjects\Microscopy\20251213\_6_3_PSYHARMIN_24hod_10_Multichannel Z-Stack_20251213_352_\stack1\frame_t_0.ets,frame_t_0.ets,.ets,0,"C488, C561, C640",29,,257.9261527192822,262.4061527192822,ome_plane_position_z,
Z:\Brejtr\ActiveProjects\Microscopy\20251213\_6_3_PSYHARMIN_24hod_10_Multichannel Z-Stack_20251213_352_\stack1\frame_t_0.ets,frame_t_0.ets,.ets,1,macro image,1,,,,unavailable,
Z:\Brejtr\ActiveProjects\Microscopy\20251213\_6_3_PSYHARMIN_24hod_1_Multichannel Z-Stack_20251213_343_\stack1\frame_t_0.ets,frame_t_0.ets,.ets,0,"C488, C561, C640",20,,241.2681242751633,244.30812427516327,ome_plane_position_z,
Z:\Brejtr\ActiveProjects\Microscopy\20251213\_6_3_PSYHARMIN_24hod_1_Multichannel Z-Stack_20251213_343_\stack1\frame_t_0.ets,frame_t_0.ets,.ets,1,macro image,1,,,,unavailable,
Z:\Brejtr\ActiveProjects\Microscopy\20251213\_6_3_PSYHARMIN_24hod_2_Multichannel Z-Stack_20251213_344_\stack1\frame_t_0.ets,frame_t_0.ets,.ets,0,"C488, C561, C640",27,,242.34552401879998,246.50552401879997,ome_plane_position_z,
Z:\Brejtr\ActiveProjects\Microscopy\20251213\_6_3_PSYHARMIN_24hod_2_Multichannel Z-Stack_20251213_344_\stack1\frame_t_0.ets,frame_t_0.ets,.ets,1,macro image,1,,,,unavailable,
Z:\Brejtr\ActiveProjects\Microscopy\20251213\_6_3_PSYHARMIN_24hod_3_Multichannel Z-Stack_20251213_345_\stack1\frame_t_0.ets,frame_t_0.ets,.ets,0,"C488, C561, C640",22,,244.64097662210827,248.00097662210828,ome_plane_position_z,
Z:\Brejtr\ActiveProjects\Microscopy\20251213\_6_3_PSYHARMIN_24hod_3_Multichannel Z-Stack_20251213_345_\stack1\frame_t_0.ets,frame_t_0.ets,.ets,1,macro image,1,,,,unavailable,
Z:\Brejtr\ActiveProjects\Microscopy\20251213\_6_3_PSYHARMIN_24hod_4_Multichannel Z-Stack_20251213_346_\stack1\frame_t_0.ets,frame_t_0.ets,.ets,0,"C488, C561, C640",29,,244.9248709027651,249.40487090276505,ome_plane_position_z,
Z:\Brejtr\ActiveProjects\Microscopy\20251213\_6_3_PSYHARMIN_24hod_4_Multichannel Z-Stack_20251213_346_\stack1\frame_t_0.ets,frame_t_0.ets,.ets,1,macro image,1,,,,unavailable,
Z:\Brejtr\ActiveProjects\Microscopy\20251213\_6_3_PSYHARMIN_24hod_5_Multichannel Z-Stack_20251213_347_\stack1\frame_t_0.ets,frame_t_0.ets,.ets,0,"C488, C561, C640",28,,246.58032350607337,250.90032350607336,ome_plane_position_z,
Z:\Brejtr\ActiveProjects\Microscopy\20251213\_6_3_PSYHARMIN_24hod_5_Multichannel Z-Stack_20251213_347_\stack1\frame_t_0.ets,frame_t_0.ets,.ets,1,macro image,1,,,,unavailable,
Z:\Brejtr\ActiveProjects\Microscopy\20251213\_6_3_PSYHARMIN_24hod_6_Multichannel Z-Stack_20251213_348_\stack1\frame_t_0.ets,frame_t_0.ets,.ets,0,"C488, C561, C640",32,,248.74811206738693,253.70811206738696,ome_plane_position_z,
Z:\Brejtr\ActiveProjects\Microscopy\20251213\_6_3_PSYHARMIN_24hod_6_Multichannel Z-Stack_20251213_348_\stack1\frame_t_0.ets,frame_t_0.ets,.ets,1,macro image,1,,,,unavailable,
Z:\Brejtr\ActiveProjects\Microscopy\20251213\_6_3_PSYHARMIN_24hod_7_Multichannel Z-Stack_20251213_349_\stack1\frame_t_0.ets,frame_t_0.ets,.ets,0,"C488, C561, C640",27,,251.83707013367516,255.99707013367515,ome_plane_position_z,
Z:\Brejtr\ActiveProjects\Microscopy\20251213\_6_3_PSYHARMIN_24hod_7_Multichannel Z-Stack_20251213_349_\stack1\frame_t_0.ets,frame_t_0.ets,.ets,1,macro image,1,,,,unavailable,
Z:\Brejtr\ActiveProjects\Microscopy\20251213\_6_3_PSYHARMIN_24hod_8_Multichannel Z-Stack_20251213_350_\stack1\frame_t_0.ets,frame_t_0.ets,.ets,0,"C488, C561, C640",22,,254.04096441433194,257.40096441433195,ome_plane_position_z,
Z:\Brejtr\ActiveProjects\Microscopy\20251213\_6_3_PSYHARMIN_24hod_8_Multichannel Z-Stack_20251213_350_\stack1\frame_t_0.ets,frame_t_0.ets,.ets,1,macro image,1,,,,unavailable,
Z:\Brejtr\ActiveProjects\Microscopy\20251213\_6_3_PSYHARMIN_24hod_9_Multichannel Z-Stack_20251213_351_\stack1\frame_t_0.ets,frame_t_0.ets,.ets,0,"C488, C561, C640",36,,254.30355856680708,259.9035585668071,ome_plane_position_z,
Z:\Brejtr\ActiveProjects\Microscopy\20251213\_6_3_PSYHARMIN_24hod_9_Multichannel Z-Stack_20251213_351_\stack1\frame_t_0.ets,frame_t_0.ets,.ets,1,macro image,1,,,,unavailable,
Z:\Brejtr\ActiveProjects\Microscopy\20251213\_6_4_NORPSI_24hod_10_Multichannel Z-Stack_20251213_362_\stack1\frame_t_0.ets,frame_t_0.ets,.ets,0,"C488, C561, C640",29,,279.6254751876945,284.10547518769454,ome_plane_position_z,
Z:\Brejtr\ActiveProjects\Microscopy\20251213\_6_4_NORPSI_24hod_10_Multichannel Z-Stack_20251213_362_\stack1\frame_t_0.ets,frame_t_0.ets,.ets,1,macro image,1,,,,unavailable,
Z:\Brejtr\ActiveProjects\Microscopy\20251213\_6_4_NORPSI_24hod_1_Multichannel Z-Stack_20251213_353_\stack1\frame_t_0.ets,frame_t_0.ets,.ets,0,"C488, C561, C640",28,,261.38225233473725,265.70225233473724,ome_plane_position_z,
Z:\Brejtr\ActiveProjects\Microscopy\20251213\_6_4_NORPSI_24hod_1_Multichannel Z-Stack_20251213_353_\stack1\frame_t_0.ets,frame_t_0.ets,.ets,1,macro image,1,,,,unavailable,
Z:\Brejtr\ActiveProjects\Microscopy\20251213\_6_4_NORPSI_24hod_2_Multichannel Z-Stack_20251213_354_\stack1\frame_t_0.ets,frame_t_0.ets,.ets,0,"C488, C561, C640",35,,260.96419947506564,266.40419947506564,ome_plane_position_z,
Z:\Brejtr\ActiveProjects\Microscopy\20251213\_6_4_NORPSI_24hod_2_Multichannel Z-Stack_20251213_354_\stack1\frame_t_0.ets,frame_t_0.ets,.ets,1,macro image,1,,,,unavailable,
Z:\Brejtr\ActiveProjects\Microscopy\20251213\_6_4_NORPSI_24hod_3_Multichannel Z-Stack_20251213_355_\stack1\frame_t_0.ets,frame_t_0.ets,.ets,0,"C488, C561, C640",21,,265.4015992187023,268.6015992187023,ome_plane_position_z,
Z:\Brejtr\ActiveProjects\Microscopy\20251213\_6_4_NORPSI_24hod_3_Multichannel Z-Stack_20251213_355_\stack1\frame_t_0.ets,frame_t_0.ets,.ets,1,macro image,1,,,,unavailable,
Z:\Brejtr\ActiveProjects\Microscopy\20251213\_6_4_NORPSI_24hod_4_Multichannel Z-Stack_20251213_356_\stack1\frame_t_0.ets,frame_t_0.ets,.ets,0,"C488, C561, C640",20,,267.66744063968747,270.7074406396875,ome_plane_position_z,
Z:\Brejtr\ActiveProjects\Microscopy\20251213\_6_4_NORPSI_24hod_4_Multichannel Z-Stack_20251213_356_\stack1\frame_t_0.ets,frame_t_0.ets,.ets,1,macro image,1,,,,unavailable,
Z:\Brejtr\ActiveProjects\Microscopy\20251213\_6_4_NORPSI_24hod_5_Multichannel Z-Stack_20251213_357_\stack1\frame_t_0.ets,frame_t_0.ets,.ets,0,"C488, C561, C640",41,,266.90159311481415,273.3015931148141,ome_plane_position_z,
Z:\Brejtr\ActiveProjects\Microscopy\20251213\_6_4_NORPSI_24hod_5_Multichannel Z-Stack_20251213_357_\stack1\frame_t_0.ets,frame_t_0.ets,.ets,1,macro image,1,,,,unavailable,
Z:\Brejtr\ActiveProjects\Microscopy\20251213\_6_4_NORPSI_24hod_6_Multichannel Z-Stack_20251213_358_\stack1\frame_t_0.ets,frame_t_0.ets,.ets,0,"C488, C561, C640",20,,272.3674345357993,275.4074345357993,ome_plane_position_z,
Z:\Brejtr\ActiveProjects\Microscopy\20251213\_6_4_NORPSI_24hod_6_Multichannel Z-Stack_20251213_358_\stack1\frame_t_0.ets,frame_t_0.ets,.ets,1,macro image,1,,,,unavailable,
Z:\Brejtr\ActiveProjects\Microscopy\20251213\_6_4_NORPSI_24hod_7_Multichannel Z-Stack_20251213_359_\stack1\frame_t_0.ets,frame_t_0.ets,.ets,0,"C488, C561, C640",22,,273.5428871391076,276.90288713910763,ome_plane_position_z,
Z:\Brejtr\ActiveProjects\Microscopy\20251213\_6_4_NORPSI_24hod_7_Multichannel Z-Stack_20251213_359_\stack1\frame_t_0.ets,frame_t_0.ets,.ets,1,macro image,1,,,,unavailable,
Z:\Brejtr\ActiveProjects\Microscopy\20251213\_6_4_NORPSI_24hod_8_Multichannel Z-Stack_20251213_360_\stack1\frame_t_0.ets,frame_t_0.ets,.ets,0,"C488, C561, C640",27,,275.9474284319111,280.1074284319111,ome_plane_position_z,
Z:\Brejtr\ActiveProjects\Microscopy\20251213\_6_4_NORPSI_24hod_8_Multichannel Z-Stack_20251213_360_\stack1\frame_t_0.ets,frame_t_0.ets,.ets,1,macro image,1,,,,unavailable,
Z:\Brejtr\ActiveProjects\Microscopy\20251213\_6_4_NORPSI_24hod_9_Multichannel Z-Stack_20251213_361_\stack1\frame_t_0.ets,frame_t_0.ets,.ets,0,"C488, C561, C640",28,,277.2828810352194,281.6028810352194,ome_plane_position_z,
Z:\Brejtr\ActiveProjects\Microscopy\20251213\_6_4_NORPSI_24hod_9_Multichannel Z-Stack_20251213_361_\stack1\frame_t_0.ets,frame_t_0.ets,.ets,1,macro image,1,,,,unavailable,
Z:\Brejtr\ActiveProjects\Microscopy\20251213\_6_4_NORPSIHARMIN_24hod_10_Multichannel Z-Stack_20251213_373_\stack1\frame_t_0.ets,frame_t_0.ets,.ets,0,"C488, C561, C640",27,,307.04673869254714,311.20673869254716,ome_plane_position_z,
Z:\Brejtr\ActiveProjects\Microscopy\20251213\_6_4_NORPSIHARMIN_24hod_10_Multichannel Z-Stack_20251213_373_\stack1\frame_t_0.ets,frame_t_0.ets,.ets,1,macro image,1,,,,unavailable,
Z:\Brejtr\ActiveProjects\Microscopy\20251213\_6_4_NORPSIHARMIN_24hod_1_Multichannel Z-Stack_20251213_363_\stack1\frame_t_0.ets,frame_t_0.ets,.ets,0,"C488, C561, C640",41,,280.2080693401697,286.60806934016966,ome_plane_position_z,
Z:\Brejtr\ActiveProjects\Microscopy\20251213\_6_4_NORPSIHARMIN_24hod_1_Multichannel Z-Stack_20251213_363_\stack1\frame_t_0.ets,frame_t_0.ets,.ets,1,macro image,1,,,,unavailable,
Z:\Brejtr\ActiveProjects\Microscopy\20251213\_6_4_NORPSIHARMIN_24hod_1A_Multichannel Z-Stack_20251213_364_\stack1\frame_t_0.ets,frame_t_0.ets,.ets,0,"C488, C561, C640",27,,284.6454690838063,288.8054690838064,ome_plane_position_z,
Z:\Brejtr\ActiveProjects\Microscopy\20251213\_6_4_NORPSIHARMIN_24hod_1A_Multichannel Z-Stack_20251213_364_\stack1\frame_t_0.ets,frame_t_0.ets,.ets,1,macro image,1,,,,unavailable,
Z:\Brejtr\ActiveProjects\Microscopy\20251213\_6_4_NORPSIHARMIN_24hod_2_Multichannel Z-Stack_20251213_365_\stack1\frame_t_0.ets,frame_t_0.ets,.ets,0,"C488, C561, C640",28,,286.9880632362815,291.3080632362815,ome_plane_position_z,
Z:\Brejtr\ActiveProjects\Microscopy\20251213\_6_4_NORPSIHARMIN_24hod_2_Multichannel Z-Stack_20251213_365_\stack1\frame_t_0.ets,frame_t_0.ets,.ets,1,macro image,1,,,,unavailable,
Z:\Brejtr\ActiveProjects\Microscopy\20251213\_6_4_NORPSIHARMIN_24hod_3_Multichannel Z-Stack_20251213_366_\stack1\frame_t_0.ets,frame_t_0.ets,.ets,0,"C488, C561, C640",27,,289.3454629799182,293.50546297991826,ome_plane_position_z,
Z:\Brejtr\ActiveProjects\Microscopy\20251213\_6_4_NORPSIHARMIN_24hod_3_Multichannel Z-Stack_20251213_366_\stack1\frame_t_0.ets,frame_t_0.ets,.ets,1,macro image,1,,,,unavailable,
Z:\Brejtr\ActiveProjects\Microscopy\20251213\_6_4_NORPSIHARMIN_24hod_4_Multichannel Z-Stack_20251213_367_\stack1\frame_t_0.ets,frame_t_0.ets,.ets,0,"C488, C561, C640",29,,291.52805713239326,296.00805713239333,ome_plane_position_z,
Z:\Brejtr\ActiveProjects\Microscopy\20251213\_6_4_NORPSIHARMIN_24hod_4_Multichannel Z-Stack_20251213_367_\stack1\frame_t_0.ets,frame_t_0.ets,.ets,1,macro image,1,,,,unavailable,
Z:\Brejtr\ActiveProjects\Microscopy\20251213\_6_4_NORPSIHARMIN_24hod_5_Multichannel Z-Stack_20251213_368_\stack1\frame_t_0.ets,frame_t_0.ets,.ets,0,"C488, C561, C640",34,,294.0241567478484,299.30415674784837,ome_plane_position_z,
Z:\Brejtr\ActiveProjects\Microscopy\20251213\_6_4_NORPSIHARMIN_24hod_5_Multichannel Z-Stack_20251213_368_\stack1\frame_t_0.ets,frame_t_0.ets,.ets,1,macro image,1,,,,unavailable,
Z:\Brejtr\ActiveProjects\Microscopy\20251213\_6_4_NORPSIHARMIN_24hod_6_Multichannel Z-Stack_20251213_369_\stack1\frame_t_0.ets,frame_t_0.ets,.ets,0,"C488, C561, C640",28,,298.2802563633034,302.6002563633034,ome_plane_position_z,
Z:\Brejtr\ActiveProjects\Microscopy\20251213\_6_4_NORPSIHARMIN_24hod_6_Multichannel Z-Stack_20251213_369_\stack1\frame_t_0.ets,frame_t_0.ets,.ets,1,macro image,1,,,,unavailable,
Z:\Brejtr\ActiveProjects\Microscopy\20251213\_6_4_NORPSIHARMIN_24hod_7_Multichannel Z-Stack_20251213_370_\stack1\frame_t_0.ets,frame_t_0.ets,.ets,0,"C488, C561, C640",36,,299.5028505157785,305.1028505157785,ome_plane_position_z,
Z:\Brejtr\ActiveProjects\Microscopy\20251213\_6_4_NORPSIHARMIN_24hod_7_Multichannel Z-Stack_20251213_370_\stack1\frame_t_0.ets,frame_t_0.ets,.ets,1,macro image,1,,,,unavailable,
Z:\Brejtr\ActiveProjects\Microscopy\20251213\_6_4_NORPSIHARMIN_24hod_8_Multichannel Z-Stack_20251213_371_\stack1\frame_t_0.ets,frame_t_0.ets,.ets,0,"C488, C561, C640",22,,303.14674479643526,306.5067447964353,ome_plane_position_z,
Z:\Brejtr\ActiveProjects\Microscopy\20251213\_6_4_NORPSIHARMIN_24hod_8_Multichannel Z-Stack_20251213_371_\stack1\frame_t_0.ets,frame_t_0.ets,.ets,1,macro image,1,,,,unavailable,
Z:\Brejtr\ActiveProjects\Microscopy\20251213\_6_4_NORPSIHARMIN_24hod_9_Multichannel Z-Stack_20251213_372_\stack1\frame_t_0.ets,frame_t_0.ets,.ets,0,"C488, C561, C640",29,,304.5293389489104,309.00933894891045,ome_plane_position_z,
Z:\Brejtr\ActiveProjects\Microscopy\20251213\_6_4_NORPSIHARMIN_24hod_9_Multichannel Z-Stack_20251213_372_\stack1\frame_t_0.ets,frame_t_0.ets,.ets,1,macro image,1,,,,unavailable,
Z:\Brejtr\ActiveProjects\Microscopy\20251213\_6_5_BAEO_24hod_10_Multichannel Z-Stack_20251213_383_\stack1\frame_t_0.ets,frame_t_0.ets,.ets,0,"C488, C561, C640",22,,327.34866141732283,330.70866141732284,ome_plane_position_z,
Z:\Brejtr\ActiveProjects\Microscopy\20251213\_6_5_BAEO_24hod_10_Multichannel Z-Stack_20251213_383_\stack1\frame_t_0.ets,frame_t_0.ets,.ets,1,macro image,1,,,,unavailable,
Z:\Brejtr\ActiveProjects\Microscopy\20251213\_6_5_BAEO_24hod_1_Multichannel Z-Stack_20251213_374_\stack1\frame_t_0.ets,frame_t_0.ets,.ets,0,"C488, C561, C640",35,,308.3608911676738,313.8008911676738,ome_plane_position_z,
Z:\Brejtr\ActiveProjects\Microscopy\20251213\_6_5_BAEO_24hod_1_Multichannel Z-Stack_20251213_374_\stack1\frame_t_0.ets,frame_t_0.ets,.ets,1,macro image,1,,,,unavailable,
Z:\Brejtr\ActiveProjects\Microscopy\20251213\_6_5_BAEO_24hod_2_Multichannel Z-Stack_20251213_375_\stack1\frame_t_0.ets,frame_t_0.ets,.ets,0,"C488, C561, C640",27,,311.746732588659,315.906732588659,ome_plane_position_z,
Z:\Brejtr\ActiveProjects\Microscopy\20251213\_6_5_BAEO_24hod_2_Multichannel Z-Stack_20251213_375_\stack1\frame_t_0.ets,frame_t_0.ets,.ets,1,macro image,1,,,,unavailable,
Z:\Brejtr\ActiveProjects\Microscopy\20251213\_6_5_BAEO_24hod_3_Multichannel Z-Stack_20251213_376_\stack1\frame_t_0.ets,frame_t_0.ets,.ets,0,"C488, C561, C640",28,,313.0821851919673,317.4021851919673,ome_plane_position_z,
Z:\Brejtr\ActiveProjects\Microscopy\20251213\_6_5_BAEO_24hod_3_Multichannel Z-Stack_20251213_376_\stack1\frame_t_0.ets,frame_t_0.ets,.ets,1,macro image,1,,,,unavailable,
Z:\Brejtr\ActiveProjects\Microscopy\20251213\_6_5_BAEO_24hod_4_Multichannel Z-Stack_20251213_377_\stack1\frame_t_0.ets,frame_t_0.ets,.ets,0,"C488, C561, C640",29,,315.4247793444424,319.90477934444243,ome_plane_position_z,
Z:\Brejtr\ActiveProjects\Microscopy\20251213\_6_5_BAEO_24hod_4_Multichannel Z-Stack_20251213_377_\stack1\frame_t_0.ets,frame_t_0.ets,.ets,1,macro image,1,,,,unavailable,
Z:\Brejtr\ActiveProjects\Microscopy\20251213\_6_5_BAEO_24hod_5_Multichannel Z-Stack_20251213_378_\stack1\frame_t_0.ets,frame_t_0.ets,.ets,0,"C488, C561, C640",29,,317.92737349691754,322.40737349691756,ome_plane_position_z,
Z:\Brejtr\ActiveProjects\Microscopy\20251213\_6_5_BAEO_24hod_5_Multichannel Z-Stack_20251213_378_\stack1\frame_t_0.ets,frame_t_0.ets,.ets,1,macro image,1,,,,unavailable,
Z:\Brejtr\ActiveProjects\Microscopy\20251213\_6_5_BAEO_24hod_6_Multichannel Z-Stack_20251213_379_\stack1\frame_t_0.ets,frame_t_0.ets,.ets,0,"C488, C561, C640",34,,318.62282610022595,323.90282610022587,ome_plane_position_z,
Z:\Brejtr\ActiveProjects\Microscopy\20251213\_6_5_BAEO_24hod_6_Multichannel Z-Stack_20251213_379_\stack1\frame_t_0.ets,frame_t_0.ets,.ets,1,macro image,1,,,,unavailable,
Z:\Brejtr\ActiveProjects\Microscopy\20251213\_6_5_BAEO_24hod_7_Multichannel Z-Stack_20251213_380_\stack1\frame_t_0.ets,frame_t_0.ets,.ets,0,"C488, C561, C640",22,,321.9467203808826,325.3067203808826,ome_plane_position_z,
Z:\Brejtr\ActiveProjects\Microscopy\20251213\_6_5_BAEO_24hod_7_Multichannel Z-Stack_20251213_380_\stack1\frame_t_0.ets,frame_t_0.ets,.ets,1,macro image,1,,,,unavailable,
Z:\Brejtr\ActiveProjects\Microscopy\20251213\_6_5_BAEO_24hod_8_Multichannel Z-Stack_20251213_381_\stack1\frame_t_0.ets,frame_t_0.ets,.ets,0,"C488, C561, C640",29,,323.3293145333577,327.80931453335774,ome_plane_position_z,
Z:\Brejtr\ActiveProjects\Microscopy\20251213\_6_5_BAEO_24hod_8_Multichannel Z-Stack_20251213_381_\stack1\frame_t_0.ets,frame_t_0.ets,.ets,1,macro image,1,,,,unavailable,
Z:\Brejtr\ActiveProjects\Microscopy\20251213\_6_5_BAEO_24hod_9_Multichannel Z-Stack_20251213_382_\stack1\frame_t_0.ets,frame_t_0.ets,.ets,0,"C488, C561, C640",34,,324.02476713666607,329.30476713666604,ome_plane_position_z,
Z:\Brejtr\ActiveProjects\Microscopy\20251213\_6_5_BAEO_24hod_9_Multichannel Z-Stack_20251213_382_\stack1\frame_t_0.ets,frame_t_0.ets,.ets,1,macro image,1,,,,unavailable,
Z:\Brejtr\ActiveProjects\Microscopy\20251213\_6_5_BAEOHARMIN_24hod_10_Multichannel Z-Stack_20251213_393_\stack1\frame_t_0.ets,frame_t_0.ets,.ets,0,"C488, C561, C640",34,,346.1208423365685,351.4008423365684,ome_plane_position_z,
Z:\Brejtr\ActiveProjects\Microscopy\20251213\_6_5_BAEOHARMIN_24hod_10_Multichannel Z-Stack_20251213_393_\stack1\frame_t_0.ets,frame_t_0.ets,.ets,1,macro image,1,,,,unavailable,
Z:\Brejtr\ActiveProjects\Microscopy\20251213\_6_5_BAEOHARMIN_24hod_1_Multichannel Z-Stack_20251213_384_\stack1\frame_t_0.ets,frame_t_0.ets,.ets,0,"C488, C561, C640",34,,328.7247610327779,334.0047610327779,ome_plane_position_z,
Z:\Brejtr\ActiveProjects\Microscopy\20251213\_6_5_BAEOHARMIN_24hod_1_Multichannel Z-Stack_20251213_384_\stack1\frame_t_0.ets,frame_t_0.ets,.ets,1,macro image,1,,,,unavailable,
Z:\Brejtr\ActiveProjects\Microscopy\20251213\_6_5_BAEOHARMIN_24hod_2_Multichannel Z-Stack_20251213_385_\stack1\frame_t_0.ets,frame_t_0.ets,.ets,0,"C488, C561, C640",22,,332.04865531343467,335.4086553134347,ome_plane_position_z,
Z:\Brejtr\ActiveProjects\Microscopy\20251213\_6_5_BAEOHARMIN_24hod_2_Multichannel Z-Stack_20251213_385_\stack1\frame_t_0.ets,frame_t_0.ets,.ets,1,macro image,1,,,,unavailable,
Z:\Brejtr\ActiveProjects\Microscopy\20251213\_6_5_BAEOHARMIN_24hod_3_Multichannel Z-Stack_20251213_386_\stack1\frame_t_0.ets,frame_t_0.ets,.ets,0,"C488, C561, C640",34,,333.4247549288898,338.7047549288897,ome_plane_position_z,
Z:\Brejtr\ActiveProjects\Microscopy\20251213\_6_5_BAEOHARMIN_24hod_3_Multichannel Z-Stack_20251213_386_\stack1\frame_t_0.ets,frame_t_0.ets,.ets,1,macro image,1,,,,unavailable,
Z:\Brejtr\ActiveProjects\Microscopy\20251213\_6_5_BAEOHARMIN_24hod_4_Multichannel Z-Stack_20251213_387_\stack1\frame_t_0.ets,frame_t_0.ets,.ets,0,"C488, C561, C640",28,,335.8802075321981,340.200207532198,ome_plane_position_z,
Z:\Brejtr\ActiveProjects\Microscopy\20251213\_6_5_BAEOHARMIN_24hod_4_Multichannel Z-Stack_20251213_387_\stack1\frame_t_0.ets,frame_t_0.ets,.ets,1,macro image,1,,,,unavailable,
Z:\Brejtr\ActiveProjects\Microscopy\20251213\_6_5_BAEOHARMIN_24hod_5_Multichannel Z-Stack_20251213_388_\stack1\frame_t_0.ets,frame_t_0.ets,.ets,0,"C488, C561, C640",29,,337.12410181285475,341.60410181285476,ome_plane_position_z,
Z:\Brejtr\ActiveProjects\Microscopy\20251213\_6_5_BAEOHARMIN_24hod_5_Multichannel Z-Stack_20251213_388_\stack1\frame_t_0.ets,frame_t_0.ets,.ets,1,macro image,1,,,,unavailable,
Z:\Brejtr\ActiveProjects\Microscopy\20251213\_6_5_BAEOHARMIN_24hod_6_Multichannel Z-Stack_20251213_389_\stack1\frame_t_0.ets,frame_t_0.ets,.ets,0,"C488, C561, C640",28,,338.6879960935116,343.00799609351157,ome_plane_position_z,
Z:\Brejtr\ActiveProjects\Microscopy\20251213\_6_5_BAEOHARMIN_24hod_6_Multichannel Z-Stack_20251213_389_\stack1\frame_t_0.ets,frame_t_0.ets,.ets,1,macro image,1,,,,unavailable,
Z:\Brejtr\ActiveProjects\Microscopy\20251213\_6_5_BAEOHARMIN_24hod_7_Multichannel Z-Stack_20251213_390_\stack1\frame_t_0.ets,frame_t_0.ets,.ets,0,"C488, C561, C640",34,,341.0240957089666,346.3040957089666,ome_plane_position_z,
Z:\Brejtr\ActiveProjects\Microscopy\20251213\_6_5_BAEOHARMIN_24hod_7_Multichannel Z-Stack_20251213_390_\stack1\frame_t_0.ets,frame_t_0.ets,.ets,1,macro image,1,,,,unavailable,
Z:\Brejtr\ActiveProjects\Microscopy\20251213\_6_5_BAEOHARMIN_24hod_8_Multichannel Z-Stack_20251213_391_\stack1\frame_t_0.ets,frame_t_0.ets,.ets,0,"C488, C561, C640",22,,344.3479899896234,347.70798998962346,ome_plane_position_z,
Z:\Brejtr\ActiveProjects\Microscopy\20251213\_6_5_BAEOHARMIN_24hod_8_Multichannel Z-Stack_20251213_391_\stack1\frame_t_0.ets,frame_t_0.ets,.ets,1,macro image,1,,,,unavailable,
Z:\Brejtr\ActiveProjects\Microscopy\20251213\_6_5_BAEOHARMIN_24hod_9_Multichannel Z-Stack_20251213_392_\stack1\frame_t_0.ets,frame_t_0.ets,.ets,0,"C488, C561, C640",27,,345.7453897332601,349.9053897332601,ome_plane_position_z,
Z:\Brejtr\ActiveProjects\Microscopy\20251213\_6_5_BAEOHARMIN_24hod_9_Multichannel Z-Stack_20251213_392_\stack1\frame_t_0.ets,frame_t_0.ets,.ets,1,macro image,1,,,,unavailable,
Z:\Brejtr\ActiveProjects\Microscopy\20251213\_6_6_AERUG_24hod_10_Multichannel Z-Stack_20251213_413_\stack1\frame_t_0.ets,frame_t_0.ets,.ets,0,"C488, C561, C640",26,,384.6650796557407,388.6650796557407,ome_plane_position_z,
Z:\Brejtr\ActiveProjects\Microscopy\20251213\_6_6_AERUG_24hod_10_Multichannel Z-Stack_20251213_413_\stack1\frame_t_0.ets,frame_t_0.ets,.ets,1,macro image,1,,,,unavailable,
Z:\Brejtr\ActiveProjects\Microscopy\20251213\_6_6_AERUG_24hod_1_Multichannel Z-Stack_20251213_404_\stack1\frame_t_0.ets,frame_t_0.ets,.ets,0,"C488, C561, C640",26,,368.5508148690716,372.5508148690716,ome_plane_position_z,
Z:\Brejtr\ActiveProjects\Microscopy\20251213\_6_6_AERUG_24hod_1_Multichannel Z-Stack_20251213_404_\stack1\frame_t_0.ets,frame_t_0.ets,.ets,1,macro image,1,,,,unavailable,
Z:\Brejtr\ActiveProjects\Microscopy\20251213\_6_6_AERUG_24hod_2_Multichannel Z-Stack_20251213_405_\stack1\frame_t_0.ets,frame_t_0.ets,.ets,0,"C488, C561, C640",27,,370.4050979674052,374.5650979674052,ome_plane_position_z,
Z:\Brejtr\ActiveProjects\Microscopy\20251213\_6_6_AERUG_24hod_2_Multichannel Z-Stack_20251213_405_\stack1\frame_t_0.ets,frame_t_0.ets,.ets,1,macro image,1,,,,unavailable,
Z:\Brejtr\ActiveProjects\Microscopy\20251213\_6_6_AERUG_24hod_3_Multichannel Z-Stack_20251213_406_\stack1\frame_t_0.ets,frame_t_0.ets,.ets,0,"C488, C561, C640",27,,372.41938106573883,376.57938106573886,ome_plane_position_z,
Z:\Brejtr\ActiveProjects\Microscopy\20251213\_6_6_AERUG_24hod_3_Multichannel Z-Stack_20251213_406_\stack1\frame_t_0.ets,frame_t_0.ets,.ets,1,macro image,1,,,,unavailable,
Z:\Brejtr\ActiveProjects\Microscopy\20251213\_6_6_AERUG_24hod_4_Multichannel Z-Stack_20251213_407_\stack1\frame_t_0.ets,frame_t_0.ets,.ets,0,"C488, C561, C640",45,,371.5536641640725,378.5936641640725,ome_plane_position_z,
Z:\Brejtr\ActiveProjects\Microscopy\20251213\_6_6_AERUG_24hod_4_Multichannel Z-Stack_20251213_407_\stack1\frame_t_0.ets,frame_t_0.ets,.ets,1,macro image,1,,,,unavailable,
Z:\Brejtr\ActiveProjects\Microscopy\20251213\_6_6_AERUG_24hod_5_Multichannel Z-Stack_20251213_408_\stack1\frame_t_0.ets,frame_t_0.ets,.ets,0,"C488, C561, C640",26,,375.6008057132393,379.6008057132393,ome_plane_position_z,
Z:\Brejtr\ActiveProjects\Microscopy\20251213\_6_6_AERUG_24hod_5_Multichannel Z-Stack_20251213_408_\stack1\frame_t_0.ets,frame_t_0.ets,.ets,1,macro image,1,,,,unavailable,
Z:\Brejtr\ActiveProjects\Microscopy\20251213\_6_6_AERUG_24hod_6_Multichannel Z-Stack_20251213_409_\stack1\frame_t_0.ets,frame_t_0.ets,.ets,0,"C488, C561, C640",27,,377.4550888115729,381.61508881157295,ome_plane_position_z,
Z:\Brejtr\ActiveProjects\Microscopy\20251213\_6_6_AERUG_24hod_6_Multichannel Z-Stack_20251213_409_\stack1\frame_t_0.ets,frame_t_0.ets,.ets,1,macro image,1,,,,unavailable,
Z:\Brejtr\ActiveProjects\Microscopy\20251213\_6_6_AERUG_24hod_7_Multichannel Z-Stack_20251213_410_\stack1\frame_t_0.ets,frame_t_0.ets,.ets,0,"C488, C561, C640",27,,379.46937190990656,383.6293719099066,ome_plane_position_z,
Z:\Brejtr\ActiveProjects\Microscopy\20251213\_6_6_AERUG_24hod_7_Multichannel Z-Stack_20251213_410_\stack1\frame_t_0.ets,frame_t_0.ets,.ets,1,macro image,1,,,,unavailable,
Z:\Brejtr\ActiveProjects\Microscopy\20251213\_6_6_AERUG_24hod_8_Multichannel Z-Stack_20251213_411_\stack1\frame_t_0.ets,frame_t_0.ets,.ets,0,"C488, C561, C640",39,,379.5636550082403,385.6436550082402,ome_plane_position_z,
Z:\Brejtr\ActiveProjects\Microscopy\20251213\_6_6_AERUG_24hod_8_Multichannel Z-Stack_20251213_411_\stack1\frame_t_0.ets,frame_t_0.ets,.ets,1,macro image,1,,,,unavailable,
Z:\Brejtr\ActiveProjects\Microscopy\20251213\_6_6_AERUG_24hod_9_Multichannel Z-Stack_20251213_412_\stack1\frame_t_0.ets,frame_t_0.ets,.ets,0,"C488, C561, C640",33,,382.5379381065739,387.6579381065739,ome_plane_position_z,
Z:\Brejtr\ActiveProjects\Microscopy\20251213\_6_6_AERUG_24hod_9_Multichannel Z-Stack_20251213_412_\stack1\frame_t_0.ets,frame_t_0.ets,.ets,1,macro image,1,,,,unavailable,
Z:\Brejtr\ActiveProjects\Microscopy\20251213\_6_6_NORBAEO_24hod_10_Multichannel Z-Stack_20251213_403_\stack1\frame_t_0.ets,frame_t_0.ets,.ets,0,"C488, C561, C640",27,,365.36939022157105,369.52939022157113,ome_plane_position_z,
Z:\Brejtr\ActiveProjects\Microscopy\20251213\_6_6_NORBAEO_24hod_10_Multichannel Z-Stack_20251213_403_\stack1\frame_t_0.ets,frame_t_0.ets,.ets,1,macro image,1,,,,unavailable,
Z:\Brejtr\ActiveProjects\Microscopy\20251213\_6_6_NORBAEO_24hod_1_Multichannel Z-Stack_20251213_394_\stack1\frame_t_0.ets,frame_t_0.ets,.ets,0,"C488, C561, C640",20,,350.4666837575535,353.50668375755356,ome_plane_position_z,
Z:\Brejtr\ActiveProjects\Microscopy\20251213\_6_6_NORBAEO_24hod_1_Multichannel Z-Stack_20251213_394_\stack1\frame_t_0.ets,frame_t_0.ets,.ets,1,macro image,1,,,,unavailable,
Z:\Brejtr\ActiveProjects\Microscopy\20251213\_6_6_NORBAEO_24hod_2_Multichannel Z-Stack_20251213_395_\stack1\frame_t_0.ets,frame_t_0.ets,.ets,0,"C488, C561, C640",22,,351.6421363608618,355.00213636086187,ome_plane_position_z,
Z:\Brejtr\ActiveProjects\Microscopy\20251213\_6_6_NORBAEO_24hod_2_Multichannel Z-Stack_20251213_395_\stack1\frame_t_0.ets,frame_t_0.ets,.ets,1,macro image,1,,,,unavailable,
Z:\Brejtr\ActiveProjects\Microscopy\20251213\_6_6_NORBAEO_24hod_3_Multichannel Z-Stack_20251213_396_\stack1\frame_t_0.ets,frame_t_0.ets,.ets,0,"C488, C561, C640",28,,352.0860306415187,356.40603064151867,ome_plane_position_z,
Z:\Brejtr\ActiveProjects\Microscopy\20251213\_6_6_NORBAEO_24hod_3_Multichannel Z-Stack_20251213_396_\stack1\frame_t_0.ets,frame_t_0.ets,.ets,1,macro image,1,,,,unavailable,
Z:\Brejtr\ActiveProjects\Microscopy\20251213\_6_6_NORBAEO_24hod_4_Multichannel Z-Stack_20251213_397_\stack1\frame_t_0.ets,frame_t_0.ets,.ets,0,"C488, C561, C640",23,,354.38148324482705,357.901483244827,ome_plane_position_z,
Z:\Brejtr\ActiveProjects\Microscopy\20251213\_6_6_NORBAEO_24hod_4_Multichannel Z-Stack_20251213_397_\stack1\frame_t_0.ets,frame_t_0.ets,.ets,1,macro image,1,,,,unavailable,
Z:\Brejtr\ActiveProjects\Microscopy\20251213\_6_6_NORBAEO_24hod_5_Multichannel Z-Stack_20251213_398_\stack1\frame_t_0.ets,frame_t_0.ets,.ets,0,"C488, C561, C640",35,,354.9640773973021,360.4040773973021,ome_plane_position_z,
Z:\Brejtr\ActiveProjects\Microscopy\20251213\_6_6_NORBAEO_24hod_5_Multichannel Z-Stack_20251213_398_\stack1\frame_t_0.ets,frame_t_0.ets,.ets,1,macro image,1,,,,unavailable,
Z:\Brejtr\ActiveProjects\Microscopy\20251213\_6_6_NORBAEO_24hod_6_Multichannel Z-Stack_20251213_399_\stack1\frame_t_0.ets,frame_t_0.ets,.ets,0,"C488, C561, C640",33,,358.30550204480255,363.42550204480256,ome_plane_position_z,
Z:\Brejtr\ActiveProjects\Microscopy\20251213\_6_6_NORBAEO_24hod_6_Multichannel Z-Stack_20251213_399_\stack1\frame_t_0.ets,frame_t_0.ets,.ets,1,macro image,1,,,,unavailable,
Z:\Brejtr\ActiveProjects\Microscopy\20251213\_6_6_NORBAEO_24hod_7_Multichannel Z-Stack_20251213_400_\stack1\frame_t_0.ets,frame_t_0.ets,.ets,0,"C488, C561, C640",27,,361.27978514313617,365.4397851431362,ome_plane_position_z,
Z:\Brejtr\ActiveProjects\Microscopy\20251213\_6_6_NORBAEO_24hod_7_Multichannel Z-Stack_20251213_400_\stack1\frame_t_0.ets,frame_t_0.ets,.ets,1,macro image,1,,,,unavailable,
Z:\Brejtr\ActiveProjects\Microscopy\20251213\_6_6_NORBAEO_24hod_8_Multichannel Z-Stack_20251213_401_\stack1\frame_t_0.ets,frame_t_0.ets,.ets,0,"C488, C561, C640",27,,362.3479655740706,366.5079655740707,ome_plane_position_z,
Z:\Brejtr\ActiveProjects\Microscopy\20251213\_6_6_NORBAEO_24hod_8_Multichannel Z-Stack_20251213_401_\stack1\frame_t_0.ets,frame_t_0.ets,.ets,1,macro image,1,,,,unavailable,
Z:\Brejtr\ActiveProjects\Microscopy\20251213\_6_6_NORBAEO_24hod_9_Multichannel Z-Stack_20251213_402_\stack1\frame_t_0.ets,frame_t_0.ets,.ets,0,"C488, C561, C640",32,,362.5551071232375,367.5151071232375,ome_plane_position_z,
Z:\Brejtr\ActiveProjects\Microscopy\20251213\_6_6_NORBAEO_24hod_9_Multichannel Z-Stack_20251213_402_\stack1\frame_t_0.ets,frame_t_0.ets,.ets,1,macro image,1,,,,unavailable,
Z:\Brejtr\ActiveProjects\Microscopy\20251213\_6_ORGANOID_KONTROLA_0HOD_1_Multichannel Z-Stack_20251213_496_\stack1\frame_t_0.ets,frame_t_0.ets,.ets,0,"C488, C561, C640",108,,462.1878190807544,479.3078190807544,ome_plane_position_z,
Z:\Brejtr\ActiveProjects\Microscopy\20251213\_6_ORGANOID_KONTROLA_0HOD_1_Multichannel Z-Stack_20251213_496_\stack1\frame_t_0.ets,frame_t_0.ets,.ets,1,macro image,1,,,,unavailable,
Z:\Brejtr\ActiveProjects\Microscopy\20251213\_6_ORGANOID_KONTROLA_0HOD_1_Multichannel Z-Stack_20251213_497_\stack1\frame_t_0.ets,frame_t_0.ets,.ets,0,"C488, C561, C640",61,,475.50651284868457,485.1065128486846,ome_plane_position_z,
Z:\Brejtr\ActiveProjects\Microscopy\20251213\_6_ORGANOID_KONTROLA_0HOD_1_Multichannel Z-Stack_20251213_497_\stack1\frame_t_0.ets,frame_t_0.ets,.ets,1,macro image,1,,,,unavailable,
Z:\Brejtr\ActiveProjects\Microscopy\20251219\7_1_HARMIN_24hod_10_Multichannel Z-Stack_20251219_517.vsi,7_1_HARMIN_24hod_10_Multichannel Z-Stack_20251219_517.vsi,.vsi,0,"C488, C561, C640",30,,309.7560855765122,314.1060855765122,ome_plane_position_z,
Z:\Brejtr\ActiveProjects\Microscopy\20251219\7_1_HARMIN_24hod_10_Multichannel Z-Stack_20251219_517.vsi,7_1_HARMIN_24hod_10_Multichannel Z-Stack_20251219_517.vsi,.vsi,1,macro image,1,,,,unavailable,
Z:\Brejtr\ActiveProjects\Microscopy\20251219\7_1_HARMIN_24hod_1_Multichannel Z-Stack_20251219_508.vsi,7_1_HARMIN_24hod_1_Multichannel Z-Stack_20251219_508.vsi,.vsi,0,"C488, C561, C640",26,,295.15740401635844,298.90740401635844,ome_plane_position_z,
Z:\Brejtr\ActiveProjects\Microscopy\20251219\7_1_HARMIN_24hod_1_Multichannel Z-Stack_20251219_508.vsi,7_1_HARMIN_24hod_1_Multichannel Z-Stack_20251219_508.vsi,.vsi,1,macro image,1,,,,unavailable,
Z:\Brejtr\ActiveProjects\Microscopy\20251219\7_1_HARMIN_24hod_2_Multichannel Z-Stack_20251219_509.vsi,7_1_HARMIN_24hod_2_Multichannel Z-Stack_20251219_509.vsi,.vsi,0,"C488, C561, C640",25,,296.89441494231824,300.4944149423183,ome_plane_position_z,
Z:\Brejtr\ActiveProjects\Microscopy\20251219\7_1_HARMIN_24hod_2_Multichannel Z-Stack_20251219_509.vsi,7_1_HARMIN_24hod_2_Multichannel Z-Stack_20251219_509.vsi,.vsi,1,macro image,1,,,,unavailable,
Z:\Brejtr\ActiveProjects\Microscopy\20251219\7_1_HARMIN_24hod_3_Multichannel Z-Stack_20251219_510.vsi,7_1_HARMIN_24hod_3_Multichannel Z-Stack_20251219_510.vsi,.vsi,0,"C488, C561, C640",29,,297.6067509003235,301.8067509003235,ome_plane_position_z,
Z:\Brejtr\ActiveProjects\Microscopy\20251219\7_1_HARMIN_24hod_3_Multichannel Z-Stack_20251219_510.vsi,7_1_HARMIN_24hod_3_Multichannel Z-Stack_20251219_510.vsi,.vsi,1,macro image,1,,,,unavailable,
Z:\Brejtr\ActiveProjects\Microscopy\20251219\7_1_HARMIN_24hod_4_Multichannel Z-Stack_20251219_511.vsi,7_1_HARMIN_24hod_4_Multichannel Z-Stack_20251219_511.vsi,.vsi,0,"C488, C561, C640",31,,299.8093450527986,304.3093450527986,ome_plane_position_z,
Z:\Brejtr\ActiveProjects\Microscopy\20251219\7_1_HARMIN_24hod_4_Multichannel Z-Stack_20251219_511.vsi,7_1_HARMIN_24hod_4_Multichannel Z-Stack_20251219_511.vsi,.vsi,1,macro image,1,,,,unavailable,
Z:\Brejtr\ActiveProjects\Microscopy\20251219\7_1_HARMIN_24hod_5_Multichannel Z-Stack_20251219_512.vsi,7_1_HARMIN_24hod_5_Multichannel Z-Stack_20251219_512.vsi,.vsi,0,"C488, C561, C640",30,,301.45479765610685,305.8047976561069,ome_plane_position_z,
Z:\Brejtr\ActiveProjects\Microscopy\20251219\7_1_HARMIN_24hod_5_Multichannel Z-Stack_20251219_512.vsi,7_1_HARMIN_24hod_5_Multichannel Z-Stack_20251219_512.vsi,.vsi,1,macro image,1,,,,unavailable,
Z:\Brejtr\ActiveProjects\Microscopy\20251219\7_1_HARMIN_24hod_6_Multichannel Z-Stack_20251219_513.vsi,7_1_HARMIN_24hod_6_Multichannel Z-Stack_20251219_513.vsi,.vsi,0,"C488, C561, C640",30,,302.95025025941516,307.30025025941524,ome_plane_position_z,
Z:\Brejtr\ActiveProjects\Microscopy\20251219\7_1_HARMIN_24hod_6_Multichannel Z-Stack_20251219_513.vsi,7_1_HARMIN_24hod_6_Multichannel Z-Stack_20251219_513.vsi,.vsi,1,macro image,1,,,,unavailable,
Z:\Brejtr\ActiveProjects\Microscopy\20251219\7_1_HARMIN_24hod_7_Multichannel Z-Stack_20251219_514.vsi,7_1_HARMIN_24hod_7_Multichannel Z-Stack_20251219_514.vsi,.vsi,0,"C488, C561, C640",30,,304.354144540072,308.70414454007204,ome_plane_position_z,
Z:\Brejtr\ActiveProjects\Microscopy\20251219\7_1_HARMIN_24hod_7_Multichannel Z-Stack_20251219_514.vsi,7_1_HARMIN_24hod_7_Multichannel Z-Stack_20251219_514.vsi,.vsi,1,macro image,1,,,,unavailable,
Z:\Brejtr\ActiveProjects\Microscopy\20251219\7_1_HARMIN_24hod_8_Multichannel Z-Stack_20251219_515.vsi,7_1_HARMIN_24hod_8_Multichannel Z-Stack_20251219_515.vsi,.vsi,0,"C488, C561, C640",37,,305.80673869254724,311.20673869254716,ome_plane_position_z,
Z:\Brejtr\ActiveProjects\Microscopy\20251219\7_1_HARMIN_24hod_8_Multichannel Z-Stack_20251219_515.vsi,7_1_HARMIN_24hod_8_Multichannel Z-Stack_20251219_515.vsi,.vsi,1,macro image,1,,,,unavailable,
Z:\Brejtr\ActiveProjects\Microscopy\20251219\7_1_HARMIN_24hod_9_Multichannel Z-Stack_20251219_516.vsi,7_1_HARMIN_24hod_9_Multichannel Z-Stack_20251219_516.vsi,.vsi,0,"C488, C561, C640",23,,309.3106329732039,312.6106329732039,ome_plane_position_z,
Z:\Brejtr\ActiveProjects\Microscopy\20251219\7_1_HARMIN_24hod_9_Multichannel Z-Stack_20251219_516.vsi,7_1_HARMIN_24hod_9_Multichannel Z-Stack_20251219_516.vsi,.vsi,1,macro image,1,,,,unavailable,
Z:\Brejtr\ActiveProjects\Microscopy\20251219\7_1_KONTROLA_24hod_10_Multichannel Z-Stack_20251219_507.vsi,7_1_KONTROLA_24hod_10_Multichannel Z-Stack_20251219_507.vsi,.vsi,0,"C488, C561, C640",23,,293.80675700421165,297.10675700421166,ome_plane_position_z,
Z:\Brejtr\ActiveProjects\Microscopy\20251219\7_1_KONTROLA_24hod_10_Multichannel Z-Stack_20251219_507.vsi,7_1_KONTROLA_24hod_10_Multichannel Z-Stack_20251219_507.vsi,.vsi,1,macro image,1,,,,unavailable,
Z:\Brejtr\ActiveProjects\Microscopy\20251219\7_1_KONTROLA_24hod_1_Multichannel Z-Stack_20251219_498.vsi,7_1_KONTROLA_24hod_1_Multichannel Z-Stack_20251219_498.vsi,.vsi,0,"C488, C561, C640",37,,278.40028077885614,283.8002807788561,ome_plane_position_z,
Z:\Brejtr\ActiveProjects\Microscopy\20251219\7_1_KONTROLA_24hod_1_Multichannel Z-Stack_20251219_498.vsi,7_1_KONTROLA_24hod_1_Multichannel Z-Stack_20251219_498.vsi,.vsi,1,macro image,1,,,,unavailable,
Z:\Brejtr\ActiveProjects\Microscopy\20251219\7_1_KONTROLA_24hod_2_Multichannel Z-Stack_20251219_499.vsi,7_1_KONTROLA_24hod_2_Multichannel Z-Stack_20251219_499.vsi,.vsi,0,"C488, C561, C640",22,,281.8405389733261,284.99053897332607,ome_plane_position_z,
Z:\Brejtr\ActiveProjects\Microscopy\20251219\7_1_KONTROLA_24hod_2_Multichannel Z-Stack_20251219_499.vsi,7_1_KONTROLA_24hod_2_Multichannel Z-Stack_20251219_499.vsi,.vsi,1,macro image,1,,,,unavailable,
Z:\Brejtr\ActiveProjects\Microscopy\20251219\7_1_KONTROLA_24hod_3_Multichannel Z-Stack_20251219_500.vsi,7_1_KONTROLA_24hod_3_Multichannel Z-Stack_20251219_500.vsi,.vsi,0,"C488, C561, C640",24,,283.0359915766344,286.4859915766344,ome_plane_position_z,
Z:\Brejtr\ActiveProjects\Microscopy\20251219\7_1_KONTROLA_24hod_3_Multichannel Z-Stack_20251219_500.vsi,7_1_KONTROLA_24hod_3_Multichannel Z-Stack_20251219_500.vsi,.vsi,1,macro image,1,,,,unavailable,
Z:\Brejtr\ActiveProjects\Microscopy\20251219\7_1_KONTROLA_24hod_4_Multichannel Z-Stack_20251219_501.vsi,7_1_KONTROLA_24hod_4_Multichannel Z-Stack_20251219_501.vsi,.vsi,0,"C488, C561, C640",28,,283.65676921198803,287.70676921198805,ome_plane_position_z,
Z:\Brejtr\ActiveProjects\Microscopy\20251219\7_1_KONTROLA_24hod_4_Multichannel Z-Stack_20251219_501.vsi,7_1_KONTROLA_24hod_4_Multichannel Z-Stack_20251219_501.vsi,.vsi,1,macro image,1,,,,unavailable,
Z:\Brejtr\ActiveProjects\Microscopy\20251219\7_1_KONTROLA_24hod_5_Multichannel Z-Stack_20251219_502.vsi,7_1_KONTROLA_24hod_5_Multichannel Z-Stack_20251219_502.vsi,.vsi,0,"C488, C561, C640",30,,284.85222181529633,289.20222181529635,ome_plane_position_z,
Z:\Brejtr\ActiveProjects\Microscopy\20251219\7_1_KONTROLA_24hod_5_Multichannel Z-Stack_20251219_502.vsi,7_1_KONTROLA_24hod_5_Multichannel Z-Stack_20251219_502.vsi,.vsi,1,macro image,1,,,,unavailable,
Z:\Brejtr\ActiveProjects\Microscopy\20251219\7_1_KONTROLA_24hod_6_Multichannel Z-Stack_20251219_503.vsi,7_1_KONTROLA_24hod_6_Multichannel Z-Stack_20251219_503.vsi,.vsi,0,"C488, C561, C640",23,,287.3061160959531,290.6061160959531,ome_plane_position_z,
Z:\Brejtr\ActiveProjects\Microscopy\20251219\7_1_KONTROLA_24hod_6_Multichannel Z-Stack_20251219_503.vsi,7_1_KONTROLA_24hod_6_Multichannel Z-Stack_20251219_503.vsi,.vsi,1,macro image,1,,,,unavailable,
Z:\Brejtr\ActiveProjects\Microscopy\20251219\7_1_KONTROLA_24hod_7_Multichannel Z-Stack_20251219_504.vsi,7_1_KONTROLA_24hod_7_Multichannel Z-Stack_20251219_504.vsi,.vsi,0,"C488, C561, C640",23,,288.71001037660983,292.0100103766099,ome_plane_position_z,
Z:\Brejtr\ActiveProjects\Microscopy\20251219\7_1_KONTROLA_24hod_7_Multichannel Z-Stack_20251219_504.vsi,7_1_KONTROLA_24hod_7_Multichannel Z-Stack_20251219_504.vsi,.vsi,1,macro image,1,,,,unavailable,
Z:\Brejtr\ActiveProjects\Microscopy\20251219\7_1_KONTROLA_24hod_8_Multichannel Z-Stack_20251219_505.vsi,7_1_KONTROLA_24hod_8_Multichannel Z-Stack_20251219_505.vsi,.vsi,0,"C488, C561, C640",22,,290.05026857107987,293.2002685710798,ome_plane_position_z,
Z:\Brejtr\ActiveProjects\Microscopy\20251219\7_1_KONTROLA_24hod_8_Multichannel Z-Stack_20251219_505.vsi,7_1_KONTROLA_24hod_8_Multichannel Z-Stack_20251219_505.vsi,.vsi,1,macro image,1,,,,unavailable,
Z:\Brejtr\ActiveProjects\Microscopy\20251219\7_1_KONTROLA_24hod_9_Multichannel Z-Stack_20251219_506.vsi,7_1_KONTROLA_24hod_9_Multichannel Z-Stack_20251219_506.vsi,.vsi,0,"C488, C561, C640",38,,290.1528627235549,295.7028627235549,ome_plane_position_z,
Z:\Brejtr\ActiveProjects\Microscopy\20251219\7_1_KONTROLA_24hod_9_Multichannel Z-Stack_20251219_506.vsi,7_1_KONTROLA_24hod_9_Multichannel Z-Stack_20251219_506.vsi,.vsi,1,macro image,1,,,,unavailable,
Z:\Brejtr\ActiveProjects\Microscopy\20251219\7_2_PSI_24hod_10_Multichannel Z-Stack_20251219_527.vsi,7_2_PSI_24hod_10_Multichannel Z-Stack_20251219_527.vsi,.vsi,0,"C488, C561, C640",23,,324.9060672648477,328.2060672648477,ome_plane_position_z,
Z:\Brejtr\ActiveProjects\Microscopy\20251219\7_2_PSI_24hod_10_Multichannel Z-Stack_20251219_527.vsi,7_2_PSI_24hod_10_Multichannel Z-Stack_20251219_527.vsi,.vsi,1,macro image,1,,,,unavailable,
Z:\Brejtr\ActiveProjects\Microscopy\20251219\7_2_PSI_24hod_1_Multichannel Z-Stack_20251219_518.vsi,7_2_PSI_24hod_1_Multichannel Z-Stack_20251219_518.vsi,.vsi,0,"C488, C561, C640",31,,311.1930965024721,315.6930965024721,ome_plane_position_z,
Z:\Brejtr\ActiveProjects\Microscopy\20251219\7_2_PSI_24hod_1_Multichannel Z-Stack_20251219_518.vsi,7_2_PSI_24hod_1_Multichannel Z-Stack_20251219_518.vsi,.vsi,1,macro image,1,,,,unavailable,
Z:\Brejtr\ActiveProjects\Microscopy\20251219\7_2_PSI_24hod_2_Multichannel Z-Stack_20251219_519.vsi,7_2_PSI_24hod_2_Multichannel Z-Stack_20251219_519.vsi,.vsi,0,"C488, C561, C640",29,,312.80543246047733,317.0054324604773,ome_plane_position_z,
Z:\Brejtr\ActiveProjects\Microscopy\20251219\7_2_PSI_24hod_2_Multichannel Z-Stack_20251219_519.vsi,7_2_PSI_24hod_2_Multichannel Z-Stack_20251219_519.vsi,.vsi,1,macro image,1,,,,unavailable,
Z:\Brejtr\ActiveProjects\Microscopy\20251219\7_2_PSI_24hod_3_Multichannel Z-Stack_20251219_520.vsi,7_2_PSI_24hod_3_Multichannel Z-Stack_20251219_520.vsi,.vsi,0,"C488, C561, C640",30,,314.15088506378555,318.50088506378563,ome_plane_position_z,
Z:\Brejtr\ActiveProjects\Microscopy\20251219\7_2_PSI_24hod_3_Multichannel Z-Stack_20251219_520.vsi,7_2_PSI_24hod_3_Multichannel Z-Stack_20251219_520.vsi,.vsi,1,macro image,1,,,,unavailable,
Z:\Brejtr\ActiveProjects\Microscopy\20251219\7_2_PSI_24hod_4_Multichannel Z-Stack_20251219_521.vsi,7_2_PSI_24hod_4_Multichannel Z-Stack_20251219_521.vsi,.vsi,0,"C488, C561, C640",21,,316.50802661295245,319.50802661295245,ome_plane_position_z,
Z:\Brejtr\ActiveProjects\Microscopy\20251219\7_2_PSI_24hod_4_Multichannel Z-Stack_20251219_521.vsi,7_2_PSI_24hod_4_Multichannel Z-Stack_20251219_521.vsi,.vsi,1,macro image,1,,,,unavailable,
Z:\Brejtr\ActiveProjects\Microscopy\20251219\7_2_PSI_24hod_5_Multichannel Z-Stack_20251219_522.vsi,7_2_PSI_24hod_5_Multichannel Z-Stack_20251219_522.vsi,.vsi,0,"C488, C561, C640",30,,316.6534792162607,321.00347921626076,ome_plane_position_z,
Z:\Brejtr\ActiveProjects\Microscopy\20251219\7_2_PSI_24hod_5_Multichannel Z-Stack_20251219_522.vsi,7_2_PSI_24hod_5_Multichannel Z-Stack_20251219_522.vsi,.vsi,1,macro image,1,,,,unavailable,
Z:\Brejtr\ActiveProjects\Microscopy\20251219\7_2_PSI_24hod_6_Multichannel Z-Stack_20251219_523.vsi,7_2_PSI_24hod_6_Multichannel Z-Stack_20251219_523.vsi,.vsi,0,"C488, C561, C640",29,,318.20737349691757,322.40737349691756,ome_plane_position_z,
Z:\Brejtr\ActiveProjects\Microscopy\20251219\7_2_PSI_24hod_6_Multichannel Z-Stack_20251219_523.vsi,7_2_PSI_24hod_6_Multichannel Z-Stack_20251219_523.vsi,.vsi,1,macro image,1,,,,unavailable,
Z:\Brejtr\ActiveProjects\Microscopy\20251219\7_2_PSI_24hod_7_Multichannel Z-Stack_20251219_524.vsi,7_2_PSI_24hod_7_Multichannel Z-Stack_20251219_524.vsi,.vsi,0,"C488, C561, C640",36,,318.65282610022587,323.90282610022587,ome_plane_position_z,
Z:\Brejtr\ActiveProjects\Microscopy\20251219\7_2_PSI_24hod_7_Multichannel Z-Stack_20251219_524.vsi,7_2_PSI_24hod_7_Multichannel Z-Stack_20251219_524.vsi,.vsi,1,macro image,1,,,,unavailable,
Z:\Brejtr\ActiveProjects\Microscopy\20251219\7_2_PSI_24hod_8_Multichannel Z-Stack_20251219_525.vsi,7_2_PSI_24hod_8_Multichannel Z-Stack_20251219_525.vsi,.vsi,0,"C488, C561, C640",29,,321.1067203808826,325.3067203808826,ome_plane_position_z,
Z:\Brejtr\ActiveProjects\Microscopy\20251219\7_2_PSI_24hod_8_Multichannel Z-Stack_20251219_525.vsi,7_2_PSI_24hod_8_Multichannel Z-Stack_20251219_525.vsi,.vsi,1,macro image,1,,,,unavailable,
Z:\Brejtr\ActiveProjects\Microscopy\20251219\7_2_PSI_24hod_9_Multichannel Z-Stack_20251219_526.vsi,7_2_PSI_24hod_9_Multichannel Z-Stack_20251219_526.vsi,.vsi,0,"C488, C561, C640",30,,322.45217298419084,326.8021729841909,ome_plane_position_z,
Z:\Brejtr\ActiveProjects\Microscopy\20251219\7_2_PSI_24hod_9_Multichannel Z-Stack_20251219_526.vsi,7_2_PSI_24hod_9_Multichannel Z-Stack_20251219_526.vsi,.vsi,1,macro image,1,,,,unavailable,
Z:\Brejtr\ActiveProjects\Microscopy\20251219\7_2_PSIHARMIN_24hod_10_Multichannel Z-Stack_20251219_537.vsi,7_2_PSIHARMIN_24hod_10_Multichannel Z-Stack_20251219_537.vsi,.vsi,0,"C488, C561, C640",30,,341.9540957089666,346.3040957089666,ome_plane_position_z,
Z:\Brejtr\ActiveProjects\Microscopy\20251219\7_2_PSIHARMIN_24hod_10_Multichannel Z-Stack_20251219_537.vsi,7_2_PSIHARMIN_24hod_10_Multichannel Z-Stack_20251219_537.vsi,.vsi,1,macro image,1,,,,unavailable,
Z:\Brejtr\ActiveProjects\Microscopy\20251219\7_2_PSIHARMIN_24hod_11_Multichannel Z-Stack_20251219_528.vsi,7_2_PSIHARMIN_24hod_11_Multichannel Z-Stack_20251219_528.vsi,.vsi,0,"C488, C561, C640",31,,325.29307819080753,329.79307819080753,ome_plane_position_z,
Z:\Brejtr\ActiveProjects\Microscopy\20251219\7_2_PSIHARMIN_24hod_11_Multichannel Z-Stack_20251219_528.vsi,7_2_PSIHARMIN_24hod_11_Multichannel Z-Stack_20251219_528.vsi,.vsi,1,macro image,1,,,,unavailable,
Z:\Brejtr\ActiveProjects\Microscopy\20251219\7_2_PSIHARMIN_24hod_2_Multichannel Z-Stack_20251219_529.vsi,7_2_PSIHARMIN_24hod_2_Multichannel Z-Stack_20251219_529.vsi,.vsi,0,"C488, C561, C640",29,,326.9054141488128,331.10541414881277,ome_plane_position_z,
Z:\Brejtr\ActiveProjects\Microscopy\20251219\7_2_PSIHARMIN_24hod_2_Multichannel Z-Stack_20251219_529.vsi,7_2_PSIHARMIN_24hod_2_Multichannel Z-Stack_20251219_529.vsi,.vsi,1,macro image,1,,,,unavailable,
Z:\Brejtr\ActiveProjects\Microscopy\20251219\7_2_PSIHARMIN_24hod_3_Multichannel Z-Stack_20251219_530.vsi,7_2_PSIHARMIN_24hod_3_Multichannel Z-Stack_20251219_530.vsi,.vsi,0,"C488, C561, C640",25,,329.0924250747726,332.69242507477264,ome_plane_position_z,
Z:\Brejtr\ActiveProjects\Microscopy\20251219\7_2_PSIHARMIN_24hod_3_Multichannel Z-Stack_20251219_530.vsi,7_2_PSIHARMIN_24hod_3_Multichannel Z-Stack_20251219_530.vsi,.vsi,1,macro image,1,,,,unavailable,
Z:\Brejtr\ActiveProjects\Microscopy\20251219\7_2_PSIHARMIN_24hod_4_Multichannel Z-Stack_20251219_531.vsi,7_2_PSIHARMIN_24hod_4_Multichannel Z-Stack_20251219_531.vsi,.vsi,0,"C488, C561, C640",23,,330.7047610327778,334.0047610327779,ome_plane_position_z,
Z:\Brejtr\ActiveProjects\Microscopy\20251219\7_2_PSIHARMIN_24hod_4_Multichannel Z-Stack_20251219_531.vsi,7_2_PSIHARMIN_24hod_4_Multichannel Z-Stack_20251219_531.vsi,.vsi,1,macro image,1,,,,unavailable,
Z:\Brejtr\ActiveProjects\Microscopy\20251219\7_2_PSIHARMIN_24hod_5_Multichannel Z-Stack_20251219_532.vsi,7_2_PSIHARMIN_24hod_5_Multichannel Z-Stack_20251219_532.vsi,.vsi,0,"C488, C561, C640",30,,331.1502136360861,335.5002136360862,ome_plane_position_z,
Z:\Brejtr\ActiveProjects\Microscopy\20251219\7_2_PSIHARMIN_24hod_5_Multichannel Z-Stack_20251219_532.vsi,7_2_PSIHARMIN_24hod_5_Multichannel Z-Stack_20251219_532.vsi,.vsi,1,macro image,1,,,,unavailable,
Z:\Brejtr\ActiveProjects\Microscopy\20251219\7_2_PSIHARMIN_24hod_6_Multichannel Z-Stack_20251219_533.vsi,7_2_PSIHARMIN_24hod_6_Multichannel Z-Stack_20251219_533.vsi,.vsi,0,"C488, C561, C640",22,,333.54047183055616,336.6904718305561,ome_plane_position_z,
Z:\Brejtr\ActiveProjects\Microscopy\20251219\7_2_PSIHARMIN_24hod_6_Multichannel Z-Stack_20251219_533.vsi,7_2_PSIHARMIN_24hod_6_Multichannel Z-Stack_20251219_533.vsi,.vsi,1,macro image,1,,,,unavailable,
Z:\Brejtr\ActiveProjects\Microscopy\20251219\7_2_PSIHARMIN_24hod_7_Multichannel Z-Stack_20251219_534.vsi,7_2_PSIHARMIN_24hod_7_Multichannel Z-Stack_20251219_534.vsi,.vsi,0,"C488, C561, C640",29,,333.8028077885613,338.0028077885613,ome_plane_position_z,
Z:\Brejtr\ActiveProjects\Microscopy\20251219\7_2_PSIHARMIN_24hod_7_Multichannel Z-Stack_20251219_534.vsi,7_2_PSIHARMIN_24hod_7_Multichannel Z-Stack_20251219_534.vsi,.vsi,1,macro image,1,,,,unavailable,
Z:\Brejtr\ActiveProjects\Microscopy\20251219\7_2_PSIHARMIN_24hod_8_Multichannel Z-Stack_20251219_535.vsi,7_2_PSIHARMIN_24hod_8_Multichannel Z-Stack_20251219_535.vsi,.vsi,0,"C488, C561, C640",29,,338.1060489531832,342.30604895318316,ome_plane_position_z,
Z:\Brejtr\ActiveProjects\Microscopy\20251219\7_2_PSIHARMIN_24hod_8_Multichannel Z-Stack_20251219_535.vsi,7_2_PSIHARMIN_24hod_8_Multichannel Z-Stack_20251219_535.vsi,.vsi,1,macro image,1,,,,unavailable,
Z:\Brejtr\ActiveProjects\Microscopy\20251219\7_2_PSIHARMIN_24hod_9_Multichannel Z-Stack_20251219_536.vsi,7_2_PSIHARMIN_24hod_9_Multichannel Z-Stack_20251219_536.vsi,.vsi,0,"C488, C561, C640",30,,340.55020142830983,344.90020142830986,ome_plane_position_z,
Z:\Brejtr\ActiveProjects\Microscopy\20251219\7_2_PSIHARMIN_24hod_9_Multichannel Z-Stack_20251219_536.vsi,7_2_PSIHARMIN_24hod_9_Multichannel Z-Stack_20251219_536.vsi,.vsi,1,macro image,1,,,,unavailable,
Z:\Brejtr\ActiveProjects\Microscopy\20251219\7_3_PSY_24hod_10_Multichannel Z-Stack_20251219_547.vsi,7_3_PSY_24hod_10_Multichannel Z-Stack_20251219_547.vsi,.vsi,0,"C488, C561, C640",37,,360.1008240249039,365.50082402490386,ome_plane_position_z,
Z:\Brejtr\ActiveProjects\Microscopy\20251219\7_3_PSY_24hod_10_Multichannel Z-Stack_20251219_547.vsi,7_3_PSY_24hod_10_Multichannel Z-Stack_20251219_547.vsi,.vsi,1,macro image,1,,,,unavailable,
Z:\Brejtr\ActiveProjects\Microscopy\20251219\7_3_PSY_24hod_1_Multichannel Z-Stack_20251219_538.vsi,7_3_PSY_24hod_1_Multichannel Z-Stack_20251219_538.vsi,.vsi,0,"C488, C561, C640",31,,344.3066898614417,348.8066898614417,ome_plane_position_z,
Z:\Brejtr\ActiveProjects\Microscopy\20251219\7_3_PSY_24hod_1_Multichannel Z-Stack_20251219_538.vsi,7_3_PSY_24hod_1_Multichannel Z-Stack_20251219_538.vsi,.vsi,1,macro image,1,,,,unavailable,
Z:\Brejtr\ActiveProjects\Microscopy\20251219\7_3_PSY_24hod_2_Multichannel Z-Stack_20251219_539.vsi,7_3_PSY_24hod_2_Multichannel Z-Stack_20251219_539.vsi,.vsi,0,"C488, C561, C640",30,,345.95214246475,350.30214246475003,ome_plane_position_z,
Z:\Brejtr\ActiveProjects\Microscopy\20251219\7_3_PSY_24hod_2_Multichannel Z-Stack_20251219_539.vsi,7_3_PSY_24hod_2_Multichannel Z-Stack_20251219_539.vsi,.vsi,1,macro image,1,,,,unavailable,
Z:\Brejtr\ActiveProjects\Microscopy\20251219\7_3_PSY_24hod_3_Multichannel Z-Stack_20251219_540.vsi,7_3_PSY_24hod_3_Multichannel Z-Stack_20251219_540.vsi,.vsi,0,"C488, C561, C640",23,,348.4060367454068,351.7060367454069,ome_plane_position_z,
Z:\Brejtr\ActiveProjects\Microscopy\20251219\7_3_PSY_24hod_3_Multichannel Z-Stack_20251219_540.vsi,7_3_PSY_24hod_3_Multichannel Z-Stack_20251219_540.vsi,.vsi,1,macro image,1,,,,unavailable,
Z:\Brejtr\ActiveProjects\Microscopy\20251219\7_3_PSY_24hod_4_Multichannel Z-Stack_20251219_541.vsi,7_3_PSY_24hod_4_Multichannel Z-Stack_20251219_541.vsi,.vsi,0,"C488, C561, C640",31,,349.708630897882,354.208630897882,ome_plane_position_z,
Z:\Brejtr\ActiveProjects\Microscopy\20251219\7_3_PSY_24hod_4_Multichannel Z-Stack_20251219_541.vsi,7_3_PSY_24hod_4_Multichannel Z-Stack_20251219_541.vsi,.vsi,1,macro image,1,,,,unavailable,
Z:\Brejtr\ActiveProjects\Microscopy\20251219\7_3_PSY_24hod_5_Multichannel Z-Stack_20251219_542.vsi,7_3_PSY_24hod_5_Multichannel Z-Stack_20251219_542.vsi,.vsi,0,"C488, C561, C640",29,,352.20603064151874,356.40603064151867,ome_plane_position_z,
Z:\Brejtr\ActiveProjects\Microscopy\20251219\7_3_PSY_24hod_5_Multichannel Z-Stack_20251219_542.vsi,7_3_PSY_24hod_5_Multichannel Z-Stack_20251219_542.vsi,.vsi,1,macro image,1,,,,unavailable,
Z:\Brejtr\ActiveProjects\Microscopy\20251219\7_3_PSY_24hod_6_Multichannel Z-Stack_20251219_543.vsi,7_3_PSY_24hod_6_Multichannel Z-Stack_20251219_543.vsi,.vsi,0,"C488, C561, C640",37,,353.6001831166453,359.0001831166453,ome_plane_position_z,
Z:\Brejtr\ActiveProjects\Microscopy\20251219\7_3_PSY_24hod_6_Multichannel Z-Stack_20251219_543.vsi,7_3_PSY_24hod_6_Multichannel Z-Stack_20251219_543.vsi,.vsi,1,macro image,1,,,,unavailable,
Z:\Brejtr\ActiveProjects\Microscopy\20251219\7_3_PSY_24hod_7_Multichannel Z-Stack_20251219_544.vsi,7_3_PSY_24hod_7_Multichannel Z-Stack_20251219_544.vsi,.vsi,0,"C488, C561, C640",30,,356.0540773973021,360.4040773973021,ome_plane_position_z,
Z:\Brejtr\ActiveProjects\Microscopy\20251219\7_3_PSY_24hod_7_Multichannel Z-Stack_20251219_544.vsi,7_3_PSY_24hod_7_Multichannel Z-Stack_20251219_544.vsi,.vsi,1,macro image,1,,,,unavailable,
Z:\Brejtr\ActiveProjects\Microscopy\20251219\7_3_PSY_24hod_8_Multichannel Z-Stack_20251219_545.vsi,7_3_PSY_24hod_8_Multichannel Z-Stack_20251219_545.vsi,.vsi,0,"C488, C561, C640",23,,358.50797167795884,361.80797167795885,ome_plane_position_z,
Z:\Brejtr\ActiveProjects\Microscopy\20251219\7_3_PSY_24hod_8_Multichannel Z-Stack_20251219_545.vsi,7_3_PSY_24hod_8_Multichannel Z-Stack_20251219_545.vsi,.vsi,1,macro image,1,,,,unavailable,
Z:\Brejtr\ActiveProjects\Microscopy\20251219\7_3_PSY_24hod_9_Multichannel Z-Stack_20251219_546.vsi,7_3_PSY_24hod_9_Multichannel Z-Stack_20251219_546.vsi,.vsi,0,"C488, C561, C640",21,,359.90667154977723,362.90667154977723,ome_plane_position_z,
Z:\Brejtr\ActiveProjects\Microscopy\20251219\7_3_PSY_24hod_9_Multichannel Z-Stack_20251219_546.vsi,7_3_PSY_24hod_9_Multichannel Z-Stack_20251219_546.vsi,.vsi,1,macro image,1,,,,unavailable,
Z:\Brejtr\ActiveProjects\Microscopy\20251219\7_3_PSYHARMIN_24hod_10_Multichannel Z-Stack_20251219_557.vsi,7_3_PSYHARMIN_24hod_10_Multichannel Z-Stack_20251219_557.vsi,.vsi,0,"C488, C561, C640",36,,377.9520997375329,383.2020997375329,ome_plane_position_z,
Z:\Brejtr\ActiveProjects\Microscopy\20251219\7_3_PSYHARMIN_24hod_10_Multichannel Z-Stack_20251219_557.vsi,7_3_PSYHARMIN_24hod_10_Multichannel Z-Stack_20251219_557.vsi,.vsi,1,macro image,1,,,,unavailable,
Z:\Brejtr\ActiveProjects\Microscopy\20251219\7_3_PSYHARMIN_24hod_1_Multichannel Z-Stack_20251219_548.vsi,7_3_PSYHARMIN_24hod_1_Multichannel Z-Stack_20251219_548.vsi,.vsi,0,"C488, C561, C640",30,,362.55471830556064,366.90471830556066,ome_plane_position_z,
Z:\Brejtr\ActiveProjects\Microscopy\20251219\7_3_PSYHARMIN_24hod_1_Multichannel Z-Stack_20251219_548.vsi,7_3_PSYHARMIN_24hod_1_Multichannel Z-Stack_20251219_548.vsi,.vsi,1,macro image,1,,,,unavailable,
Z:\Brejtr\ActiveProjects\Microscopy\20251219\7_3_PSYHARMIN_24hod_2_Multichannel Z-Stack_20251219_549.vsi,7_3_PSYHARMIN_24hod_2_Multichannel Z-Stack_20251219_549.vsi,.vsi,0,"C488, C561, C640",37,,364.00731245803587,369.4073124580358,ome_plane_position_z,
Z:\Brejtr\ActiveProjects\Microscopy\20251219\7_3_PSYHARMIN_24hod_2_Multichannel Z-Stack_20251219_549.vsi,7_3_PSYHARMIN_24hod_2_Multichannel Z-Stack_20251219_549.vsi,.vsi,1,macro image,1,,,,unavailable,
Z:\Brejtr\ActiveProjects\Microscopy\20251219\7_3_PSYHARMIN_24hod_3_Multichannel Z-Stack_20251219_550.vsi,7_3_PSYHARMIN_24hod_3_Multichannel Z-Stack_20251219_550.vsi,.vsi,0,"C488, C561, C640",36,,365.6527650613441,370.9027650613441,ome_plane_position_z,
Z:\Brejtr\ActiveProjects\Microscopy\20251219\7_3_PSYHARMIN_24hod_3_Multichannel Z-Stack_20251219_550.vsi,7_3_PSYHARMIN_24hod_3_Multichannel Z-Stack_20251219_550.vsi,.vsi,1,macro image,1,,,,unavailable,
Z:\Brejtr\ActiveProjects\Microscopy\20251219\7_3_PSYHARMIN_24hod_4_Multichannel Z-Stack_20251219_551.vsi,7_3_PSYHARMIN_24hod_4_Multichannel Z-Stack_20251219_551.vsi,.vsi,0,"C488, C561, C640",35,,367.2066593420008,372.30665934200084,ome_plane_position_z,
Z:\Brejtr\ActiveProjects\Microscopy\20251219\7_3_PSYHARMIN_24hod_4_Multichannel Z-Stack_20251219_551.vsi,7_3_PSYHARMIN_24hod_4_Multichannel Z-Stack_20251219_551.vsi,.vsi,1,macro image,1,,,,unavailable,
Z:\Brejtr\ActiveProjects\Microscopy\20251219\7_3_PSYHARMIN_24hod_5_Multichannel Z-Stack_20251219_552.vsi,7_3_PSYHARMIN_24hod_5_Multichannel Z-Stack_20251219_552.vsi,.vsi,0,"C488, C561, C640",37,,369.5008118171276,374.90081181712753,ome_plane_position_z,
Z:\Brejtr\ActiveProjects\Microscopy\20251219\7_3_PSYHARMIN_24hod_5_Multichannel Z-Stack_20251219_552.vsi,7_3_PSYHARMIN_24hod_5_Multichannel Z-Stack_20251219_552.vsi,.vsi,1,macro image,1,,,,unavailable,
Z:\Brejtr\ActiveProjects\Microscopy\20251219\7_3_PSYHARMIN_24hod_6_Multichannel Z-Stack_20251219_553.vsi,7_3_PSYHARMIN_24hod_6_Multichannel Z-Stack_20251219_553.vsi,.vsi,0,"C488, C561, C640",30,,371.95470609778425,376.3047060977843,ome_plane_position_z,
Z:\Brejtr\ActiveProjects\Microscopy\20251219\7_3_PSYHARMIN_24hod_6_Multichannel Z-Stack_20251219_553.vsi,7_3_PSYHARMIN_24hod_6_Multichannel Z-Stack_20251219_553.vsi,.vsi,1,macro image,1,,,,unavailable,
Z:\Brejtr\ActiveProjects\Microscopy\20251219\7_3_PSYHARMIN_24hod_7_Multichannel Z-Stack_20251219_554.vsi,7_3_PSYHARMIN_24hod_7_Multichannel Z-Stack_20251219_554.vsi,.vsi,0,"C488, C561, C640",30,,373.45015870109256,377.8001587010926,ome_plane_position_z,
Z:\Brejtr\ActiveProjects\Microscopy\20251219\7_3_PSYHARMIN_24hod_7_Multichannel Z-Stack_20251219_554.vsi,7_3_PSYHARMIN_24hod_7_Multichannel Z-Stack_20251219_554.vsi,.vsi,1,macro image,1,,,,unavailable,
Z:\Brejtr\ActiveProjects\Microscopy\20251219\7_3_PSYHARMIN_24hod_8_Multichannel Z-Stack_20251219_555.vsi,7_3_PSYHARMIN_24hod_8_Multichannel Z-Stack_20251219_555.vsi,.vsi,0,"C488, C561, C640",30,,374.85405298174936,379.20405298174944,ome_plane_position_z,
Z:\Brejtr\ActiveProjects\Microscopy\20251219\7_3_PSYHARMIN_24hod_8_Multichannel Z-Stack_20251219_555.vsi,7_3_PSYHARMIN_24hod_8_Multichannel Z-Stack_20251219_555.vsi,.vsi,1,macro image,1,,,,unavailable,
Z:\Brejtr\ActiveProjects\Microscopy\20251219\7_3_PSYHARMIN_24hod_9_Multichannel Z-Stack_20251219_556.vsi,7_3_PSYHARMIN_24hod_9_Multichannel Z-Stack_20251219_556.vsi,.vsi,0,"C488, C561, C640",43,,375.4066471342245,381.70664713422457,ome_plane_position_z,
Z:\Brejtr\ActiveProjects\Microscopy\20251219\7_3_PSYHARMIN_24hod_9_Multichannel Z-Stack_20251219_556.vsi,7_3_PSYHARMIN_24hod_9_Multichannel Z-Stack_20251219_556.vsi,.vsi,1,macro image,1,,,,unavailable,
Z:\Brejtr\ActiveProjects\Microscopy\20251219\7_4_NORPSI_24hod_10_Multichannel Z-Stack_20251219_567.vsi,7_4_NORPSI_24hod_10_Multichannel Z-Stack_20251219_567.vsi,.vsi,0,"C488, C561, C640",23,,398.6105169993286,401.9105169993286,ome_plane_position_z,
Z:\Brejtr\ActiveProjects\Microscopy\20251219\7_4_NORPSI_24hod_10_Multichannel Z-Stack_20251219_567.vsi,7_4_NORPSI_24hod_10_Multichannel Z-Stack_20251219_567.vsi,.vsi,1,macro image,1,,,,unavailable,
Z:\Brejtr\ActiveProjects\Microscopy\20251219\7_4_NORPSI_24hod_1_Multichannel Z-Stack_20251219_558.vsi,7_4_NORPSI_24hod_1_Multichannel Z-Stack_20251219_558.vsi,.vsi,0,"C488, C561, C640",29,,380.4059940181896,384.60599401818956,ome_plane_position_z,
Z:\Brejtr\ActiveProjects\Microscopy\20251219\7_4_NORPSI_24hod_1_Multichannel Z-Stack_20251219_558.vsi,7_4_NORPSI_24hod_1_Multichannel Z-Stack_20251219_558.vsi,.vsi,1,macro image,1,,,,unavailable,
Z:\Brejtr\ActiveProjects\Microscopy\20251219\7_4_NORPSI_24hod_2_Multichannel Z-Stack_20251219_559.vsi,7_4_NORPSI_24hod_2_Multichannel Z-Stack_20251219_559.vsi,.vsi,0,"C488, C561, C640",37,,381.80014649331633,387.2001464933163,ome_plane_position_z,
Z:\Brejtr\ActiveProjects\Microscopy\20251219\7_4_NORPSI_24hod_2_Multichannel Z-Stack_20251219_559.vsi,7_4_NORPSI_24hod_2_Multichannel Z-Stack_20251219_559.vsi,.vsi,1,macro image,1,,,,unavailable,
Z:\Brejtr\ActiveProjects\Microscopy\20251219\7_4_NORPSI_24hod_3_Multichannel Z-Stack_20251219_560.vsi,7_4_NORPSI_24hod_3_Multichannel Z-Stack_20251219_560.vsi,.vsi,0,"C488, C561, C640",30,,384.254040773973,388.604040773973,ome_plane_position_z,
Z:\Brejtr\ActiveProjects\Microscopy\20251219\7_4_NORPSI_24hod_3_Multichannel Z-Stack_20251219_560.vsi,7_4_NORPSI_24hod_3_Multichannel Z-Stack_20251219_560.vsi,.vsi,1,macro image,1,,,,unavailable,
Z:\Brejtr\ActiveProjects\Microscopy\20251219\7_4_NORPSI_24hod_4_Multichannel Z-Stack_20251219_561.vsi,7_4_NORPSI_24hod_4_Multichannel Z-Stack_20251219_561.vsi,.vsi,0,"C488, C561, C640",29,,385.8079350546298,390.0079350546298,ome_plane_position_z,
Z:\Brejtr\ActiveProjects\Microscopy\20251219\7_4_NORPSI_24hod_4_Multichannel Z-Stack_20251219_561.vsi,7_4_NORPSI_24hod_4_Multichannel Z-Stack_20251219_561.vsi,.vsi,1,macro image,1,,,,unavailable,
Z:\Brejtr\ActiveProjects\Microscopy\20251219\7_4_NORPSI_24hod_5_Multichannel Z-Stack_20251219_562.vsi,7_4_NORPSI_24hod_5_Multichannel Z-Stack_20251219_562.vsi,.vsi,0,"C488, C561, C640",30,,387.153387657938,391.5033876579381,ome_plane_position_z,
Z:\Brejtr\ActiveProjects\Microscopy\20251219\7_4_NORPSI_24hod_5_Multichannel Z-Stack_20251219_562.vsi,7_4_NORPSI_24hod_5_Multichannel Z-Stack_20251219_562.vsi,.vsi,1,macro image,1,,,,unavailable,
Z:\Brejtr\ActiveProjects\Microscopy\20251219\7_4_NORPSI_24hod_6_Multichannel Z-Stack_20251219_563.vsi,7_4_NORPSI_24hod_6_Multichannel Z-Stack_20251219_563.vsi,.vsi,0,"C488, C561, C640",44,,388.65468168223157,395.10468168223156,ome_plane_position_z,
Z:\Brejtr\ActiveProjects\Microscopy\20251219\7_4_NORPSI_24hod_6_Multichannel Z-Stack_20251219_563.vsi,7_4_NORPSI_24hod_6_Multichannel Z-Stack_20251219_563.vsi,.vsi,1,macro image,1,,,,unavailable,
Z:\Brejtr\ActiveProjects\Microscopy\20251219\7_4_NORPSI_24hod_7_Multichannel Z-Stack_20251219_564.vsi,7_4_NORPSI_24hod_7_Multichannel Z-Stack_20251219_564.vsi,.vsi,0,"C488, C561, C640",30,,392.25013428553984,396.60013428553987,ome_plane_position_z,
Z:\Brejtr\ActiveProjects\Microscopy\20251219\7_4_NORPSI_24hod_7_Multichannel Z-Stack_20251219_564.vsi,7_4_NORPSI_24hod_7_Multichannel Z-Stack_20251219_564.vsi,.vsi,1,macro image,1,,,,unavailable,
Z:\Brejtr\ActiveProjects\Microscopy\20251219\7_4_NORPSI_24hod_8_Multichannel Z-Stack_20251219_565.vsi,7_4_NORPSI_24hod_8_Multichannel Z-Stack_20251219_565.vsi,.vsi,0,"C488, C561, C640",38,,393.552728438015,399.102728438015,ome_plane_position_z,
Z:\Brejtr\ActiveProjects\Microscopy\20251219\7_4_NORPSI_24hod_8_Multichannel Z-Stack_20251219_565.vsi,7_4_NORPSI_24hod_8_Multichannel Z-Stack_20251219_565.vsi,.vsi,1,macro image,1,,,,unavailable,
Z:\Brejtr\ActiveProjects\Microscopy\20251219\7_4_NORPSI_24hod_9_Multichannel Z-Stack_20251219_566.vsi,7_4_NORPSI_24hod_9_Multichannel Z-Stack_20251219_566.vsi,.vsi,0,"C488, C561, C640",29,,396.3066227186718,400.5066227186718,ome_plane_position_z,
Z:\Brejtr\ActiveProjects\Microscopy\20251219\7_4_NORPSI_24hod_9_Multichannel Z-Stack_20251219_566.vsi,7_4_NORPSI_24hod_9_Multichannel Z-Stack_20251219_566.vsi,.vsi,1,macro image,1,,,,unavailable,
Z:\Brejtr\ActiveProjects\Microscopy\20251219\7_4_NORPSIHARMIN_24hod_10_Multichannel Z-Stack_20251219_577.vsi,7_4_NORPSIHARMIN_24hod_10_Multichannel Z-Stack_20251219_577.vsi,.vsi,0,"C488, C561, C640",29,,303.80219739974365,308.00219739974364,ome_plane_position_z,
Z:\Brejtr\ActiveProjects\Microscopy\20251219\7_4_NORPSIHARMIN_24hod_10_Multichannel Z-Stack_20251219_577.vsi,7_4_NORPSIHARMIN_24hod_10_Multichannel Z-Stack_20251219_577.vsi,.vsi,1,macro image,1,,,,unavailable,
Z:\Brejtr\ActiveProjects\Microscopy\20251219\7_4_NORPSIHARMIN_24hod_1_Multichannel Z-Stack_20251219_568.vsi,7_4_NORPSIHARMIN_24hod_1_Multichannel Z-Stack_20251219_568.vsi,.vsi,0,"C488, C561, C640",37,,284.10741622413485,289.50741622413483,ome_plane_position_z,
Z:\Brejtr\ActiveProjects\Microscopy\20251219\7_4_NORPSIHARMIN_24hod_1_Multichannel Z-Stack_20251219_568.vsi,7_4_NORPSIHARMIN_24hod_1_Multichannel Z-Stack_20251219_568.vsi,.vsi,1,macro image,1,,,,unavailable,
Z:\Brejtr\ActiveProjects\Microscopy\20251219\7_4_NORPSIHARMIN_24hod_2_Multichannel Z-Stack_20251219_569.vsi,7_4_NORPSIHARMIN_24hod_2_Multichannel Z-Stack_20251219_569.vsi,.vsi,0,"C488, C561, C640",36,,285.75286882744314,291.00286882744314,ome_plane_position_z,
Z:\Brejtr\ActiveProjects\Microscopy\20251219\7_4_NORPSIHARMIN_24hod_2_Multichannel Z-Stack_20251219_569.vsi,7_4_NORPSIHARMIN_24hod_2_Multichannel Z-Stack_20251219_569.vsi,.vsi,1,macro image,1,,,,unavailable,
Z:\Brejtr\ActiveProjects\Microscopy\20251219\7_4_NORPSIHARMIN_24hod_3_Multichannel Z-Stack_20251219_570.vsi,7_4_NORPSIHARMIN_24hod_3_Multichannel Z-Stack_20251219_570.vsi,.vsi,0,"C488, C561, C640",31,,289.00546297991826,293.50546297991826,ome_plane_position_z,
Z:\Brejtr\ActiveProjects\Microscopy\20251219\7_4_NORPSIHARMIN_24hod_3_Multichannel Z-Stack_20251219_570.vsi,7_4_NORPSIHARMIN_24hod_3_Multichannel Z-Stack_20251219_570.vsi,.vsi,1,macro image,1,,,,unavailable,
Z:\Brejtr\ActiveProjects\Microscopy\20251219\7_4_NORPSIHARMIN_24hod_4_Multichannel Z-Stack_20251219_571.vsi,7_4_NORPSIHARMIN_24hod_4_Multichannel Z-Stack_20251219_571.vsi,.vsi,0,"C488, C561, C640",37,,290.60805713239336,296.00805713239333,ome_plane_position_z,
Z:\Brejtr\ActiveProjects\Microscopy\20251219\7_4_NORPSIHARMIN_24hod_4_Multichannel Z-Stack_20251219_571.vsi,7_4_NORPSIHARMIN_24hod_4_Multichannel Z-Stack_20251219_571.vsi,.vsi,1,macro image,1,,,,unavailable,
Z:\Brejtr\ActiveProjects\Microscopy\20251219\7_4_NORPSIHARMIN_24hod_5_Multichannel Z-Stack_20251219_572.vsi,7_4_NORPSIHARMIN_24hod_5_Multichannel Z-Stack_20251219_572.vsi,.vsi,0,"C488, C561, C640",30,,293.1535097357016,297.5035097357017,ome_plane_position_z,
Z:\Brejtr\ActiveProjects\Microscopy\20251219\7_4_NORPSIHARMIN_24hod_5_Multichannel Z-Stack_20251219_572.vsi,7_4_NORPSIHARMIN_24hod_5_Multichannel Z-Stack_20251219_572.vsi,.vsi,1,macro image,1,,,,unavailable,
Z:\Brejtr\ActiveProjects\Microscopy\20251219\7_4_NORPSIHARMIN_24hod_6_Multichannel Z-Stack_20251219_573.vsi,7_4_NORPSIHARMIN_24hod_6_Multichannel Z-Stack_20251219_573.vsi,.vsi,0,"C488, C561, C640",43,,293.7061038881767,300.00610388817677,ome_plane_position_z,
Z:\Brejtr\ActiveProjects\Microscopy\20251219\7_4_NORPSIHARMIN_24hod_6_Multichannel Z-Stack_20251219_573.vsi,7_4_NORPSIHARMIN_24hod_6_Multichannel Z-Stack_20251219_573.vsi,.vsi,1,macro image,1,,,,unavailable,
Z:\Brejtr\ActiveProjects\Microscopy\20251219\7_4_NORPSIHARMIN_24hod_7_Multichannel Z-Stack_20251219_574.vsi,7_4_NORPSIHARMIN_24hod_7_Multichannel Z-Stack_20251219_574.vsi,.vsi,0,"C488, C561, C640",36,,296.25155649148513,301.50155649148513,ome_plane_position_z,
Z:\Brejtr\ActiveProjects\Microscopy\20251219\7_4_NORPSIHARMIN_24hod_7_Multichannel Z-Stack_20251219_574.vsi,7_4_NORPSIHARMIN_24hod_7_Multichannel Z-Stack_20251219_574.vsi,.vsi,1,macro image,1,,,,unavailable,
Z:\Brejtr\ActiveProjects\Microscopy\20251219\7_4_NORPSIHARMIN_24hod_8_Multichannel Z-Stack_20251219_575.vsi,7_4_NORPSIHARMIN_24hod_8_Multichannel Z-Stack_20251219_575.vsi,.vsi,0,"C488, C561, C640",37,,298.6041506439602,304.0041506439602,ome_plane_position_z,
Z:\Brejtr\ActiveProjects\Microscopy\20251219\7_4_NORPSIHARMIN_24hod_8_Multichannel Z-Stack_20251219_575.vsi,7_4_NORPSIHARMIN_24hod_8_Multichannel Z-Stack_20251219_575.vsi,.vsi,1,macro image,1,,,,unavailable,
Z:\Brejtr\ActiveProjects\Microscopy\20251219\7_4_NORPSIHARMIN_24hod_9_Multichannel Z-Stack_20251219_576.vsi,7_4_NORPSIHARMIN_24hod_9_Multichannel Z-Stack_20251219_576.vsi,.vsi,0,"C488, C561, C640",31,,301.2132393334554,305.7132393334554,ome_plane_position_z,
Z:\Brejtr\ActiveProjects\Microscopy\20251219\7_4_NORPSIHARMIN_24hod_9_Multichannel Z-Stack_20251219_576.vsi,7_4_NORPSIHARMIN_24hod_9_Multichannel Z-Stack_20251219_576.vsi,.vsi,1,macro image,1,,,,unavailable,
Z:\Brejtr\ActiveProjects\Microscopy\20251219\7_5_BAEO_24hod_10_Multichannel Z-Stack_20251219_587.vsi,7_5_BAEO_24hod_10_Multichannel Z-Stack_20251219_587.vsi,.vsi,0,"C488, C561, C640",52,,328.55216077641467,336.2021607764146,ome_plane_position_z,
Z:\Brejtr\ActiveProjects\Microscopy\20251219\7_5_BAEO_24hod_10_Multichannel Z-Stack_20251219_587.vsi,7_5_BAEO_24hod_10_Multichannel Z-Stack_20251219_587.vsi,.vsi,1,macro image,1,,,,unavailable,
Z:\Brejtr\ActiveProjects\Microscopy\20251219\7_5_BAEO_24hod_1_Multichannel Z-Stack_20251219_578.vsi,7_5_BAEO_24hod_1_Multichannel Z-Stack_20251219_578.vsi,.vsi,0,"C488, C561, C640",45,,304.3015442837087,310.90154428370874,ome_plane_position_z,
Z:\Brejtr\ActiveProjects\Microscopy\20251219\7_5_BAEO_24hod_1_Multichannel Z-Stack_20251219_578.vsi,7_5_BAEO_24hod_1_Multichannel Z-Stack_20251219_578.vsi,.vsi,1,macro image,1,,,,unavailable,
Z:\Brejtr\ActiveProjects\Microscopy\20251219\7_5_BAEO_24hod_2_Multichannel Z-Stack_20251219_579.vsi,7_5_BAEO_24hod_2_Multichannel Z-Stack_20251219_579.vsi,.vsi,0,"C488, C561, C640",37,,308.00413843618395,313.40413843618387,ome_plane_position_z,
Z:\Brejtr\ActiveProjects\Microscopy\20251219\7_5_BAEO_24hod_2_Multichannel Z-Stack_20251219_579.vsi,7_5_BAEO_24hod_2_Multichannel Z-Stack_20251219_579.vsi,.vsi,1,macro image,1,,,,unavailable,
Z:\Brejtr\ActiveProjects\Microscopy\20251219\7_5_BAEO_24hod_3_Multichannel Z-Stack_20251219_580.vsi,7_5_BAEO_24hod_3_Multichannel Z-Stack_20251219_580.vsi,.vsi,0,"C488, C561, C640",35,,309.70803271684053,314.8080327168406,ome_plane_position_z,
Z:\Brejtr\ActiveProjects\Microscopy\20251219\7_5_BAEO_24hod_3_Multichannel Z-Stack_20251219_580.vsi,7_5_BAEO_24hod_3_Multichannel Z-Stack_20251219_580.vsi,.vsi,1,macro image,1,,,,unavailable,
Z:\Brejtr\ActiveProjects\Microscopy\20251219\7_5_BAEO_24hod_4_Multichannel Z-Stack_20251219_581.vsi,7_5_BAEO_24hod_4_Multichannel Z-Stack_20251219_581.vsi,.vsi,0,"C488, C561, C640",30,,311.95348532014884,316.3034853201489,ome_plane_position_z,
Z:\Brejtr\ActiveProjects\Microscopy\20251219\7_5_BAEO_24hod_4_Multichannel Z-Stack_20251219_581.vsi,7_5_BAEO_24hod_4_Multichannel Z-Stack_20251219_581.vsi,.vsi,1,macro image,1,,,,unavailable,
Z:\Brejtr\ActiveProjects\Microscopy\20251219\7_5_BAEO_24hod_5_Multichannel Z-Stack_20251219_582.vsi,7_5_BAEO_24hod_5_Multichannel Z-Stack_20251219_582.vsi,.vsi,0,"C488, C561, C640",38,,314.3547793444424,319.90477934444243,ome_plane_position_z,
Z:\Brejtr\ActiveProjects\Microscopy\20251219\7_5_BAEO_24hod_5_Multichannel Z-Stack_20251219_582.vsi,7_5_BAEO_24hod_5_Multichannel Z-Stack_20251219_582.vsi,.vsi,1,macro image,1,,,,unavailable,
Z:\Brejtr\ActiveProjects\Microscopy\20251219\7_5_BAEO_24hod_6_Multichannel Z-Stack_20251219_583.vsi,7_5_BAEO_24hod_6_Multichannel Z-Stack_20251219_583.vsi,.vsi,0,"C488, C561, C640",30,,317.0502319477507,321.40023194775074,ome_plane_position_z,
Z:\Brejtr\ActiveProjects\Microscopy\20251219\7_5_BAEO_24hod_6_Multichannel Z-Stack_20251219_583.vsi,7_5_BAEO_24hod_6_Multichannel Z-Stack_20251219_583.vsi,.vsi,1,macro image,1,,,,unavailable,
Z:\Brejtr\ActiveProjects\Microscopy\20251219\7_5_BAEO_24hod_7_Multichannel Z-Stack_20251219_584.vsi,7_5_BAEO_24hod_7_Multichannel Z-Stack_20251219_584.vsi,.vsi,0,"C488, C561, C640",35,,319.5047732405542,324.6047732405542,ome_plane_position_z,
Z:\Brejtr\ActiveProjects\Microscopy\20251219\7_5_BAEO_24hod_7_Multichannel Z-Stack_20251219_584.vsi,7_5_BAEO_24hod_7_Multichannel Z-Stack_20251219_584.vsi,.vsi,1,macro image,1,,,,unavailable,
Z:\Brejtr\ActiveProjects\Microscopy\20251219\7_5_BAEO_24hod_8_Multichannel Z-Stack_20251219_585.vsi,7_5_BAEO_24hod_8_Multichannel Z-Stack_20251219_585.vsi,.vsi,0,"C488, C561, C640",52,,319.85412012451934,327.5041201245193,ome_plane_position_z,
Z:\Brejtr\ActiveProjects\Microscopy\20251219\7_5_BAEO_24hod_8_Multichannel Z-Stack_20251219_585.vsi,7_5_BAEO_24hod_8_Multichannel Z-Stack_20251219_585.vsi,.vsi,1,macro image,1,,,,unavailable,
Z:\Brejtr\ActiveProjects\Microscopy\20251219\7_5_BAEO_24hod_9_Multichannel Z-Stack_20251219_586.vsi,7_5_BAEO_24hod_9_Multichannel Z-Stack_20251219_586.vsi,.vsi,0,"C488, C561, C640",65,,323.7028138924494,333.3028138924495,ome_plane_position_z,
Z:\Brejtr\ActiveProjects\Microscopy\20251219\7_5_BAEO_24hod_9_Multichannel Z-Stack_20251219_586.vsi,7_5_BAEO_24hod_9_Multichannel Z-Stack_20251219_586.vsi,.vsi,1,macro image,1,,,,unavailable,
Z:\Brejtr\ActiveProjects\Microscopy\20251219\7_5_BAEOHARMIN_24hod_10_Multichannel Z-Stack_20251219_597.vsi,7_5_BAEOHARMIN_24hod_10_Multichannel Z-Stack_20251219_597.vsi,.vsi,0,"C488, C561, C640",30,,355.3521302569737,359.70213025697376,ome_plane_position_z,
Z:\Brejtr\ActiveProjects\Microscopy\20251219\7_5_BAEOHARMIN_24hod_10_Multichannel Z-Stack_20251219_597.vsi,7_5_BAEOHARMIN_24hod_10_Multichannel Z-Stack_20251219_597.vsi,.vsi,1,macro image,1,,,,unavailable,
Z:\Brejtr\ActiveProjects\Microscopy\20251219\7_5_BAEOHARMIN_24hod_1_Multichannel Z-Stack_20251219_588.vsi,7_5_BAEOHARMIN_24hod_1_Multichannel Z-Stack_20251219_588.vsi,.vsi,0,"C488, C561, C640",65,,329.5015076603796,339.10150766037964,ome_plane_position_z,
Z:\Brejtr\ActiveProjects\Microscopy\20251219\7_5_BAEOHARMIN_24hod_1_Multichannel Z-Stack_20251219_588.vsi,7_5_BAEOHARMIN_24hod_1_Multichannel Z-Stack_20251219_588.vsi,.vsi,1,macro image,1,,,,unavailable,
Z:\Brejtr\ActiveProjects\Microscopy\20251219\7_5_BAEOHARMIN_24hod_2_Multichannel Z-Stack_20251219_589.vsi,7_5_BAEOHARMIN_24hod_2_Multichannel Z-Stack_20251219_589.vsi,.vsi,0,"C488, C561, C640",37,,336.2041018128548,341.60410181285476,ome_plane_position_z,
Z:\Brejtr\ActiveProjects\Microscopy\20251219\7_5_BAEOHARMIN_24hod_2_Multichannel Z-Stack_20251219_589.vsi,7_5_BAEOHARMIN_24hod_2_Multichannel Z-Stack_20251219_589.vsi,.vsi,1,macro image,1,,,,unavailable,
Z:\Brejtr\ActiveProjects\Microscopy\20251219\7_5_BAEOHARMIN_24hod_3_Multichannel Z-Stack_20251219_590.vsi,7_5_BAEOHARMIN_24hod_3_Multichannel Z-Stack_20251219_590.vsi,.vsi,0,"C488, C561, C640",37,,338.70669596532997,344.1066959653299,ome_plane_position_z,
Z:\Brejtr\ActiveProjects\Microscopy\20251219\7_5_BAEOHARMIN_24hod_3_Multichannel Z-Stack_20251219_590.vsi,7_5_BAEOHARMIN_24hod_3_Multichannel Z-Stack_20251219_590.vsi,.vsi,1,macro image,1,,,,unavailable,
Z:\Brejtr\ActiveProjects\Microscopy\20251219\7_5_BAEOHARMIN_24hod_4_Multichannel Z-Stack_20251219_591.vsi,7_5_BAEOHARMIN_24hod_4_Multichannel Z-Stack_20251219_591.vsi,.vsi,0,"C488, C561, C640",30,,342.35084844045656,346.7008484404566,ome_plane_position_z,
Z:\Brejtr\ActiveProjects\Microscopy\20251219\7_5_BAEOHARMIN_24hod_4_Multichannel Z-Stack_20251219_591.vsi,7_5_BAEOHARMIN_24hod_4_Multichannel Z-Stack_20251219_591.vsi,.vsi,1,macro image,1,,,,unavailable,
Z:\Brejtr\ActiveProjects\Microscopy\20251219\7_5_BAEOHARMIN_24hod_5_Multichannel Z-Stack_20251219_592.vsi,7_5_BAEOHARMIN_24hod_5_Multichannel Z-Stack_20251219_592.vsi,.vsi,0,"C488, C561, C640",38,,343.6534425929317,349.20344259293176,ome_plane_position_z,
Z:\Brejtr\ActiveProjects\Microscopy\20251219\7_5_BAEOHARMIN_24hod_5_Multichannel Z-Stack_20251219_592.vsi,7_5_BAEOHARMIN_24hod_5_Multichannel Z-Stack_20251219_592.vsi,.vsi,1,macro image,1,,,,unavailable,
Z:\Brejtr\ActiveProjects\Microscopy\20251219\7_5_BAEOHARMIN_24hod_6_Multichannel Z-Stack_20251219_593.vsi,7_5_BAEOHARMIN_24hod_6_Multichannel Z-Stack_20251219_593.vsi,.vsi,0,"C488, C561, C640",31,,347.2060367454069,351.7060367454069,ome_plane_position_z,
Z:\Brejtr\ActiveProjects\Microscopy\20251219\7_5_BAEOHARMIN_24hod_6_Multichannel Z-Stack_20251219_593.vsi,7_5_BAEOHARMIN_24hod_6_Multichannel Z-Stack_20251219_593.vsi,.vsi,1,macro image,1,,,,unavailable,
Z:\Brejtr\ActiveProjects\Microscopy\20251219\7_5_BAEOHARMIN_24hod_7_Multichannel Z-Stack_20251219_594.vsi,7_5_BAEOHARMIN_24hod_7_Multichannel Z-Stack_20251219_594.vsi,.vsi,0,"C488, C561, C640",30,,348.8514893487151,353.2014893487152,ome_plane_position_z,
Z:\Brejtr\ActiveProjects\Microscopy\20251219\7_5_BAEOHARMIN_24hod_7_Multichannel Z-Stack_20251219_594.vsi,7_5_BAEOHARMIN_24hod_7_Multichannel Z-Stack_20251219_594.vsi,.vsi,1,macro image,1,,,,unavailable,
Z:\Brejtr\ActiveProjects\Microscopy\20251219\7_5_BAEOHARMIN_24hod_8_Multichannel Z-Stack_20251219_595.vsi,7_5_BAEOHARMIN_24hod_8_Multichannel Z-Stack_20251219_595.vsi,.vsi,0,"C488, C561, C640",29,,350.4053836293719,354.6053836293719,ome_plane_position_z,
Z:\Brejtr\ActiveProjects\Microscopy\20251219\7_5_BAEOHARMIN_24hod_8_Multichannel Z-Stack_20251219_595.vsi,7_5_BAEOHARMIN_24hod_8_Multichannel Z-Stack_20251219_595.vsi,.vsi,1,macro image,1,,,,unavailable,
Z:\Brejtr\ActiveProjects\Microscopy\20251219\7_5_BAEOHARMIN_24hod_9_Multichannel Z-Stack_20251219_596.vsi,7_5_BAEOHARMIN_24hod_9_Multichannel Z-Stack_20251219_596.vsi,.vsi,0,"C488, C561, C640",38,,352.6566776536654,358.20667765366545,ome_plane_position_z,
Z:\Brejtr\ActiveProjects\Microscopy\20251219\7_5_BAEOHARMIN_24hod_9_Multichannel Z-Stack_20251219_596.vsi,7_5_BAEOHARMIN_24hod_9_Multichannel Z-Stack_20251219_596.vsi,.vsi,1,macro image,1,,,,unavailable,
Z:\Brejtr\ActiveProjects\Microscopy\20251219\7_6_NORBAEO_24hod_10_Multichannel Z-Stack_20251219_607.vsi,7_6_NORBAEO_24hod_10_Multichannel Z-Stack_20251219_607.vsi,.vsi,0,"C488, C561, C640",45,,315.5937374107306,322.19373741073065,ome_plane_position_z,
Z:\Brejtr\ActiveProjects\Microscopy\20251219\7_6_NORBAEO_24hod_10_Multichannel Z-Stack_20251219_607.vsi,7_6_NORBAEO_24hod_10_Multichannel Z-Stack_20251219_607.vsi,.vsi,1,macro image,1,,,,unavailable,
Z:\Brejtr\ActiveProjects\Microscopy\20251219\7_6_NORBAEO_24hod_1_Multichannel Z-Stack_20251219_598.vsi,7_6_NORBAEO_24hod_1_Multichannel Z-Stack_20251219_598.vsi,.vsi,0,"C488, C561, C640",29,,302.7034975279253,306.9034975279253,ome_plane_position_z,
Z:\Brejtr\ActiveProjects\Microscopy\20251219\7_6_NORBAEO_24hod_1_Multichannel Z-Stack_20251219_598.vsi,7_6_NORBAEO_24hod_1_Multichannel Z-Stack_20251219_598.vsi,.vsi,1,macro image,1,,,,unavailable,
Z:\Brejtr\ActiveProjects\Microscopy\20251219\7_6_NORBAEO_24hod_2_Multichannel Z-Stack_20251219_599.vsi,7_6_NORBAEO_24hod_2_Multichannel Z-Stack_20251219_599.vsi,.vsi,0,"C488, C561, C640",29,,304.10739180858207,308.30739180858205,ome_plane_position_z,
Z:\Brejtr\ActiveProjects\Microscopy\20251219\7_6_NORBAEO_24hod_2_Multichannel Z-Stack_20251219_599.vsi,7_6_NORBAEO_24hod_2_Multichannel Z-Stack_20251219_599.vsi,.vsi,1,macro image,1,,,,unavailable,
Z:\Brejtr\ActiveProjects\Microscopy\20251219\7_6_NORBAEO_24hod_3_Multichannel Z-Stack_20251219_600.vsi,7_6_NORBAEO_24hod_3_Multichannel Z-Stack_20251219_600.vsi,.vsi,0,"C488, C561, C640",31,,305.4859610571935,309.9859610571935,ome_plane_position_z,
Z:\Brejtr\ActiveProjects\Microscopy\20251219\7_6_NORBAEO_24hod_3_Multichannel Z-Stack_20251219_600.vsi,7_6_NORBAEO_24hod_3_Multichannel Z-Stack_20251219_600.vsi,.vsi,1,macro image,1,,,,unavailable,
Z:\Brejtr\ActiveProjects\Microscopy\20251219\7_6_NORBAEO_24hod_4_Multichannel Z-Stack_20251219_601.vsi,7_6_NORBAEO_24hod_4_Multichannel Z-Stack_20251219_601.vsi,.vsi,0,"C488, C561, C640",29,,308.1054385643655,312.3054385643655,ome_plane_position_z,
Z:\Brejtr\ActiveProjects\Microscopy\20251219\7_6_NORBAEO_24hod_4_Multichannel Z-Stack_20251219_601.vsi,7_6_NORBAEO_24hod_4_Multichannel Z-Stack_20251219_601.vsi,.vsi,1,macro image,1,,,,unavailable,
Z:\Brejtr\ActiveProjects\Microscopy\20251219\7_6_NORBAEO_24hod_5_Multichannel Z-Stack_20251219_602.vsi,7_6_NORBAEO_24hod_5_Multichannel Z-Stack_20251219_602.vsi,.vsi,0,"C488, C561, C640",30,,309.4508911676737,313.8008911676738,ome_plane_position_z,
Z:\Brejtr\ActiveProjects\Microscopy\20251219\7_6_NORBAEO_24hod_5_Multichannel Z-Stack_20251219_602.vsi,7_6_NORBAEO_24hod_5_Multichannel Z-Stack_20251219_602.vsi,.vsi,1,macro image,1,,,,unavailable,
Z:\Brejtr\ActiveProjects\Microscopy\20251219\7_6_NORBAEO_24hod_6_Multichannel Z-Stack_20251219_603.vsi,7_6_NORBAEO_24hod_6_Multichannel Z-Stack_20251219_603.vsi,.vsi,0,"C488, C561, C640",30,,310.8547854483306,315.2047854483306,ome_plane_position_z,
Z:\Brejtr\ActiveProjects\Microscopy\20251219\7_6_NORBAEO_24hod_6_Multichannel Z-Stack_20251219_603.vsi,7_6_NORBAEO_24hod_6_Multichannel Z-Stack_20251219_603.vsi,.vsi,1,macro image,1,,,,unavailable,
Z:\Brejtr\ActiveProjects\Microscopy\20251219\7_6_NORBAEO_24hod_7_Multichannel Z-Stack_20251219_604.vsi,7_6_NORBAEO_24hod_7_Multichannel Z-Stack_20251219_604.vsi,.vsi,0,"C488, C561, C640",43,,311.4073796008057,317.7073796008057,ome_plane_position_z,
Z:\Brejtr\ActiveProjects\Microscopy\20251219\7_6_NORBAEO_24hod_7_Multichannel Z-Stack_20251219_604.vsi,7_6_NORBAEO_24hod_7_Multichannel Z-Stack_20251219_604.vsi,.vsi,1,macro image,1,,,,unavailable,
Z:\Brejtr\ActiveProjects\Microscopy\20251219\7_6_NORBAEO_24hod_8_Multichannel Z-Stack_20251219_605.vsi,7_6_NORBAEO_24hod_8_Multichannel Z-Stack_20251219_605.vsi,.vsi,0,"C488, C561, C640",57,,314.00737349691764,322.40737349691756,ome_plane_position_z,
Z:\Brejtr\ActiveProjects\Microscopy\20251219\7_6_NORBAEO_24hod_8_Multichannel Z-Stack_20251219_605.vsi,7_6_NORBAEO_24hod_8_Multichannel Z-Stack_20251219_605.vsi,.vsi,1,macro image,1,,,,unavailable,
Z:\Brejtr\ActiveProjects\Microscopy\20251219\7_6_NORBAEO_24hod_9_Multichannel Z-Stack_20251219_606.vsi,7_6_NORBAEO_24hod_9_Multichannel Z-Stack_20251219_606.vsi,.vsi,0,"C488, C561, C640",67,,312.2021790880791,322.1021790880791,ome_plane_position_z,
Z:\Brejtr\ActiveProjects\Microscopy\20251219\7_6_NORBAEO_24hod_9_Multichannel Z-Stack_20251219_606.vsi,7_6_NORBAEO_24hod_9_Multichannel Z-Stack_20251219_606.vsi,.vsi,1,macro image,1,,,,unavailable,
Z:\Brejtr\ActiveProjects\Microscopy\20251219\7_6_NORBAEOHARMIN_24hod_10_Multichannel Z-Stack_20251219_618.vsi,7_6_NORBAEOHARMIN_24hod_10_Multichannel Z-Stack_20251219_618.vsi,.vsi,0,"C488, C561, C640",59,,365.9871757309407,374.6871757309406,ome_plane_position_z,
Z:\Brejtr\ActiveProjects\Microscopy\20251219\7_6_NORBAEOHARMIN_24hod_10_Multichannel Z-Stack_20251219_618.vsi,7_6_NORBAEOHARMIN_24hod_10_Multichannel Z-Stack_20251219_618.vsi,.vsi,1,macro image,1,,,,unavailable,
Z:\Brejtr\ActiveProjects\Microscopy\20251219\7_6_NORBAEOHARMIN_24hod_1_Multichannel Z-Stack_20251219_608.vsi,7_6_NORBAEOHARMIN_24hod_1_Multichannel Z-Stack_20251219_608.vsi,.vsi,0,"C488, C561, C640",53,,331.2099493377281,339.00994933772813,ome_plane_position_z,
Z:\Brejtr\ActiveProjects\Microscopy\20251219\7_6_NORBAEOHARMIN_24hod_1_Multichannel Z-Stack_20251219_608.vsi,7_6_NORBAEOHARMIN_24hod_1_Multichannel Z-Stack_20251219_608.vsi,.vsi,1,macro image,1,,,,unavailable,
Z:\Brejtr\ActiveProjects\Microscopy\20251219\7_6_NORBAEOHARMIN_24hod_2_Multichannel Z-Stack_20251219_609.vsi,7_6_NORBAEOHARMIN_24hod_2_Multichannel Z-Stack_20251219_609.vsi,.vsi,0,"C488, C561, C640",79,,334.20734297747674,345.9073429774767,ome_plane_position_z,
Z:\Brejtr\ActiveProjects\Microscopy\20251219\7_6_NORBAEOHARMIN_24hod_2_Multichannel Z-Stack_20251219_609.vsi,7_6_NORBAEOHARMIN_24hod_2_Multichannel Z-Stack_20251219_609.vsi,.vsi,1,macro image,1,,,,unavailable,
Z:\Brejtr\ActiveProjects\Microscopy\20251219\7_6_NORBAEOHARMIN_24hod_3_Multichannel Z-Stack_20251219_610.vsi,7_6_NORBAEOHARMIN_24hod_3_Multichannel Z-Stack_20251219_610.vsi,.vsi,0,"C488, C561, C640",58,,339.1579899896234,347.70798998962346,ome_plane_position_z,
Z:\Brejtr\ActiveProjects\Microscopy\20251219\7_6_NORBAEOHARMIN_24hod_3_Multichannel Z-Stack_20251219_610.vsi,7_6_NORBAEOHARMIN_24hod_3_Multichannel Z-Stack_20251219_610.vsi,.vsi,1,macro image,1,,,,unavailable,
Z:\Brejtr\ActiveProjects\Microscopy\20251219\7_6_NORBAEOHARMIN_24hod_3b_Multichannel Z-Stack_20251219_611.vsi,7_6_NORBAEOHARMIN_24hod_3b_Multichannel Z-Stack_20251219_611.vsi,.vsi,0,"C488, C561, C640",59,,344.80668375755357,353.50668375755356,ome_plane_position_z,
Z:\Brejtr\ActiveProjects\Microscopy\20251219\7_6_NORBAEOHARMIN_24hod_3b_Multichannel Z-Stack_20251219_611.vsi,7_6_NORBAEOHARMIN_24hod_3b_Multichannel Z-Stack_20251219_611.vsi,.vsi,1,macro image,1,,,,unavailable,
Z:\Brejtr\ActiveProjects\Microscopy\20251219\7_6_NORBAEOHARMIN_24hod_4_Multichannel Z-Stack_20251219_612.vsi,7_6_NORBAEOHARMIN_24hod_4_Multichannel Z-Stack_20251219_612.vsi,.vsi,0,"C488, C561, C640",66,,350.6540773973021,360.4040773973021,ome_plane_position_z,
Z:\Brejtr\ActiveProjects\Microscopy\20251219\7_6_NORBAEOHARMIN_24hod_4_Multichannel Z-Stack_20251219_612.vsi,7_6_NORBAEOHARMIN_24hod_4_Multichannel Z-Stack_20251219_612.vsi,.vsi,1,macro image,1,,,,unavailable,
Z:\Brejtr\ActiveProjects\Microscopy\20251219\7_6_NORBAEOHARMIN_24hod_5_Multichannel Z-Stack_20251219_613.vsi,7_6_NORBAEOHARMIN_24hod_5_Multichannel Z-Stack_20251219_613.vsi,.vsi,0,"C488, C561, C640",52,,356.660565830434,364.310565830434,ome_plane_position_z,
Z:\Brejtr\ActiveProjects\Microscopy\20251219\7_6_NORBAEOHARMIN_24hod_5_Multichannel Z-Stack_20251219_613.vsi,7_6_NORBAEOHARMIN_24hod_5_Multichannel Z-Stack_20251219_613.vsi,.vsi,1,macro image,1,,,,unavailable,
Z:\Brejtr\ActiveProjects\Microscopy\20251219\7_6_NORBAEOHARMIN_24hod_6_Multichannel Z-Stack_20251219_614.vsi,7_6_NORBAEOHARMIN_24hod_6_Multichannel Z-Stack_20251219_614.vsi,.vsi,0,"C488, C561, C640",73,,362.30016480498074,373.10016480498075,ome_plane_position_z,
Z:\Brejtr\ActiveProjects\Microscopy\20251219\7_6_NORBAEOHARMIN_24hod_6_Multichannel Z-Stack_20251219_614.vsi,7_6_NORBAEOHARMIN_24hod_6_Multichannel Z-Stack_20251219_614.vsi,.vsi,1,macro image,1,,,,unavailable,
Z:\Brejtr\ActiveProjects\Microscopy\20251219\7_6_NORBAEOHARMIN_24hod_7_Multichannel Z-Stack_20251219_615.vsi,7_6_NORBAEOHARMIN_24hod_7_Multichannel Z-Stack_20251219_615.vsi,.vsi,0,"C488, C561, C640",43,,368.20405908563754,374.50405908563755,ome_plane_position_z,
Z:\Brejtr\ActiveProjects\Microscopy\20251219\7_6_NORBAEOHARMIN_24hod_7_Multichannel Z-Stack_20251219_615.vsi,7_6_NORBAEOHARMIN_24hod_7_Multichannel Z-Stack_20251219_615.vsi,.vsi,1,macro image,1,,,,unavailable,
Z:\Brejtr\ActiveProjects\Microscopy\20251219\7_6_NORBAEOHARMIN_24hod_8_Multichannel Z-Stack_20251219_616.vsi,7_6_NORBAEOHARMIN_24hod_8_Multichannel Z-Stack_20251219_616.vsi,.vsi,0,"C488, C561, C640",51,,366.30211194530915,373.80211194530915,ome_plane_position_z,
Z:\Brejtr\ActiveProjects\Microscopy\20251219\7_6_NORBAEOHARMIN_24hod_8_Multichannel Z-Stack_20251219_616.vsi,7_6_NORBAEOHARMIN_24hod_8_Multichannel Z-Stack_20251219_616.vsi,.vsi,1,macro image,1,,,,unavailable,
Z:\Brejtr\ActiveProjects\Microscopy\20251219\7_6_NORBAEOHARMIN_24hod_9_Multichannel Z-Stack_20251219_617.vsi,7_6_NORBAEOHARMIN_24hod_9_Multichannel Z-Stack_20251219_617.vsi,.vsi,0,"C488, C561, C640",52,,369.3566532381127,377.0066532381127,ome_plane_position_z,
Z:\Brejtr\ActiveProjects\Microscopy\20251219\7_6_NORBAEOHARMIN_24hod_9_Multichannel Z-Stack_20251219_617.vsi,7_6_NORBAEOHARMIN_24hod_9_Multichannel Z-Stack_20251219_617.vsi,.vsi,1,macro image,1,,,,unavailable,
Z:\Brejtr\ActiveProjects\Microscopy\20251219\7_7_AERUG_24hod_10_Multichannel Z-Stack_20251219_629.vsi,7_7_AERUG_24hod_10_Multichannel Z-Stack_20251219_629.vsi,.vsi,0,"C488, C561, C640",39,,334.10345480070805,339.80345480070804,ome_plane_position_z,
Z:\Brejtr\ActiveProjects\Microscopy\20251219\7_7_AERUG_24hod_10_Multichannel Z-Stack_20251219_629.vsi,7_7_AERUG_24hod_10_Multichannel Z-Stack_20251219_629.vsi,.vsi,1,macro image,1,,,,unavailable,
Z:\Brejtr\ActiveProjects\Microscopy\20251219\7_7_AERUG_24hod_1_Multichannel Z-Stack_20251219_619.vsi,7_7_AERUG_24hod_1_Multichannel Z-Stack_20251219_619.vsi,.vsi,0,"C488, C561, C640",53,,362.4008179210157,370.20081792101576,ome_plane_position_z,
Z:\Brejtr\ActiveProjects\Microscopy\20251219\7_7_AERUG_24hod_1_Multichannel Z-Stack_20251219_619.vsi,7_7_AERUG_24hod_1_Multichannel Z-Stack_20251219_619.vsi,.vsi,1,macro image,1,,,,unavailable,
Z:\Brejtr\ActiveProjects\Microscopy\20251219\7_7_AERUG_24hod_1b_Multichannel Z-Stack_20251219_620.vsi,7_7_AERUG_24hod_1b_Multichannel Z-Stack_20251219_620.vsi,.vsi,0,"C488, C561, C640",32,,359.84368247573707,364.49368247573705,ome_plane_position_z,
Z:\Brejtr\ActiveProjects\Microscopy\20251219\7_7_AERUG_24hod_1b_Multichannel Z-Stack_20251219_620.vsi,7_7_AERUG_24hod_1b_Multichannel Z-Stack_20251219_620.vsi,.vsi,1,macro image,1,,,,unavailable,
Z:\Brejtr\ActiveProjects\Microscopy\20251219\7_7_AERUG_24hod_2_Multichannel Z-Stack_20251219_621.vsi,7_7_AERUG_24hod_2_Multichannel Z-Stack_20251219_621.vsi,.vsi,0,"C488, C561, C640",39,,356.10797167795886,361.80797167795885,ome_plane_position_z,
Z:\Brejtr\ActiveProjects\Microscopy\20251219\7_7_AERUG_24hod_2_Multichannel Z-Stack_20251219_621.vsi,7_7_AERUG_24hod_2_Multichannel Z-Stack_20251219_621.vsi,.vsi,1,macro image,1,,,,unavailable,
Z:\Brejtr\ActiveProjects\Microscopy\20251219\7_7_AERUG_24hod_3_Multichannel Z-Stack_20251219_622.vsi,7_7_AERUG_24hod_3_Multichannel Z-Stack_20251219_622.vsi,.vsi,0,"C488, C561, C640",39,,353.60537752548373,359.3053775254837,ome_plane_position_z,
Z:\Brejtr\ActiveProjects\Microscopy\20251219\7_7_AERUG_24hod_3_Multichannel Z-Stack_20251219_622.vsi,7_7_AERUG_24hod_3_Multichannel Z-Stack_20251219_622.vsi,.vsi,1,macro image,1,,,,unavailable,
Z:\Brejtr\ActiveProjects\Microscopy\20251219\7_7_AERUG_24hod_4_Multichannel Z-Stack_20251219_623.vsi,7_7_AERUG_24hod_4_Multichannel Z-Stack_20251219_623.vsi,.vsi,0,"C488, C561, C640",46,,350.0527833730086,356.8027833730086,ome_plane_position_z,
Z:\Brejtr\ActiveProjects\Microscopy\20251219\7_7_AERUG_24hod_4_Multichannel Z-Stack_20251219_623.vsi,7_7_AERUG_24hod_4_Multichannel Z-Stack_20251219_623.vsi,.vsi,1,macro image,1,,,,unavailable,
Z:\Brejtr\ActiveProjects\Microscopy\20251219\7_7_AERUG_24hod_5_Multichannel Z-Stack_20251219_624.vsi,7_7_AERUG_24hod_5_Multichannel Z-Stack_20251219_624.vsi,.vsi,0,"C488, C561, C640",52,,345.5514893487152,353.2014893487152,ome_plane_position_z,
Z:\Brejtr\ActiveProjects\Microscopy\20251219\7_7_AERUG_24hod_5_Multichannel Z-Stack_20251219_624.vsi,7_7_AERUG_24hod_5_Multichannel Z-Stack_20251219_624.vsi,.vsi,1,macro image,1,,,,unavailable,
Z:\Brejtr\ActiveProjects\Microscopy\20251219\7_7_AERUG_24hod_6_Multichannel Z-Stack_20251219_625.vsi,7_7_AERUG_24hod_6_Multichannel Z-Stack_20251219_625.vsi,.vsi,0,"C488, C561, C640",39,,344.2053897332602,349.9053897332601,ome_plane_position_z,
Z:\Brejtr\ActiveProjects\Microscopy\20251219\7_7_AERUG_24hod_6_Multichannel Z-Stack_20251219_625.vsi,7_7_AERUG_24hod_6_Multichannel Z-Stack_20251219_625.vsi,.vsi,1,macro image,1,,,,unavailable,
Z:\Brejtr\ActiveProjects\Microscopy\20251219\7_7_AERUG_24hod_7_Multichannel Z-Stack_20251219_626.vsi,7_7_AERUG_24hod_7_Multichannel Z-Stack_20251219_626.vsi,.vsi,0,"C488, C561, C640",39,,342.8014954526033,348.5014954526033,ome_plane_position_z,
Z:\Brejtr\ActiveProjects\Microscopy\20251219\7_7_AERUG_24hod_7_Multichannel Z-Stack_20251219_626.vsi,7_7_AERUG_24hod_7_Multichannel Z-Stack_20251219_626.vsi,.vsi,1,macro image,1,,,,unavailable,
Z:\Brejtr\ActiveProjects\Microscopy\20251219\7_7_AERUG_24hod_8_Multichannel Z-Stack_20251219_627.vsi,7_7_AERUG_24hod_8_Multichannel Z-Stack_20251219_627.vsi,.vsi,0,"C488, C561, C640",52,,338.25734297747675,345.9073429774767,ome_plane_position_z,
Z:\Brejtr\ActiveProjects\Microscopy\20251219\7_7_AERUG_24hod_8_Multichannel Z-Stack_20251219_627.vsi,7_7_AERUG_24hod_8_Multichannel Z-Stack_20251219_627.vsi,.vsi,1,macro image,1,,,,unavailable,
Z:\Brejtr\ActiveProjects\Microscopy\20251219\7_7_AERUG_24hod_9_Multichannel Z-Stack_20251219_628.vsi,7_7_AERUG_24hod_9_Multichannel Z-Stack_20251219_628.vsi,.vsi,0,"C488, C561, C640",46,,335.55604895318316,342.30604895318316,ome_plane_position_z,
Z:\Brejtr\ActiveProjects\Microscopy\20251219\7_7_AERUG_24hod_9_Multichannel Z-Stack_20251219_628.vsi,7_7_AERUG_24hod_9_Multichannel Z-Stack_20251219_628.vsi,.vsi,1,macro image,1,,,,unavailable,
Z:\Brejtr\ActiveProjects\Microscopy\20251219\7_7_AERUGHARMIN_24hod_10_Multichannel Z-Stack_20251219_639.vsi,7_7_AERUGHARMIN_24hod_10_Multichannel Z-Stack_20251219_639.vsi,.vsi,0,"C488, C561, C640",46,,296.1554507721419,302.9054507721419,ome_plane_position_z,
Z:\Brejtr\ActiveProjects\Microscopy\20251219\7_7_AERUGHARMIN_24hod_10_Multichannel Z-Stack_20251219_639.vsi,7_7_AERUGHARMIN_24hod_10_Multichannel Z-Stack_20251219_639.vsi,.vsi,1,macro image,1,,,,unavailable,
Z:\Brejtr\ActiveProjects\Microscopy\20251219\7_7_AERUGHARMIN_24hod_1_Multichannel Z-Stack_20251219_630.vsi,7_7_AERUGHARMIN_24hod_1_Multichannel Z-Stack_20251219_630.vsi,.vsi,0,"C488, C561, C640",53,,329.5008606482329,337.3008606482329,ome_plane_position_z,
Z:\Brejtr\ActiveProjects\Microscopy\20251219\7_7_AERUGHARMIN_24hod_1_Multichannel Z-Stack_20251219_630.vsi,7_7_AERUGHARMIN_24hod_1_Multichannel Z-Stack_20251219_630.vsi,.vsi,1,macro image,1,,,,unavailable,
Z:\Brejtr\ActiveProjects\Microscopy\20251219\7_7_AERUGHARMIN_24hod_2_Multichannel Z-Stack_20251219_631.vsi,7_7_AERUGHARMIN_24hod_2_Multichannel Z-Stack_20251219_631.vsi,.vsi,0,"C488, C561, C640",46,,326.8580083012879,333.6080083012879,ome_plane_position_z,
Z:\Brejtr\ActiveProjects\Microscopy\20251219\7_7_AERUGHARMIN_24hod_2_Multichannel Z-Stack_20251219_631.vsi,7_7_AERUGHARMIN_24hod_2_Multichannel Z-Stack_20251219_631.vsi,.vsi,1,macro image,1,,,,unavailable,
Z:\Brejtr\ActiveProjects\Microscopy\20251219\7_7_AERUGHARMIN_24hod_3_Multichannel Z-Stack_20251219_632.vsi,7_7_AERUGHARMIN_24hod_3_Multichannel Z-Stack_20251219_632.vsi,.vsi,0,"C488, C561, C640",52,,325.6528138924495,333.3028138924495,ome_plane_position_z,
Z:\Brejtr\ActiveProjects\Microscopy\20251219\7_7_AERUGHARMIN_24hod_3_Multichannel Z-Stack_20251219_632.vsi,7_7_AERUGHARMIN_24hod_3_Multichannel Z-Stack_20251219_632.vsi,.vsi,1,macro image,1,,,,unavailable,
Z:\Brejtr\ActiveProjects\Microscopy\20251219\7_7_AERUGHARMIN_24hod_4_Multichannel Z-Stack_20251219_633.vsi,7_7_AERUGHARMIN_24hod_4_Multichannel Z-Stack_20251219_633.vsi,.vsi,0,"C488, C561, C640",52,,321.2580144051762,328.9080144051761,ome_plane_position_z,
Z:\Brejtr\ActiveProjects\Microscopy\20251219\7_7_AERUGHARMIN_24hod_4_Multichannel Z-Stack_20251219_633.vsi,7_7_AERUGHARMIN_24hod_4_Multichannel Z-Stack_20251219_633.vsi,.vsi,1,macro image,1,,,,unavailable,
Z:\Brejtr\ActiveProjects\Microscopy\20251219\7_7_AERUGHARMIN_24hod_5_Multichannel Z-Stack_20251219_634.vsi,7_7_AERUGHARMIN_24hod_5_Multichannel Z-Stack_20251219_634.vsi,.vsi,0,"C488, C561, C640",52,,317.65672038088263,325.3067203808826,ome_plane_position_z,
Z:\Brejtr\ActiveProjects\Microscopy\20251219\7_7_AERUGHARMIN_24hod_5_Multichannel Z-Stack_20251219_634.vsi,7_7_AERUGHARMIN_24hod_5_Multichannel Z-Stack_20251219_634.vsi,.vsi,1,macro image,1,,,,unavailable,
Z:\Brejtr\ActiveProjects\Microscopy\20251219\7_7_AERUGHARMIN_24hod_6_Multichannel Z-Stack_20251219_635.vsi,7_7_AERUGHARMIN_24hod_6_Multichannel Z-Stack_20251219_635.vsi,.vsi,0,"C488, C561, C640",59,,311.9067264847708,320.6067264847708,ome_plane_position_z,
Z:\Brejtr\ActiveProjects\Microscopy\20251219\7_7_AERUGHARMIN_24hod_6_Multichannel Z-Stack_20251219_635.vsi,7_7_AERUGHARMIN_24hod_6_Multichannel Z-Stack_20251219_635.vsi,.vsi,1,macro image,1,,,,unavailable,
Z:\Brejtr\ActiveProjects\Microscopy\20251219\7_7_AERUGHARMIN_24hod_7_Multichannel Z-Stack_20251219_636.vsi,7_7_AERUGHARMIN_24hod_7_Multichannel Z-Stack_20251219_636.vsi,.vsi,0,"C488, C561, C640",58,,307.7534853201489,316.3034853201489,ome_plane_position_z,
Z:\Brejtr\ActiveProjects\Microscopy\20251219\7_7_AERUGHARMIN_24hod_7_Multichannel Z-Stack_20251219_636.vsi,7_7_AERUGHARMIN_24hod_7_Multichannel Z-Stack_20251219_636.vsi,.vsi,1,macro image,1,,,,unavailable,
Z:\Brejtr\ActiveProjects\Microscopy\20251219\7_7_AERUGHARMIN_24hod_8_Multichannel Z-Stack_20251219_637.vsi,7_7_AERUGHARMIN_24hod_8_Multichannel Z-Stack_20251219_637.vsi,.vsi,0,"C488, C561, C640",60,,303.150244155527,312.00024415552707,ome_plane_position_z,
Z:\Brejtr\ActiveProjects\Microscopy\20251219\7_7_AERUGHARMIN_24hod_8_Multichannel Z-Stack_20251219_637.vsi,7_7_AERUGHARMIN_24hod_8_Multichannel Z-Stack_20251219_637.vsi,.vsi,1,macro image,1,,,,unavailable,
Z:\Brejtr\ActiveProjects\Microscopy\20251219\7_7_AERUGHARMIN_24hod_9_Multichannel Z-Stack_20251219_638.vsi,7_7_AERUGHARMIN_24hod_9_Multichannel Z-Stack_20251219_638.vsi,.vsi,0,"C488, C561, C640",52,,298.85674479643535,306.5067447964353,ome_plane_position_z,
Z:\Brejtr\ActiveProjects\Microscopy\20251219\7_7_AERUGHARMIN_24hod_9_Multichannel Z-Stack_20251219_638.vsi,7_7_AERUGHARMIN_24hod_9_Multichannel Z-Stack_20251219_638.vsi,.vsi,1,macro image,1,,,,unavailable,
Z:\Brejtr\ActiveProjects\Microscopy\20251219\8_7_BAEO24_hod_10_Multichannel Z-Stack_20251219_721.vsi,8_7_BAEO24_hod_10_Multichannel Z-Stack_20251219_721.vsi,.vsi,0,"C488, C561, C640",51,,388.70338155405,396.20338155405,ome_plane_position_z,
Z:\Brejtr\ActiveProjects\Microscopy\20251219\8_7_BAEO24_hod_10_Multichannel Z-Stack_20251219_721.vsi,8_7_BAEO24_hod_10_Multichannel Z-Stack_20251219_721.vsi,.vsi,1,macro image,1,,,,unavailable,
Z:\Brejtr\ActiveProjects\Microscopy\20251219\8_7_BAEO24_hod_1_Multichannel Z-Stack_20251219_712.vsi,8_7_BAEO24_hod_1_Multichannel Z-Stack_20251219_712.vsi,.vsi,0,"C488, C561, C640",52,,369.05145882927434,376.7014588292743,ome_plane_position_z,
Z:\Brejtr\ActiveProjects\Microscopy\20251219\8_7_BAEO24_hod_1_Multichannel Z-Stack_20251219_712.vsi,8_7_BAEO24_hod_1_Multichannel Z-Stack_20251219_712.vsi,.vsi,1,macro image,1,,,,unavailable,
Z:\Brejtr\ActiveProjects\Microscopy\20251219\8_7_BAEO24_hod_2_Multichannel Z-Stack_20251219_713.vsi,8_7_BAEO24_hod_2_Multichannel Z-Stack_20251219_713.vsi,.vsi,0,"C488, C561, C640",58,,369.952105841421,378.502105841421,ome_plane_position_z,
Z:\Brejtr\ActiveProjects\Microscopy\20251219\8_7_BAEO24_hod_2_Multichannel Z-Stack_20251219_713.vsi,8_7_BAEO24_hod_2_Multichannel Z-Stack_20251219_713.vsi,.vsi,1,macro image,1,,,,unavailable,
Z:\Brejtr\ActiveProjects\Microscopy\20251219\8_7_BAEO24_hod_3_Multichannel Z-Stack_20251219_714.vsi,8_7_BAEO24_hod_3_Multichannel Z-Stack_20251219_714.vsi,.vsi,0,"C488, C561, C640",73,,371.7001525972044,382.5001525972044,ome_plane_position_z,
Z:\Brejtr\ActiveProjects\Microscopy\20251219\8_7_BAEO24_hod_3_Multichannel Z-Stack_20251219_714.vsi,8_7_BAEO24_hod_3_Multichannel Z-Stack_20251219_714.vsi,.vsi,1,macro image,1,,,,unavailable,
Z:\Brejtr\ActiveProjects\Microscopy\20251219\8_7_BAEO24_hod_4_Multichannel Z-Stack_20251219_715.vsi,8_7_BAEO24_hod_4_Multichannel Z-Stack_20251219_715.vsi,.vsi,0,"C488, C561, C640",50,,380.55209363364463,387.90209363364465,ome_plane_position_z,
Z:\Brejtr\ActiveProjects\Microscopy\20251219\8_7_BAEO24_hod_4_Multichannel Z-Stack_20251219_715.vsi,8_7_BAEO24_hod_4_Multichannel Z-Stack_20251219_715.vsi,.vsi,1,macro image,1,,,,unavailable,
Z:\Brejtr\ActiveProjects\Microscopy\20251219\8_7_BAEO24_hod_5_Multichannel Z-Stack_20251219_716.vsi,8_7_BAEO24_hod_5_Multichannel Z-Stack_20251219_716.vsi,.vsi,0,"C488, C561, C640",51,,381.104040773973,388.604040773973,ome_plane_position_z,
Z:\Brejtr\ActiveProjects\Microscopy\20251219\8_7_BAEO24_hod_5_Multichannel Z-Stack_20251219_716.vsi,8_7_BAEO24_hod_5_Multichannel Z-Stack_20251219_716.vsi,.vsi,1,macro image,1,,,,unavailable,
Z:\Brejtr\ActiveProjects\Microscopy\20251219\8_7_BAEO24_hod_6_Multichannel Z-Stack_20251219_717.vsi,8_7_BAEO24_hod_6_Multichannel Z-Stack_20251219_717.vsi,.vsi,0,"C488, C561, C640",65,,384.8027345419032,394.4027345419032,ome_plane_position_z,
Z:\Brejtr\ActiveProjects\Microscopy\20251219\8_7_BAEO24_hod_6_Multichannel Z-Stack_20251219_717.vsi,8_7_BAEO24_hod_6_Multichannel Z-Stack_20251219_717.vsi,.vsi,1,macro image,1,,,,unavailable,
Z:\Brejtr\ActiveProjects\Microscopy\20251219\8_7_BAEO24_hod_7_Multichannel Z-Stack_20251219_718.vsi,8_7_BAEO24_hod_7_Multichannel Z-Stack_20251219_718.vsi,.vsi,0,"C488, C561, C640",51,,388.70338155405,396.20338155405,ome_plane_position_z,
Z:\Brejtr\ActiveProjects\Microscopy\20251219\8_7_BAEO24_hod_7_Multichannel Z-Stack_20251219_718.vsi,8_7_BAEO24_hod_7_Multichannel Z-Stack_20251219_718.vsi,.vsi,1,macro image,1,,,,unavailable,
Z:\Brejtr\ActiveProjects\Microscopy\20251219\8_7_BAEO24_hod_8_Multichannel Z-Stack_20251219_719.vsi,8_7_BAEO24_hod_8_Multichannel Z-Stack_20251219_719.vsi,.vsi,0,"C488, C561, C640",40,,393.55792284685344,399.40792284685347,ome_plane_position_z,
Z:\Brejtr\ActiveProjects\Microscopy\20251219\8_7_BAEO24_hod_8_Multichannel Z-Stack_20251219_719.vsi,8_7_BAEO24_hod_8_Multichannel Z-Stack_20251219_719.vsi,.vsi,1,macro image,1,,,,unavailable,
Z:\Brejtr\ActiveProjects\Microscopy\20251219\8_7_BAEO24_hod_9_Multichannel Z-Stack_20251219_720.vsi,8_7_BAEO24_hod_9_Multichannel Z-Stack_20251219_720.vsi,.vsi,0,"C488, C561, C640",51,,386.9027345419032,394.4027345419032,ome_plane_position_z,
Z:\Brejtr\ActiveProjects\Microscopy\20251219\8_7_BAEO24_hod_9_Multichannel Z-Stack_20251219_720.vsi,8_7_BAEO24_hod_9_Multichannel Z-Stack_20251219_720.vsi,.vsi,1,macro image,1,,,,unavailable,
Z:\Brejtr\ActiveProjects\Microscopy\20251219\8_7_BAEOHARMIN24_hod_10_Multichannel Z-Stack_20251219_731.vsi,8_7_BAEOHARMIN24_hod_10_Multichannel Z-Stack_20251219_731.vsi,.vsi,0,"C488, C561, C640",43,,429.7007324665812,436.0007324665812,ome_plane_position_z,
Z:\Brejtr\ActiveProjects\Microscopy\20251219\8_7_BAEOHARMIN24_hod_10_Multichannel Z-Stack_20251219_731.vsi,8_7_BAEOHARMIN24_hod_10_Multichannel Z-Stack_20251219_731.vsi,.vsi,1,macro image,1,,,,unavailable,
Z:\Brejtr\ActiveProjects\Microscopy\20251219\8_7_BAEOHARMIN24_hod_1_Multichannel Z-Stack_20251219_722.vsi,8_7_BAEOHARMIN24_hod_1_Multichannel Z-Stack_20251219_722.vsi,.vsi,0,"C488, C561, C640",50,,392.45467557834337,399.8046755783434,ome_plane_position_z,
Z:\Brejtr\ActiveProjects\Microscopy\20251219\8_7_BAEOHARMIN24_hod_1_Multichannel Z-Stack_20251219_722.vsi,8_7_BAEOHARMIN24_hod_1_Multichannel Z-Stack_20251219_722.vsi,.vsi,1,macro image,1,,,,unavailable,
Z:\Brejtr\ActiveProjects\Microscopy\20251219\8_7_BAEOHARMIN24_hod_2_Multichannel Z-Stack_20251219_723.vsi,8_7_BAEOHARMIN24_hod_2_Multichannel Z-Stack_20251219_723.vsi,.vsi,0,"C488, C561, C640",67,,395.0014222059453,404.9014222059452,ome_plane_position_z,
Z:\Brejtr\ActiveProjects\Microscopy\20251219\8_7_BAEOHARMIN24_hod_2_Multichannel Z-Stack_20251219_723.vsi,8_7_BAEOHARMIN24_hod_2_Multichannel Z-Stack_20251219_723.vsi,.vsi,1,macro image,1,,,,unavailable,
Z:\Brejtr\ActiveProjects\Microscopy\20251219\8_7_BAEOHARMIN24_hod_3_Multichannel Z-Stack_20251219_724.vsi,8_7_BAEOHARMIN24_hod_3_Multichannel Z-Stack_20251219_724.vsi,.vsi,0,"C488, C561, C640",81,,400.1040102545321,412.1040102545321,ome_plane_position_z,
Z:\Brejtr\ActiveProjects\Microscopy\20251219\8_7_BAEOHARMIN24_hod_3_Multichannel Z-Stack_20251219_724.vsi,8_7_BAEOHARMIN24_hod_3_Multichannel Z-Stack_20251219_724.vsi,.vsi,1,macro image,1,,,,unavailable,
Z:\Brejtr\ActiveProjects\Microscopy\20251219\8_7_BAEOHARMIN24_hod_4_Multichannel Z-Stack_20251219_725.vsi,8_7_BAEOHARMIN24_hod_4_Multichannel Z-Stack_20251219_725.vsi,.vsi,0,"C488, C561, C640",36,,409.7533571384972,415.0033571384972,ome_plane_position_z,
Z:\Brejtr\ActiveProjects\Microscopy\20251219\8_7_BAEOHARMIN24_hod_4_Multichannel Z-Stack_20251219_725.vsi,8_7_BAEOHARMIN24_hod_4_Multichannel Z-Stack_20251219_725.vsi,.vsi,1,macro image,1,,,,unavailable,
Z:\Brejtr\ActiveProjects\Microscopy\20251219\8_7_BAEOHARMIN24_hod_5_Multichannel Z-Stack_20251219_726.vsi,8_7_BAEOHARMIN24_hod_5_Multichannel Z-Stack_20251219_726.vsi,.vsi,0,"C488, C561, C640",59,,411.18646767991214,419.8864676799121,ome_plane_position_z,
Z:\Brejtr\ActiveProjects\Microscopy\20251219\8_7_BAEOHARMIN24_hod_5_Multichannel Z-Stack_20251219_726.vsi,8_7_BAEOHARMIN24_hod_5_Multichannel Z-Stack_20251219_726.vsi,.vsi,1,macro image,1,,,,unavailable,
Z:\Brejtr\ActiveProjects\Microscopy\20251219\8_7_BAEOHARMIN24_hod_6_Multichannel Z-Stack_20251219_727.vsi,8_7_BAEOHARMIN24_hod_6_Multichannel Z-Stack_20251219_727.vsi,.vsi,0,"C488, C561, C640",53,,412.20854544344746,420.0085454434475,ome_plane_position_z,
Z:\Brejtr\ActiveProjects\Microscopy\20251219\8_7_BAEOHARMIN24_hod_6_Multichannel Z-Stack_20251219_727.vsi,8_7_BAEOHARMIN24_hod_6_Multichannel Z-Stack_20251219_727.vsi,.vsi,1,macro image,1,,,,unavailable,
Z:\Brejtr\ActiveProjects\Microscopy\20251219\8_7_BAEOHARMIN24_hod_7_Multichannel Z-Stack_20251219_728.vsi,8_7_BAEOHARMIN24_hod_7_Multichannel Z-Stack_20251219_728.vsi,.vsi,0,"C488, C561, C640",74,,414.15529207104925,425.10529207104923,ome_plane_position_z,
Z:\Brejtr\ActiveProjects\Microscopy\20251219\8_7_BAEOHARMIN24_hod_7_Multichannel Z-Stack_20251219_728.vsi,8_7_BAEOHARMIN24_hod_7_Multichannel Z-Stack_20251219_728.vsi,.vsi,1,macro image,1,,,,unavailable,
Z:\Brejtr\ActiveProjects\Microscopy\20251219\8_7_BAEOHARMIN24_hod_8_Multichannel Z-Stack_20251219_729.vsi,8_7_BAEOHARMIN24_hod_8_Multichannel Z-Stack_20251219_729.vsi,.vsi,0,"C488, C561, C640",44,,422.25658609534275,428.70658609534274,ome_plane_position_z,
Z:\Brejtr\ActiveProjects\Microscopy\20251219\8_7_BAEOHARMIN24_hod_8_Multichannel Z-Stack_20251219_729.vsi,8_7_BAEOHARMIN24_hod_8_Multichannel Z-Stack_20251219_729.vsi,.vsi,1,macro image,1,,,,unavailable,
Z:\Brejtr\ActiveProjects\Microscopy\20251219\8_7_BAEOHARMIN24_hod_9_Multichannel Z-Stack_20251219_730.vsi,8_7_BAEOHARMIN24_hod_9_Multichannel Z-Stack_20251219_730.vsi,.vsi,0,"C488, C561, C640",51,,425.9065799914546,433.4065799914546,ome_plane_position_z,
Z:\Brejtr\ActiveProjects\Microscopy\20251219\8_7_BAEOHARMIN24_hod_9_Multichannel Z-Stack_20251219_730.vsi,8_7_BAEOHARMIN24_hod_9_Multichannel Z-Stack_20251219_730.vsi,.vsi,1,macro image,1,,,,unavailable,
Z:\Brejtr\ActiveProjects\Microscopy\20251219\8_7_KONTROLA_24hod_10_Multichannel Z-Stack_20251219_649.vsi,8_7_KONTROLA_24hod_10_Multichannel Z-Stack_20251219_649.vsi,.vsi,0,"C488, C561, C640",46,,273.3574284319111,280.1074284319111,ome_plane_position_z,
Z:\Brejtr\ActiveProjects\Microscopy\20251219\8_7_KONTROLA_24hod_10_Multichannel Z-Stack_20251219_649.vsi,8_7_KONTROLA_24hod_10_Multichannel Z-Stack_20251219_649.vsi,.vsi,1,macro image,1,,,,unavailable,
Z:\Brejtr\ActiveProjects\Microscopy\20251219\8_7_KONTROLA_24hod_1_Multichannel Z-Stack_20251219_640.vsi,8_7_KONTROLA_24hod_1_Multichannel Z-Stack_20251219_640.vsi,.vsi,0,"C488, C561, C640",52,,293.85155649148516,301.50155649148513,ome_plane_position_z,
Z:\Brejtr\ActiveProjects\Microscopy\20251219\8_7_KONTROLA_24hod_1_Multichannel Z-Stack_20251219_640.vsi,8_7_KONTROLA_24hod_1_Multichannel Z-Stack_20251219_640.vsi,.vsi,1,macro image,1,,,,unavailable,
Z:\Brejtr\ActiveProjects\Microscopy\20251219\8_7_KONTROLA_24hod_2_Multichannel Z-Stack_20251219_641.vsi,8_7_KONTROLA_24hod_2_Multichannel Z-Stack_20251219_641.vsi,.vsi,0,"C488, C561, C640",44,0.14999999999999863,289.9957272782763,296.44572727827625,ome_plane_position_z,
Z:\Brejtr\ActiveProjects\Microscopy\20251219\8_7_KONTROLA_24hod_2_Multichannel Z-Stack_20251219_641.vsi,8_7_KONTROLA_24hod_2_Multichannel Z-Stack_20251219_641.vsi,.vsi,1,macro image,1,,,,unavailable,
Z:\Brejtr\ActiveProjects\Microscopy\20251219\8_7_KONTROLA_24hod_3_Multichannel Z-Stack_20251219_642.vsi,8_7_KONTROLA_24hod_3_Multichannel Z-Stack_20251219_642.vsi,.vsi,0,"C488, C561, C640",27,,293.7866263810048,297.6866263810047,ome_plane_position_z,
Z:\Brejtr\ActiveProjects\Microscopy\20251219\8_7_KONTROLA_24hod_3_Multichannel Z-Stack_20251219_642.vsi,8_7_KONTROLA_24hod_3_Multichannel Z-Stack_20251219_642.vsi,.vsi,1,macro image,1,,,,unavailable,
Z:\Brejtr\ActiveProjects\Microscopy\20251219\8_7_KONTROLA_24hod_4_Multichannel Z-Stack_20251219_643.vsi,8_7_KONTROLA_24hod_4_Multichannel Z-Stack_20251219_643.vsi,.vsi,0,"C488, C561, C640",46,,290.35675700421166,297.10675700421166,ome_plane_position_z,
Z:\Brejtr\ActiveProjects\Microscopy\20251219\8_7_KONTROLA_24hod_4_Multichannel Z-Stack_20251219_643.vsi,8_7_KONTROLA_24hod_4_Multichannel Z-Stack_20251219_643.vsi,.vsi,1,macro image,1,,,,unavailable,
Z:\Brejtr\ActiveProjects\Microscopy\20251219\8_7_KONTROLA_24hod_5_Multichannel Z-Stack_20251219_644.vsi,8_7_KONTROLA_24hod_5_Multichannel Z-Stack_20251219_644.vsi,.vsi,0,"C488, C561, C640",34,,287.54832143075146,292.49832143075145,ome_plane_position_z,
Z:\Brejtr\ActiveProjects\Microscopy\20251219\8_7_KONTROLA_24hod_5_Multichannel Z-Stack_20251219_644.vsi,8_7_KONTROLA_24hod_5_Multichannel Z-Stack_20251219_644.vsi,.vsi,1,macro image,1,,,,unavailable,
Z:\Brejtr\ActiveProjects\Microscopy\20251219\8_7_KONTROLA_24hod_6_Multichannel Z-Stack_20251219_645.vsi,8_7_KONTROLA_24hod_6_Multichannel Z-Stack_20251219_645.vsi,.vsi,0,"C488, C561, C640",46,,284.1613105047916,290.9113105047916,ome_plane_position_z,
Z:\Brejtr\ActiveProjects\Microscopy\20251219\8_7_KONTROLA_24hod_6_Multichannel Z-Stack_20251219_645.vsi,8_7_KONTROLA_24hod_6_Multichannel Z-Stack_20251219_645.vsi,.vsi,1,macro image,1,,,,unavailable,
Z:\Brejtr\ActiveProjects\Microscopy\20251219\8_7_KONTROLA_24hod_7_Multichannel Z-Stack_20251219_646.vsi,8_7_KONTROLA_24hod_7_Multichannel Z-Stack_20251219_646.vsi,.vsi,0,"C488, C561, C640",46,,280.65157480314963,287.40157480314963,ome_plane_position_z,
Z:\Brejtr\ActiveProjects\Microscopy\20251219\8_7_KONTROLA_24hod_7_Multichannel Z-Stack_20251219_646.vsi,8_7_KONTROLA_24hod_7_Multichannel Z-Stack_20251219_646.vsi,.vsi,1,macro image,1,,,,unavailable,
Z:\Brejtr\ActiveProjects\Microscopy\20251219\8_7_KONTROLA_24hod_8_Multichannel Z-Stack_20251219_647.vsi,8_7_KONTROLA_24hod_8_Multichannel Z-Stack_20251219_647.vsi,.vsi,0,"C488, C561, C640",52,,278.2561221998414,285.9061221998413,ome_plane_position_z,
Z:\Brejtr\ActiveProjects\Microscopy\20251219\8_7_KONTROLA_24hod_8_Multichannel Z-Stack_20251219_647.vsi,8_7_KONTROLA_24hod_8_Multichannel Z-Stack_20251219_647.vsi,.vsi,1,macro image,1,,,,unavailable,
Z:\Brejtr\ActiveProjects\Microscopy\20251219\8_7_KONTROLA_24hod_9_Multichannel Z-Stack_20251219_648.vsi,8_7_KONTROLA_24hod_9_Multichannel Z-Stack_20251219_648.vsi,.vsi,0,"C488, C561, C640",40,,275.6613227125679,281.51132271256796,ome_plane_position_z,
Z:\Brejtr\ActiveProjects\Microscopy\20251219\8_7_KONTROLA_24hod_9_Multichannel Z-Stack_20251219_648.vsi,8_7_KONTROLA_24hod_9_Multichannel Z-Stack_20251219_648.vsi,.vsi,1,macro image,1,,,,unavailable,
Z:\Brejtr\ActiveProjects\Microscopy\20251219\8_7_KONTROLAHARMIN_24hod_10_Multichannel Z-Stack_20251219_659.vsi,8_7_KONTROLAHARMIN_24hod_10_Multichannel Z-Stack_20251219_659.vsi,.vsi,0,"C488, C561, C640",52,,252.95550570713542,260.6055057071354,ome_plane_position_z,
Z:\Brejtr\ActiveProjects\Microscopy\20251219\8_7_KONTROLAHARMIN_24hod_10_Multichannel Z-Stack_20251219_659.vsi,8_7_KONTROLAHARMIN_24hod_10_Multichannel Z-Stack_20251219_659.vsi,.vsi,1,macro image,1,,,,unavailable,
Z:\Brejtr\ActiveProjects\Microscopy\20251219\8_7_KONTROLAHARMIN_24hod_1_Multichannel Z-Stack_20251219_650.vsi,8_7_KONTROLAHARMIN_24hod_1_Multichannel Z-Stack_20251219_650.vsi,.vsi,0,"C488, C561, C640",39,,271.904834279436,277.604834279436,ome_plane_position_z,
Z:\Brejtr\ActiveProjects\Microscopy\20251219\8_7_KONTROLAHARMIN_24hod_1_Multichannel Z-Stack_20251219_650.vsi,8_7_KONTROLAHARMIN_24hod_1_Multichannel Z-Stack_20251219_650.vsi,.vsi,1,macro image,1,,,,unavailable,
Z:\Brejtr\ActiveProjects\Microscopy\20251219\8_7_KONTROLAHARMIN_24hod_2_Multichannel Z-Stack_20251219_651.vsi,8_7_KONTROLAHARMIN_24hod_2_Multichannel Z-Stack_20251219_651.vsi,.vsi,0,"C488, C561, C640",36,,268.7535402551426,274.0035402551426,ome_plane_position_z,
Z:\Brejtr\ActiveProjects\Microscopy\20251219\8_7_KONTROLAHARMIN_24hod_2_Multichannel Z-Stack_20251219_651.vsi,8_7_KONTROLAHARMIN_24hod_2_Multichannel Z-Stack_20251219_651.vsi,.vsi,1,macro image,1,,,,unavailable,
Z:\Brejtr\ActiveProjects\Microscopy\20251219\8_7_KONTROLAHARMIN_24hod_3_Multichannel Z-Stack_20251219_652.vsi,8_7_KONTROLAHARMIN_24hod_3_Multichannel Z-Stack_20251219_652.vsi,.vsi,0,"C488, C561, C640",46,,269.45093999877923,276.20093999877923,ome_plane_position_z,
Z:\Brejtr\ActiveProjects\Microscopy\20251219\8_7_KONTROLAHARMIN_24hod_3_Multichannel Z-Stack_20251219_652.vsi,8_7_KONTROLAHARMIN_24hod_3_Multichannel Z-Stack_20251219_652.vsi,.vsi,1,macro image,1,,,,unavailable,
Z:\Brejtr\ActiveProjects\Microscopy\20251219\8_7_KONTROLAHARMIN_24hod_4_Multichannel Z-Stack_20251219_653.vsi,8_7_KONTROLAHARMIN_24hod_4_Multichannel Z-Stack_20251219_653.vsi,.vsi,0,"C488, C561, C640",26,,268.7580876518343,272.5080876518343,ome_plane_position_z,
Z:\Brejtr\ActiveProjects\Microscopy\20251219\8_7_KONTROLAHARMIN_24hod_4_Multichannel Z-Stack_20251219_653.vsi,8_7_KONTROLAHARMIN_24hod_4_Multichannel Z-Stack_20251219_653.vsi,.vsi,1,macro image,1,,,,unavailable,
Z:\Brejtr\ActiveProjects\Microscopy\20251219\8_7_KONTROLAHARMIN_24hod_5_Multichannel Z-Stack_20251219_654.vsi,8_7_KONTROLAHARMIN_24hod_5_Multichannel Z-Stack_20251219_654.vsi,.vsi,0,"C488, C561, C640",26,,266.9574406396875,270.7074406396875,ome_plane_position_z,
Z:\Brejtr\ActiveProjects\Microscopy\20251219\8_7_KONTROLAHARMIN_24hod_5_Multichannel Z-Stack_20251219_654.vsi,8_7_KONTROLAHARMIN_24hod_5_Multichannel Z-Stack_20251219_654.vsi,.vsi,1,macro image,1,,,,unavailable,
Z:\Brejtr\ActiveProjects\Microscopy\20251219\8_7_KONTROLAHARMIN_24hod_6_Multichannel Z-Stack_20251219_655.vsi,8_7_KONTROLAHARMIN_24hod_6_Multichannel Z-Stack_20251219_655.vsi,.vsi,0,"C488, C561, C640",39,,263.2067936275408,268.90679362754076,ome_plane_position_z,
Z:\Brejtr\ActiveProjects\Microscopy\20251219\8_7_KONTROLAHARMIN_24hod_6_Multichannel Z-Stack_20251219_655.vsi,8_7_KONTROLAHARMIN_24hod_6_Multichannel Z-Stack_20251219_655.vsi,.vsi,1,macro image,1,,,,unavailable,
Z:\Brejtr\ActiveProjects\Microscopy\20251219\8_7_KONTROLAHARMIN_24hod_7_Multichannel Z-Stack_20251219_656.vsi,8_7_KONTROLAHARMIN_24hod_7_Multichannel Z-Stack_20251219_656.vsi,.vsi,0,"C488, C561, C640",39,,261.802899346884,267.502899346884,ome_plane_position_z,
Z:\Brejtr\ActiveProjects\Microscopy\20251219\8_7_KONTROLAHARMIN_24hod_7_Multichannel Z-Stack_20251219_656.vsi,8_7_KONTROLAHARMIN_24hod_7_Multichannel Z-Stack_20251219_656.vsi,.vsi,1,macro image,1,,,,unavailable,
Z:\Brejtr\ActiveProjects\Microscopy\20251219\8_7_KONTROLAHARMIN_24hod_8_Multichannel Z-Stack_20251219_657.vsi,8_7_KONTROLAHARMIN_24hod_8_Multichannel Z-Stack_20251219_657.vsi,.vsi,0,"C488, C561, C640",34,,260.05030519440885,265.0003051944089,ome_plane_position_z,
Z:\Brejtr\ActiveProjects\Microscopy\20251219\8_7_KONTROLAHARMIN_24hod_8_Multichannel Z-Stack_20251219_657.vsi,8_7_KONTROLAHARMIN_24hod_8_Multichannel Z-Stack_20251219_657.vsi,.vsi,1,macro image,1,,,,unavailable,
Z:\Brejtr\ActiveProjects\Microscopy\20251219\8_7_KONTROLAHARMIN_24hod_9_Multichannel Z-Stack_20251219_658.vsi,8_7_KONTROLAHARMIN_24hod_9_Multichannel Z-Stack_20251219_658.vsi,.vsi,0,"C488, C561, C640",46,,256.35809985961055,263.10809985961055,ome_plane_position_z,
Z:\Brejtr\ActiveProjects\Microscopy\20251219\8_7_KONTROLAHARMIN_24hod_9_Multichannel Z-Stack_20251219_658.vsi,8_7_KONTROLAHARMIN_24hod_9_Multichannel Z-Stack_20251219_658.vsi,.vsi,1,macro image,1,,,,unavailable,
Z:\Brejtr\ActiveProjects\Microscopy\20251219\8_7_NORPSI24_hod_10_Multichannel Z-Stack_20251219_701.vsi,8_7_NORPSI24_hod_10_Multichannel Z-Stack_20251219_701.vsi,.vsi,0,"C488, C561, C640",45,,329.60216077641456,336.2021607764146,ome_plane_position_z,
Z:\Brejtr\ActiveProjects\Microscopy\20251219\8_7_NORPSI24_hod_10_Multichannel Z-Stack_20251219_701.vsi,8_7_NORPSI24_hod_10_Multichannel Z-Stack_20251219_701.vsi,.vsi,1,macro image,1,,,,unavailable,
Z:\Brejtr\ActiveProjects\Microscopy\20251219\8_7_NORPSI24_hod_1_Multichannel Z-Stack_20251219_691.vsi,8_7_NORPSI24_hod_1_Multichannel Z-Stack_20251219_691.vsi,.vsi,0,"C488, C561, C640",51,,288.2028627235549,295.7028627235549,ome_plane_position_z,
Z:\Brejtr\ActiveProjects\Microscopy\20251219\8_7_NORPSI24_hod_1_Multichannel Z-Stack_20251219_691.vsi,8_7_NORPSI24_hod_1_Multichannel Z-Stack_20251219_691.vsi,.vsi,1,macro image,1,,,,unavailable,
Z:\Brejtr\ActiveProjects\Microscopy\20251219\8_7_NORPSI24_hod_2_Multichannel Z-Stack_20251219_692.vsi,8_7_NORPSI24_hod_2_Multichannel Z-Stack_20251219_692.vsi,.vsi,0,"C488, C561, C640",66,,290.95805102850517,300.70805102850517,ome_plane_position_z,
Z:\Brejtr\ActiveProjects\Microscopy\20251219\8_7_NORPSI24_hod_2_Multichannel Z-Stack_20251219_692.vsi,8_7_NORPSI24_hod_2_Multichannel Z-Stack_20251219_692.vsi,.vsi,1,macro image,1,,,,unavailable,
Z:\Brejtr\ActiveProjects\Microscopy\20251219\8_7_NORPSI24_hod_3_Multichannel Z-Stack_20251219_693.vsi,8_7_NORPSI24_hod_3_Multichannel Z-Stack_20251219_693.vsi,.vsi,0,"C488, C561, C640",45,,297.80090337545016,304.4009033754502,ome_plane_position_z,
Z:\Brejtr\ActiveProjects\Microscopy\20251219\8_7_NORPSI24_hod_3_Multichannel Z-Stack_20251219_693.vsi,8_7_NORPSI24_hod_3_Multichannel Z-Stack_20251219_693.vsi,.vsi,1,macro image,1,,,,unavailable,
Z:\Brejtr\ActiveProjects\Microscopy\20251219\8_7_NORPSI24_hod_4_Multichannel Z-Stack_20251219_694.vsi,8_7_NORPSI24_hod_4_Multichannel Z-Stack_20251219_694.vsi,.vsi,0,"C488, C561, C640",52,,301.450897271562,309.10089727156196,ome_plane_position_z,
Z:\Brejtr\ActiveProjects\Microscopy\20251219\8_7_NORPSI24_hod_4_Multichannel Z-Stack_20251219_694.vsi,8_7_NORPSI24_hod_4_Multichannel Z-Stack_20251219_694.vsi,.vsi,1,macro image,1,,,,unavailable,
Z:\Brejtr\ActiveProjects\Microscopy\20251219\8_7_NORPSI24_hod_5_Multichannel Z-Stack_20251219_695.vsi,8_7_NORPSI24_hod_5_Multichannel Z-Stack_20251219_695.vsi,.vsi,0,"C488, C561, C640",52,,306.1508911676738,313.8008911676738,ome_plane_position_z,
Z:\Brejtr\ActiveProjects\Microscopy\20251219\8_7_NORPSI24_hod_5_Multichannel Z-Stack_20251219_695.vsi,8_7_NORPSI24_hod_5_Multichannel Z-Stack_20251219_695.vsi,.vsi,1,macro image,1,,,,unavailable,
Z:\Brejtr\ActiveProjects\Microscopy\20251219\8_7_NORPSI24_hod_6_Multichannel Z-Stack_20251219_696.vsi,8_7_NORPSI24_hod_6_Multichannel Z-Stack_20251219_696.vsi,.vsi,0,"C488, C561, C640",52,,310.85088506378565,318.50088506378563,ome_plane_position_z,
Z:\Brejtr\ActiveProjects\Microscopy\20251219\8_7_NORPSI24_hod_6_Multichannel Z-Stack_20251219_696.vsi,8_7_NORPSI24_hod_6_Multichannel Z-Stack_20251219_696.vsi,.vsi,1,macro image,1,,,,unavailable,
Z:\Brejtr\ActiveProjects\Microscopy\20251219\8_7_NORPSI24_hod_7_Multichannel Z-Stack_20251219_697.vsi,8_7_NORPSI24_hod_7_Multichannel Z-Stack_20251219_697.vsi,.vsi,0,"C488, C561, C640",59,,315.50802050906435,324.2080205090643,ome_plane_position_z,
Z:\Brejtr\ActiveProjects\Microscopy\20251219\8_7_NORPSI24_hod_7_Multichannel Z-Stack_20251219_697.vsi,8_7_NORPSI24_hod_7_Multichannel Z-Stack_20251219_697.vsi,.vsi,1,macro image,1,,,,unavailable,
Z:\Brejtr\ActiveProjects\Microscopy\20251219\8_7_NORPSI24_hod_8_Multichannel Z-Stack_20251219_698.vsi,8_7_NORPSI24_hod_8_Multichannel Z-Stack_20251219_698.vsi,.vsi,0,"C488, C561, C640",51,,321.4080144051761,328.9080144051761,ome_plane_position_z,
Z:\Brejtr\ActiveProjects\Microscopy\20251219\8_7_NORPSI24_hod_8_Multichannel Z-Stack_20251219_698.vsi,8_7_NORPSI24_hod_8_Multichannel Z-Stack_20251219_698.vsi,.vsi,1,macro image,1,,,,unavailable,
Z:\Brejtr\ActiveProjects\Microscopy\20251219\8_7_NORPSI24_hod_9_Multichannel Z-Stack_20251219_699.vsi,8_7_NORPSI24_hod_9_Multichannel Z-Stack_20251219_699.vsi,.vsi,0,"C488, C561, C640",60,,324.05606116095953,332.90606116095955,ome_plane_position_z,
Z:\Brejtr\ActiveProjects\Microscopy\20251219\8_7_NORPSI24_hod_9_Multichannel Z-Stack_20251219_699.vsi,8_7_NORPSI24_hod_9_Multichannel Z-Stack_20251219_699.vsi,.vsi,1,macro image,1,,,,unavailable,
Z:\Brejtr\ActiveProjects\Microscopy\20251219\8_7_NORPSI24_hod_9B_Multichannel Z-Stack_20251219_700.vsi,8_7_NORPSI24_hod_9B_Multichannel Z-Stack_20251219_700.vsi,.vsi,0,"C488, C561, C640",43,,329.2002136360861,335.5002136360862,ome_plane_position_z,
Z:\Brejtr\ActiveProjects\Microscopy\20251219\8_7_NORPSI24_hod_9B_Multichannel Z-Stack_20251219_700.vsi,8_7_NORPSI24_hod_9B_Multichannel Z-Stack_20251219_700.vsi,.vsi,1,macro image,1,,,,unavailable,
Z:\Brejtr\ActiveProjects\Microscopy\20251219\8_7_NORPSIHARMIN24_hod_10_Multichannel Z-Stack_20251219_711.vsi,8_7_NORPSIHARMIN24_hod_10_Multichannel Z-Stack_20251219_711.vsi,.vsi,0,"C488, C561, C640",74,,362.85211194530916,373.80211194530915,ome_plane_position_z,
Z:\Brejtr\ActiveProjects\Microscopy\20251219\8_7_NORPSIHARMIN24_hod_10_Multichannel Z-Stack_20251219_711.vsi,8_7_NORPSIHARMIN24_hod_10_Multichannel Z-Stack_20251219_711.vsi,.vsi,1,macro image,1,,,,unavailable,
Z:\Brejtr\ActiveProjects\Microscopy\20251219\8_7_NORPSIHARMIN24_hod_1_Multichannel Z-Stack_20251219_702.vsi,8_7_NORPSIHARMIN24_hod_1_Multichannel Z-Stack_20251219_702.vsi,.vsi,0,"C488, C561, C640",52,,331.45150766037966,339.10150766037964,ome_plane_position_z,
Z:\Brejtr\ActiveProjects\Microscopy\20251219\8_7_NORPSIHARMIN24_hod_1_Multichannel Z-Stack_20251219_702.vsi,8_7_NORPSIHARMIN24_hod_1_Multichannel Z-Stack_20251219_702.vsi,.vsi,1,macro image,1,,,,unavailable,
Z:\Brejtr\ActiveProjects\Microscopy\20251219\8_7_NORPSIHARMIN24_hod_2_Multichannel Z-Stack_20251219_703.vsi,8_7_NORPSIHARMIN24_hod_2_Multichannel Z-Stack_20251219_703.vsi,.vsi,0,"C488, C561, C640",58,,333.4508545443447,342.00085454434475,ome_plane_position_z,
Z:\Brejtr\ActiveProjects\Microscopy\20251219\8_7_NORPSIHARMIN24_hod_2_Multichannel Z-Stack_20251219_703.vsi,8_7_NORPSIHARMIN24_hod_2_Multichannel Z-Stack_20251219_703.vsi,.vsi,1,macro image,1,,,,unavailable,
Z:\Brejtr\ActiveProjects\Microscopy\20251219\8_7_NORPSIHARMIN24_hod_3_Multichannel Z-Stack_20251219_704.vsi,8_7_NORPSIHARMIN24_hod_3_Multichannel Z-Stack_20251219_704.vsi,.vsi,0,"C488, C561, C640",65,,337.10084844045656,346.7008484404566,ome_plane_position_z,
Z:\Brejtr\ActiveProjects\Microscopy\20251219\8_7_NORPSIHARMIN24_hod_3_Multichannel Z-Stack_20251219_704.vsi,8_7_NORPSIHARMIN24_hod_3_Multichannel Z-Stack_20251219_704.vsi,.vsi,1,macro image,1,,,,unavailable,
Z:\Brejtr\ActiveProjects\Microscopy\20251219\8_7_NORPSIHARMIN24_hod_4_Multichannel Z-Stack_20251219_705.vsi,8_7_NORPSIHARMIN24_hod_4_Multichannel Z-Stack_20251219_705.vsi,.vsi,0,"C488, C561, C640",72,,341.7579838857353,352.40798388573523,ome_plane_position_z,
Z:\Brejtr\ActiveProjects\Microscopy\20251219\8_7_NORPSIHARMIN24_hod_4_Multichannel Z-Stack_20251219_705.vsi,8_7_NORPSIHARMIN24_hod_4_Multichannel Z-Stack_20251219_705.vsi,.vsi,1,macro image,1,,,,unavailable,
Z:\Brejtr\ActiveProjects\Microscopy\20251219\8_7_NORPSIHARMIN24_hod_5_Multichannel Z-Stack_20251219_706.vsi,8_7_NORPSIHARMIN24_hod_5_Multichannel Z-Stack_20251219_706.vsi,.vsi,0,"C488, C561, C640",45,,349.5008362326802,356.1008362326802,ome_plane_position_z,
Z:\Brejtr\ActiveProjects\Microscopy\20251219\8_7_NORPSIHARMIN24_hod_5_Multichannel Z-Stack_20251219_706.vsi,8_7_NORPSIHARMIN24_hod_5_Multichannel Z-Stack_20251219_706.vsi,.vsi,1,macro image,1,,,,unavailable,
Z:\Brejtr\ActiveProjects\Microscopy\20251219\8_7_NORPSIHARMIN24_hod_6_Multichannel Z-Stack_20251219_707.vsi,8_7_NORPSIHARMIN24_hod_6_Multichannel Z-Stack_20251219_707.vsi,.vsi,0,"C488, C561, C640",52,,350.25148324482706,357.901483244827,ome_plane_position_z,
Z:\Brejtr\ActiveProjects\Microscopy\20251219\8_7_NORPSIHARMIN24_hod_6_Multichannel Z-Stack_20251219_707.vsi,8_7_NORPSIHARMIN24_hod_6_Multichannel Z-Stack_20251219_707.vsi,.vsi,1,macro image,1,,,,unavailable,
Z:\Brejtr\ActiveProjects\Microscopy\20251219\8_7_NORPSIHARMIN24_hod_7_Multichannel Z-Stack_20251219_708.vsi,8_7_NORPSIHARMIN24_hod_7_Multichannel Z-Stack_20251219_708.vsi,.vsi,0,"C488, C561, C640",44,,355.05277726912044,361.50277726912043,ome_plane_position_z,
Z:\Brejtr\ActiveProjects\Microscopy\20251219\8_7_NORPSIHARMIN24_hod_7_Multichannel Z-Stack_20251219_708.vsi,8_7_NORPSIHARMIN24_hod_7_Multichannel Z-Stack_20251219_708.vsi,.vsi,1,macro image,1,,,,unavailable,
Z:\Brejtr\ActiveProjects\Microscopy\20251219\8_7_NORPSIHARMIN24_hod_8_Multichannel Z-Stack_20251219_709.vsi,8_7_NORPSIHARMIN24_hod_8_Multichannel Z-Stack_20251219_709.vsi,.vsi,0,"C488, C561, C640",50,,357.75407129341386,365.1040712934139,ome_plane_position_z,
Z:\Brejtr\ActiveProjects\Microscopy\20251219\8_7_NORPSIHARMIN24_hod_8_Multichannel Z-Stack_20251219_709.vsi,8_7_NORPSIHARMIN24_hod_8_Multichannel Z-Stack_20251219_709.vsi,.vsi,1,macro image,1,,,,unavailable,
Z:\Brejtr\ActiveProjects\Microscopy\20251219\8_7_NORPSIHARMIN24_hod_9_Multichannel Z-Stack_20251219_710.vsi,8_7_NORPSIHARMIN24_hod_9_Multichannel Z-Stack_20251219_710.vsi,.vsi,0,"C488, C561, C640",43,,361.306665445889,367.606665445889,ome_plane_position_z,
Z:\Brejtr\ActiveProjects\Microscopy\20251219\8_7_NORPSIHARMIN24_hod_9_Multichannel Z-Stack_20251219_710.vsi,8_7_NORPSIHARMIN24_hod_9_Multichannel Z-Stack_20251219_710.vsi,.vsi,1,macro image,1,,,,unavailable,
Z:\Brejtr\ActiveProjects\Microscopy\20251219\8_7_PSI24_hod_10_Multichannel Z-Stack_20251219_669.vsi,8_7_PSI24_hod_10_Multichannel Z-Stack_20251219_669.vsi,.vsi,0,"C488, C561, C640",72,,219.95489531831777,230.60489531831777,ome_plane_position_z,
Z:\Brejtr\ActiveProjects\Microscopy\20251219\8_7_PSI24_hod_10_Multichannel Z-Stack_20251219_669.vsi,8_7_PSI24_hod_10_Multichannel Z-Stack_20251219_669.vsi,.vsi,1,macro image,1,,,,unavailable,
Z:\Brejtr\ActiveProjects\Microscopy\20251219\8_7_PSI24_hod_1_Multichannel Z-Stack_20251219_660.vsi,8_7_PSI24_hod_1_Multichannel Z-Stack_20251219_660.vsi,.vsi,0,"C488, C561, C640",46,,250.5594060916804,257.3094060916804,ome_plane_position_z,
Z:\Brejtr\ActiveProjects\Microscopy\20251219\8_7_PSI24_hod_1_Multichannel Z-Stack_20251219_660.vsi,8_7_PSI24_hod_1_Multichannel Z-Stack_20251219_660.vsi,.vsi,1,macro image,1,,,,unavailable,
Z:\Brejtr\ActiveProjects\Microscopy\20251219\8_7_PSI24_hod_2_Multichannel Z-Stack_20251219_661.vsi,8_7_PSI24_hod_2_Multichannel Z-Stack_20251219_661.vsi,.vsi,0,"C488, C561, C640",46,,245.95097051822012,252.70097051822012,ome_plane_position_z,
Z:\Brejtr\ActiveProjects\Microscopy\20251219\8_7_PSI24_hod_2_Multichannel Z-Stack_20251219_661.vsi,8_7_PSI24_hod_2_Multichannel Z-Stack_20251219_661.vsi,.vsi,1,macro image,1,,,,unavailable,
Z:\Brejtr\ActiveProjects\Microscopy\20251219\8_7_PSI24_hod_3_Multichannel Z-Stack_20251219_662.vsi,8_7_PSI24_hod_3_Multichannel Z-Stack_20251219_662.vsi,.vsi,0,"C488, C561, C640",46,,242.2581181712751,249.0081181712751,ome_plane_position_z,
Z:\Brejtr\ActiveProjects\Microscopy\20251219\8_7_PSI24_hod_3_Multichannel Z-Stack_20251219_662.vsi,8_7_PSI24_hod_3_Multichannel Z-Stack_20251219_662.vsi,.vsi,1,macro image,1,,,,unavailable,
Z:\Brejtr\ActiveProjects\Microscopy\20251219\8_7_PSI24_hod_4_Multichannel Z-Stack_20251219_663.vsi,8_7_PSI24_hod_4_Multichannel Z-Stack_20251219_663.vsi,.vsi,0,"C488, C561, C640",46,,238.65682414698162,245.40682414698162,ome_plane_position_z,
Z:\Brejtr\ActiveProjects\Microscopy\20251219\8_7_PSI24_hod_4_Multichannel Z-Stack_20251219_663.vsi,8_7_PSI24_hod_4_Multichannel Z-Stack_20251219_663.vsi,.vsi,1,macro image,1,,,,unavailable,
Z:\Brejtr\ActiveProjects\Microscopy\20251219\8_7_PSI24_hod_5_Multichannel Z-Stack_20251219_664.vsi,8_7_PSI24_hod_5_Multichannel Z-Stack_20251219_664.vsi,.vsi,0,"C488, C561, C640",33,,236.08994689617285,240.88994689617286,ome_plane_position_z,
Z:\Brejtr\ActiveProjects\Microscopy\20251219\8_7_PSI24_hod_5_Multichannel Z-Stack_20251219_664.vsi,8_7_PSI24_hod_5_Multichannel Z-Stack_20251219_664.vsi,.vsi,1,macro image,1,,,,unavailable,
Z:\Brejtr\ActiveProjects\Microscopy\20251219\8_7_PSI24_hod_6_Multichannel Z-Stack_20251219_665.vsi,8_7_PSI24_hod_6_Multichannel Z-Stack_20251219_665.vsi,.vsi,0,"C488, C561, C640",46,,233.65163584203137,240.40163584203137,ome_plane_position_z,
Z:\Brejtr\ActiveProjects\Microscopy\20251219\8_7_PSI24_hod_6_Multichannel Z-Stack_20251219_665.vsi,8_7_PSI24_hod_6_Multichannel Z-Stack_20251219_665.vsi,.vsi,1,macro image,1,,,,unavailable,
Z:\Brejtr\ActiveProjects\Microscopy\20251219\8_7_PSI24_hod_7_Multichannel Z-Stack_20251219_666.vsi,8_7_PSI24_hod_7_Multichannel Z-Stack_20251219_666.vsi,.vsi,0,"C488, C561, C640",46,,231.0574833669047,237.8074833669047,ome_plane_position_z,
Z:\Brejtr\ActiveProjects\Microscopy\20251219\8_7_PSI24_hod_7_Multichannel Z-Stack_20251219_666.vsi,8_7_PSI24_hod_7_Multichannel Z-Stack_20251219_666.vsi,.vsi,1,macro image,1,,,,unavailable,
Z:\Brejtr\ActiveProjects\Microscopy\20251219\8_7_PSI24_hod_8_Multichannel Z-Stack_20251219_667.vsi,8_7_PSI24_hod_8_Multichannel Z-Stack_20251219_667.vsi,.vsi,0,"C488, C561, C640",52,,228.75358908624793,236.40358908624793,ome_plane_position_z,
Z:\Brejtr\ActiveProjects\Microscopy\20251219\8_7_PSI24_hod_8_Multichannel Z-Stack_20251219_667.vsi,8_7_PSI24_hod_8_Multichannel Z-Stack_20251219_667.vsi,.vsi,1,macro image,1,,,,unavailable,
Z:\Brejtr\ActiveProjects\Microscopy\20251219\8_7_PSI24_hod_9_Multichannel Z-Stack_20251219_668.vsi,8_7_PSI24_hod_9_Multichannel Z-Stack_20251219_668.vsi,.vsi,0,"C488, C561, C640",40,,226.15878959897455,232.00878959897454,ome_plane_position_z,
Z:\Brejtr\ActiveProjects\Microscopy\20251219\8_7_PSI24_hod_9_Multichannel Z-Stack_20251219_668.vsi,8_7_PSI24_hod_9_Multichannel Z-Stack_20251219_668.vsi,.vsi,1,macro image,1,,,,unavailable,
Z:\Brejtr\ActiveProjects\Microscopy\20251219\8_7_PSIHARMIN24_hod_10_Multichannel Z-Stack_20251219_679.vsi,8_7_PSIHARMIN24_hod_10_Multichannel Z-Stack_20251219_679.vsi,.vsi,0,"C488, C561, C640",44,,245.85421778673017,252.30421778673013,ome_plane_position_z,
Z:\Brejtr\ActiveProjects\Microscopy\20251219\8_7_PSIHARMIN24_hod_10_Multichannel Z-Stack_20251219_679.vsi,8_7_PSIHARMIN24_hod_10_Multichannel Z-Stack_20251219_679.vsi,.vsi,1,macro image,1,,,,unavailable,
Z:\Brejtr\ActiveProjects\Microscopy\20251219\8_7_PSIHARMIN24_hod_1_Multichannel Z-Stack_20251219_670.vsi,8_7_PSIHARMIN24_hod_1_Multichannel Z-Stack_20251219_670.vsi,.vsi,0,"C488, C561, C640",45,,216.10036012940245,222.70036012940244,ome_plane_position_z,
Z:\Brejtr\ActiveProjects\Microscopy\20251219\8_7_PSIHARMIN24_hod_1_Multichannel Z-Stack_20251219_670.vsi,8_7_PSIHARMIN24_hod_1_Multichannel Z-Stack_20251219_670.vsi,.vsi,1,macro image,1,,,,unavailable,
Z:\Brejtr\ActiveProjects\Microscopy\20251219\8_7_PSIHARMIN24_hod_2_Multichannel Z-Stack_20251219_671.vsi,8_7_PSIHARMIN24_hod_2_Multichannel Z-Stack_20251219_671.vsi,.vsi,0,"C488, C561, C640",52,,219.75035402551424,227.40035402551425,ome_plane_position_z,
Z:\Brejtr\ActiveProjects\Microscopy\20251219\8_7_PSIHARMIN24_hod_2_Multichannel Z-Stack_20251219_671.vsi,8_7_PSIHARMIN24_hod_2_Multichannel Z-Stack_20251219_671.vsi,.vsi,1,macro image,1,,,,unavailable,
Z:\Brejtr\ActiveProjects\Microscopy\20251219\8_7_PSIHARMIN24_hod_3_Multichannel Z-Stack_20251219_672.vsi,8_7_PSIHARMIN24_hod_3_Multichannel Z-Stack_20251219_672.vsi,.vsi,0,"C488, C561, C640",43,,225.40359519013612,231.70359519013616,ome_plane_position_z,
Z:\Brejtr\ActiveProjects\Microscopy\20251219\8_7_PSIHARMIN24_hod_3_Multichannel Z-Stack_20251219_672.vsi,8_7_PSIHARMIN24_hod_3_Multichannel Z-Stack_20251219_672.vsi,.vsi,1,macro image,1,,,,unavailable,
Z:\Brejtr\ActiveProjects\Microscopy\20251219\8_7_PSIHARMIN24_hod_4_Multichannel Z-Stack_20251219_673.vsi,8_7_PSIHARMIN24_hod_4_Multichannel Z-Stack_20251219_673.vsi,.vsi,0,"C488, C561, C640",38,,229.75488921442957,235.30488921442958,ome_plane_position_z,
Z:\Brejtr\ActiveProjects\Microscopy\20251219\8_7_PSIHARMIN24_hod_4_Multichannel Z-Stack_20251219_673.vsi,8_7_PSIHARMIN24_hod_4_Multichannel Z-Stack_20251219_673.vsi,.vsi,1,macro image,1,,,,unavailable,
Z:\Brejtr\ActiveProjects\Microscopy\20251219\8_7_PSIHARMIN24_hod_5_Multichannel Z-Stack_20251219_674.vsi,8_7_PSIHARMIN24_hod_5_Multichannel Z-Stack_20251219_674.vsi,.vsi,0,"C488, C561, C640",43,,228.6081364829396,234.90813648293963,ome_plane_position_z,
Z:\Brejtr\ActiveProjects\Microscopy\20251219\8_7_PSIHARMIN24_hod_5_Multichannel Z-Stack_20251219_674.vsi,8_7_PSIHARMIN24_hod_5_Multichannel Z-Stack_20251219_674.vsi,.vsi,1,macro image,1,,,,unavailable,
Z:\Brejtr\ActiveProjects\Microscopy\20251219\8_7_PSIHARMIN24_hod_6_Multichannel Z-Stack_20251219_675.vsi,8_7_PSIHARMIN24_hod_6_Multichannel Z-Stack_20251219_675.vsi,.vsi,0,"C488, C561, C640",51,,231.10098882988464,238.60098882988464,ome_plane_position_z,
Z:\Brejtr\ActiveProjects\Microscopy\20251219\8_7_PSIHARMIN24_hod_6_Multichannel Z-Stack_20251219_675.vsi,8_7_PSIHARMIN24_hod_6_Multichannel Z-Stack_20251219_675.vsi,.vsi,1,macro image,1,,,,unavailable,
Z:\Brejtr\ActiveProjects\Microscopy\20251219\8_7_PSIHARMIN24_hod_7_Multichannel Z-Stack_20251219_676.vsi,8_7_PSIHARMIN24_hod_7_Multichannel Z-Stack_20251219_676.vsi,.vsi,0,"C488, C561, C640",52,,235.65098272599644,243.30098272599645,ome_plane_position_z,
Z:\Brejtr\ActiveProjects\Microscopy\20251219\8_7_PSIHARMIN24_hod_7_Multichannel Z-Stack_20251219_676.vsi,8_7_PSIHARMIN24_hod_7_Multichannel Z-Stack_20251219_676.vsi,.vsi,1,macro image,1,,,,unavailable,
Z:\Brejtr\ActiveProjects\Microscopy\20251219\8_7_PSIHARMIN24_hod_8_Multichannel Z-Stack_20251219_677.vsi,8_7_PSIHARMIN24_hod_8_Multichannel Z-Stack_20251219_677.vsi,.vsi,0,"C488, C561, C640",58,,236.55162973814316,245.1016297381432,ome_plane_position_z,
Z:\Brejtr\ActiveProjects\Microscopy\20251219\8_7_PSIHARMIN24_hod_8_Multichannel Z-Stack_20251219_677.vsi,8_7_PSIHARMIN24_hod_8_Multichannel Z-Stack_20251219_677.vsi,.vsi,1,macro image,1,,,,unavailable,
Z:\Brejtr\ActiveProjects\Microscopy\20251219\8_7_PSIHARMIN24_hod_9_Multichannel Z-Stack_20251219_678.vsi,8_7_PSIHARMIN24_hod_9_Multichannel Z-Stack_20251219_678.vsi,.vsi,0,"C488, C561, C640",44,,242.25292376243672,248.7029237624367,ome_plane_position_z,
Z:\Brejtr\ActiveProjects\Microscopy\20251219\8_7_PSIHARMIN24_hod_9_Multichannel Z-Stack_20251219_678.vsi,8_7_PSIHARMIN24_hod_9_Multichannel Z-Stack_20251219_678.vsi,.vsi,1,macro image,1,,,,unavailable,
Z:\Brejtr\ActiveProjects\Microscopy\20251219\8_7_PSY24_hod_10_Multichannel Z-Stack_20251219_689.vsi,8_7_PSY24_hod_10_Multichannel Z-Stack_20251219_689.vsi,.vsi,0,"C488, C561, C640",58,,279.95027467496794,288.500274674968,ome_plane_position_z,
Z:\Brejtr\ActiveProjects\Microscopy\20251219\8_7_PSY24_hod_10_Multichannel Z-Stack_20251219_689.vsi,8_7_PSY24_hod_10_Multichannel Z-Stack_20251219_689.vsi,.vsi,1,macro image,1,,,,unavailable,
Z:\Brejtr\ActiveProjects\Microscopy\20251219\8_7_PSY24_hod_1_Multichannel Z-Stack_20251219_680.vsi,8_7_PSY24_hod_1_Multichannel Z-Stack_20251219_680.vsi,.vsi,0,"C488, C561, C640",65,,245.60356467069528,255.20356467069527,ome_plane_position_z,
Z:\Brejtr\ActiveProjects\Microscopy\20251219\8_7_PSY24_hod_1_Multichannel Z-Stack_20251219_680.vsi,8_7_PSY24_hod_1_Multichannel Z-Stack_20251219_680.vsi,.vsi,1,macro image,1,,,,unavailable,
Z:\Brejtr\ActiveProjects\Microscopy\20251219\8_7_PSY24_hod_2_Multichannel Z-Stack_20251219_681.vsi,8_7_PSY24_hod_2_Multichannel Z-Stack_20251219_681.vsi,.vsi,0,"C488, C561, C640",57,,251.50355856680707,259.9035585668071,ome_plane_position_z,
Z:\Brejtr\ActiveProjects\Microscopy\20251219\8_7_PSY24_hod_2_Multichannel Z-Stack_20251219_681.vsi,8_7_PSY24_hod_2_Multichannel Z-Stack_20251219_681.vsi,.vsi,1,macro image,1,,,,unavailable,
Z:\Brejtr\ActiveProjects\Microscopy\20251219\8_7_PSY24_hod_3_Multichannel Z-Stack_20251219_682.vsi,8_7_PSY24_hod_3_Multichannel Z-Stack_20251219_682.vsi,.vsi,0,"C488, C561, C640",58,,253.15420557895376,261.7042055789538,ome_plane_position_z,
Z:\Brejtr\ActiveProjects\Microscopy\20251219\8_7_PSY24_hod_3_Multichannel Z-Stack_20251219_682.vsi,8_7_PSY24_hod_3_Multichannel Z-Stack_20251219_682.vsi,.vsi,1,macro image,1,,,,unavailable,
Z:\Brejtr\ActiveProjects\Microscopy\20251219\8_7_PSY24_hod_4_Multichannel Z-Stack_20251219_683.vsi,8_7_PSY24_hod_4_Multichannel Z-Stack_20251219_683.vsi,.vsi,0,"C488, C561, C640",80,,253.15030519440887,265.0003051944089,ome_plane_position_z,
Z:\Brejtr\ActiveProjects\Microscopy\20251219\8_7_PSY24_hod_4_Multichannel Z-Stack_20251219_683.vsi,8_7_PSY24_hod_4_Multichannel Z-Stack_20251219_683.vsi,.vsi,1,macro image,1,,,,unavailable,
Z:\Brejtr\ActiveProjects\Microscopy\20251219\8_7_PSY24_hod_5_Multichannel Z-Stack_20251219_684.vsi,8_7_PSY24_hod_5_Multichannel Z-Stack_20251219_684.vsi,.vsi,0,"C488, C561, C640",52,,259.1509522065556,266.80095220655556,ome_plane_position_z,
Z:\Brejtr\ActiveProjects\Microscopy\20251219\8_7_PSY24_hod_5_Multichannel Z-Stack_20251219_684.vsi,8_7_PSY24_hod_5_Multichannel Z-Stack_20251219_684.vsi,.vsi,1,macro image,1,,,,unavailable,
Z:\Brejtr\ActiveProjects\Microscopy\20251219\8_7_PSY24_hod_6_Multichannel Z-Stack_20251219_685.vsi,8_7_PSY24_hod_6_Multichannel Z-Stack_20251219_685.vsi,.vsi,0,"C488, C561, C640",52,,263.8509461026675,271.50094610266746,ome_plane_position_z,
Z:\Brejtr\ActiveProjects\Microscopy\20251219\8_7_PSY24_hod_6_Multichannel Z-Stack_20251219_685.vsi,8_7_PSY24_hod_6_Multichannel Z-Stack_20251219_685.vsi,.vsi,1,macro image,1,,,,unavailable,
Z:\Brejtr\ActiveProjects\Microscopy\20251219\8_7_PSY24_hod_7_Multichannel Z-Stack_20251219_686.vsi,8_7_PSY24_hod_7_Multichannel Z-Stack_20251219_686.vsi,.vsi,0,"C488, C561, C640",58,,267.6509399987792,276.20093999877923,ome_plane_position_z,
Z:\Brejtr\ActiveProjects\Microscopy\20251219\8_7_PSY24_hod_7_Multichannel Z-Stack_20251219_686.vsi,8_7_PSY24_hod_7_Multichannel Z-Stack_20251219_686.vsi,.vsi,1,macro image,1,,,,unavailable,
Z:\Brejtr\ActiveProjects\Microscopy\20251219\8_7_PSY24_hod_8_Multichannel Z-Stack_20251219_687.vsi,8_7_PSY24_hod_8_Multichannel Z-Stack_20251219_687.vsi,.vsi,0,"C488, C561, C640",65,,271.30093389489105,280.90093389489107,ome_plane_position_z,
Z:\Brejtr\ActiveProjects\Microscopy\20251219\8_7_PSY24_hod_8_Multichannel Z-Stack_20251219_687.vsi,8_7_PSY24_hod_8_Multichannel Z-Stack_20251219_687.vsi,.vsi,1,macro image,1,,,,unavailable,
Z:\Brejtr\ActiveProjects\Microscopy\20251219\8_7_PSY24_hod_9_Multichannel Z-Stack_20251219_688.vsi,8_7_PSY24_hod_9_Multichannel Z-Stack_20251219_688.vsi,.vsi,0,"C488, C561, C640",46,,276.9587224562046,283.7087224562046,ome_plane_position_z,
Z:\Brejtr\ActiveProjects\Microscopy\20251219\8_7_PSY24_hod_9_Multichannel Z-Stack_20251219_688.vsi,8_7_PSY24_hod_9_Multichannel Z-Stack_20251219_688.vsi,.vsi,1,macro image,1,,,,unavailable,
Z:\Brejtr\ActiveProjects\Microscopy\20251219\8_7_PSYHARMIN24_hod_1_Multichannel Z-Stack_20251219_690.vsi,8_7_PSYHARMIN24_hod_1_Multichannel Z-Stack_20251219_690.vsi,.vsi,0,"C488, C561, C640",58,,284.6502685710798,293.2002685710798,ome_plane_position_z,
Z:\Brejtr\ActiveProjects\Microscopy\20251219\8_7_PSYHARMIN24_hod_1_Multichannel Z-Stack_20251219_690.vsi,8_7_PSYHARMIN24_hod_1_Multichannel Z-Stack_20251219_690.vsi,.vsi,1,macro image,1,,,,unavailable,
Z:\Brejtr\ActiveProjects\Microscopy\20251219\_7_1_HARMIN_24hod_10_Multichannel Z-Stack_20251219_517_\stack1\frame_t_0.ets,frame_t_0.ets,.ets,0,"C488, C561, C640",30,,309.7560855765122,314.1060855765122,ome_plane_position_z,
Z:\Brejtr\ActiveProjects\Microscopy\20251219\_7_1_HARMIN_24hod_10_Multichannel Z-Stack_20251219_517_\stack1\frame_t_0.ets,frame_t_0.ets,.ets,1,macro image,1,,,,unavailable,
Z:\Brejtr\ActiveProjects\Microscopy\20251219\_7_1_HARMIN_24hod_1_Multichannel Z-Stack_20251219_508_\stack1\frame_t_0.ets,frame_t_0.ets,.ets,0,"C488, C561, C640",26,,295.15740401635844,298.90740401635844,ome_plane_position_z,
Z:\Brejtr\ActiveProjects\Microscopy\20251219\_7_1_HARMIN_24hod_1_Multichannel Z-Stack_20251219_508_\stack1\frame_t_0.ets,frame_t_0.ets,.ets,1,macro image,1,,,,unavailable,
Z:\Brejtr\ActiveProjects\Microscopy\20251219\_7_1_HARMIN_24hod_2_Multichannel Z-Stack_20251219_509_\stack1\frame_t_0.ets,frame_t_0.ets,.ets,0,"C488, C561, C640",25,,296.89441494231824,300.4944149423183,ome_plane_position_z,
Z:\Brejtr\ActiveProjects\Microscopy\20251219\_7_1_HARMIN_24hod_2_Multichannel Z-Stack_20251219_509_\stack1\frame_t_0.ets,frame_t_0.ets,.ets,1,macro image,1,,,,unavailable,
Z:\Brejtr\ActiveProjects\Microscopy\20251219\_7_1_HARMIN_24hod_3_Multichannel Z-Stack_20251219_510_\stack1\frame_t_0.ets,frame_t_0.ets,.ets,0,"C488, C561, C640",29,,297.6067509003235,301.8067509003235,ome_plane_position_z,
Z:\Brejtr\ActiveProjects\Microscopy\20251219\_7_1_HARMIN_24hod_3_Multichannel Z-Stack_20251219_510_\stack1\frame_t_0.ets,frame_t_0.ets,.ets,1,macro image,1,,,,unavailable,
Z:\Brejtr\ActiveProjects\Microscopy\20251219\_7_1_HARMIN_24hod_4_Multichannel Z-Stack_20251219_511_\stack1\frame_t_0.ets,frame_t_0.ets,.ets,0,"C488, C561, C640",31,,299.8093450527986,304.3093450527986,ome_plane_position_z,
Z:\Brejtr\ActiveProjects\Microscopy\20251219\_7_1_HARMIN_24hod_4_Multichannel Z-Stack_20251219_511_\stack1\frame_t_0.ets,frame_t_0.ets,.ets,1,macro image,1,,,,unavailable,
Z:\Brejtr\ActiveProjects\Microscopy\20251219\_7_1_HARMIN_24hod_5_Multichannel Z-Stack_20251219_512_\stack1\frame_t_0.ets,frame_t_0.ets,.ets,0,"C488, C561, C640",30,,301.45479765610685,305.8047976561069,ome_plane_position_z,
Z:\Brejtr\ActiveProjects\Microscopy\20251219\_7_1_HARMIN_24hod_5_Multichannel Z-Stack_20251219_512_\stack1\frame_t_0.ets,frame_t_0.ets,.ets,1,macro image,1,,,,unavailable,
Z:\Brejtr\ActiveProjects\Microscopy\20251219\_7_1_HARMIN_24hod_6_Multichannel Z-Stack_20251219_513_\stack1\frame_t_0.ets,frame_t_0.ets,.ets,0,"C488, C561, C640",30,,302.95025025941516,307.30025025941524,ome_plane_position_z,
Z:\Brejtr\ActiveProjects\Microscopy\20251219\_7_1_HARMIN_24hod_6_Multichannel Z-Stack_20251219_513_\stack1\frame_t_0.ets,frame_t_0.ets,.ets,1,macro image,1,,,,unavailable,
Z:\Brejtr\ActiveProjects\Microscopy\20251219\_7_1_HARMIN_24hod_7_Multichannel Z-Stack_20251219_514_\stack1\frame_t_0.ets,frame_t_0.ets,.ets,0,"C488, C561, C640",30,,304.354144540072,308.70414454007204,ome_plane_position_z,
Z:\Brejtr\ActiveProjects\Microscopy\20251219\_7_1_HARMIN_24hod_7_Multichannel Z-Stack_20251219_514_\stack1\frame_t_0.ets,frame_t_0.ets,.ets,1,macro image,1,,,,unavailable,
Z:\Brejtr\ActiveProjects\Microscopy\20251219\_7_1_HARMIN_24hod_8_Multichannel Z-Stack_20251219_515_\stack1\frame_t_0.ets,frame_t_0.ets,.ets,0,"C488, C561, C640",37,,305.80673869254724,311.20673869254716,ome_plane_position_z,
Z:\Brejtr\ActiveProjects\Microscopy\20251219\_7_1_HARMIN_24hod_8_Multichannel Z-Stack_20251219_515_\stack1\frame_t_0.ets,frame_t_0.ets,.ets,1,macro image,1,,,,unavailable,
Z:\Brejtr\ActiveProjects\Microscopy\20251219\_7_1_HARMIN_24hod_9_Multichannel Z-Stack_20251219_516_\stack1\frame_t_0.ets,frame_t_0.ets,.ets,0,"C488, C561, C640",23,,309.3106329732039,312.6106329732039,ome_plane_position_z,
Z:\Brejtr\ActiveProjects\Microscopy\20251219\_7_1_HARMIN_24hod_9_Multichannel Z-Stack_20251219_516_\stack1\frame_t_0.ets,frame_t_0.ets,.ets,1,macro image,1,,,,unavailable,
Z:\Brejtr\ActiveProjects\Microscopy\20251219\_7_1_KONTROLA_24hod_10_Multichannel Z-Stack_20251219_507_\stack1\frame_t_0.ets,frame_t_0.ets,.ets,0,"C488, C561, C640",23,,293.80675700421165,297.10675700421166,ome_plane_position_z,
Z:\Brejtr\ActiveProjects\Microscopy\20251219\_7_1_KONTROLA_24hod_10_Multichannel Z-Stack_20251219_507_\stack1\frame_t_0.ets,frame_t_0.ets,.ets,1,macro image,1,,,,unavailable,
Z:\Brejtr\ActiveProjects\Microscopy\20251219\_7_1_KONTROLA_24hod_1_Multichannel Z-Stack_20251219_498_\stack1\frame_t_0.ets,frame_t_0.ets,.ets,0,"C488, C561, C640",37,,278.40028077885614,283.8002807788561,ome_plane_position_z,
Z:\Brejtr\ActiveProjects\Microscopy\20251219\_7_1_KONTROLA_24hod_1_Multichannel Z-Stack_20251219_498_\stack1\frame_t_0.ets,frame_t_0.ets,.ets,1,macro image,1,,,,unavailable,
Z:\Brejtr\ActiveProjects\Microscopy\20251219\_7_1_KONTROLA_24hod_2_Multichannel Z-Stack_20251219_499_\stack1\frame_t_0.ets,frame_t_0.ets,.ets,0,"C488, C561, C640",22,,281.8405389733261,284.99053897332607,ome_plane_position_z,
Z:\Brejtr\ActiveProjects\Microscopy\20251219\_7_1_KONTROLA_24hod_2_Multichannel Z-Stack_20251219_499_\stack1\frame_t_0.ets,frame_t_0.ets,.ets,1,macro image,1,,,,unavailable,
Z:\Brejtr\ActiveProjects\Microscopy\20251219\_7_1_KONTROLA_24hod_3_Multichannel Z-Stack_20251219_500_\stack1\frame_t_0.ets,frame_t_0.ets,.ets,0,"C488, C561, C640",24,,283.0359915766344,286.4859915766344,ome_plane_position_z,
Z:\Brejtr\ActiveProjects\Microscopy\20251219\_7_1_KONTROLA_24hod_3_Multichannel Z-Stack_20251219_500_\stack1\frame_t_0.ets,frame_t_0.ets,.ets,1,macro image,1,,,,unavailable,
Z:\Brejtr\ActiveProjects\Microscopy\20251219\_7_1_KONTROLA_24hod_4_Multichannel Z-Stack_20251219_501_\stack1\frame_t_0.ets,frame_t_0.ets,.ets,0,"C488, C561, C640",28,,283.65676921198803,287.70676921198805,ome_plane_position_z,
Z:\Brejtr\ActiveProjects\Microscopy\20251219\_7_1_KONTROLA_24hod_4_Multichannel Z-Stack_20251219_501_\stack1\frame_t_0.ets,frame_t_0.ets,.ets,1,macro image,1,,,,unavailable,
Z:\Brejtr\ActiveProjects\Microscopy\20251219\_7_1_KONTROLA_24hod_5_Multichannel Z-Stack_20251219_502_\stack1\frame_t_0.ets,frame_t_0.ets,.ets,0,"C488, C561, C640",30,,284.85222181529633,289.20222181529635,ome_plane_position_z,
Z:\Brejtr\ActiveProjects\Microscopy\20251219\_7_1_KONTROLA_24hod_5_Multichannel Z-Stack_20251219_502_\stack1\frame_t_0.ets,frame_t_0.ets,.ets,1,macro image,1,,,,unavailable,
Z:\Brejtr\ActiveProjects\Microscopy\20251219\_7_1_KONTROLA_24hod_6_Multichannel Z-Stack_20251219_503_\stack1\frame_t_0.ets,frame_t_0.ets,.ets,0,"C488, C561, C640",23,,287.3061160959531,290.6061160959531,ome_plane_position_z,
Z:\Brejtr\ActiveProjects\Microscopy\20251219\_7_1_KONTROLA_24hod_6_Multichannel Z-Stack_20251219_503_\stack1\frame_t_0.ets,frame_t_0.ets,.ets,1,macro image,1,,,,unavailable,
Z:\Brejtr\ActiveProjects\Microscopy\20251219\_7_1_KONTROLA_24hod_7_Multichannel Z-Stack_20251219_504_\stack1\frame_t_0.ets,frame_t_0.ets,.ets,0,"C488, C561, C640",23,,288.71001037660983,292.0100103766099,ome_plane_position_z,
Z:\Brejtr\ActiveProjects\Microscopy\20251219\_7_1_KONTROLA_24hod_7_Multichannel Z-Stack_20251219_504_\stack1\frame_t_0.ets,frame_t_0.ets,.ets,1,macro image,1,,,,unavailable,
Z:\Brejtr\ActiveProjects\Microscopy\20251219\_7_1_KONTROLA_24hod_8_Multichannel Z-Stack_20251219_505_\stack1\frame_t_0.ets,frame_t_0.ets,.ets,0,"C488, C561, C640",22,,290.05026857107987,293.2002685710798,ome_plane_position_z,
Z:\Brejtr\ActiveProjects\Microscopy\20251219\_7_1_KONTROLA_24hod_8_Multichannel Z-Stack_20251219_505_\stack1\frame_t_0.ets,frame_t_0.ets,.ets,1,macro image,1,,,,unavailable,
Z:\Brejtr\ActiveProjects\Microscopy\20251219\_7_1_KONTROLA_24hod_9_Multichannel Z-Stack_20251219_506_\stack1\frame_t_0.ets,frame_t_0.ets,.ets,0,"C488, C561, C640",38,,290.1528627235549,295.7028627235549,ome_plane_position_z,
Z:\Brejtr\ActiveProjects\Microscopy\20251219\_7_1_KONTROLA_24hod_9_Multichannel Z-Stack_20251219_506_\stack1\frame_t_0.ets,frame_t_0.ets,.ets,1,macro image,1,,,,unavailable,
Z:\Brejtr\ActiveProjects\Microscopy\20251219\_7_2_PSI_24hod_10_Multichannel Z-Stack_20251219_527_\stack1\frame_t_0.ets,frame_t_0.ets,.ets,0,"C488, C561, C640",23,,324.9060672648477,328.2060672648477,ome_plane_position_z,
Z:\Brejtr\ActiveProjects\Microscopy\20251219\_7_2_PSI_24hod_10_Multichannel Z-Stack_20251219_527_\stack1\frame_t_0.ets,frame_t_0.ets,.ets,1,macro image,1,,,,unavailable,
Z:\Brejtr\ActiveProjects\Microscopy\20251219\_7_2_PSI_24hod_1_Multichannel Z-Stack_20251219_518_\stack1\frame_t_0.ets,frame_t_0.ets,.ets,0,"C488, C561, C640",31,,311.1930965024721,315.6930965024721,ome_plane_position_z,
Z:\Brejtr\ActiveProjects\Microscopy\20251219\_7_2_PSI_24hod_1_Multichannel Z-Stack_20251219_518_\stack1\frame_t_0.ets,frame_t_0.ets,.ets,1,macro image,1,,,,unavailable,
Z:\Brejtr\ActiveProjects\Microscopy\20251219\_7_2_PSI_24hod_2_Multichannel Z-Stack_20251219_519_\stack1\frame_t_0.ets,frame_t_0.ets,.ets,0,"C488, C561, C640",29,,312.80543246047733,317.0054324604773,ome_plane_position_z,
Z:\Brejtr\ActiveProjects\Microscopy\20251219\_7_2_PSI_24hod_2_Multichannel Z-Stack_20251219_519_\stack1\frame_t_0.ets,frame_t_0.ets,.ets,1,macro image,1,,,,unavailable,
Z:\Brejtr\ActiveProjects\Microscopy\20251219\_7_2_PSI_24hod_3_Multichannel Z-Stack_20251219_520_\stack1\frame_t_0.ets,frame_t_0.ets,.ets,0,"C488, C561, C640",30,,314.15088506378555,318.50088506378563,ome_plane_position_z,
Z:\Brejtr\ActiveProjects\Microscopy\20251219\_7_2_PSI_24hod_3_Multichannel Z-Stack_20251219_520_\stack1\frame_t_0.ets,frame_t_0.ets,.ets,1,macro image,1,,,,unavailable,
Z:\Brejtr\ActiveProjects\Microscopy\20251219\_7_2_PSI_24hod_4_Multichannel Z-Stack_20251219_521_\stack1\frame_t_0.ets,frame_t_0.ets,.ets,0,"C488, C561, C640",21,,316.50802661295245,319.50802661295245,ome_plane_position_z,
Z:\Brejtr\ActiveProjects\Microscopy\20251219\_7_2_PSI_24hod_4_Multichannel Z-Stack_20251219_521_\stack1\frame_t_0.ets,frame_t_0.ets,.ets,1,macro image,1,,,,unavailable,
Z:\Brejtr\ActiveProjects\Microscopy\20251219\_7_2_PSI_24hod_5_Multichannel Z-Stack_20251219_522_\stack1\frame_t_0.ets,frame_t_0.ets,.ets,0,"C488, C561, C640",30,,316.6534792162607,321.00347921626076,ome_plane_position_z,
Z:\Brejtr\ActiveProjects\Microscopy\20251219\_7_2_PSI_24hod_5_Multichannel Z-Stack_20251219_522_\stack1\frame_t_0.ets,frame_t_0.ets,.ets,1,macro image,1,,,,unavailable,
Z:\Brejtr\ActiveProjects\Microscopy\20251219\_7_2_PSI_24hod_6_Multichannel Z-Stack_20251219_523_\stack1\frame_t_0.ets,frame_t_0.ets,.ets,0,"C488, C561, C640",29,,318.20737349691757,322.40737349691756,ome_plane_position_z,
Z:\Brejtr\ActiveProjects\Microscopy\20251219\_7_2_PSI_24hod_6_Multichannel Z-Stack_20251219_523_\stack1\frame_t_0.ets,frame_t_0.ets,.ets,1,macro image,1,,,,unavailable,
Z:\Brejtr\ActiveProjects\Microscopy\20251219\_7_2_PSI_24hod_7_Multichannel Z-Stack_20251219_524_\stack1\frame_t_0.ets,frame_t_0.ets,.ets,0,"C488, C561, C640",36,,318.65282610022587,323.90282610022587,ome_plane_position_z,
Z:\Brejtr\ActiveProjects\Microscopy\20251219\_7_2_PSI_24hod_7_Multichannel Z-Stack_20251219_524_\stack1\frame_t_0.ets,frame_t_0.ets,.ets,1,macro image,1,,,,unavailable,
Z:\Brejtr\ActiveProjects\Microscopy\20251219\_7_2_PSI_24hod_8_Multichannel Z-Stack_20251219_525_\stack1\frame_t_0.ets,frame_t_0.ets,.ets,0,"C488, C561, C640",29,,321.1067203808826,325.3067203808826,ome_plane_position_z,
Z:\Brejtr\ActiveProjects\Microscopy\20251219\_7_2_PSI_24hod_8_Multichannel Z-Stack_20251219_525_\stack1\frame_t_0.ets,frame_t_0.ets,.ets,1,macro image,1,,,,unavailable,
Z:\Brejtr\ActiveProjects\Microscopy\20251219\_7_2_PSI_24hod_9_Multichannel Z-Stack_20251219_526_\stack1\frame_t_0.ets,frame_t_0.ets,.ets,0,"C488, C561, C640",30,,322.45217298419084,326.8021729841909,ome_plane_position_z,
Z:\Brejtr\ActiveProjects\Microscopy\20251219\_7_2_PSI_24hod_9_Multichannel Z-Stack_20251219_526_\stack1\frame_t_0.ets,frame_t_0.ets,.ets,1,macro image,1,,,,unavailable,
Z:\Brejtr\ActiveProjects\Microscopy\20251219\_7_2_PSIHARMIN_24hod_10_Multichannel Z-Stack_20251219_537_\stack1\frame_t_0.ets,frame_t_0.ets,.ets,0,"C488, C561, C640",30,,341.9540957089666,346.3040957089666,ome_plane_position_z,
Z:\Brejtr\ActiveProjects\Microscopy\20251219\_7_2_PSIHARMIN_24hod_10_Multichannel Z-Stack_20251219_537_\stack1\frame_t_0.ets,frame_t_0.ets,.ets,1,macro image,1,,,,unavailable,
Z:\Brejtr\ActiveProjects\Microscopy\20251219\_7_2_PSIHARMIN_24hod_11_Multichannel Z-Stack_20251219_528_\stack1\frame_t_0.ets,frame_t_0.ets,.ets,0,"C488, C561, C640",31,,325.29307819080753,329.79307819080753,ome_plane_position_z,
Z:\Brejtr\ActiveProjects\Microscopy\20251219\_7_2_PSIHARMIN_24hod_11_Multichannel Z-Stack_20251219_528_\stack1\frame_t_0.ets,frame_t_0.ets,.ets,1,macro image,1,,,,unavailable,
Z:\Brejtr\ActiveProjects\Microscopy\20251219\_7_2_PSIHARMIN_24hod_2_Multichannel Z-Stack_20251219_529_\stack1\frame_t_0.ets,frame_t_0.ets,.ets,0,"C488, C561, C640",29,,326.9054141488128,331.10541414881277,ome_plane_position_z,
Z:\Brejtr\ActiveProjects\Microscopy\20251219\_7_2_PSIHARMIN_24hod_2_Multichannel Z-Stack_20251219_529_\stack1\frame_t_0.ets,frame_t_0.ets,.ets,1,macro image,1,,,,unavailable,
Z:\Brejtr\ActiveProjects\Microscopy\20251219\_7_2_PSIHARMIN_24hod_3_Multichannel Z-Stack_20251219_530_\stack1\frame_t_0.ets,frame_t_0.ets,.ets,0,"C488, C561, C640",25,,329.0924250747726,332.69242507477264,ome_plane_position_z,
Z:\Brejtr\ActiveProjects\Microscopy\20251219\_7_2_PSIHARMIN_24hod_3_Multichannel Z-Stack_20251219_530_\stack1\frame_t_0.ets,frame_t_0.ets,.ets,1,macro image,1,,,,unavailable,
Z:\Brejtr\ActiveProjects\Microscopy\20251219\_7_2_PSIHARMIN_24hod_4_Multichannel Z-Stack_20251219_531_\stack1\frame_t_0.ets,frame_t_0.ets,.ets,0,"C488, C561, C640",23,,330.7047610327778,334.0047610327779,ome_plane_position_z,
Z:\Brejtr\ActiveProjects\Microscopy\20251219\_7_2_PSIHARMIN_24hod_4_Multichannel Z-Stack_20251219_531_\stack1\frame_t_0.ets,frame_t_0.ets,.ets,1,macro image,1,,,,unavailable,
Z:\Brejtr\ActiveProjects\Microscopy\20251219\_7_2_PSIHARMIN_24hod_5_Multichannel Z-Stack_20251219_532_\stack1\frame_t_0.ets,frame_t_0.ets,.ets,0,"C488, C561, C640",30,,331.1502136360861,335.5002136360862,ome_plane_position_z,
Z:\Brejtr\ActiveProjects\Microscopy\20251219\_7_2_PSIHARMIN_24hod_5_Multichannel Z-Stack_20251219_532_\stack1\frame_t_0.ets,frame_t_0.ets,.ets,1,macro image,1,,,,unavailable,
Z:\Brejtr\ActiveProjects\Microscopy\20251219\_7_2_PSIHARMIN_24hod_6_Multichannel Z-Stack_20251219_533_\stack1\frame_t_0.ets,frame_t_0.ets,.ets,0,"C488, C561, C640",22,,333.54047183055616,336.6904718305561,ome_plane_position_z,
Z:\Brejtr\ActiveProjects\Microscopy\20251219\_7_2_PSIHARMIN_24hod_6_Multichannel Z-Stack_20251219_533_\stack1\frame_t_0.ets,frame_t_0.ets,.ets,1,macro image,1,,,,unavailable,
Z:\Brejtr\ActiveProjects\Microscopy\20251219\_7_2_PSIHARMIN_24hod_7_Multichannel Z-Stack_20251219_534_\stack1\frame_t_0.ets,frame_t_0.ets,.ets,0,"C488, C561, C640",29,,333.8028077885613,338.0028077885613,ome_plane_position_z,
Z:\Brejtr\ActiveProjects\Microscopy\20251219\_7_2_PSIHARMIN_24hod_7_Multichannel Z-Stack_20251219_534_\stack1\frame_t_0.ets,frame_t_0.ets,.ets,1,macro image,1,,,,unavailable,
Z:\Brejtr\ActiveProjects\Microscopy\20251219\_7_2_PSIHARMIN_24hod_8_Multichannel Z-Stack_20251219_535_\stack1\frame_t_0.ets,frame_t_0.ets,.ets,0,"C488, C561, C640",29,,338.1060489531832,342.30604895318316,ome_plane_position_z,
Z:\Brejtr\ActiveProjects\Microscopy\20251219\_7_2_PSIHARMIN_24hod_8_Multichannel Z-Stack_20251219_535_\stack1\frame_t_0.ets,frame_t_0.ets,.ets,1,macro image,1,,,,unavailable,
Z:\Brejtr\ActiveProjects\Microscopy\20251219\_7_2_PSIHARMIN_24hod_9_Multichannel Z-Stack_20251219_536_\stack1\frame_t_0.ets,frame_t_0.ets,.ets,0,"C488, C561, C640",30,,340.55020142830983,344.90020142830986,ome_plane_position_z,
Z:\Brejtr\ActiveProjects\Microscopy\20251219\_7_2_PSIHARMIN_24hod_9_Multichannel Z-Stack_20251219_536_\stack1\frame_t_0.ets,frame_t_0.ets,.ets,1,macro image,1,,,,unavailable,
Z:\Brejtr\ActiveProjects\Microscopy\20251219\_7_3_PSY_24hod_10_Multichannel Z-Stack_20251219_547_\stack1\frame_t_0.ets,frame_t_0.ets,.ets,0,"C488, C561, C640",37,,360.1008240249039,365.50082402490386,ome_plane_position_z,
Z:\Brejtr\ActiveProjects\Microscopy\20251219\_7_3_PSY_24hod_10_Multichannel Z-Stack_20251219_547_\stack1\frame_t_0.ets,frame_t_0.ets,.ets,1,macro image,1,,,,unavailable,
Z:\Brejtr\ActiveProjects\Microscopy\20251219\_7_3_PSY_24hod_1_Multichannel Z-Stack_20251219_538_\stack1\frame_t_0.ets,frame_t_0.ets,.ets,0,"C488, C561, C640",31,,344.3066898614417,348.8066898614417,ome_plane_position_z,
Z:\Brejtr\ActiveProjects\Microscopy\20251219\_7_3_PSY_24hod_1_Multichannel Z-Stack_20251219_538_\stack1\frame_t_0.ets,frame_t_0.ets,.ets,1,macro image,1,,,,unavailable,
Z:\Brejtr\ActiveProjects\Microscopy\20251219\_7_3_PSY_24hod_2_Multichannel Z-Stack_20251219_539_\stack1\frame_t_0.ets,frame_t_0.ets,.ets,0,"C488, C561, C640",30,,345.95214246475,350.30214246475003,ome_plane_position_z,
Z:\Brejtr\ActiveProjects\Microscopy\20251219\_7_3_PSY_24hod_2_Multichannel Z-Stack_20251219_539_\stack1\frame_t_0.ets,frame_t_0.ets,.ets,1,macro image,1,,,,unavailable,
Z:\Brejtr\ActiveProjects\Microscopy\20251219\_7_3_PSY_24hod_3_Multichannel Z-Stack_20251219_540_\stack1\frame_t_0.ets,frame_t_0.ets,.ets,0,"C488, C561, C640",23,,348.4060367454068,351.7060367454069,ome_plane_position_z,
Z:\Brejtr\ActiveProjects\Microscopy\20251219\_7_3_PSY_24hod_3_Multichannel Z-Stack_20251219_540_\stack1\frame_t_0.ets,frame_t_0.ets,.ets,1,macro image,1,,,,unavailable,
Z:\Brejtr\ActiveProjects\Microscopy\20251219\_7_3_PSY_24hod_4_Multichannel Z-Stack_20251219_541_\stack1\frame_t_0.ets,frame_t_0.ets,.ets,0,"C488, C561, C640",31,,349.708630897882,354.208630897882,ome_plane_position_z,
Z:\Brejtr\ActiveProjects\Microscopy\20251219\_7_3_PSY_24hod_4_Multichannel Z-Stack_20251219_541_\stack1\frame_t_0.ets,frame_t_0.ets,.ets,1,macro image,1,,,,unavailable,
Z:\Brejtr\ActiveProjects\Microscopy\20251219\_7_3_PSY_24hod_5_Multichannel Z-Stack_20251219_542_\stack1\frame_t_0.ets,frame_t_0.ets,.ets,0,"C488, C561, C640",29,,352.20603064151874,356.40603064151867,ome_plane_position_z,
Z:\Brejtr\ActiveProjects\Microscopy\20251219\_7_3_PSY_24hod_5_Multichannel Z-Stack_20251219_542_\stack1\frame_t_0.ets,frame_t_0.ets,.ets,1,macro image,1,,,,unavailable,
Z:\Brejtr\ActiveProjects\Microscopy\20251219\_7_3_PSY_24hod_6_Multichannel Z-Stack_20251219_543_\stack1\frame_t_0.ets,frame_t_0.ets,.ets,0,"C488, C561, C640",37,,353.6001831166453,359.0001831166453,ome_plane_position_z,
Z:\Brejtr\ActiveProjects\Microscopy\20251219\_7_3_PSY_24hod_6_Multichannel Z-Stack_20251219_543_\stack1\frame_t_0.ets,frame_t_0.ets,.ets,1,macro image,1,,,,unavailable,
Z:\Brejtr\ActiveProjects\Microscopy\20251219\_7_3_PSY_24hod_7_Multichannel Z-Stack_20251219_544_\stack1\frame_t_0.ets,frame_t_0.ets,.ets,0,"C488, C561, C640",30,,356.0540773973021,360.4040773973021,ome_plane_position_z,
Z:\Brejtr\ActiveProjects\Microscopy\20251219\_7_3_PSY_24hod_7_Multichannel Z-Stack_20251219_544_\stack1\frame_t_0.ets,frame_t_0.ets,.ets,1,macro image,1,,,,unavailable,
Z:\Brejtr\ActiveProjects\Microscopy\20251219\_7_3_PSY_24hod_8_Multichannel Z-Stack_20251219_545_\stack1\frame_t_0.ets,frame_t_0.ets,.ets,0,"C488, C561, C640",23,,358.50797167795884,361.80797167795885,ome_plane_position_z,
Z:\Brejtr\ActiveProjects\Microscopy\20251219\_7_3_PSY_24hod_8_Multichannel Z-Stack_20251219_545_\stack1\frame_t_0.ets,frame_t_0.ets,.ets,1,macro image,1,,,,unavailable,
Z:\Brejtr\ActiveProjects\Microscopy\20251219\_7_3_PSY_24hod_9_Multichannel Z-Stack_20251219_546_\stack1\frame_t_0.ets,frame_t_0.ets,.ets,0,"C488, C561, C640",21,,359.90667154977723,362.90667154977723,ome_plane_position_z,
Z:\Brejtr\ActiveProjects\Microscopy\20251219\_7_3_PSY_24hod_9_Multichannel Z-Stack_20251219_546_\stack1\frame_t_0.ets,frame_t_0.ets,.ets,1,macro image,1,,,,unavailable,
Z:\Brejtr\ActiveProjects\Microscopy\20251219\_7_3_PSYHARMIN_24hod_10_Multichannel Z-Stack_20251219_557_\stack1\frame_t_0.ets,frame_t_0.ets,.ets,0,"C488, C561, C640",36,,377.9520997375329,383.2020997375329,ome_plane_position_z,
Z:\Brejtr\ActiveProjects\Microscopy\20251219\_7_3_PSYHARMIN_24hod_10_Multichannel Z-Stack_20251219_557_\stack1\frame_t_0.ets,frame_t_0.ets,.ets,1,macro image,1,,,,unavailable,
Z:\Brejtr\ActiveProjects\Microscopy\20251219\_7_3_PSYHARMIN_24hod_1_Multichannel Z-Stack_20251219_548_\stack1\frame_t_0.ets,frame_t_0.ets,.ets,0,"C488, C561, C640",30,,362.55471830556064,366.90471830556066,ome_plane_position_z,
Z:\Brejtr\ActiveProjects\Microscopy\20251219\_7_3_PSYHARMIN_24hod_1_Multichannel Z-Stack_20251219_548_\stack1\frame_t_0.ets,frame_t_0.ets,.ets,1,macro image,1,,,,unavailable,
Z:\Brejtr\ActiveProjects\Microscopy\20251219\_7_3_PSYHARMIN_24hod_2_Multichannel Z-Stack_20251219_549_\stack1\frame_t_0.ets,frame_t_0.ets,.ets,0,"C488, C561, C640",37,,364.00731245803587,369.4073124580358,ome_plane_position_z,
Z:\Brejtr\ActiveProjects\Microscopy\20251219\_7_3_PSYHARMIN_24hod_2_Multichannel Z-Stack_20251219_549_\stack1\frame_t_0.ets,frame_t_0.ets,.ets,1,macro image,1,,,,unavailable,
Z:\Brejtr\ActiveProjects\Microscopy\20251219\_7_3_PSYHARMIN_24hod_3_Multichannel Z-Stack_20251219_550_\stack1\frame_t_0.ets,frame_t_0.ets,.ets,0,"C488, C561, C640",36,,365.6527650613441,370.9027650613441,ome_plane_position_z,
Z:\Brejtr\ActiveProjects\Microscopy\20251219\_7_3_PSYHARMIN_24hod_3_Multichannel Z-Stack_20251219_550_\stack1\frame_t_0.ets,frame_t_0.ets,.ets,1,macro image,1,,,,unavailable,
Z:\Brejtr\ActiveProjects\Microscopy\20251219\_7_3_PSYHARMIN_24hod_4_Multichannel Z-Stack_20251219_551_\stack1\frame_t_0.ets,frame_t_0.ets,.ets,0,"C488, C561, C640",35,,367.2066593420008,372.30665934200084,ome_plane_position_z,
Z:\Brejtr\ActiveProjects\Microscopy\20251219\_7_3_PSYHARMIN_24hod_4_Multichannel Z-Stack_20251219_551_\stack1\frame_t_0.ets,frame_t_0.ets,.ets,1,macro image,1,,,,unavailable,
Z:\Brejtr\ActiveProjects\Microscopy\20251219\_7_3_PSYHARMIN_24hod_5_Multichannel Z-Stack_20251219_552_\stack1\frame_t_0.ets,frame_t_0.ets,.ets,0,"C488, C561, C640",37,,369.5008118171276,374.90081181712753,ome_plane_position_z,
Z:\Brejtr\ActiveProjects\Microscopy\20251219\_7_3_PSYHARMIN_24hod_5_Multichannel Z-Stack_20251219_552_\stack1\frame_t_0.ets,frame_t_0.ets,.ets,1,macro image,1,,,,unavailable,
Z:\Brejtr\ActiveProjects\Microscopy\20251219\_7_3_PSYHARMIN_24hod_6_Multichannel Z-Stack_20251219_553_\stack1\frame_t_0.ets,frame_t_0.ets,.ets,0,"C488, C561, C640",30,,371.95470609778425,376.3047060977843,ome_plane_position_z,
Z:\Brejtr\ActiveProjects\Microscopy\20251219\_7_3_PSYHARMIN_24hod_6_Multichannel Z-Stack_20251219_553_\stack1\frame_t_0.ets,frame_t_0.ets,.ets,1,macro image,1,,,,unavailable,
Z:\Brejtr\ActiveProjects\Microscopy\20251219\_7_3_PSYHARMIN_24hod_7_Multichannel Z-Stack_20251219_554_\stack1\frame_t_0.ets,frame_t_0.ets,.ets,0,"C488, C561, C640",30,,373.45015870109256,377.8001587010926,ome_plane_position_z,
Z:\Brejtr\ActiveProjects\Microscopy\20251219\_7_3_PSYHARMIN_24hod_7_Multichannel Z-Stack_20251219_554_\stack1\frame_t_0.ets,frame_t_0.ets,.ets,1,macro image,1,,,,unavailable,
Z:\Brejtr\ActiveProjects\Microscopy\20251219\_7_3_PSYHARMIN_24hod_8_Multichannel Z-Stack_20251219_555_\stack1\frame_t_0.ets,frame_t_0.ets,.ets,0,"C488, C561, C640",30,,374.85405298174936,379.20405298174944,ome_plane_position_z,
Z:\Brejtr\ActiveProjects\Microscopy\20251219\_7_3_PSYHARMIN_24hod_8_Multichannel Z-Stack_20251219_555_\stack1\frame_t_0.ets,frame_t_0.ets,.ets,1,macro image,1,,,,unavailable,
Z:\Brejtr\ActiveProjects\Microscopy\20251219\_7_3_PSYHARMIN_24hod_9_Multichannel Z-Stack_20251219_556_\stack1\frame_t_0.ets,frame_t_0.ets,.ets,0,"C488, C561, C640",43,,375.4066471342245,381.70664713422457,ome_plane_position_z,
Z:\Brejtr\ActiveProjects\Microscopy\20251219\_7_3_PSYHARMIN_24hod_9_Multichannel Z-Stack_20251219_556_\stack1\frame_t_0.ets,frame_t_0.ets,.ets,1,macro image,1,,,,unavailable,
Z:\Brejtr\ActiveProjects\Microscopy\20251219\_7_4_NORPSI_24hod_10_Multichannel Z-Stack_20251219_567_\stack1\frame_t_0.ets,frame_t_0.ets,.ets,0,"C488, C561, C640",23,,398.6105169993286,401.9105169993286,ome_plane_position_z,
Z:\Brejtr\ActiveProjects\Microscopy\20251219\_7_4_NORPSI_24hod_10_Multichannel Z-Stack_20251219_567_\stack1\frame_t_0.ets,frame_t_0.ets,.ets,1,macro image,1,,,,unavailable,
Z:\Brejtr\ActiveProjects\Microscopy\20251219\_7_4_NORPSI_24hod_1_Multichannel Z-Stack_20251219_558_\stack1\frame_t_0.ets,frame_t_0.ets,.ets,0,"C488, C561, C640",29,,380.4059940181896,384.60599401818956,ome_plane_position_z,
Z:\Brejtr\ActiveProjects\Microscopy\20251219\_7_4_NORPSI_24hod_1_Multichannel Z-Stack_20251219_558_\stack1\frame_t_0.ets,frame_t_0.ets,.ets,1,macro image,1,,,,unavailable,
Z:\Brejtr\ActiveProjects\Microscopy\20251219\_7_4_NORPSI_24hod_2_Multichannel Z-Stack_20251219_559_\stack1\frame_t_0.ets,frame_t_0.ets,.ets,0,"C488, C561, C640",37,,381.80014649331633,387.2001464933163,ome_plane_position_z,
Z:\Brejtr\ActiveProjects\Microscopy\20251219\_7_4_NORPSI_24hod_2_Multichannel Z-Stack_20251219_559_\stack1\frame_t_0.ets,frame_t_0.ets,.ets,1,macro image,1,,,,unavailable,
Z:\Brejtr\ActiveProjects\Microscopy\20251219\_7_4_NORPSI_24hod_3_Multichannel Z-Stack_20251219_560_\stack1\frame_t_0.ets,frame_t_0.ets,.ets,0,"C488, C561, C640",30,,384.254040773973,388.604040773973,ome_plane_position_z,
Z:\Brejtr\ActiveProjects\Microscopy\20251219\_7_4_NORPSI_24hod_3_Multichannel Z-Stack_20251219_560_\stack1\frame_t_0.ets,frame_t_0.ets,.ets,1,macro image,1,,,,unavailable,
Z:\Brejtr\ActiveProjects\Microscopy\20251219\_7_4_NORPSI_24hod_4_Multichannel Z-Stack_20251219_561_\stack1\frame_t_0.ets,frame_t_0.ets,.ets,0,"C488, C561, C640",29,,385.8079350546298,390.0079350546298,ome_plane_position_z,
Z:\Brejtr\ActiveProjects\Microscopy\20251219\_7_4_NORPSI_24hod_4_Multichannel Z-Stack_20251219_561_\stack1\frame_t_0.ets,frame_t_0.ets,.ets,1,macro image,1,,,,unavailable,
Z:\Brejtr\ActiveProjects\Microscopy\20251219\_7_4_NORPSI_24hod_5_Multichannel Z-Stack_20251219_562_\stack1\frame_t_0.ets,frame_t_0.ets,.ets,0,"C488, C561, C640",30,,387.153387657938,391.5033876579381,ome_plane_position_z,
Z:\Brejtr\ActiveProjects\Microscopy\20251219\_7_4_NORPSI_24hod_5_Multichannel Z-Stack_20251219_562_\stack1\frame_t_0.ets,frame_t_0.ets,.ets,1,macro image,1,,,,unavailable,
Z:\Brejtr\ActiveProjects\Microscopy\20251219\_7_4_NORPSI_24hod_6_Multichannel Z-Stack_20251219_563_\stack1\frame_t_0.ets,frame_t_0.ets,.ets,0,"C488, C561, C640",44,,388.65468168223157,395.10468168223156,ome_plane_position_z,
Z:\Brejtr\ActiveProjects\Microscopy\20251219\_7_4_NORPSI_24hod_6_Multichannel Z-Stack_20251219_563_\stack1\frame_t_0.ets,frame_t_0.ets,.ets,1,macro image,1,,,,unavailable,
Z:\Brejtr\ActiveProjects\Microscopy\20251219\_7_4_NORPSI_24hod_7_Multichannel Z-Stack_20251219_564_\stack1\frame_t_0.ets,frame_t_0.ets,.ets,0,"C488, C561, C640",30,,392.25013428553984,396.60013428553987,ome_plane_position_z,
Z:\Brejtr\ActiveProjects\Microscopy\20251219\_7_4_NORPSI_24hod_7_Multichannel Z-Stack_20251219_564_\stack1\frame_t_0.ets,frame_t_0.ets,.ets,1,macro image,1,,,,unavailable,
Z:\Brejtr\ActiveProjects\Microscopy\20251219\_7_4_NORPSI_24hod_8_Multichannel Z-Stack_20251219_565_\stack1\frame_t_0.ets,frame_t_0.ets,.ets,0,"C488, C561, C640",38,,393.552728438015,399.102728438015,ome_plane_position_z,
Z:\Brejtr\ActiveProjects\Microscopy\20251219\_7_4_NORPSI_24hod_8_Multichannel Z-Stack_20251219_565_\stack1\frame_t_0.ets,frame_t_0.ets,.ets,1,macro image,1,,,,unavailable,
Z:\Brejtr\ActiveProjects\Microscopy\20251219\_7_4_NORPSI_24hod_9_Multichannel Z-Stack_20251219_566_\stack1\frame_t_0.ets,frame_t_0.ets,.ets,0,"C488, C561, C640",29,,396.3066227186718,400.5066227186718,ome_plane_position_z,
Z:\Brejtr\ActiveProjects\Microscopy\20251219\_7_4_NORPSI_24hod_9_Multichannel Z-Stack_20251219_566_\stack1\frame_t_0.ets,frame_t_0.ets,.ets,1,macro image,1,,,,unavailable,
Z:\Brejtr\ActiveProjects\Microscopy\20251219\_7_4_NORPSIHARMIN_24hod_10_Multichannel Z-Stack_20251219_577_\stack1\frame_t_0.ets,frame_t_0.ets,.ets,0,"C488, C561, C640",29,,303.80219739974365,308.00219739974364,ome_plane_position_z,
Z:\Brejtr\ActiveProjects\Microscopy\20251219\_7_4_NORPSIHARMIN_24hod_10_Multichannel Z-Stack_20251219_577_\stack1\frame_t_0.ets,frame_t_0.ets,.ets,1,macro image,1,,,,unavailable,
Z:\Brejtr\ActiveProjects\Microscopy\20251219\_7_4_NORPSIHARMIN_24hod_1_Multichannel Z-Stack_20251219_568_\stack1\frame_t_0.ets,frame_t_0.ets,.ets,0,"C488, C561, C640",37,,284.10741622413485,289.50741622413483,ome_plane_position_z,
Z:\Brejtr\ActiveProjects\Microscopy\20251219\_7_4_NORPSIHARMIN_24hod_1_Multichannel Z-Stack_20251219_568_\stack1\frame_t_0.ets,frame_t_0.ets,.ets,1,macro image,1,,,,unavailable,
Z:\Brejtr\ActiveProjects\Microscopy\20251219\_7_4_NORPSIHARMIN_24hod_2_Multichannel Z-Stack_20251219_569_\stack1\frame_t_0.ets,frame_t_0.ets,.ets,0,"C488, C561, C640",36,,285.75286882744314,291.00286882744314,ome_plane_position_z,
Z:\Brejtr\ActiveProjects\Microscopy\20251219\_7_4_NORPSIHARMIN_24hod_2_Multichannel Z-Stack_20251219_569_\stack1\frame_t_0.ets,frame_t_0.ets,.ets,1,macro image,1,,,,unavailable,
Z:\Brejtr\ActiveProjects\Microscopy\20251219\_7_4_NORPSIHARMIN_24hod_3_Multichannel Z-Stack_20251219_570_\stack1\frame_t_0.ets,frame_t_0.ets,.ets,0,"C488, C561, C640",31,,289.00546297991826,293.50546297991826,ome_plane_position_z,
Z:\Brejtr\ActiveProjects\Microscopy\20251219\_7_4_NORPSIHARMIN_24hod_3_Multichannel Z-Stack_20251219_570_\stack1\frame_t_0.ets,frame_t_0.ets,.ets,1,macro image,1,,,,unavailable,
Z:\Brejtr\ActiveProjects\Microscopy\20251219\_7_4_NORPSIHARMIN_24hod_4_Multichannel Z-Stack_20251219_571_\stack1\frame_t_0.ets,frame_t_0.ets,.ets,0,"C488, C561, C640",37,,290.60805713239336,296.00805713239333,ome_plane_position_z,
Z:\Brejtr\ActiveProjects\Microscopy\20251219\_7_4_NORPSIHARMIN_24hod_4_Multichannel Z-Stack_20251219_571_\stack1\frame_t_0.ets,frame_t_0.ets,.ets,1,macro image,1,,,,unavailable,
Z:\Brejtr\ActiveProjects\Microscopy\20251219\_7_4_NORPSIHARMIN_24hod_5_Multichannel Z-Stack_20251219_572_\stack1\frame_t_0.ets,frame_t_0.ets,.ets,0,"C488, C561, C640",30,,293.1535097357016,297.5035097357017,ome_plane_position_z,
Z:\Brejtr\ActiveProjects\Microscopy\20251219\_7_4_NORPSIHARMIN_24hod_5_Multichannel Z-Stack_20251219_572_\stack1\frame_t_0.ets,frame_t_0.ets,.ets,1,macro image,1,,,,unavailable,
Z:\Brejtr\ActiveProjects\Microscopy\20251219\_7_4_NORPSIHARMIN_24hod_6_Multichannel Z-Stack_20251219_573_\stack1\frame_t_0.ets,frame_t_0.ets,.ets,0,"C488, C561, C640",43,,293.7061038881767,300.00610388817677,ome_plane_position_z,
Z:\Brejtr\ActiveProjects\Microscopy\20251219\_7_4_NORPSIHARMIN_24hod_6_Multichannel Z-Stack_20251219_573_\stack1\frame_t_0.ets,frame_t_0.ets,.ets,1,macro image,1,,,,unavailable,
Z:\Brejtr\ActiveProjects\Microscopy\20251219\_7_4_NORPSIHARMIN_24hod_7_Multichannel Z-Stack_20251219_574_\stack1\frame_t_0.ets,frame_t_0.ets,.ets,0,"C488, C561, C640",36,,296.25155649148513,301.50155649148513,ome_plane_position_z,
Z:\Brejtr\ActiveProjects\Microscopy\20251219\_7_4_NORPSIHARMIN_24hod_7_Multichannel Z-Stack_20251219_574_\stack1\frame_t_0.ets,frame_t_0.ets,.ets,1,macro image,1,,,,unavailable,
Z:\Brejtr\ActiveProjects\Microscopy\20251219\_7_4_NORPSIHARMIN_24hod_8_Multichannel Z-Stack_20251219_575_\stack1\frame_t_0.ets,frame_t_0.ets,.ets,0,"C488, C561, C640",37,,298.6041506439602,304.0041506439602,ome_plane_position_z,
Z:\Brejtr\ActiveProjects\Microscopy\20251219\_7_4_NORPSIHARMIN_24hod_8_Multichannel Z-Stack_20251219_575_\stack1\frame_t_0.ets,frame_t_0.ets,.ets,1,macro image,1,,,,unavailable,
Z:\Brejtr\ActiveProjects\Microscopy\20251219\_7_4_NORPSIHARMIN_24hod_9_Multichannel Z-Stack_20251219_576_\stack1\frame_t_0.ets,frame_t_0.ets,.ets,0,"C488, C561, C640",31,,301.2132393334554,305.7132393334554,ome_plane_position_z,
Z:\Brejtr\ActiveProjects\Microscopy\20251219\_7_4_NORPSIHARMIN_24hod_9_Multichannel Z-Stack_20251219_576_\stack1\frame_t_0.ets,frame_t_0.ets,.ets,1,macro image,1,,,,unavailable,
Z:\Brejtr\ActiveProjects\Microscopy\20251219\_7_5_BAEO_24hod_10_Multichannel Z-Stack_20251219_587_\stack1\frame_t_0.ets,frame_t_0.ets,.ets,0,"C488, C561, C640",52,,328.55216077641467,336.2021607764146,ome_plane_position_z,
Z:\Brejtr\ActiveProjects\Microscopy\20251219\_7_5_BAEO_24hod_10_Multichannel Z-Stack_20251219_587_\stack1\frame_t_0.ets,frame_t_0.ets,.ets,1,macro image,1,,,,unavailable,
Z:\Brejtr\ActiveProjects\Microscopy\20251219\_7_5_BAEO_24hod_1_Multichannel Z-Stack_20251219_578_\stack1\frame_t_0.ets,frame_t_0.ets,.ets,0,"C488, C561, C640",45,,304.3015442837087,310.90154428370874,ome_plane_position_z,
Z:\Brejtr\ActiveProjects\Microscopy\20251219\_7_5_BAEO_24hod_1_Multichannel Z-Stack_20251219_578_\stack1\frame_t_0.ets,frame_t_0.ets,.ets,1,macro image,1,,,,unavailable,
Z:\Brejtr\ActiveProjects\Microscopy\20251219\_7_5_BAEO_24hod_2_Multichannel Z-Stack_20251219_579_\stack1\frame_t_0.ets,frame_t_0.ets,.ets,0,"C488, C561, C640",37,,308.00413843618395,313.40413843618387,ome_plane_position_z,
Z:\Brejtr\ActiveProjects\Microscopy\20251219\_7_5_BAEO_24hod_2_Multichannel Z-Stack_20251219_579_\stack1\frame_t_0.ets,frame_t_0.ets,.ets,1,macro image,1,,,,unavailable,
Z:\Brejtr\ActiveProjects\Microscopy\20251219\_7_5_BAEO_24hod_3_Multichannel Z-Stack_20251219_580_\stack1\frame_t_0.ets,frame_t_0.ets,.ets,0,"C488, C561, C640",35,,309.70803271684053,314.8080327168406,ome_plane_position_z,
Z:\Brejtr\ActiveProjects\Microscopy\20251219\_7_5_BAEO_24hod_3_Multichannel Z-Stack_20251219_580_\stack1\frame_t_0.ets,frame_t_0.ets,.ets,1,macro image,1,,,,unavailable,
Z:\Brejtr\ActiveProjects\Microscopy\20251219\_7_5_BAEO_24hod_4_Multichannel Z-Stack_20251219_581_\stack1\frame_t_0.ets,frame_t_0.ets,.ets,0,"C488, C561, C640",30,,311.95348532014884,316.3034853201489,ome_plane_position_z,
Z:\Brejtr\ActiveProjects\Microscopy\20251219\_7_5_BAEO_24hod_4_Multichannel Z-Stack_20251219_581_\stack1\frame_t_0.ets,frame_t_0.ets,.ets,1,macro image,1,,,,unavailable,
Z:\Brejtr\ActiveProjects\Microscopy\20251219\_7_5_BAEO_24hod_5_Multichannel Z-Stack_20251219_582_\stack1\frame_t_0.ets,frame_t_0.ets,.ets,0,"C488, C561, C640",38,,314.3547793444424,319.90477934444243,ome_plane_position_z,
Z:\Brejtr\ActiveProjects\Microscopy\20251219\_7_5_BAEO_24hod_5_Multichannel Z-Stack_20251219_582_\stack1\frame_t_0.ets,frame_t_0.ets,.ets,1,macro image,1,,,,unavailable,
Z:\Brejtr\ActiveProjects\Microscopy\20251219\_7_5_BAEO_24hod_6_Multichannel Z-Stack_20251219_583_\stack1\frame_t_0.ets,frame_t_0.ets,.ets,0,"C488, C561, C640",30,,317.0502319477507,321.40023194775074,ome_plane_position_z,
Z:\Brejtr\ActiveProjects\Microscopy\20251219\_7_5_BAEO_24hod_6_Multichannel Z-Stack_20251219_583_\stack1\frame_t_0.ets,frame_t_0.ets,.ets,1,macro image,1,,,,unavailable,
Z:\Brejtr\ActiveProjects\Microscopy\20251219\_7_5_BAEO_24hod_7_Multichannel Z-Stack_20251219_584_\stack1\frame_t_0.ets,frame_t_0.ets,.ets,0,"C488, C561, C640",35,,319.5047732405542,324.6047732405542,ome_plane_position_z,
Z:\Brejtr\ActiveProjects\Microscopy\20251219\_7_5_BAEO_24hod_7_Multichannel Z-Stack_20251219_584_\stack1\frame_t_0.ets,frame_t_0.ets,.ets,1,macro image,1,,,,unavailable,
Z:\Brejtr\ActiveProjects\Microscopy\20251219\_7_5_BAEO_24hod_8_Multichannel Z-Stack_20251219_585_\stack1\frame_t_0.ets,frame_t_0.ets,.ets,0,"C488, C561, C640",52,,319.85412012451934,327.5041201245193,ome_plane_position_z,
Z:\Brejtr\ActiveProjects\Microscopy\20251219\_7_5_BAEO_24hod_8_Multichannel Z-Stack_20251219_585_\stack1\frame_t_0.ets,frame_t_0.ets,.ets,1,macro image,1,,,,unavailable,
Z:\Brejtr\ActiveProjects\Microscopy\20251219\_7_5_BAEO_24hod_9_Multichannel Z-Stack_20251219_586_\stack1\frame_t_0.ets,frame_t_0.ets,.ets,0,"C488, C561, C640",65,,323.7028138924494,333.3028138924495,ome_plane_position_z,
Z:\Brejtr\ActiveProjects\Microscopy\20251219\_7_5_BAEO_24hod_9_Multichannel Z-Stack_20251219_586_\stack1\frame_t_0.ets,frame_t_0.ets,.ets,1,macro image,1,,,,unavailable,
Z:\Brejtr\ActiveProjects\Microscopy\20251219\_7_5_BAEOHARMIN_24hod_10_Multichannel Z-Stack_20251219_597_\stack1\frame_t_0.ets,frame_t_0.ets,.ets,0,"C488, C561, C640",30,,355.3521302569737,359.70213025697376,ome_plane_position_z,
Z:\Brejtr\ActiveProjects\Microscopy\20251219\_7_5_BAEOHARMIN_24hod_10_Multichannel Z-Stack_20251219_597_\stack1\frame_t_0.ets,frame_t_0.ets,.ets,1,macro image,1,,,,unavailable,
Z:\Brejtr\ActiveProjects\Microscopy\20251219\_7_5_BAEOHARMIN_24hod_1_Multichannel Z-Stack_20251219_588_\stack1\frame_t_0.ets,frame_t_0.ets,.ets,0,"C488, C561, C640",65,,329.5015076603796,339.10150766037964,ome_plane_position_z,
Z:\Brejtr\ActiveProjects\Microscopy\20251219\_7_5_BAEOHARMIN_24hod_1_Multichannel Z-Stack_20251219_588_\stack1\frame_t_0.ets,frame_t_0.ets,.ets,1,macro image,1,,,,unavailable,
Z:\Brejtr\ActiveProjects\Microscopy\20251219\_7_5_BAEOHARMIN_24hod_2_Multichannel Z-Stack_20251219_589_\stack1\frame_t_0.ets,frame_t_0.ets,.ets,0,"C488, C561, C640",37,,336.2041018128548,341.60410181285476,ome_plane_position_z,
Z:\Brejtr\ActiveProjects\Microscopy\20251219\_7_5_BAEOHARMIN_24hod_2_Multichannel Z-Stack_20251219_589_\stack1\frame_t_0.ets,frame_t_0.ets,.ets,1,macro image,1,,,,unavailable,
Z:\Brejtr\ActiveProjects\Microscopy\20251219\_7_5_BAEOHARMIN_24hod_3_Multichannel Z-Stack_20251219_590_\stack1\frame_t_0.ets,frame_t_0.ets,.ets,0,"C488, C561, C640",37,,338.70669596532997,344.1066959653299,ome_plane_position_z,
Z:\Brejtr\ActiveProjects\Microscopy\20251219\_7_5_BAEOHARMIN_24hod_3_Multichannel Z-Stack_20251219_590_\stack1\frame_t_0.ets,frame_t_0.ets,.ets,1,macro image,1,,,,unavailable,
Z:\Brejtr\ActiveProjects\Microscopy\20251219\_7_5_BAEOHARMIN_24hod_4_Multichannel Z-Stack_20251219_591_\stack1\frame_t_0.ets,frame_t_0.ets,.ets,0,"C488, C561, C640",30,,342.35084844045656,346.7008484404566,ome_plane_position_z,
Z:\Brejtr\ActiveProjects\Microscopy\20251219\_7_5_BAEOHARMIN_24hod_4_Multichannel Z-Stack_20251219_591_\stack1\frame_t_0.ets,frame_t_0.ets,.ets,1,macro image,1,,,,unavailable,
Z:\Brejtr\ActiveProjects\Microscopy\20251219\_7_5_BAEOHARMIN_24hod_5_Multichannel Z-Stack_20251219_592_\stack1\frame_t_0.ets,frame_t_0.ets,.ets,0,"C488, C561, C640",38,,343.6534425929317,349.20344259293176,ome_plane_position_z,
Z:\Brejtr\ActiveProjects\Microscopy\20251219\_7_5_BAEOHARMIN_24hod_5_Multichannel Z-Stack_20251219_592_\stack1\frame_t_0.ets,frame_t_0.ets,.ets,1,macro image,1,,,,unavailable,
Z:\Brejtr\ActiveProjects\Microscopy\20251219\_7_5_BAEOHARMIN_24hod_6_Multichannel Z-Stack_20251219_593_\stack1\frame_t_0.ets,frame_t_0.ets,.ets,0,"C488, C561, C640",31,,347.2060367454069,351.7060367454069,ome_plane_position_z,
Z:\Brejtr\ActiveProjects\Microscopy\20251219\_7_5_BAEOHARMIN_24hod_6_Multichannel Z-Stack_20251219_593_\stack1\frame_t_0.ets,frame_t_0.ets,.ets,1,macro image,1,,,,unavailable,
Z:\Brejtr\ActiveProjects\Microscopy\20251219\_7_5_BAEOHARMIN_24hod_7_Multichannel Z-Stack_20251219_594_\stack1\frame_t_0.ets,frame_t_0.ets,.ets,0,"C488, C561, C640",30,,348.8514893487151,353.2014893487152,ome_plane_position_z,
Z:\Brejtr\ActiveProjects\Microscopy\20251219\_7_5_BAEOHARMIN_24hod_7_Multichannel Z-Stack_20251219_594_\stack1\frame_t_0.ets,frame_t_0.ets,.ets,1,macro image,1,,,,unavailable,
Z:\Brejtr\ActiveProjects\Microscopy\20251219\_7_5_BAEOHARMIN_24hod_8_Multichannel Z-Stack_20251219_595_\stack1\frame_t_0.ets,frame_t_0.ets,.ets,0,"C488, C561, C640",29,,350.4053836293719,354.6053836293719,ome_plane_position_z,
Z:\Brejtr\ActiveProjects\Microscopy\20251219\_7_5_BAEOHARMIN_24hod_8_Multichannel Z-Stack_20251219_595_\stack1\frame_t_0.ets,frame_t_0.ets,.ets,1,macro image,1,,,,unavailable,
Z:\Brejtr\ActiveProjects\Microscopy\20251219\_7_5_BAEOHARMIN_24hod_9_Multichannel Z-Stack_20251219_596_\stack1\frame_t_0.ets,frame_t_0.ets,.ets,0,"C488, C561, C640",38,,352.6566776536654,358.20667765366545,ome_plane_position_z,
Z:\Brejtr\ActiveProjects\Microscopy\20251219\_7_5_BAEOHARMIN_24hod_9_Multichannel Z-Stack_20251219_596_\stack1\frame_t_0.ets,frame_t_0.ets,.ets,1,macro image,1,,,,unavailable,
Z:\Brejtr\ActiveProjects\Microscopy\20251219\_7_6_NORBAEO_24hod_10_Multichannel Z-Stack_20251219_607_\stack1\frame_t_0.ets,frame_t_0.ets,.ets,0,"C488, C561, C640",45,,315.5937374107306,322.19373741073065,ome_plane_position_z,
Z:\Brejtr\ActiveProjects\Microscopy\20251219\_7_6_NORBAEO_24hod_10_Multichannel Z-Stack_20251219_607_\stack1\frame_t_0.ets,frame_t_0.ets,.ets,1,macro image,1,,,,unavailable,
Z:\Brejtr\ActiveProjects\Microscopy\20251219\_7_6_NORBAEO_24hod_1_Multichannel Z-Stack_20251219_598_\stack1\frame_t_0.ets,frame_t_0.ets,.ets,0,"C488, C561, C640",29,,302.7034975279253,306.9034975279253,ome_plane_position_z,
Z:\Brejtr\ActiveProjects\Microscopy\20251219\_7_6_NORBAEO_24hod_1_Multichannel Z-Stack_20251219_598_\stack1\frame_t_0.ets,frame_t_0.ets,.ets,1,macro image,1,,,,unavailable,
Z:\Brejtr\ActiveProjects\Microscopy\20251219\_7_6_NORBAEO_24hod_2_Multichannel Z-Stack_20251219_599_\stack1\frame_t_0.ets,frame_t_0.ets,.ets,0,"C488, C561, C640",29,,304.10739180858207,308.30739180858205,ome_plane_position_z,
Z:\Brejtr\ActiveProjects\Microscopy\20251219\_7_6_NORBAEO_24hod_2_Multichannel Z-Stack_20251219_599_\stack1\frame_t_0.ets,frame_t_0.ets,.ets,1,macro image,1,,,,unavailable,
Z:\Brejtr\ActiveProjects\Microscopy\20251219\_7_6_NORBAEO_24hod_3_Multichannel Z-Stack_20251219_600_\stack1\frame_t_0.ets,frame_t_0.ets,.ets,0,"C488, C561, C640",31,,305.4859610571935,309.9859610571935,ome_plane_position_z,
Z:\Brejtr\ActiveProjects\Microscopy\20251219\_7_6_NORBAEO_24hod_3_Multichannel Z-Stack_20251219_600_\stack1\frame_t_0.ets,frame_t_0.ets,.ets,1,macro image,1,,,,unavailable,
Z:\Brejtr\ActiveProjects\Microscopy\20251219\_7_6_NORBAEO_24hod_4_Multichannel Z-Stack_20251219_601_\stack1\frame_t_0.ets,frame_t_0.ets,.ets,0,"C488, C561, C640",29,,308.1054385643655,312.3054385643655,ome_plane_position_z,
Z:\Brejtr\ActiveProjects\Microscopy\20251219\_7_6_NORBAEO_24hod_4_Multichannel Z-Stack_20251219_601_\stack1\frame_t_0.ets,frame_t_0.ets,.ets,1,macro image,1,,,,unavailable,
Z:\Brejtr\ActiveProjects\Microscopy\20251219\_7_6_NORBAEO_24hod_5_Multichannel Z-Stack_20251219_602_\stack1\frame_t_0.ets,frame_t_0.ets,.ets,0,"C488, C561, C640",30,,309.4508911676737,313.8008911676738,ome_plane_position_z,
Z:\Brejtr\ActiveProjects\Microscopy\20251219\_7_6_NORBAEO_24hod_5_Multichannel Z-Stack_20251219_602_\stack1\frame_t_0.ets,frame_t_0.ets,.ets,1,macro image,1,,,,unavailable,
Z:\Brejtr\ActiveProjects\Microscopy\20251219\_7_6_NORBAEO_24hod_6_Multichannel Z-Stack_20251219_603_\stack1\frame_t_0.ets,frame_t_0.ets,.ets,0,"C488, C561, C640",30,,310.8547854483306,315.2047854483306,ome_plane_position_z,
Z:\Brejtr\ActiveProjects\Microscopy\20251219\_7_6_NORBAEO_24hod_6_Multichannel Z-Stack_20251219_603_\stack1\frame_t_0.ets,frame_t_0.ets,.ets,1,macro image,1,,,,unavailable,
Z:\Brejtr\ActiveProjects\Microscopy\20251219\_7_6_NORBAEO_24hod_7_Multichannel Z-Stack_20251219_604_\stack1\frame_t_0.ets,frame_t_0.ets,.ets,0,"C488, C561, C640",43,,311.4073796008057,317.7073796008057,ome_plane_position_z,
Z:\Brejtr\ActiveProjects\Microscopy\20251219\_7_6_NORBAEO_24hod_7_Multichannel Z-Stack_20251219_604_\stack1\frame_t_0.ets,frame_t_0.ets,.ets,1,macro image,1,,,,unavailable,
Z:\Brejtr\ActiveProjects\Microscopy\20251219\_7_6_NORBAEO_24hod_8_Multichannel Z-Stack_20251219_605_\stack1\frame_t_0.ets,frame_t_0.ets,.ets,0,"C488, C561, C640",57,,314.00737349691764,322.40737349691756,ome_plane_position_z,
Z:\Brejtr\ActiveProjects\Microscopy\20251219\_7_6_NORBAEO_24hod_8_Multichannel Z-Stack_20251219_605_\stack1\frame_t_0.ets,frame_t_0.ets,.ets,1,macro image,1,,,,unavailable,
Z:\Brejtr\ActiveProjects\Microscopy\20251219\_7_6_NORBAEO_24hod_9_Multichannel Z-Stack_20251219_606_\stack1\frame_t_0.ets,frame_t_0.ets,.ets,0,"C488, C561, C640",67,,312.2021790880791,322.1021790880791,ome_plane_position_z,
Z:\Brejtr\ActiveProjects\Microscopy\20251219\_7_6_NORBAEO_24hod_9_Multichannel Z-Stack_20251219_606_\stack1\frame_t_0.ets,frame_t_0.ets,.ets,1,macro image,1,,,,unavailable,
Z:\Brejtr\ActiveProjects\Microscopy\20251219\_7_6_NORBAEOHARMIN_24hod_10_Multichannel Z-Stack_20251219_618_\stack1\frame_t_0.ets,frame_t_0.ets,.ets,0,"C488, C561, C640",59,,365.9871757309407,374.6871757309406,ome_plane_position_z,
Z:\Brejtr\ActiveProjects\Microscopy\20251219\_7_6_NORBAEOHARMIN_24hod_10_Multichannel Z-Stack_20251219_618_\stack1\frame_t_0.ets,frame_t_0.ets,.ets,1,macro image,1,,,,unavailable,
Z:\Brejtr\ActiveProjects\Microscopy\20251219\_7_6_NORBAEOHARMIN_24hod_1_Multichannel Z-Stack_20251219_608_\stack1\frame_t_0.ets,frame_t_0.ets,.ets,0,"C488, C561, C640",53,,331.2099493377281,339.00994933772813,ome_plane_position_z,
Z:\Brejtr\ActiveProjects\Microscopy\20251219\_7_6_NORBAEOHARMIN_24hod_1_Multichannel Z-Stack_20251219_608_\stack1\frame_t_0.ets,frame_t_0.ets,.ets,1,macro image,1,,,,unavailable,
Z:\Brejtr\ActiveProjects\Microscopy\20251219\_7_6_NORBAEOHARMIN_24hod_2_Multichannel Z-Stack_20251219_609_\stack1\frame_t_0.ets,frame_t_0.ets,.ets,0,"C488, C561, C640",79,,334.20734297747674,345.9073429774767,ome_plane_position_z,
Z:\Brejtr\ActiveProjects\Microscopy\20251219\_7_6_NORBAEOHARMIN_24hod_2_Multichannel Z-Stack_20251219_609_\stack1\frame_t_0.ets,frame_t_0.ets,.ets,1,macro image,1,,,,unavailable,
Z:\Brejtr\ActiveProjects\Microscopy\20251219\_7_6_NORBAEOHARMIN_24hod_3_Multichannel Z-Stack_20251219_610_\stack1\frame_t_0.ets,frame_t_0.ets,.ets,0,"C488, C561, C640",58,,339.1579899896234,347.70798998962346,ome_plane_position_z,
Z:\Brejtr\ActiveProjects\Microscopy\20251219\_7_6_NORBAEOHARMIN_24hod_3_Multichannel Z-Stack_20251219_610_\stack1\frame_t_0.ets,frame_t_0.ets,.ets,1,macro image,1,,,,unavailable,
Z:\Brejtr\ActiveProjects\Microscopy\20251219\_7_6_NORBAEOHARMIN_24hod_3b_Multichannel Z-Stack_20251219_611_\stack1\frame_t_0.ets,frame_t_0.ets,.ets,0,"C488, C561, C640",59,,344.80668375755357,353.50668375755356,ome_plane_position_z,
Z:\Brejtr\ActiveProjects\Microscopy\20251219\_7_6_NORBAEOHARMIN_24hod_3b_Multichannel Z-Stack_20251219_611_\stack1\frame_t_0.ets,frame_t_0.ets,.ets,1,macro image,1,,,,unavailable,
Z:\Brejtr\ActiveProjects\Microscopy\20251219\_7_6_NORBAEOHARMIN_24hod_4_Multichannel Z-Stack_20251219_612_\stack1\frame_t_0.ets,frame_t_0.ets,.ets,0,"C488, C561, C640",66,,350.6540773973021,360.4040773973021,ome_plane_position_z,
Z:\Brejtr\ActiveProjects\Microscopy\20251219\_7_6_NORBAEOHARMIN_24hod_4_Multichannel Z-Stack_20251219_612_\stack1\frame_t_0.ets,frame_t_0.ets,.ets,1,macro image,1,,,,unavailable,
Z:\Brejtr\ActiveProjects\Microscopy\20251219\_7_6_NORBAEOHARMIN_24hod_5_Multichannel Z-Stack_20251219_613_\stack1\frame_t_0.ets,frame_t_0.ets,.ets,0,"C488, C561, C640",52,,356.660565830434,364.310565830434,ome_plane_position_z,
Z:\Brejtr\ActiveProjects\Microscopy\20251219\_7_6_NORBAEOHARMIN_24hod_5_Multichannel Z-Stack_20251219_613_\stack1\frame_t_0.ets,frame_t_0.ets,.ets,1,macro image,1,,,,unavailable,
Z:\Brejtr\ActiveProjects\Microscopy\20251219\_7_6_NORBAEOHARMIN_24hod_6_Multichannel Z-Stack_20251219_614_\stack1\frame_t_0.ets,frame_t_0.ets,.ets,0,"C488, C561, C640",73,,362.30016480498074,373.10016480498075,ome_plane_position_z,
Z:\Brejtr\ActiveProjects\Microscopy\20251219\_7_6_NORBAEOHARMIN_24hod_6_Multichannel Z-Stack_20251219_614_\stack1\frame_t_0.ets,frame_t_0.ets,.ets,1,macro image,1,,,,unavailable,
Z:\Brejtr\ActiveProjects\Microscopy\20251219\_7_6_NORBAEOHARMIN_24hod_7_Multichannel Z-Stack_20251219_615_\stack1\frame_t_0.ets,frame_t_0.ets,.ets,0,"C488, C561, C640",43,,368.20405908563754,374.50405908563755,ome_plane_position_z,
Z:\Brejtr\ActiveProjects\Microscopy\20251219\_7_6_NORBAEOHARMIN_24hod_7_Multichannel Z-Stack_20251219_615_\stack1\frame_t_0.ets,frame_t_0.ets,.ets,1,macro image,1,,,,unavailable,
Z:\Brejtr\ActiveProjects\Microscopy\20251219\_7_6_NORBAEOHARMIN_24hod_8_Multichannel Z-Stack_20251219_616_\stack1\frame_t_0.ets,frame_t_0.ets,.ets,0,"C488, C561, C640",51,,366.30211194530915,373.80211194530915,ome_plane_position_z,
Z:\Brejtr\ActiveProjects\Microscopy\20251219\_7_6_NORBAEOHARMIN_24hod_8_Multichannel Z-Stack_20251219_616_\stack1\frame_t_0.ets,frame_t_0.ets,.ets,1,macro image,1,,,,unavailable,
Z:\Brejtr\ActiveProjects\Microscopy\20251219\_7_6_NORBAEOHARMIN_24hod_9_Multichannel Z-Stack_20251219_617_\stack1\frame_t_0.ets,frame_t_0.ets,.ets,0,"C488, C561, C640",52,,369.3566532381127,377.0066532381127,ome_plane_position_z,
Z:\Brejtr\ActiveProjects\Microscopy\20251219\_7_6_NORBAEOHARMIN_24hod_9_Multichannel Z-Stack_20251219_617_\stack1\frame_t_0.ets,frame_t_0.ets,.ets,1,macro image,1,,,,unavailable,
Z:\Brejtr\ActiveProjects\Microscopy\20251219\_7_7_AERUG_24hod_10_Multichannel Z-Stack_20251219_629_\stack1\frame_t_0.ets,frame_t_0.ets,.ets,0,"C488, C561, C640",39,,334.10345480070805,339.80345480070804,ome_plane_position_z,
Z:\Brejtr\ActiveProjects\Microscopy\20251219\_7_7_AERUG_24hod_10_Multichannel Z-Stack_20251219_629_\stack1\frame_t_0.ets,frame_t_0.ets,.ets,1,macro image,1,,,,unavailable,
Z:\Brejtr\ActiveProjects\Microscopy\20251219\_7_7_AERUG_24hod_1_Multichannel Z-Stack_20251219_619_\stack1\frame_t_0.ets,frame_t_0.ets,.ets,0,"C488, C561, C640",53,,362.4008179210157,370.20081792101576,ome_plane_position_z,
Z:\Brejtr\ActiveProjects\Microscopy\20251219\_7_7_AERUG_24hod_1_Multichannel Z-Stack_20251219_619_\stack1\frame_t_0.ets,frame_t_0.ets,.ets,1,macro image,1,,,,unavailable,
Z:\Brejtr\ActiveProjects\Microscopy\20251219\_7_7_AERUG_24hod_1b_Multichannel Z-Stack_20251219_620_\stack1\frame_t_0.ets,frame_t_0.ets,.ets,0,"C488, C561, C640",32,,359.84368247573707,364.49368247573705,ome_plane_position_z,
Z:\Brejtr\ActiveProjects\Microscopy\20251219\_7_7_AERUG_24hod_1b_Multichannel Z-Stack_20251219_620_\stack1\frame_t_0.ets,frame_t_0.ets,.ets,1,macro image,1,,,,unavailable,
Z:\Brejtr\ActiveProjects\Microscopy\20251219\_7_7_AERUG_24hod_2_Multichannel Z-Stack_20251219_621_\stack1\frame_t_0.ets,frame_t_0.ets,.ets,0,"C488, C561, C640",39,,356.10797167795886,361.80797167795885,ome_plane_position_z,
Z:\Brejtr\ActiveProjects\Microscopy\20251219\_7_7_AERUG_24hod_2_Multichannel Z-Stack_20251219_621_\stack1\frame_t_0.ets,frame_t_0.ets,.ets,1,macro image,1,,,,unavailable,
Z:\Brejtr\ActiveProjects\Microscopy\20251219\_7_7_AERUG_24hod_3_Multichannel Z-Stack_20251219_622_\stack1\frame_t_0.ets,frame_t_0.ets,.ets,0,"C488, C561, C640",39,,353.60537752548373,359.3053775254837,ome_plane_position_z,
Z:\Brejtr\ActiveProjects\Microscopy\20251219\_7_7_AERUG_24hod_3_Multichannel Z-Stack_20251219_622_\stack1\frame_t_0.ets,frame_t_0.ets,.ets,1,macro image,1,,,,unavailable,
Z:\Brejtr\ActiveProjects\Microscopy\20251219\_7_7_AERUG_24hod_4_Multichannel Z-Stack_20251219_623_\stack1\frame_t_0.ets,frame_t_0.ets,.ets,0,"C488, C561, C640",46,,350.0527833730086,356.8027833730086,ome_plane_position_z,
Z:\Brejtr\ActiveProjects\Microscopy\20251219\_7_7_AERUG_24hod_4_Multichannel Z-Stack_20251219_623_\stack1\frame_t_0.ets,frame_t_0.ets,.ets,1,macro image,1,,,,unavailable,
Z:\Brejtr\ActiveProjects\Microscopy\20251219\_7_7_AERUG_24hod_5_Multichannel Z-Stack_20251219_624_\stack1\frame_t_0.ets,frame_t_0.ets,.ets,0,"C488, C561, C640",52,,345.5514893487152,353.2014893487152,ome_plane_position_z,
Z:\Brejtr\ActiveProjects\Microscopy\20251219\_7_7_AERUG_24hod_5_Multichannel Z-Stack_20251219_624_\stack1\frame_t_0.ets,frame_t_0.ets,.ets,1,macro image,1,,,,unavailable,
Z:\Brejtr\ActiveProjects\Microscopy\20251219\_7_7_AERUG_24hod_6_Multichannel Z-Stack_20251219_625_\stack1\frame_t_0.ets,frame_t_0.ets,.ets,0,"C488, C561, C640",39,,344.2053897332602,349.9053897332601,ome_plane_position_z,
Z:\Brejtr\ActiveProjects\Microscopy\20251219\_7_7_AERUG_24hod_6_Multichannel Z-Stack_20251219_625_\stack1\frame_t_0.ets,frame_t_0.ets,.ets,1,macro image,1,,,,unavailable,
Z:\Brejtr\ActiveProjects\Microscopy\20251219\_7_7_AERUG_24hod_7_Multichannel Z-Stack_20251219_626_\stack1\frame_t_0.ets,frame_t_0.ets,.ets,0,"C488, C561, C640",39,,342.8014954526033,348.5014954526033,ome_plane_position_z,
Z:\Brejtr\ActiveProjects\Microscopy\20251219\_7_7_AERUG_24hod_7_Multichannel Z-Stack_20251219_626_\stack1\frame_t_0.ets,frame_t_0.ets,.ets,1,macro image,1,,,,unavailable,
Z:\Brejtr\ActiveProjects\Microscopy\20251219\_7_7_AERUG_24hod_8_Multichannel Z-Stack_20251219_627_\stack1\frame_t_0.ets,frame_t_0.ets,.ets,0,"C488, C561, C640",52,,338.25734297747675,345.9073429774767,ome_plane_position_z,
Z:\Brejtr\ActiveProjects\Microscopy\20251219\_7_7_AERUG_24hod_8_Multichannel Z-Stack_20251219_627_\stack1\frame_t_0.ets,frame_t_0.ets,.ets,1,macro image,1,,,,unavailable,
Z:\Brejtr\ActiveProjects\Microscopy\20251219\_7_7_AERUG_24hod_9_Multichannel Z-Stack_20251219_628_\stack1\frame_t_0.ets,frame_t_0.ets,.ets,0,"C488, C561, C640",46,,335.55604895318316,342.30604895318316,ome_plane_position_z,
Z:\Brejtr\ActiveProjects\Microscopy\20251219\_7_7_AERUG_24hod_9_Multichannel Z-Stack_20251219_628_\stack1\frame_t_0.ets,frame_t_0.ets,.ets,1,macro image,1,,,,unavailable,
Z:\Brejtr\ActiveProjects\Microscopy\20251219\_7_7_AERUGHARMIN_24hod_10_Multichannel Z-Stack_20251219_639_\stack1\frame_t_0.ets,frame_t_0.ets,.ets,0,"C488, C561, C640",46,,296.1554507721419,302.9054507721419,ome_plane_position_z,
Z:\Brejtr\ActiveProjects\Microscopy\20251219\_7_7_AERUGHARMIN_24hod_10_Multichannel Z-Stack_20251219_639_\stack1\frame_t_0.ets,frame_t_0.ets,.ets,1,macro image,1,,,,unavailable,
Z:\Brejtr\ActiveProjects\Microscopy\20251219\_7_7_AERUGHARMIN_24hod_1_Multichannel Z-Stack_20251219_630_\stack1\frame_t_0.ets,frame_t_0.ets,.ets,0,"C488, C561, C640",53,,329.5008606482329,337.3008606482329,ome_plane_position_z,
Z:\Brejtr\ActiveProjects\Microscopy\20251219\_7_7_AERUGHARMIN_24hod_1_Multichannel Z-Stack_20251219_630_\stack1\frame_t_0.ets,frame_t_0.ets,.ets,1,macro image,1,,,,unavailable,
Z:\Brejtr\ActiveProjects\Microscopy\20251219\_7_7_AERUGHARMIN_24hod_2_Multichannel Z-Stack_20251219_631_\stack1\frame_t_0.ets,frame_t_0.ets,.ets,0,"C488, C561, C640",46,,326.8580083012879,333.6080083012879,ome_plane_position_z,
Z:\Brejtr\ActiveProjects\Microscopy\20251219\_7_7_AERUGHARMIN_24hod_2_Multichannel Z-Stack_20251219_631_\stack1\frame_t_0.ets,frame_t_0.ets,.ets,1,macro image,1,,,,unavailable,
Z:\Brejtr\ActiveProjects\Microscopy\20251219\_7_7_AERUGHARMIN_24hod_3_Multichannel Z-Stack_20251219_632_\stack1\frame_t_0.ets,frame_t_0.ets,.ets,0,"C488, C561, C640",52,,325.6528138924495,333.3028138924495,ome_plane_position_z,
Z:\Brejtr\ActiveProjects\Microscopy\20251219\_7_7_AERUGHARMIN_24hod_3_Multichannel Z-Stack_20251219_632_\stack1\frame_t_0.ets,frame_t_0.ets,.ets,1,macro image,1,,,,unavailable,
Z:\Brejtr\ActiveProjects\Microscopy\20251219\_7_7_AERUGHARMIN_24hod_4_Multichannel Z-Stack_20251219_633_\stack1\frame_t_0.ets,frame_t_0.ets,.ets,0,"C488, C561, C640",52,,321.2580144051762,328.9080144051761,ome_plane_position_z,
Z:\Brejtr\ActiveProjects\Microscopy\20251219\_7_7_AERUGHARMIN_24hod_4_Multichannel Z-Stack_20251219_633_\stack1\frame_t_0.ets,frame_t_0.ets,.ets,1,macro image,1,,,,unavailable,
Z:\Brejtr\ActiveProjects\Microscopy\20251219\_7_7_AERUGHARMIN_24hod_5_Multichannel Z-Stack_20251219_634_\stack1\frame_t_0.ets,frame_t_0.ets,.ets,0,"C488, C561, C640",52,,317.65672038088263,325.3067203808826,ome_plane_position_z,
Z:\Brejtr\ActiveProjects\Microscopy\20251219\_7_7_AERUGHARMIN_24hod_5_Multichannel Z-Stack_20251219_634_\stack1\frame_t_0.ets,frame_t_0.ets,.ets,1,macro image,1,,,,unavailable,
Z:\Brejtr\ActiveProjects\Microscopy\20251219\_7_7_AERUGHARMIN_24hod_6_Multichannel Z-Stack_20251219_635_\stack1\frame_t_0.ets,frame_t_0.ets,.ets,0,"C488, C561, C640",59,,311.9067264847708,320.6067264847708,ome_plane_position_z,
Z:\Brejtr\ActiveProjects\Microscopy\20251219\_7_7_AERUGHARMIN_24hod_6_Multichannel Z-Stack_20251219_635_\stack1\frame_t_0.ets,frame_t_0.ets,.ets,1,macro image,1,,,,unavailable,
Z:\Brejtr\ActiveProjects\Microscopy\20251219\_7_7_AERUGHARMIN_24hod_7_Multichannel Z-Stack_20251219_636_\stack1\frame_t_0.ets,frame_t_0.ets,.ets,0,"C488, C561, C640",58,,307.7534853201489,316.3034853201489,ome_plane_position_z,
Z:\Brejtr\ActiveProjects\Microscopy\20251219\_7_7_AERUGHARMIN_24hod_7_Multichannel Z-Stack_20251219_636_\stack1\frame_t_0.ets,frame_t_0.ets,.ets,1,macro image,1,,,,unavailable,
Z:\Brejtr\ActiveProjects\Microscopy\20251219\_7_7_AERUGHARMIN_24hod_8_Multichannel Z-Stack_20251219_637_\stack1\frame_t_0.ets,frame_t_0.ets,.ets,0,"C488, C561, C640",60,,303.150244155527,312.00024415552707,ome_plane_position_z,
Z:\Brejtr\ActiveProjects\Microscopy\20251219\_7_7_AERUGHARMIN_24hod_8_Multichannel Z-Stack_20251219_637_\stack1\frame_t_0.ets,frame_t_0.ets,.ets,1,macro image,1,,,,unavailable,
Z:\Brejtr\ActiveProjects\Microscopy\20251219\_7_7_AERUGHARMIN_24hod_9_Multichannel Z-Stack_20251219_638_\stack1\frame_t_0.ets,frame_t_0.ets,.ets,0,"C488, C561, C640",52,,298.85674479643535,306.5067447964353,ome_plane_position_z,
Z:\Brejtr\ActiveProjects\Microscopy\20251219\_7_7_AERUGHARMIN_24hod_9_Multichannel Z-Stack_20251219_638_\stack1\frame_t_0.ets,frame_t_0.ets,.ets,1,macro image,1,,,,unavailable,
Z:\Brejtr\ActiveProjects\Microscopy\20251219\_8_7_BAEO24_hod_10_Multichannel Z-Stack_20251219_721_\stack1\frame_t_0.ets,frame_t_0.ets,.ets,0,"C488, C561, C640",51,,388.70338155405,396.20338155405,ome_plane_position_z,
Z:\Brejtr\ActiveProjects\Microscopy\20251219\_8_7_BAEO24_hod_10_Multichannel Z-Stack_20251219_721_\stack1\frame_t_0.ets,frame_t_0.ets,.ets,1,macro image,1,,,,unavailable,
Z:\Brejtr\ActiveProjects\Microscopy\20251219\_8_7_BAEO24_hod_1_Multichannel Z-Stack_20251219_712_\stack1\frame_t_0.ets,frame_t_0.ets,.ets,0,"C488, C561, C640",52,,369.05145882927434,376.7014588292743,ome_plane_position_z,
Z:\Brejtr\ActiveProjects\Microscopy\20251219\_8_7_BAEO24_hod_1_Multichannel Z-Stack_20251219_712_\stack1\frame_t_0.ets,frame_t_0.ets,.ets,1,macro image,1,,,,unavailable,
Z:\Brejtr\ActiveProjects\Microscopy\20251219\_8_7_BAEO24_hod_2_Multichannel Z-Stack_20251219_713_\stack1\frame_t_0.ets,frame_t_0.ets,.ets,0,"C488, C561, C640",58,,369.952105841421,378.502105841421,ome_plane_position_z,
Z:\Brejtr\ActiveProjects\Microscopy\20251219\_8_7_BAEO24_hod_2_Multichannel Z-Stack_20251219_713_\stack1\frame_t_0.ets,frame_t_0.ets,.ets,1,macro image,1,,,,unavailable,
Z:\Brejtr\ActiveProjects\Microscopy\20251219\_8_7_BAEO24_hod_3_Multichannel Z-Stack_20251219_714_\stack1\frame_t_0.ets,frame_t_0.ets,.ets,0,"C488, C561, C640",73,,371.7001525972044,382.5001525972044,ome_plane_position_z,
Z:\Brejtr\ActiveProjects\Microscopy\20251219\_8_7_BAEO24_hod_3_Multichannel Z-Stack_20251219_714_\stack1\frame_t_0.ets,frame_t_0.ets,.ets,1,macro image,1,,,,unavailable,
Z:\Brejtr\ActiveProjects\Microscopy\20251219\_8_7_BAEO24_hod_4_Multichannel Z-Stack_20251219_715_\stack1\frame_t_0.ets,frame_t_0.ets,.ets,0,"C488, C561, C640",50,,380.55209363364463,387.90209363364465,ome_plane_position_z,
Z:\Brejtr\ActiveProjects\Microscopy\20251219\_8_7_BAEO24_hod_4_Multichannel Z-Stack_20251219_715_\stack1\frame_t_0.ets,frame_t_0.ets,.ets,1,macro image,1,,,,unavailable,
Z:\Brejtr\ActiveProjects\Microscopy\20251219\_8_7_BAEO24_hod_5_Multichannel Z-Stack_20251219_716_\stack1\frame_t_0.ets,frame_t_0.ets,.ets,0,"C488, C561, C640",51,,381.104040773973,388.604040773973,ome_plane_position_z,
Z:\Brejtr\ActiveProjects\Microscopy\20251219\_8_7_BAEO24_hod_5_Multichannel Z-Stack_20251219_716_\stack1\frame_t_0.ets,frame_t_0.ets,.ets,1,macro image,1,,,,unavailable,
Z:\Brejtr\ActiveProjects\Microscopy\20251219\_8_7_BAEO24_hod_6_Multichannel Z-Stack_20251219_717_\stack1\frame_t_0.ets,frame_t_0.ets,.ets,0,"C488, C561, C640",65,,384.8027345419032,394.4027345419032,ome_plane_position_z,
Z:\Brejtr\ActiveProjects\Microscopy\20251219\_8_7_BAEO24_hod_6_Multichannel Z-Stack_20251219_717_\stack1\frame_t_0.ets,frame_t_0.ets,.ets,1,macro image,1,,,,unavailable,
Z:\Brejtr\ActiveProjects\Microscopy\20251219\_8_7_BAEO24_hod_7_Multichannel Z-Stack_20251219_718_\stack1\frame_t_0.ets,frame_t_0.ets,.ets,0,"C488, C561, C640",51,,388.70338155405,396.20338155405,ome_plane_position_z,
Z:\Brejtr\ActiveProjects\Microscopy\20251219\_8_7_BAEO24_hod_7_Multichannel Z-Stack_20251219_718_\stack1\frame_t_0.ets,frame_t_0.ets,.ets,1,macro image,1,,,,unavailable,
Z:\Brejtr\ActiveProjects\Microscopy\20251219\_8_7_BAEO24_hod_8_Multichannel Z-Stack_20251219_719_\stack1\frame_t_0.ets,frame_t_0.ets,.ets,0,"C488, C561, C640",40,,393.55792284685344,399.40792284685347,ome_plane_position_z,
Z:\Brejtr\ActiveProjects\Microscopy\20251219\_8_7_BAEO24_hod_8_Multichannel Z-Stack_20251219_719_\stack1\frame_t_0.ets,frame_t_0.ets,.ets,1,macro image,1,,,,unavailable,
Z:\Brejtr\ActiveProjects\Microscopy\20251219\_8_7_BAEO24_hod_9_Multichannel Z-Stack_20251219_720_\stack1\frame_t_0.ets,frame_t_0.ets,.ets,0,"C488, C561, C640",51,,386.9027345419032,394.4027345419032,ome_plane_position_z,
Z:\Brejtr\ActiveProjects\Microscopy\20251219\_8_7_BAEO24_hod_9_Multichannel Z-Stack_20251219_720_\stack1\frame_t_0.ets,frame_t_0.ets,.ets,1,macro image,1,,,,unavailable,
Z:\Brejtr\ActiveProjects\Microscopy\20251219\_8_7_BAEOHARMIN24_hod_10_Multichannel Z-Stack_20251219_731_\stack1\frame_t_0.ets,frame_t_0.ets,.ets,0,"C488, C561, C640",43,,429.7007324665812,436.0007324665812,ome_plane_position_z,
Z:\Brejtr\ActiveProjects\Microscopy\20251219\_8_7_BAEOHARMIN24_hod_10_Multichannel Z-Stack_20251219_731_\stack1\frame_t_0.ets,frame_t_0.ets,.ets,1,macro image,1,,,,unavailable,
Z:\Brejtr\ActiveProjects\Microscopy\20251219\_8_7_BAEOHARMIN24_hod_1_Multichannel Z-Stack_20251219_722_\stack1\frame_t_0.ets,frame_t_0.ets,.ets,0,"C488, C561, C640",50,,392.45467557834337,399.8046755783434,ome_plane_position_z,
Z:\Brejtr\ActiveProjects\Microscopy\20251219\_8_7_BAEOHARMIN24_hod_1_Multichannel Z-Stack_20251219_722_\stack1\frame_t_0.ets,frame_t_0.ets,.ets,1,macro image,1,,,,unavailable,
Z:\Brejtr\ActiveProjects\Microscopy\20251219\_8_7_BAEOHARMIN24_hod_2_Multichannel Z-Stack_20251219_723_\stack1\frame_t_0.ets,frame_t_0.ets,.ets,0,"C488, C561, C640",67,,395.0014222059453,404.9014222059452,ome_plane_position_z,
Z:\Brejtr\ActiveProjects\Microscopy\20251219\_8_7_BAEOHARMIN24_hod_2_Multichannel Z-Stack_20251219_723_\stack1\frame_t_0.ets,frame_t_0.ets,.ets,1,macro image,1,,,,unavailable,
Z:\Brejtr\ActiveProjects\Microscopy\20251219\_8_7_BAEOHARMIN24_hod_3_Multichannel Z-Stack_20251219_724_\stack1\frame_t_0.ets,frame_t_0.ets,.ets,0,"C488, C561, C640",81,,400.1040102545321,412.1040102545321,ome_plane_position_z,
Z:\Brejtr\ActiveProjects\Microscopy\20251219\_8_7_BAEOHARMIN24_hod_3_Multichannel Z-Stack_20251219_724_\stack1\frame_t_0.ets,frame_t_0.ets,.ets,1,macro image,1,,,,unavailable,
Z:\Brejtr\ActiveProjects\Microscopy\20251219\_8_7_BAEOHARMIN24_hod_4_Multichannel Z-Stack_20251219_725_\stack1\frame_t_0.ets,frame_t_0.ets,.ets,0,"C488, C561, C640",36,,409.7533571384972,415.0033571384972,ome_plane_position_z,
Z:\Brejtr\ActiveProjects\Microscopy\20251219\_8_7_BAEOHARMIN24_hod_4_Multichannel Z-Stack_20251219_725_\stack1\frame_t_0.ets,frame_t_0.ets,.ets,1,macro image,1,,,,unavailable,
Z:\Brejtr\ActiveProjects\Microscopy\20251219\_8_7_BAEOHARMIN24_hod_5_Multichannel Z-Stack_20251219_726_\stack1\frame_t_0.ets,frame_t_0.ets,.ets,0,"C488, C561, C640",59,,411.18646767991214,419.8864676799121,ome_plane_position_z,
Z:\Brejtr\ActiveProjects\Microscopy\20251219\_8_7_BAEOHARMIN24_hod_5_Multichannel Z-Stack_20251219_726_\stack1\frame_t_0.ets,frame_t_0.ets,.ets,1,macro image,1,,,,unavailable,
Z:\Brejtr\ActiveProjects\Microscopy\20251219\_8_7_BAEOHARMIN24_hod_6_Multichannel Z-Stack_20251219_727_\stack1\frame_t_0.ets,frame_t_0.ets,.ets,0,"C488, C561, C640",53,,412.20854544344746,420.0085454434475,ome_plane_position_z,
Z:\Brejtr\ActiveProjects\Microscopy\20251219\_8_7_BAEOHARMIN24_hod_6_Multichannel Z-Stack_20251219_727_\stack1\frame_t_0.ets,frame_t_0.ets,.ets,1,macro image,1,,,,unavailable,
Z:\Brejtr\ActiveProjects\Microscopy\20251219\_8_7_BAEOHARMIN24_hod_7_Multichannel Z-Stack_20251219_728_\stack1\frame_t_0.ets,frame_t_0.ets,.ets,0,"C488, C561, C640",74,,414.15529207104925,425.10529207104923,ome_plane_position_z,
Z:\Brejtr\ActiveProjects\Microscopy\20251219\_8_7_BAEOHARMIN24_hod_7_Multichannel Z-Stack_20251219_728_\stack1\frame_t_0.ets,frame_t_0.ets,.ets,1,macro image,1,,,,unavailable,
Z:\Brejtr\ActiveProjects\Microscopy\20251219\_8_7_BAEOHARMIN24_hod_8_Multichannel Z-Stack_20251219_729_\stack1\frame_t_0.ets,frame_t_0.ets,.ets,0,"C488, C561, C640",44,,422.25658609534275,428.70658609534274,ome_plane_position_z,
Z:\Brejtr\ActiveProjects\Microscopy\20251219\_8_7_BAEOHARMIN24_hod_8_Multichannel Z-Stack_20251219_729_\stack1\frame_t_0.ets,frame_t_0.ets,.ets,1,macro image,1,,,,unavailable,
Z:\Brejtr\ActiveProjects\Microscopy\20251219\_8_7_BAEOHARMIN24_hod_9_Multichannel Z-Stack_20251219_730_\stack1\frame_t_0.ets,frame_t_0.ets,.ets,0,"C488, C561, C640",51,,425.9065799914546,433.4065799914546,ome_plane_position_z,
Z:\Brejtr\ActiveProjects\Microscopy\20251219\_8_7_BAEOHARMIN24_hod_9_Multichannel Z-Stack_20251219_730_\stack1\frame_t_0.ets,frame_t_0.ets,.ets,1,macro image,1,,,,unavailable,
Z:\Brejtr\ActiveProjects\Microscopy\20251219\_8_7_KONTROLA_24hod_10_Multichannel Z-Stack_20251219_649_\stack1\frame_t_0.ets,frame_t_0.ets,.ets,0,"C488, C561, C640",46,,273.3574284319111,280.1074284319111,ome_plane_position_z,
Z:\Brejtr\ActiveProjects\Microscopy\20251219\_8_7_KONTROLA_24hod_10_Multichannel Z-Stack_20251219_649_\stack1\frame_t_0.ets,frame_t_0.ets,.ets,1,macro image,1,,,,unavailable,
Z:\Brejtr\ActiveProjects\Microscopy\20251219\_8_7_KONTROLA_24hod_1_Multichannel Z-Stack_20251219_640_\stack1\frame_t_0.ets,frame_t_0.ets,.ets,0,"C488, C561, C640",52,,293.85155649148516,301.50155649148513,ome_plane_position_z,
Z:\Brejtr\ActiveProjects\Microscopy\20251219\_8_7_KONTROLA_24hod_1_Multichannel Z-Stack_20251219_640_\stack1\frame_t_0.ets,frame_t_0.ets,.ets,1,macro image,1,,,,unavailable,
Z:\Brejtr\ActiveProjects\Microscopy\20251219\_8_7_KONTROLA_24hod_2_Multichannel Z-Stack_20251219_641_\stack1\frame_t_0.ets,frame_t_0.ets,.ets,0,"C488, C561, C640",44,0.14999999999999863,289.9957272782763,296.44572727827625,ome_plane_position_z,
Z:\Brejtr\ActiveProjects\Microscopy\20251219\_8_7_KONTROLA_24hod_2_Multichannel Z-Stack_20251219_641_\stack1\frame_t_0.ets,frame_t_0.ets,.ets,1,macro image,1,,,,unavailable,
Z:\Brejtr\ActiveProjects\Microscopy\20251219\_8_7_KONTROLA_24hod_3_Multichannel Z-Stack_20251219_642_\stack1\frame_t_0.ets,frame_t_0.ets,.ets,0,"C488, C561, C640",27,,293.7866263810048,297.6866263810047,ome_plane_position_z,
Z:\Brejtr\ActiveProjects\Microscopy\20251219\_8_7_KONTROLA_24hod_3_Multichannel Z-Stack_20251219_642_\stack1\frame_t_0.ets,frame_t_0.ets,.ets,1,macro image,1,,,,unavailable,
Z:\Brejtr\ActiveProjects\Microscopy\20251219\_8_7_KONTROLA_24hod_4_Multichannel Z-Stack_20251219_643_\stack1\frame_t_0.ets,frame_t_0.ets,.ets,0,"C488, C561, C640",46,,290.35675700421166,297.10675700421166,ome_plane_position_z,
Z:\Brejtr\ActiveProjects\Microscopy\20251219\_8_7_KONTROLA_24hod_4_Multichannel Z-Stack_20251219_643_\stack1\frame_t_0.ets,frame_t_0.ets,.ets,1,macro image,1,,,,unavailable,
Z:\Brejtr\ActiveProjects\Microscopy\20251219\_8_7_KONTROLA_24hod_5_Multichannel Z-Stack_20251219_644_\stack1\frame_t_0.ets,frame_t_0.ets,.ets,0,"C488, C561, C640",34,,287.54832143075146,292.49832143075145,ome_plane_position_z,
Z:\Brejtr\ActiveProjects\Microscopy\20251219\_8_7_KONTROLA_24hod_5_Multichannel Z-Stack_20251219_644_\stack1\frame_t_0.ets,frame_t_0.ets,.ets,1,macro image,1,,,,unavailable,
Z:\Brejtr\ActiveProjects\Microscopy\20251219\_8_7_KONTROLA_24hod_6_Multichannel Z-Stack_20251219_645_\stack1\frame_t_0.ets,frame_t_0.ets,.ets,0,"C488, C561, C640",46,,284.1613105047916,290.9113105047916,ome_plane_position_z,
Z:\Brejtr\ActiveProjects\Microscopy\20251219\_8_7_KONTROLA_24hod_6_Multichannel Z-Stack_20251219_645_\stack1\frame_t_0.ets,frame_t_0.ets,.ets,1,macro image,1,,,,unavailable,
Z:\Brejtr\ActiveProjects\Microscopy\20251219\_8_7_KONTROLA_24hod_7_Multichannel Z-Stack_20251219_646_\stack1\frame_t_0.ets,frame_t_0.ets,.ets,0,"C488, C561, C640",46,,280.65157480314963,287.40157480314963,ome_plane_position_z,
Z:\Brejtr\ActiveProjects\Microscopy\20251219\_8_7_KONTROLA_24hod_7_Multichannel Z-Stack_20251219_646_\stack1\frame_t_0.ets,frame_t_0.ets,.ets,1,macro image,1,,,,unavailable,
Z:\Brejtr\ActiveProjects\Microscopy\20251219\_8_7_KONTROLA_24hod_8_Multichannel Z-Stack_20251219_647_\stack1\frame_t_0.ets,frame_t_0.ets,.ets,0,"C488, C561, C640",52,,278.2561221998414,285.9061221998413,ome_plane_position_z,
Z:\Brejtr\ActiveProjects\Microscopy\20251219\_8_7_KONTROLA_24hod_8_Multichannel Z-Stack_20251219_647_\stack1\frame_t_0.ets,frame_t_0.ets,.ets,1,macro image,1,,,,unavailable,
Z:\Brejtr\ActiveProjects\Microscopy\20251219\_8_7_KONTROLA_24hod_9_Multichannel Z-Stack_20251219_648_\stack1\frame_t_0.ets,frame_t_0.ets,.ets,0,"C488, C561, C640",40,,275.6613227125679,281.51132271256796,ome_plane_position_z,
Z:\Brejtr\ActiveProjects\Microscopy\20251219\_8_7_KONTROLA_24hod_9_Multichannel Z-Stack_20251219_648_\stack1\frame_t_0.ets,frame_t_0.ets,.ets,1,macro image,1,,,,unavailable,
Z:\Brejtr\ActiveProjects\Microscopy\20251219\_8_7_KONTROLAHARMIN_24hod_10_Multichannel Z-Stack_20251219_659_\stack1\frame_t_0.ets,frame_t_0.ets,.ets,0,"C488, C561, C640",52,,252.95550570713542,260.6055057071354,ome_plane_position_z,
Z:\Brejtr\ActiveProjects\Microscopy\20251219\_8_7_KONTROLAHARMIN_24hod_10_Multichannel Z-Stack_20251219_659_\stack1\frame_t_0.ets,frame_t_0.ets,.ets,1,macro image,1,,,,unavailable,
Z:\Brejtr\ActiveProjects\Microscopy\20251219\_8_7_KONTROLAHARMIN_24hod_1_Multichannel Z-Stack_20251219_650_\stack1\frame_t_0.ets,frame_t_0.ets,.ets,0,"C488, C561, C640",39,,271.904834279436,277.604834279436,ome_plane_position_z,
Z:\Brejtr\ActiveProjects\Microscopy\20251219\_8_7_KONTROLAHARMIN_24hod_1_Multichannel Z-Stack_20251219_650_\stack1\frame_t_0.ets,frame_t_0.ets,.ets,1,macro image,1,,,,unavailable,
Z:\Brejtr\ActiveProjects\Microscopy\20251219\_8_7_KONTROLAHARMIN_24hod_2_Multichannel Z-Stack_20251219_651_\stack1\frame_t_0.ets,frame_t_0.ets,.ets,0,"C488, C561, C640",36,,268.7535402551426,274.0035402551426,ome_plane_position_z,
Z:\Brejtr\ActiveProjects\Microscopy\20251219\_8_7_KONTROLAHARMIN_24hod_2_Multichannel Z-Stack_20251219_651_\stack1\frame_t_0.ets,frame_t_0.ets,.ets,1,macro image,1,,,,unavailable,
Z:\Brejtr\ActiveProjects\Microscopy\20251219\_8_7_KONTROLAHARMIN_24hod_3_Multichannel Z-Stack_20251219_652_\stack1\frame_t_0.ets,frame_t_0.ets,.ets,0,"C488, C561, C640",46,,269.45093999877923,276.20093999877923,ome_plane_position_z,
Z:\Brejtr\ActiveProjects\Microscopy\20251219\_8_7_KONTROLAHARMIN_24hod_3_Multichannel Z-Stack_20251219_652_\stack1\frame_t_0.ets,frame_t_0.ets,.ets,1,macro image,1,,,,unavailable,
Z:\Brejtr\ActiveProjects\Microscopy\20251219\_8_7_KONTROLAHARMIN_24hod_4_Multichannel Z-Stack_20251219_653_\stack1\frame_t_0.ets,frame_t_0.ets,.ets,0,"C488, C561, C640",26,,268.7580876518343,272.5080876518343,ome_plane_position_z,
Z:\Brejtr\ActiveProjects\Microscopy\20251219\_8_7_KONTROLAHARMIN_24hod_4_Multichannel Z-Stack_20251219_653_\stack1\frame_t_0.ets,frame_t_0.ets,.ets,1,macro image,1,,,,unavailable,
Z:\Brejtr\ActiveProjects\Microscopy\20251219\_8_7_KONTROLAHARMIN_24hod_5_Multichannel Z-Stack_20251219_654_\stack1\frame_t_0.ets,frame_t_0.ets,.ets,0,"C488, C561, C640",26,,266.9574406396875,270.7074406396875,ome_plane_position_z,
Z:\Brejtr\ActiveProjects\Microscopy\20251219\_8_7_KONTROLAHARMIN_24hod_5_Multichannel Z-Stack_20251219_654_\stack1\frame_t_0.ets,frame_t_0.ets,.ets,1,macro image,1,,,,unavailable,
Z:\Brejtr\ActiveProjects\Microscopy\20251219\_8_7_KONTROLAHARMIN_24hod_6_Multichannel Z-Stack_20251219_655_\stack1\frame_t_0.ets,frame_t_0.ets,.ets,0,"C488, C561, C640",39,,263.2067936275408,268.90679362754076,ome_plane_position_z,
Z:\Brejtr\ActiveProjects\Microscopy\20251219\_8_7_KONTROLAHARMIN_24hod_6_Multichannel Z-Stack_20251219_655_\stack1\frame_t_0.ets,frame_t_0.ets,.ets,1,macro image,1,,,,unavailable,
Z:\Brejtr\ActiveProjects\Microscopy\20251219\_8_7_KONTROLAHARMIN_24hod_7_Multichannel Z-Stack_20251219_656_\stack1\frame_t_0.ets,frame_t_0.ets,.ets,0,"C488, C561, C640",39,,261.802899346884,267.502899346884,ome_plane_position_z,
Z:\Brejtr\ActiveProjects\Microscopy\20251219\_8_7_KONTROLAHARMIN_24hod_7_Multichannel Z-Stack_20251219_656_\stack1\frame_t_0.ets,frame_t_0.ets,.ets,1,macro image,1,,,,unavailable,
Z:\Brejtr\ActiveProjects\Microscopy\20251219\_8_7_KONTROLAHARMIN_24hod_8_Multichannel Z-Stack_20251219_657_\stack1\frame_t_0.ets,frame_t_0.ets,.ets,0,"C488, C561, C640",34,,260.05030519440885,265.0003051944089,ome_plane_position_z,
Z:\Brejtr\ActiveProjects\Microscopy\20251219\_8_7_KONTROLAHARMIN_24hod_8_Multichannel Z-Stack_20251219_657_\stack1\frame_t_0.ets,frame_t_0.ets,.ets,1,macro image,1,,,,unavailable,
Z:\Brejtr\ActiveProjects\Microscopy\20251219\_8_7_KONTROLAHARMIN_24hod_9_Multichannel Z-Stack_20251219_658_\stack1\frame_t_0.ets,frame_t_0.ets,.ets,0,"C488, C561, C640",46,,256.35809985961055,263.10809985961055,ome_plane_position_z,
Z:\Brejtr\ActiveProjects\Microscopy\20251219\_8_7_KONTROLAHARMIN_24hod_9_Multichannel Z-Stack_20251219_658_\stack1\frame_t_0.ets,frame_t_0.ets,.ets,1,macro image,1,,,,unavailable,
Z:\Brejtr\ActiveProjects\Microscopy\20251219\_8_7_NORPSI24_hod_10_Multichannel Z-Stack_20251219_701_\stack1\frame_t_0.ets,frame_t_0.ets,.ets,0,"C488, C561, C640",45,,329.60216077641456,336.2021607764146,ome_plane_position_z,
Z:\Brejtr\ActiveProjects\Microscopy\20251219\_8_7_NORPSI24_hod_10_Multichannel Z-Stack_20251219_701_\stack1\frame_t_0.ets,frame_t_0.ets,.ets,1,macro image,1,,,,unavailable,
Z:\Brejtr\ActiveProjects\Microscopy\20251219\_8_7_NORPSI24_hod_1_Multichannel Z-Stack_20251219_691_\stack1\frame_t_0.ets,frame_t_0.ets,.ets,0,"C488, C561, C640",51,,288.2028627235549,295.7028627235549,ome_plane_position_z,
Z:\Brejtr\ActiveProjects\Microscopy\20251219\_8_7_NORPSI24_hod_1_Multichannel Z-Stack_20251219_691_\stack1\frame_t_0.ets,frame_t_0.ets,.ets,1,macro image,1,,,,unavailable,
Z:\Brejtr\ActiveProjects\Microscopy\20251219\_8_7_NORPSI24_hod_2_Multichannel Z-Stack_20251219_692_\stack1\frame_t_0.ets,frame_t_0.ets,.ets,0,"C488, C561, C640",66,,290.95805102850517,300.70805102850517,ome_plane_position_z,
Z:\Brejtr\ActiveProjects\Microscopy\20251219\_8_7_NORPSI24_hod_2_Multichannel Z-Stack_20251219_692_\stack1\frame_t_0.ets,frame_t_0.ets,.ets,1,macro image,1,,,,unavailable,
Z:\Brejtr\ActiveProjects\Microscopy\20251219\_8_7_NORPSI24_hod_3_Multichannel Z-Stack_20251219_693_\stack1\frame_t_0.ets,frame_t_0.ets,.ets,0,"C488, C561, C640",45,,297.80090337545016,304.4009033754502,ome_plane_position_z,
Z:\Brejtr\ActiveProjects\Microscopy\20251219\_8_7_NORPSI24_hod_3_Multichannel Z-Stack_20251219_693_\stack1\frame_t_0.ets,frame_t_0.ets,.ets,1,macro image,1,,,,unavailable,
Z:\Brejtr\ActiveProjects\Microscopy\20251219\_8_7_NORPSI24_hod_4_Multichannel Z-Stack_20251219_694_\stack1\frame_t_0.ets,frame_t_0.ets,.ets,0,"C488, C561, C640",52,,301.450897271562,309.10089727156196,ome_plane_position_z,
Z:\Brejtr\ActiveProjects\Microscopy\20251219\_8_7_NORPSI24_hod_4_Multichannel Z-Stack_20251219_694_\stack1\frame_t_0.ets,frame_t_0.ets,.ets,1,macro image,1,,,,unavailable,
Z:\Brejtr\ActiveProjects\Microscopy\20251219\_8_7_NORPSI24_hod_5_Multichannel Z-Stack_20251219_695_\stack1\frame_t_0.ets,frame_t_0.ets,.ets,0,"C488, C561, C640",52,,306.1508911676738,313.8008911676738,ome_plane_position_z,
Z:\Brejtr\ActiveProjects\Microscopy\20251219\_8_7_NORPSI24_hod_5_Multichannel Z-Stack_20251219_695_\stack1\frame_t_0.ets,frame_t_0.ets,.ets,1,macro image,1,,,,unavailable,
Z:\Brejtr\ActiveProjects\Microscopy\20251219\_8_7_NORPSI24_hod_6_Multichannel Z-Stack_20251219_696_\stack1\frame_t_0.ets,frame_t_0.ets,.ets,0,"C488, C561, C640",52,,310.85088506378565,318.50088506378563,ome_plane_position_z,
Z:\Brejtr\ActiveProjects\Microscopy\20251219\_8_7_NORPSI24_hod_6_Multichannel Z-Stack_20251219_696_\stack1\frame_t_0.ets,frame_t_0.ets,.ets,1,macro image,1,,,,unavailable,
Z:\Brejtr\ActiveProjects\Microscopy\20251219\_8_7_NORPSI24_hod_7_Multichannel Z-Stack_20251219_697_\stack1\frame_t_0.ets,frame_t_0.ets,.ets,0,"C488, C561, C640",59,,315.50802050906435,324.2080205090643,ome_plane_position_z,
Z:\Brejtr\ActiveProjects\Microscopy\20251219\_8_7_NORPSI24_hod_7_Multichannel Z-Stack_20251219_697_\stack1\frame_t_0.ets,frame_t_0.ets,.ets,1,macro image,1,,,,unavailable,
Z:\Brejtr\ActiveProjects\Microscopy\20251219\_8_7_NORPSI24_hod_8_Multichannel Z-Stack_20251219_698_\stack1\frame_t_0.ets,frame_t_0.ets,.ets,0,"C488, C561, C640",51,,321.4080144051761,328.9080144051761,ome_plane_position_z,
Z:\Brejtr\ActiveProjects\Microscopy\20251219\_8_7_NORPSI24_hod_8_Multichannel Z-Stack_20251219_698_\stack1\frame_t_0.ets,frame_t_0.ets,.ets,1,macro image,1,,,,unavailable,
Z:\Brejtr\ActiveProjects\Microscopy\20251219\_8_7_NORPSI24_hod_9_Multichannel Z-Stack_20251219_699_\stack1\frame_t_0.ets,frame_t_0.ets,.ets,0,"C488, C561, C640",60,,324.05606116095953,332.90606116095955,ome_plane_position_z,
Z:\Brejtr\ActiveProjects\Microscopy\20251219\_8_7_NORPSI24_hod_9_Multichannel Z-Stack_20251219_699_\stack1\frame_t_0.ets,frame_t_0.ets,.ets,1,macro image,1,,,,unavailable,
Z:\Brejtr\ActiveProjects\Microscopy\20251219\_8_7_NORPSI24_hod_9B_Multichannel Z-Stack_20251219_700_\stack1\frame_t_0.ets,frame_t_0.ets,.ets,0,"C488, C561, C640",43,,329.2002136360861,335.5002136360862,ome_plane_position_z,
Z:\Brejtr\ActiveProjects\Microscopy\20251219\_8_7_NORPSI24_hod_9B_Multichannel Z-Stack_20251219_700_\stack1\frame_t_0.ets,frame_t_0.ets,.ets,1,macro image,1,,,,unavailable,
Z:\Brejtr\ActiveProjects\Microscopy\20251219\_8_7_NORPSIHARMIN24_hod_10_Multichannel Z-Stack_20251219_711_\stack1\frame_t_0.ets,frame_t_0.ets,.ets,0,"C488, C561, C640",74,,362.85211194530916,373.80211194530915,ome_plane_position_z,
Z:\Brejtr\ActiveProjects\Microscopy\20251219\_8_7_NORPSIHARMIN24_hod_10_Multichannel Z-Stack_20251219_711_\stack1\frame_t_0.ets,frame_t_0.ets,.ets,1,macro image,1,,,,unavailable,
Z:\Brejtr\ActiveProjects\Microscopy\20251219\_8_7_NORPSIHARMIN24_hod_1_Multichannel Z-Stack_20251219_702_\stack1\frame_t_0.ets,frame_t_0.ets,.ets,0,"C488, C561, C640",52,,331.45150766037966,339.10150766037964,ome_plane_position_z,
Z:\Brejtr\ActiveProjects\Microscopy\20251219\_8_7_NORPSIHARMIN24_hod_1_Multichannel Z-Stack_20251219_702_\stack1\frame_t_0.ets,frame_t_0.ets,.ets,1,macro image,1,,,,unavailable,
Z:\Brejtr\ActiveProjects\Microscopy\20251219\_8_7_NORPSIHARMIN24_hod_2_Multichannel Z-Stack_20251219_703_\stack1\frame_t_0.ets,frame_t_0.ets,.ets,0,"C488, C561, C640",58,,333.4508545443447,342.00085454434475,ome_plane_position_z,
Z:\Brejtr\ActiveProjects\Microscopy\20251219\_8_7_NORPSIHARMIN24_hod_2_Multichannel Z-Stack_20251219_703_\stack1\frame_t_0.ets,frame_t_0.ets,.ets,1,macro image,1,,,,unavailable,
Z:\Brejtr\ActiveProjects\Microscopy\20251219\_8_7_NORPSIHARMIN24_hod_3_Multichannel Z-Stack_20251219_704_\stack1\frame_t_0.ets,frame_t_0.ets,.ets,0,"C488, C561, C640",65,,337.10084844045656,346.7008484404566,ome_plane_position_z,
Z:\Brejtr\ActiveProjects\Microscopy\20251219\_8_7_NORPSIHARMIN24_hod_3_Multichannel Z-Stack_20251219_704_\stack1\frame_t_0.ets,frame_t_0.ets,.ets,1,macro image,1,,,,unavailable,
Z:\Brejtr\ActiveProjects\Microscopy\20251219\_8_7_NORPSIHARMIN24_hod_4_Multichannel Z-Stack_20251219_705_\stack1\frame_t_0.ets,frame_t_0.ets,.ets,0,"C488, C561, C640",72,,341.7579838857353,352.40798388573523,ome_plane_position_z,
Z:\Brejtr\ActiveProjects\Microscopy\20251219\_8_7_NORPSIHARMIN24_hod_4_Multichannel Z-Stack_20251219_705_\stack1\frame_t_0.ets,frame_t_0.ets,.ets,1,macro image,1,,,,unavailable,
Z:\Brejtr\ActiveProjects\Microscopy\20251219\_8_7_NORPSIHARMIN24_hod_5_Multichannel Z-Stack_20251219_706_\stack1\frame_t_0.ets,frame_t_0.ets,.ets,0,"C488, C561, C640",45,,349.5008362326802,356.1008362326802,ome_plane_position_z,
Z:\Brejtr\ActiveProjects\Microscopy\20251219\_8_7_NORPSIHARMIN24_hod_5_Multichannel Z-Stack_20251219_706_\stack1\frame_t_0.ets,frame_t_0.ets,.ets,1,macro image,1,,,,unavailable,
Z:\Brejtr\ActiveProjects\Microscopy\20251219\_8_7_NORPSIHARMIN24_hod_6_Multichannel Z-Stack_20251219_707_\stack1\frame_t_0.ets,frame_t_0.ets,.ets,0,"C488, C561, C640",52,,350.25148324482706,357.901483244827,ome_plane_position_z,
Z:\Brejtr\ActiveProjects\Microscopy\20251219\_8_7_NORPSIHARMIN24_hod_6_Multichannel Z-Stack_20251219_707_\stack1\frame_t_0.ets,frame_t_0.ets,.ets,1,macro image,1,,,,unavailable,
Z:\Brejtr\ActiveProjects\Microscopy\20251219\_8_7_NORPSIHARMIN24_hod_7_Multichannel Z-Stack_20251219_708_\stack1\frame_t_0.ets,frame_t_0.ets,.ets,0,"C488, C561, C640",44,,355.05277726912044,361.50277726912043,ome_plane_position_z,
Z:\Brejtr\ActiveProjects\Microscopy\20251219\_8_7_NORPSIHARMIN24_hod_7_Multichannel Z-Stack_20251219_708_\stack1\frame_t_0.ets,frame_t_0.ets,.ets,1,macro image,1,,,,unavailable,
Z:\Brejtr\ActiveProjects\Microscopy\20251219\_8_7_NORPSIHARMIN24_hod_8_Multichannel Z-Stack_20251219_709_\stack1\frame_t_0.ets,frame_t_0.ets,.ets,0,"C488, C561, C640",50,,357.75407129341386,365.1040712934139,ome_plane_position_z,
Z:\Brejtr\ActiveProjects\Microscopy\20251219\_8_7_NORPSIHARMIN24_hod_8_Multichannel Z-Stack_20251219_709_\stack1\frame_t_0.ets,frame_t_0.ets,.ets,1,macro image,1,,,,unavailable,
Z:\Brejtr\ActiveProjects\Microscopy\20251219\_8_7_NORPSIHARMIN24_hod_9_Multichannel Z-Stack_20251219_710_\stack1\frame_t_0.ets,frame_t_0.ets,.ets,0,"C488, C561, C640",43,,361.306665445889,367.606665445889,ome_plane_position_z,
Z:\Brejtr\ActiveProjects\Microscopy\20251219\_8_7_NORPSIHARMIN24_hod_9_Multichannel Z-Stack_20251219_710_\stack1\frame_t_0.ets,frame_t_0.ets,.ets,1,macro image,1,,,,unavailable,
Z:\Brejtr\ActiveProjects\Microscopy\20251219\_8_7_PSI24_hod_10_Multichannel Z-Stack_20251219_669_\stack1\frame_t_0.ets,frame_t_0.ets,.ets,0,"C488, C561, C640",72,,219.95489531831777,230.60489531831777,ome_plane_position_z,
Z:\Brejtr\ActiveProjects\Microscopy\20251219\_8_7_PSI24_hod_10_Multichannel Z-Stack_20251219_669_\stack1\frame_t_0.ets,frame_t_0.ets,.ets,1,macro image,1,,,,unavailable,
Z:\Brejtr\ActiveProjects\Microscopy\20251219\_8_7_PSI24_hod_1_Multichannel Z-Stack_20251219_660_\stack1\frame_t_0.ets,frame_t_0.ets,.ets,0,"C488, C561, C640",46,,250.5594060916804,257.3094060916804,ome_plane_position_z,
Z:\Brejtr\ActiveProjects\Microscopy\20251219\_8_7_PSI24_hod_1_Multichannel Z-Stack_20251219_660_\stack1\frame_t_0.ets,frame_t_0.ets,.ets,1,macro image,1,,,,unavailable,
Z:\Brejtr\ActiveProjects\Microscopy\20251219\_8_7_PSI24_hod_2_Multichannel Z-Stack_20251219_661_\stack1\frame_t_0.ets,frame_t_0.ets,.ets,0,"C488, C561, C640",46,,245.95097051822012,252.70097051822012,ome_plane_position_z,
Z:\Brejtr\ActiveProjects\Microscopy\20251219\_8_7_PSI24_hod_2_Multichannel Z-Stack_20251219_661_\stack1\frame_t_0.ets,frame_t_0.ets,.ets,1,macro image,1,,,,unavailable,
Z:\Brejtr\ActiveProjects\Microscopy\20251219\_8_7_PSI24_hod_3_Multichannel Z-Stack_20251219_662_\stack1\frame_t_0.ets,frame_t_0.ets,.ets,0,"C488, C561, C640",46,,242.2581181712751,249.0081181712751,ome_plane_position_z,
Z:\Brejtr\ActiveProjects\Microscopy\20251219\_8_7_PSI24_hod_3_Multichannel Z-Stack_20251219_662_\stack1\frame_t_0.ets,frame_t_0.ets,.ets,1,macro image,1,,,,unavailable,
Z:\Brejtr\ActiveProjects\Microscopy\20251219\_8_7_PSI24_hod_4_Multichannel Z-Stack_20251219_663_\stack1\frame_t_0.ets,frame_t_0.ets,.ets,0,"C488, C561, C640",46,,238.65682414698162,245.40682414698162,ome_plane_position_z,
Z:\Brejtr\ActiveProjects\Microscopy\20251219\_8_7_PSI24_hod_4_Multichannel Z-Stack_20251219_663_\stack1\frame_t_0.ets,frame_t_0.ets,.ets,1,macro image,1,,,,unavailable,
Z:\Brejtr\ActiveProjects\Microscopy\20251219\_8_7_PSI24_hod_5_Multichannel Z-Stack_20251219_664_\stack1\frame_t_0.ets,frame_t_0.ets,.ets,0,"C488, C561, C640",33,,236.08994689617285,240.88994689617286,ome_plane_position_z,
Z:\Brejtr\ActiveProjects\Microscopy\20251219\_8_7_PSI24_hod_5_Multichannel Z-Stack_20251219_664_\stack1\frame_t_0.ets,frame_t_0.ets,.ets,1,macro image,1,,,,unavailable,
Z:\Brejtr\ActiveProjects\Microscopy\20251219\_8_7_PSI24_hod_6_Multichannel Z-Stack_20251219_665_\stack1\frame_t_0.ets,frame_t_0.ets,.ets,0,"C488, C561, C640",46,,233.65163584203137,240.40163584203137,ome_plane_position_z,
Z:\Brejtr\ActiveProjects\Microscopy\20251219\_8_7_PSI24_hod_6_Multichannel Z-Stack_20251219_665_\stack1\frame_t_0.ets,frame_t_0.ets,.ets,1,macro image,1,,,,unavailable,
Z:\Brejtr\ActiveProjects\Microscopy\20251219\_8_7_PSI24_hod_7_Multichannel Z-Stack_20251219_666_\stack1\frame_t_0.ets,frame_t_0.ets,.ets,0,"C488, C561, C640",46,,231.0574833669047,237.8074833669047,ome_plane_position_z,
Z:\Brejtr\ActiveProjects\Microscopy\20251219\_8_7_PSI24_hod_7_Multichannel Z-Stack_20251219_666_\stack1\frame_t_0.ets,frame_t_0.ets,.ets,1,macro image,1,,,,unavailable,
Z:\Brejtr\ActiveProjects\Microscopy\20251219\_8_7_PSI24_hod_8_Multichannel Z-Stack_20251219_667_\stack1\frame_t_0.ets,frame_t_0.ets,.ets,0,"C488, C561, C640",52,,228.75358908624793,236.40358908624793,ome_plane_position_z,
Z:\Brejtr\ActiveProjects\Microscopy\20251219\_8_7_PSI24_hod_8_Multichannel Z-Stack_20251219_667_\stack1\frame_t_0.ets,frame_t_0.ets,.ets,1,macro image,1,,,,unavailable,
Z:\Brejtr\ActiveProjects\Microscopy\20251219\_8_7_PSI24_hod_9_Multichannel Z-Stack_20251219_668_\stack1\frame_t_0.ets,frame_t_0.ets,.ets,0,"C488, C561, C640",40,,226.15878959897455,232.00878959897454,ome_plane_position_z,
Z:\Brejtr\ActiveProjects\Microscopy\20251219\_8_7_PSI24_hod_9_Multichannel Z-Stack_20251219_668_\stack1\frame_t_0.ets,frame_t_0.ets,.ets,1,macro image,1,,,,unavailable,
Z:\Brejtr\ActiveProjects\Microscopy\20251219\_8_7_PSIHARMIN24_hod_10_Multichannel Z-Stack_20251219_679_\stack1\frame_t_0.ets,frame_t_0.ets,.ets,0,"C488, C561, C640",44,,245.85421778673017,252.30421778673013,ome_plane_position_z,
Z:\Brejtr\ActiveProjects\Microscopy\20251219\_8_7_PSIHARMIN24_hod_10_Multichannel Z-Stack_20251219_679_\stack1\frame_t_0.ets,frame_t_0.ets,.ets,1,macro image,1,,,,unavailable,
Z:\Brejtr\ActiveProjects\Microscopy\20251219\_8_7_PSIHARMIN24_hod_1_Multichannel Z-Stack_20251219_670_\stack1\frame_t_0.ets,frame_t_0.ets,.ets,0,"C488, C561, C640",45,,216.10036012940245,222.70036012940244,ome_plane_position_z,
Z:\Brejtr\ActiveProjects\Microscopy\20251219\_8_7_PSIHARMIN24_hod_1_Multichannel Z-Stack_20251219_670_\stack1\frame_t_0.ets,frame_t_0.ets,.ets,1,macro image,1,,,,unavailable,
Z:\Brejtr\ActiveProjects\Microscopy\20251219\_8_7_PSIHARMIN24_hod_2_Multichannel Z-Stack_20251219_671_\stack1\frame_t_0.ets,frame_t_0.ets,.ets,0,"C488, C561, C640",52,,219.75035402551424,227.40035402551425,ome_plane_position_z,
Z:\Brejtr\ActiveProjects\Microscopy\20251219\_8_7_PSIHARMIN24_hod_2_Multichannel Z-Stack_20251219_671_\stack1\frame_t_0.ets,frame_t_0.ets,.ets,1,macro image,1,,,,unavailable,
Z:\Brejtr\ActiveProjects\Microscopy\20251219\_8_7_PSIHARMIN24_hod_3_Multichannel Z-Stack_20251219_672_\stack1\frame_t_0.ets,frame_t_0.ets,.ets,0,"C488, C561, C640",43,,225.40359519013612,231.70359519013616,ome_plane_position_z,
Z:\Brejtr\ActiveProjects\Microscopy\20251219\_8_7_PSIHARMIN24_hod_3_Multichannel Z-Stack_20251219_672_\stack1\frame_t_0.ets,frame_t_0.ets,.ets,1,macro image,1,,,,unavailable,
Z:\Brejtr\ActiveProjects\Microscopy\20251219\_8_7_PSIHARMIN24_hod_4_Multichannel Z-Stack_20251219_673_\stack1\frame_t_0.ets,frame_t_0.ets,.ets,0,"C488, C561, C640",38,,229.75488921442957,235.30488921442958,ome_plane_position_z,
Z:\Brejtr\ActiveProjects\Microscopy\20251219\_8_7_PSIHARMIN24_hod_4_Multichannel Z-Stack_20251219_673_\stack1\frame_t_0.ets,frame_t_0.ets,.ets,1,macro image,1,,,,unavailable,
Z:\Brejtr\ActiveProjects\Microscopy\20251219\_8_7_PSIHARMIN24_hod_5_Multichannel Z-Stack_20251219_674_\stack1\frame_t_0.ets,frame_t_0.ets,.ets,0,"C488, C561, C640",43,,228.6081364829396,234.90813648293963,ome_plane_position_z,
Z:\Brejtr\ActiveProjects\Microscopy\20251219\_8_7_PSIHARMIN24_hod_5_Multichannel Z-Stack_20251219_674_\stack1\frame_t_0.ets,frame_t_0.ets,.ets,1,macro image,1,,,,unavailable,
Z:\Brejtr\ActiveProjects\Microscopy\20251219\_8_7_PSIHARMIN24_hod_6_Multichannel Z-Stack_20251219_675_\stack1\frame_t_0.ets,frame_t_0.ets,.ets,0,"C488, C561, C640",51,,231.10098882988464,238.60098882988464,ome_plane_position_z,
Z:\Brejtr\ActiveProjects\Microscopy\20251219\_8_7_PSIHARMIN24_hod_6_Multichannel Z-Stack_20251219_675_\stack1\frame_t_0.ets,frame_t_0.ets,.ets,1,macro image,1,,,,unavailable,
Z:\Brejtr\ActiveProjects\Microscopy\20251219\_8_7_PSIHARMIN24_hod_7_Multichannel Z-Stack_20251219_676_\stack1\frame_t_0.ets,frame_t_0.ets,.ets,0,"C488, C561, C640",52,,235.65098272599644,243.30098272599645,ome_plane_position_z,
Z:\Brejtr\ActiveProjects\Microscopy\20251219\_8_7_PSIHARMIN24_hod_7_Multichannel Z-Stack_20251219_676_\stack1\frame_t_0.ets,frame_t_0.ets,.ets,1,macro image,1,,,,unavailable,
Z:\Brejtr\ActiveProjects\Microscopy\20251219\_8_7_PSIHARMIN24_hod_8_Multichannel Z-Stack_20251219_677_\stack1\frame_t_0.ets,frame_t_0.ets,.ets,0,"C488, C561, C640",58,,236.55162973814316,245.1016297381432,ome_plane_position_z,
Z:\Brejtr\ActiveProjects\Microscopy\20251219\_8_7_PSIHARMIN24_hod_8_Multichannel Z-Stack_20251219_677_\stack1\frame_t_0.ets,frame_t_0.ets,.ets,1,macro image,1,,,,unavailable,
Z:\Brejtr\ActiveProjects\Microscopy\20251219\_8_7_PSIHARMIN24_hod_9_Multichannel Z-Stack_20251219_678_\stack1\frame_t_0.ets,frame_t_0.ets,.ets,0,"C488, C561, C640",44,,242.25292376243672,248.7029237624367,ome_plane_position_z,
Z:\Brejtr\ActiveProjects\Microscopy\20251219\_8_7_PSIHARMIN24_hod_9_Multichannel Z-Stack_20251219_678_\stack1\frame_t_0.ets,frame_t_0.ets,.ets,1,macro image,1,,,,unavailable,
Z:\Brejtr\ActiveProjects\Microscopy\20251219\_8_7_PSY24_hod_10_Multichannel Z-Stack_20251219_689_\stack1\frame_t_0.ets,frame_t_0.ets,.ets,0,"C488, C561, C640",58,,279.95027467496794,288.500274674968,ome_plane_position_z,
Z:\Brejtr\ActiveProjects\Microscopy\20251219\_8_7_PSY24_hod_10_Multichannel Z-Stack_20251219_689_\stack1\frame_t_0.ets,frame_t_0.ets,.ets,1,macro image,1,,,,unavailable,
Z:\Brejtr\ActiveProjects\Microscopy\20251219\_8_7_PSY24_hod_1_Multichannel Z-Stack_20251219_680_\stack1\frame_t_0.ets,frame_t_0.ets,.ets,0,"C488, C561, C640",65,,245.60356467069528,255.20356467069527,ome_plane_position_z,
Z:\Brejtr\ActiveProjects\Microscopy\20251219\_8_7_PSY24_hod_1_Multichannel Z-Stack_20251219_680_\stack1\frame_t_0.ets,frame_t_0.ets,.ets,1,macro image,1,,,,unavailable,
Z:\Brejtr\ActiveProjects\Microscopy\20251219\_8_7_PSY24_hod_2_Multichannel Z-Stack_20251219_681_\stack1\frame_t_0.ets,frame_t_0.ets,.ets,0,"C488, C561, C640",57,,251.50355856680707,259.9035585668071,ome_plane_position_z,
Z:\Brejtr\ActiveProjects\Microscopy\20251219\_8_7_PSY24_hod_2_Multichannel Z-Stack_20251219_681_\stack1\frame_t_0.ets,frame_t_0.ets,.ets,1,macro image,1,,,,unavailable,
Z:\Brejtr\ActiveProjects\Microscopy\20251219\_8_7_PSY24_hod_3_Multichannel Z-Stack_20251219_682_\stack1\frame_t_0.ets,frame_t_0.ets,.ets,0,"C488, C561, C640",58,,253.15420557895376,261.7042055789538,ome_plane_position_z,
Z:\Brejtr\ActiveProjects\Microscopy\20251219\_8_7_PSY24_hod_3_Multichannel Z-Stack_20251219_682_\stack1\frame_t_0.ets,frame_t_0.ets,.ets,1,macro image,1,,,,unavailable,
Z:\Brejtr\ActiveProjects\Microscopy\20251219\_8_7_PSY24_hod_4_Multichannel Z-Stack_20251219_683_\stack1\frame_t_0.ets,frame_t_0.ets,.ets,0,"C488, C561, C640",80,,253.15030519440887,265.0003051944089,ome_plane_position_z,
Z:\Brejtr\ActiveProjects\Microscopy\20251219\_8_7_PSY24_hod_4_Multichannel Z-Stack_20251219_683_\stack1\frame_t_0.ets,frame_t_0.ets,.ets,1,macro image,1,,,,unavailable,
Z:\Brejtr\ActiveProjects\Microscopy\20251219\_8_7_PSY24_hod_5_Multichannel Z-Stack_20251219_684_\stack1\frame_t_0.ets,frame_t_0.ets,.ets,0,"C488, C561, C640",52,,259.1509522065556,266.80095220655556,ome_plane_position_z,
Z:\Brejtr\ActiveProjects\Microscopy\20251219\_8_7_PSY24_hod_5_Multichannel Z-Stack_20251219_684_\stack1\frame_t_0.ets,frame_t_0.ets,.ets,1,macro image,1,,,,unavailable,
Z:\Brejtr\ActiveProjects\Microscopy\20251219\_8_7_PSY24_hod_6_Multichannel Z-Stack_20251219_685_\stack1\frame_t_0.ets,frame_t_0.ets,.ets,0,"C488, C561, C640",52,,263.8509461026675,271.50094610266746,ome_plane_position_z,
Z:\Brejtr\ActiveProjects\Microscopy\20251219\_8_7_PSY24_hod_6_Multichannel Z-Stack_20251219_685_\stack1\frame_t_0.ets,frame_t_0.ets,.ets,1,macro image,1,,,,unavailable,
Z:\Brejtr\ActiveProjects\Microscopy\20251219\_8_7_PSY24_hod_7_Multichannel Z-Stack_20251219_686_\stack1\frame_t_0.ets,frame_t_0.ets,.ets,0,"C488, C561, C640",58,,267.6509399987792,276.20093999877923,ome_plane_position_z,
Z:\Brejtr\ActiveProjects\Microscopy\20251219\_8_7_PSY24_hod_7_Multichannel Z-Stack_20251219_686_\stack1\frame_t_0.ets,frame_t_0.ets,.ets,1,macro image,1,,,,unavailable,
Z:\Brejtr\ActiveProjects\Microscopy\20251219\_8_7_PSY24_hod_8_Multichannel Z-Stack_20251219_687_\stack1\frame_t_0.ets,frame_t_0.ets,.ets,0,"C488, C561, C640",65,,271.30093389489105,280.90093389489107,ome_plane_position_z,
Z:\Brejtr\ActiveProjects\Microscopy\20251219\_8_7_PSY24_hod_8_Multichannel Z-Stack_20251219_687_\stack1\frame_t_0.ets,frame_t_0.ets,.ets,1,macro image,1,,,,unavailable,
Z:\Brejtr\ActiveProjects\Microscopy\20251219\_8_7_PSY24_hod_9_Multichannel Z-Stack_20251219_688_\stack1\frame_t_0.ets,frame_t_0.ets,.ets,0,"C488, C561, C640",46,,276.9587224562046,283.7087224562046,ome_plane_position_z,
Z:\Brejtr\ActiveProjects\Microscopy\20251219\_8_7_PSY24_hod_9_Multichannel Z-Stack_20251219_688_\stack1\frame_t_0.ets,frame_t_0.ets,.ets,1,macro image,1,,,,unavailable,
Z:\Brejtr\ActiveProjects\Microscopy\20251219\_8_7_PSYHARMIN24_hod_1_Multichannel Z-Stack_20251219_690_\stack1\frame_t_0.ets,frame_t_0.ets,.ets,0,"C488, C561, C640",58,,284.6502685710798,293.2002685710798,ome_plane_position_z,
Z:\Brejtr\ActiveProjects\Microscopy\20251219\_8_7_PSYHARMIN24_hod_1_Multichannel Z-Stack_20251219_690_\stack1\frame_t_0.ets,frame_t_0.ets,.ets,1,macro image,1,,,,unavailable,
Z:\Brejtr\ActiveProjects\Microscopy\20251220\7_8_NC_24hod_1_Multichannel Z-Stack_20251220_822.vsi,7_8_NC_24hod_1_Multichannel Z-Stack_20251220_822.vsi,.vsi,0,"C488, C561, C640",58,,275.9522279191845,284.5022279191846,ome_plane_position_z,
Z:\Brejtr\ActiveProjects\Microscopy\20251220\7_8_NC_24hod_1_Multichannel Z-Stack_20251220_822.vsi,7_8_NC_24hod_1_Multichannel Z-Stack_20251220_822.vsi,.vsi,1,macro image,1,,,,unavailable,
Z:\Brejtr\ActiveProjects\Microscopy\20251220\7_8_NCH_24hod_2_Multichannel Z-Stack_20251220_823.vsi,7_8_NCH_24hod_2_Multichannel Z-Stack_20251220_823.vsi,.vsi,0,"C488, C561, C640",59,,281.9061160959531,290.6061160959531,ome_plane_position_z,
Z:\Brejtr\ActiveProjects\Microscopy\20251220\7_8_NCH_24hod_2_Multichannel Z-Stack_20251220_823.vsi,7_8_NCH_24hod_2_Multichannel Z-Stack_20251220_823.vsi,.vsi,1,macro image,1,,,,unavailable,
Z:\Brejtr\ActiveProjects\Microscopy\20251220\7_8_PP_24hod_10_Multichannel Z-Stack_20251220_821.vsi,7_8_PP_24hod_10_Multichannel Z-Stack_20251220_821.vsi,.vsi,0,"C488, C561, C640",58,,272.35093389489106,280.90093389489107,ome_plane_position_z,
Z:\Brejtr\ActiveProjects\Microscopy\20251220\7_8_PP_24hod_10_Multichannel Z-Stack_20251220_821.vsi,7_8_PP_24hod_10_Multichannel Z-Stack_20251220_821.vsi,.vsi,1,macro image,1,,,,unavailable,
Z:\Brejtr\ActiveProjects\Microscopy\20251220\7_8_PP_24hod_1_Multichannel Z-Stack_20251220_812.vsi,7_8_PP_24hod_1_Multichannel Z-Stack_20251220_812.vsi,.vsi,0,"C488, C561, C640",53,,484.60065921992305,492.4006592199231,ome_plane_position_z,
Z:\Brejtr\ActiveProjects\Microscopy\20251220\7_8_PP_24hod_1_Multichannel Z-Stack_20251220_812.vsi,7_8_PP_24hod_1_Multichannel Z-Stack_20251220_812.vsi,.vsi,1,macro image,1,,,,unavailable,
Z:\Brejtr\ActiveProjects\Microscopy\20251220\7_8_PP_24hod_2_Multichannel Z-Stack_20251220_813.vsi,7_8_PP_24hod_2_Multichannel Z-Stack_20251220_813.vsi,.vsi,0,"C488, C561, C640",51,,488.50195324421657,496.00195324421657,ome_plane_position_z,
Z:\Brejtr\ActiveProjects\Microscopy\20251220\7_8_PP_24hod_2_Multichannel Z-Stack_20251220_813.vsi,7_8_PP_24hod_2_Multichannel Z-Stack_20251220_813.vsi,.vsi,1,macro image,1,,,,unavailable,
Z:\Brejtr\ActiveProjects\Microscopy\20251220\7_8_PP_24hod_3_Multichannel Z-Stack_20251220_814.vsi,7_8_PP_24hod_3_Multichannel Z-Stack_20251220_814.vsi,.vsi,0,"C488, C561, C640",44,,490.253900384545,496.70390038454497,ome_plane_position_z,
Z:\Brejtr\ActiveProjects\Microscopy\20251220\7_8_PP_24hod_3_Multichannel Z-Stack_20251220_814.vsi,7_8_PP_24hod_3_Multichannel Z-Stack_20251220_814.vsi,.vsi,1,macro image,1,,,,unavailable,
Z:\Brejtr\ActiveProjects\Microscopy\20251220\7_8_PP_24hod_4_Multichannel Z-Stack_20251220_815.vsi,7_8_PP_24hod_4_Multichannel Z-Stack_20251220_815.vsi,.vsi,0,"C488, C561, C640",45,,248.60356467069528,255.20356467069527,ome_plane_position_z,
Z:\Brejtr\ActiveProjects\Microscopy\20251220\7_8_PP_24hod_4_Multichannel Z-Stack_20251220_815.vsi,7_8_PP_24hod_4_Multichannel Z-Stack_20251220_815.vsi,.vsi,1,macro image,1,,,,unavailable,
Z:\Brejtr\ActiveProjects\Microscopy\20251220\7_8_PP_24hod_5_Multichannel Z-Stack_20251220_816.vsi,7_8_PP_24hod_5_Multichannel Z-Stack_20251220_816.vsi,.vsi,0,"C488, C561, C640",67,,251.4074528474638,261.3074528474638,ome_plane_position_z,
Z:\Brejtr\ActiveProjects\Microscopy\20251220\7_8_PP_24hod_5_Multichannel Z-Stack_20251220_816.vsi,7_8_PP_24hod_5_Multichannel Z-Stack_20251220_816.vsi,.vsi,1,macro image,1,,,,unavailable,
Z:\Brejtr\ActiveProjects\Microscopy\20251220\7_8_PP_24hod_6_Multichannel Z-Stack_20251220_817.vsi,7_8_PP_24hod_6_Multichannel Z-Stack_20251220_817.vsi,.vsi,0,"C488, C561, C640",51,,258.50744674357566,266.0074467435757,ome_plane_position_z,
Z:\Brejtr\ActiveProjects\Microscopy\20251220\7_8_PP_24hod_6_Multichannel Z-Stack_20251220_817.vsi,7_8_PP_24hod_6_Multichannel Z-Stack_20251220_817.vsi,.vsi,1,macro image,1,,,,unavailable,
Z:\Brejtr\ActiveProjects\Microscopy\20251220\7_8_PP_24hod_7_Multichannel Z-Stack_20251220_818.vsi,7_8_PP_24hod_7_Multichannel Z-Stack_20251220_818.vsi,.vsi,0,"C488, C561, C640",67,,260.10549349935917,270.00549349935915,ome_plane_position_z,
Z:\Brejtr\ActiveProjects\Microscopy\20251220\7_8_PP_24hod_7_Multichannel Z-Stack_20251220_818.vsi,7_8_PP_24hod_7_Multichannel Z-Stack_20251220_818.vsi,.vsi,1,macro image,1,,,,unavailable,
Z:\Brejtr\ActiveProjects\Microscopy\20251220\7_8_PP_24hod_8_Multichannel Z-Stack_20251220_819.vsi,7_8_PP_24hod_8_Multichannel Z-Stack_20251220_819.vsi,.vsi,0,"C488, C561, C640",37,,267.1080876518343,272.5080876518343,ome_plane_position_z,
Z:\Brejtr\ActiveProjects\Microscopy\20251220\7_8_PP_24hod_8_Multichannel Z-Stack_20251220_819.vsi,7_8_PP_24hod_8_Multichannel Z-Stack_20251220_819.vsi,.vsi,1,macro image,1,,,,unavailable,
Z:\Brejtr\ActiveProjects\Microscopy\20251220\7_8_PP_24hod_9_Multichannel Z-Stack_20251220_820.vsi,7_8_PP_24hod_9_Multichannel Z-Stack_20251220_820.vsi,.vsi,0,"C488, C561, C640",58,,267.6509399987792,276.20093999877923,ome_plane_position_z,
Z:\Brejtr\ActiveProjects\Microscopy\20251220\7_8_PP_24hod_9_Multichannel Z-Stack_20251220_820.vsi,7_8_PP_24hod_9_Multichannel Z-Stack_20251220_820.vsi,.vsi,1,macro image,1,,,,unavailable,
Z:\Brejtr\ActiveProjects\Microscopy\20251220\7_8_PPNC2_24hod_10_Multichannel Z-Stack_20251220_810.vsi,7_8_PPNC2_24hod_10_Multichannel Z-Stack_20251220_810.vsi,.vsi,0,macro image,1,,,,unavailable,
Z:\Brejtr\ActiveProjects\Microscopy\20251220\7_8_PPNC2_24hod_10NB_Multichannel Z-Stack_20251220_811.vsi,7_8_PPNC2_24hod_10NB_Multichannel Z-Stack_20251220_811.vsi,.vsi,0,macro image,1,,,,unavailable,
Z:\Brejtr\ActiveProjects\Microscopy\20251220\7_8_PPNC2_24hod_1_Multichannel Z-Stack_20251220_801.vsi,7_8_PPNC2_24hod_1_Multichannel Z-Stack_20251220_801.vsi,.vsi,0,macro image,1,,,,unavailable,
Z:\Brejtr\ActiveProjects\Microscopy\20251220\7_8_PPNC2_24hod_2_Multichannel Z-Stack_20251220_802.vsi,7_8_PPNC2_24hod_2_Multichannel Z-Stack_20251220_802.vsi,.vsi,0,macro image,1,,,,unavailable,
Z:\Brejtr\ActiveProjects\Microscopy\20251220\7_8_PPNC2_24hod_3_Multichannel Z-Stack_20251220_803.vsi,7_8_PPNC2_24hod_3_Multichannel Z-Stack_20251220_803.vsi,.vsi,0,macro image,1,,,,unavailable,
Z:\Brejtr\ActiveProjects\Microscopy\20251220\7_8_PPNC2_24hod_4_Multichannel Z-Stack_20251220_804.vsi,7_8_PPNC2_24hod_4_Multichannel Z-Stack_20251220_804.vsi,.vsi,0,macro image,1,,,,unavailable,
Z:\Brejtr\ActiveProjects\Microscopy\20251220\7_8_PPNC2_24hod_5_Multichannel Z-Stack_20251220_805.vsi,7_8_PPNC2_24hod_5_Multichannel Z-Stack_20251220_805.vsi,.vsi,0,macro image,1,,,,unavailable,
Z:\Brejtr\ActiveProjects\Microscopy\20251220\7_8_PPNC2_24hod_6_Multichannel Z-Stack_20251220_806.vsi,7_8_PPNC2_24hod_6_Multichannel Z-Stack_20251220_806.vsi,.vsi,0,macro image,1,,,,unavailable,
Z:\Brejtr\ActiveProjects\Microscopy\20251220\7_8_PPNC2_24hod_7_Multichannel Z-Stack_20251220_807.vsi,7_8_PPNC2_24hod_7_Multichannel Z-Stack_20251220_807.vsi,.vsi,0,macro image,1,,,,unavailable,
Z:\Brejtr\ActiveProjects\Microscopy\20251220\7_8_PPNC2_24hod_8_Multichannel Z-Stack_20251220_808.vsi,7_8_PPNC2_24hod_8_Multichannel Z-Stack_20251220_808.vsi,.vsi,0,macro image,1,,,,unavailable,
Z:\Brejtr\ActiveProjects\Microscopy\20251220\7_8_PPNC2_24hod_9_Multichannel Z-Stack_20251220_809.vsi,7_8_PPNC2_24hod_9_Multichannel Z-Stack_20251220_809.vsi,.vsi,0,macro image,1,,,,unavailable,
Z:\Brejtr\ActiveProjects\Microscopy\20251220\8_6_NORBAO_24hod_10_Multichannel Z-Stack_20251220_741.vsi,8_6_NORBAO_24hod_10_Multichannel Z-Stack_20251220_741.vsi,.vsi,0,"C488, C561, C640",17,,315.0937435146189,317.49374351461887,ome_plane_position_z,
Z:\Brejtr\ActiveProjects\Microscopy\20251220\8_6_NORBAO_24hod_10_Multichannel Z-Stack_20251220_741.vsi,8_6_NORBAO_24hod_10_Multichannel Z-Stack_20251220_741.vsi,.vsi,1,macro image,1,,,,unavailable,
Z:\Brejtr\ActiveProjects\Microscopy\20251220\8_6_NORBAO_24hod_1_Multichannel Z-Stack_20251220_732.vsi,8_6_NORBAO_24hod_1_Multichannel Z-Stack_20251220_732.vsi,.vsi,0,"C488, C561, C640",24,,289.8418268937313,293.2918268937313,ome_plane_position_z,
Z:\Brejtr\ActiveProjects\Microscopy\20251220\8_6_NORBAO_24hod_1_Multichannel Z-Stack_20251220_732.vsi,8_6_NORBAO_24hod_1_Multichannel Z-Stack_20251220_732.vsi,.vsi,1,macro image,1,,,,unavailable,
Z:\Brejtr\ActiveProjects\Microscopy\20251220\8_6_NORBAO_24hod_2_Multichannel Z-Stack_20251220_733.vsi,8_6_NORBAO_24hod_2_Multichannel Z-Stack_20251220_733.vsi,.vsi,0,"C488, C561, C640",17,,292.38727949703963,294.7872794970396,ome_plane_position_z,
Z:\Brejtr\ActiveProjects\Microscopy\20251220\8_6_NORBAO_24hod_2_Multichannel Z-Stack_20251220_733.vsi,8_6_NORBAO_24hod_2_Multichannel Z-Stack_20251220_733.vsi,.vsi,1,macro image,1,,,,unavailable,
Z:\Brejtr\ActiveProjects\Microscopy\20251220\8_6_NORBAO_24hod_2_Multichannel Z-Stack_20251220_734.vsi,8_6_NORBAO_24hod_2_Multichannel Z-Stack_20251220_734.vsi,.vsi,0,"C488, C561, C640",41,,291.9002624671916,297.9002624671916,ome_plane_position_z,
Z:\Brejtr\ActiveProjects\Microscopy\20251220\8_6_NORBAO_24hod_2_Multichannel Z-Stack_20251220_734.vsi,8_6_NORBAO_24hod_2_Multichannel Z-Stack_20251220_734.vsi,.vsi,1,macro image,1,,,,unavailable,
Z:\Brejtr\ActiveProjects\Microscopy\20251220\8_6_NORBAO_24hod_4_Multichannel Z-Stack_20251220_735.vsi,8_6_NORBAO_24hod_4_Multichannel Z-Stack_20251220_735.vsi,.vsi,0,"C488, C561, C640",28,,295.9561038881767,300.00610388817677,ome_plane_position_z,
Z:\Brejtr\ActiveProjects\Microscopy\20251220\8_6_NORBAO_24hod_4_Multichannel Z-Stack_20251220_735.vsi,8_6_NORBAO_24hod_4_Multichannel Z-Stack_20251220_735.vsi,.vsi,1,macro image,1,,,,unavailable,
Z:\Brejtr\ActiveProjects\Microscopy\20251220\8_6_NORBAO_24hod_5_Multichannel Z-Stack_20251220_736.vsi,8_6_NORBAO_24hod_5_Multichannel Z-Stack_20251220_736.vsi,.vsi,0,"C488, C561, C640",38,,298.0573979124702,303.6073979124702,ome_plane_position_z,
Z:\Brejtr\ActiveProjects\Microscopy\20251220\8_6_NORBAO_24hod_5_Multichannel Z-Stack_20251220_736.vsi,8_6_NORBAO_24hod_5_Multichannel Z-Stack_20251220_736.vsi,.vsi,1,macro image,1,,,,unavailable,
Z:\Brejtr\ActiveProjects\Microscopy\20251220\8_6_NORBAO_24hod_6_Multichannel Z-Stack_20251220_737.vsi,8_6_NORBAO_24hod_6_Multichannel Z-Stack_20251220_737.vsi,.vsi,0,"C488, C561, C640",37,,300.801550387597,306.2015503875969,ome_plane_position_z,
Z:\Brejtr\ActiveProjects\Microscopy\20251220\8_6_NORBAO_24hod_6_Multichannel Z-Stack_20251220_737.vsi,8_6_NORBAO_24hod_6_Multichannel Z-Stack_20251220_737.vsi,.vsi,1,macro image,1,,,,unavailable,
Z:\Brejtr\ActiveProjects\Microscopy\20251220\8_6_NORBAO_24hod_7_Multichannel Z-Stack_20251220_738.vsi,8_6_NORBAO_24hod_7_Multichannel Z-Stack_20251220_738.vsi,.vsi,0,"C488, C561, C640",44,,303.3528444118904,309.80284441189036,ome_plane_position_z,
Z:\Brejtr\ActiveProjects\Microscopy\20251220\8_6_NORBAO_24hod_7_Multichannel Z-Stack_20251220_738.vsi,8_6_NORBAO_24hod_7_Multichannel Z-Stack_20251220_738.vsi,.vsi,1,macro image,1,,,,unavailable,
Z:\Brejtr\ActiveProjects\Microscopy\20251220\8_6_NORBAO_24hod_8_Multichannel Z-Stack_20251220_739.vsi,8_6_NORBAO_24hod_8_Multichannel Z-Stack_20251220_739.vsi,.vsi,0,"C488, C561, C640",44,,306.9541384361839,313.40413843618387,ome_plane_position_z,
Z:\Brejtr\ActiveProjects\Microscopy\20251220\8_6_NORBAO_24hod_8_Multichannel Z-Stack_20251220_739.vsi,8_6_NORBAO_24hod_8_Multichannel Z-Stack_20251220_739.vsi,.vsi,1,macro image,1,,,,unavailable,
Z:\Brejtr\ActiveProjects\Microscopy\20251220\8_6_NORBAO_24hod_9_Multichannel Z-Stack_20251220_740.vsi,8_6_NORBAO_24hod_9_Multichannel Z-Stack_20251220_740.vsi,.vsi,0,"C488, C561, C640",44,,310.55543246047733,317.0054324604773,ome_plane_position_z,
Z:\Brejtr\ActiveProjects\Microscopy\20251220\8_6_NORBAO_24hod_9_Multichannel Z-Stack_20251220_740.vsi,8_6_NORBAO_24hod_9_Multichannel Z-Stack_20251220_740.vsi,.vsi,1,macro image,1,,,,unavailable,
Z:\Brejtr\ActiveProjects\Microscopy\20251220\8_6_NORBAOHARMIN_24hod_10_Multichannel Z-Stack_20251220_752.vsi,8_6_NORBAOHARMIN_24hod_10_Multichannel Z-Stack_20251220_752.vsi,.vsi,0,"C488, C561, C640",35,,339.00669596532987,344.1066959653299,ome_plane_position_z,
Z:\Brejtr\ActiveProjects\Microscopy\20251220\8_6_NORBAOHARMIN_24hod_10_Multichannel Z-Stack_20251220_752.vsi,8_6_NORBAOHARMIN_24hod_10_Multichannel Z-Stack_20251220_752.vsi,.vsi,1,macro image,1,,,,unavailable,
Z:\Brejtr\ActiveProjects\Microscopy\20251220\8_6_NORBAOHARMIN_24hod_1_Multichannel Z-Stack_20251220_742.vsi,8_6_NORBAOHARMIN_24hod_1_Multichannel Z-Stack_20251220_742.vsi,.vsi,0,"C488, C561, C640",50,,313.6534792162607,321.00347921626076,ome_plane_position_z,
Z:\Brejtr\ActiveProjects\Microscopy\20251220\8_6_NORBAOHARMIN_24hod_1_Multichannel Z-Stack_20251220_742.vsi,8_6_NORBAOHARMIN_24hod_1_Multichannel Z-Stack_20251220_742.vsi,.vsi,1,macro image,1,,,,unavailable,
Z:\Brejtr\ActiveProjects\Microscopy\20251220\8_6_NORBAOHARMIN_24hod_2_Multichannel Z-Stack_20251220_743.vsi,8_6_NORBAOHARMIN_24hod_2_Multichannel Z-Stack_20251220_743.vsi,.vsi,0,"C488, C561, C640",43,,317.2060733687358,323.5060733687359,ome_plane_position_z,
Z:\Brejtr\ActiveProjects\Microscopy\20251220\8_6_NORBAOHARMIN_24hod_2_Multichannel Z-Stack_20251220_743.vsi,8_6_NORBAOHARMIN_24hod_2_Multichannel Z-Stack_20251220_743.vsi,.vsi,1,macro image,1,,,,unavailable,
Z:\Brejtr\ActiveProjects\Microscopy\20251220\8_6_NORBAOHARMIN_24hod_3_Multichannel Z-Stack_20251220_744.vsi,8_6_NORBAOHARMIN_24hod_3_Multichannel Z-Stack_20251220_744.vsi,.vsi,0,"C488, C561, C640",44,,320.65736739302935,327.10736739302934,ome_plane_position_z,
Z:\Brejtr\ActiveProjects\Microscopy\20251220\8_6_NORBAOHARMIN_24hod_3_Multichannel Z-Stack_20251220_744.vsi,8_6_NORBAOHARMIN_24hod_3_Multichannel Z-Stack_20251220_744.vsi,.vsi,1,macro image,1,,,,unavailable,
Z:\Brejtr\ActiveProjects\Microscopy\20251220\8_6_NORBAOHARMIN_24hod_3_Multichannel Z-Stack_20251220_745.vsi,8_6_NORBAOHARMIN_24hod_3_Multichannel Z-Stack_20251220_745.vsi,.vsi,0,"C488, C561, C640",24,,325.15281999633766,328.60281999633764,ome_plane_position_z,
Z:\Brejtr\ActiveProjects\Microscopy\20251220\8_6_NORBAOHARMIN_24hod_3_Multichannel Z-Stack_20251220_745.vsi,8_6_NORBAOHARMIN_24hod_3_Multichannel Z-Stack_20251220_745.vsi,.vsi,1,macro image,1,,,,unavailable,
Z:\Brejtr\ActiveProjects\Microscopy\20251220\8_6_NORBAOHARMIN_24hod_4_Multichannel Z-Stack_20251220_746.vsi,8_6_NORBAOHARMIN_24hod_4_Multichannel Z-Stack_20251220_746.vsi,.vsi,0,"C488, C561, C640",29,,325.80671427699446,330.00671427699444,ome_plane_position_z,
Z:\Brejtr\ActiveProjects\Microscopy\20251220\8_6_NORBAOHARMIN_24hod_4_Multichannel Z-Stack_20251220_746.vsi,8_6_NORBAOHARMIN_24hod_4_Multichannel Z-Stack_20251220_746.vsi,.vsi,1,macro image,1,,,,unavailable,
Z:\Brejtr\ActiveProjects\Microscopy\20251220\8_6_NORBAOHARMIN_24hod_5_Multichannel Z-Stack_20251220_747.vsi,8_6_NORBAOHARMIN_24hod_5_Multichannel Z-Stack_20251220_747.vsi,.vsi,0,"C488, C561, C640",38,,328.0580083012879,333.6080083012879,ome_plane_position_z,
Z:\Brejtr\ActiveProjects\Microscopy\20251220\8_6_NORBAOHARMIN_24hod_5_Multichannel Z-Stack_20251220_747.vsi,8_6_NORBAOHARMIN_24hod_5_Multichannel Z-Stack_20251220_747.vsi,.vsi,1,macro image,1,,,,unavailable,
Z:\Brejtr\ActiveProjects\Microscopy\20251220\8_6_NORBAOHARMIN_24hod_6_Multichannel Z-Stack_20251220_748.vsi,8_6_NORBAOHARMIN_24hod_6_Multichannel Z-Stack_20251220_748.vsi,.vsi,0,"C488, C561, C640",43,,329.9021607764146,336.2021607764146,ome_plane_position_z,
Z:\Brejtr\ActiveProjects\Microscopy\20251220\8_6_NORBAOHARMIN_24hod_6_Multichannel Z-Stack_20251220_748.vsi,8_6_NORBAOHARMIN_24hod_6_Multichannel Z-Stack_20251220_748.vsi,.vsi,1,macro image,1,,,,unavailable,
Z:\Brejtr\ActiveProjects\Microscopy\20251220\8_6_NORBAOHARMIN_24hod_7_Multichannel Z-Stack_20251220_749.vsi,8_6_NORBAOHARMIN_24hod_7_Multichannel Z-Stack_20251220_749.vsi,.vsi,0,"C488, C561, C640",37,,333.3047549288898,338.7047549288897,ome_plane_position_z,
Z:\Brejtr\ActiveProjects\Microscopy\20251220\8_6_NORBAOHARMIN_24hod_7_Multichannel Z-Stack_20251220_749.vsi,8_6_NORBAOHARMIN_24hod_7_Multichannel Z-Stack_20251220_749.vsi,.vsi,1,macro image,1,,,,unavailable,
Z:\Brejtr\ActiveProjects\Microscopy\20251220\8_6_NORBAOHARMIN_24hod_8_Multichannel Z-Stack_20251220_750.vsi,8_6_NORBAOHARMIN_24hod_8_Multichannel Z-Stack_20251220_750.vsi,.vsi,0,"C488, C561, C640",43,,334.9073490813648,341.2073490813649,ome_plane_position_z,
Z:\Brejtr\ActiveProjects\Microscopy\20251220\8_6_NORBAOHARMIN_24hod_8_Multichannel Z-Stack_20251220_750.vsi,8_6_NORBAOHARMIN_24hod_8_Multichannel Z-Stack_20251220_750.vsi,.vsi,1,macro image,1,,,,unavailable,
Z:\Brejtr\ActiveProjects\Microscopy\20251220\8_6_NORBAOHARMIN_24hod_9_Multichannel Z-Stack_20251220_751.vsi,8_6_NORBAOHARMIN_24hod_9_Multichannel Z-Stack_20251220_751.vsi,.vsi,0,"C488, C561, C640",17,,339.38721845815786,341.78721845815784,ome_plane_position_z,
Z:\Brejtr\ActiveProjects\Microscopy\20251220\8_6_NORBAOHARMIN_24hod_9_Multichannel Z-Stack_20251220_751.vsi,8_6_NORBAOHARMIN_24hod_9_Multichannel Z-Stack_20251220_751.vsi,.vsi,1,macro image,1,,,,unavailable,
Z:\Brejtr\ActiveProjects\Microscopy\20251220\8_7_AERUG_24hod_10_Multichannel Z-Stack_20251220_774.vsi,8_7_AERUG_24hod_10_Multichannel Z-Stack_20251220_774.vsi,.vsi,0,"C488, C561, C640",14,,394.9553286943784,396.90532869437834,ome_plane_position_z,
Z:\Brejtr\ActiveProjects\Microscopy\20251220\8_7_AERUG_24hod_10_Multichannel Z-Stack_20251220_774.vsi,8_7_AERUG_24hod_10_Multichannel Z-Stack_20251220_774.vsi,.vsi,1,macro image,1,,,,unavailable,
Z:\Brejtr\ActiveProjects\Microscopy\20251220\8_7_AERUG_24hod_1_Multichannel Z-Stack_20251220_764.vsi,8_7_AERUG_24hod_1_Multichannel Z-Stack_20251220_764.vsi,.vsi,0,"C488, C561, C640",24,,369.65016480498076,373.10016480498075,ome_plane_position_z,
Z:\Brejtr\ActiveProjects\Microscopy\20251220\8_7_AERUG_24hod_1_Multichannel Z-Stack_20251220_764.vsi,8_7_AERUG_24hod_1_Multichannel Z-Stack_20251220_764.vsi,.vsi,1,macro image,1,,,,unavailable,
Z:\Brejtr\ActiveProjects\Microscopy\20251220\8_7_AERUG_24hod_2_Multichannel Z-Stack_20251220_765.vsi,8_7_AERUG_24hod_2_Multichannel Z-Stack_20251220_765.vsi,.vsi,0,"C488, C561, C640",45,,370.10145882927424,376.7014588292743,ome_plane_position_z,
Z:\Brejtr\ActiveProjects\Microscopy\20251220\8_7_AERUG_24hod_2_Multichannel Z-Stack_20251220_765.vsi,8_7_AERUG_24hod_2_Multichannel Z-Stack_20251220_765.vsi,.vsi,1,macro image,1,,,,unavailable,
Z:\Brejtr\ActiveProjects\Microscopy\20251220\8_7_AERUG_24hod_3_Multichannel Z-Stack_20251220_766.vsi,8_7_AERUG_24hod_3_Multichannel Z-Stack_20251220_766.vsi,.vsi,0,"C488, C561, C640",38,,374.7527528535677,380.3027528535677,ome_plane_position_z,
Z:\Brejtr\ActiveProjects\Microscopy\20251220\8_7_AERUG_24hod_3_Multichannel Z-Stack_20251220_766.vsi,8_7_AERUG_24hod_3_Multichannel Z-Stack_20251220_766.vsi,.vsi,1,macro image,1,,,,unavailable,
Z:\Brejtr\ActiveProjects\Microscopy\20251220\8_7_AERUG_24hod_4_Multichannel Z-Stack_20251220_767.vsi,8_7_AERUG_24hod_4_Multichannel Z-Stack_20251220_767.vsi,.vsi,0,"C488, C561, C640",37,,377.40534700604286,382.80534700604284,ome_plane_position_z,
Z:\Brejtr\ActiveProjects\Microscopy\20251220\8_7_AERUG_24hod_4_Multichannel Z-Stack_20251220_767.vsi,8_7_AERUG_24hod_4_Multichannel Z-Stack_20251220_767.vsi,.vsi,1,macro image,1,,,,unavailable,
Z:\Brejtr\ActiveProjects\Microscopy\20251220\8_7_AERUG_24hod_5_Multichannel Z-Stack_20251220_768.vsi,8_7_AERUG_24hod_5_Multichannel Z-Stack_20251220_768.vsi,.vsi,0,"C488, C561, C640",38,,380.85664103033633,386.40664103033635,ome_plane_position_z,
Z:\Brejtr\ActiveProjects\Microscopy\20251220\8_7_AERUG_24hod_5_Multichannel Z-Stack_20251220_768.vsi,8_7_AERUG_24hod_5_Multichannel Z-Stack_20251220_768.vsi,.vsi,1,macro image,1,,,,unavailable,
Z:\Brejtr\ActiveProjects\Microscopy\20251220\8_7_AERUG_24hod_6_Multichannel Z-Stack_20251220_769.vsi,8_7_AERUG_24hod_6_Multichannel Z-Stack_20251220_769.vsi,.vsi,0,"C488, C561, C640",18,,384.43651040712933,386.98651040712934,ome_plane_position_z,
Z:\Brejtr\ActiveProjects\Microscopy\20251220\8_7_AERUG_24hod_6_Multichannel Z-Stack_20251220_769.vsi,8_7_AERUG_24hod_6_Multichannel Z-Stack_20251220_769.vsi,.vsi,1,macro image,1,,,,unavailable,
Z:\Brejtr\ActiveProjects\Microscopy\20251220\8_7_AERUG_24hod_7_Multichannel Z-Stack_20251220_770.vsi,8_7_AERUG_24hod_7_Multichannel Z-Stack_20251220_770.vsi,.vsi,0,"C488, C561, C640",29,,385.1059879143014,389.3059879143014,ome_plane_position_z,
Z:\Brejtr\ActiveProjects\Microscopy\20251220\8_7_AERUG_24hod_7_Multichannel Z-Stack_20251220_770.vsi,8_7_AERUG_24hod_7_Multichannel Z-Stack_20251220_770.vsi,.vsi,1,macro image,1,,,,unavailable,
Z:\Brejtr\ActiveProjects\Microscopy\20251220\8_7_AERUG_24hod_7_Multichannel Z-Stack_20251220_771.vsi,8_7_AERUG_24hod_7_Multichannel Z-Stack_20251220_771.vsi,.vsi,0,macro image,1,,,,unavailable,
Z:\Brejtr\ActiveProjects\Microscopy\20251220\8_7_AERUG_24hod_8_Multichannel Z-Stack_20251220_772.vsi,8_7_AERUG_24hod_8_Multichannel Z-Stack_20251220_772.vsi,.vsi,0,"C488, C561, C640",37,,387.90403467008485,393.30403467008483,ome_plane_position_z,
Z:\Brejtr\ActiveProjects\Microscopy\20251220\8_7_AERUG_24hod_8_Multichannel Z-Stack_20251220_772.vsi,8_7_AERUG_24hod_8_Multichannel Z-Stack_20251220_772.vsi,.vsi,1,macro image,1,,,,unavailable,
Z:\Brejtr\ActiveProjects\Microscopy\20251220\8_7_AERUG_24hod_9_Multichannel Z-Stack_20251220_773.vsi,8_7_AERUG_24hod_9_Multichannel Z-Stack_20251220_773.vsi,.vsi,0,"C488, C561, C640",37,,390.40662882256,395.80662882255996,ome_plane_position_z,
Z:\Brejtr\ActiveProjects\Microscopy\20251220\8_7_AERUG_24hod_9_Multichannel Z-Stack_20251220_773.vsi,8_7_AERUG_24hod_9_Multichannel Z-Stack_20251220_773.vsi,.vsi,1,macro image,1,,,,unavailable,
Z:\Brejtr\ActiveProjects\Microscopy\20251220\8_7_AERUGHARMIN_24hod_10_Multichannel Z-Stack_20251220_763.vsi,8_7_AERUGHARMIN_24hod_10_Multichannel Z-Stack_20251220_763.vsi,.vsi,0,"C488, C561, C640",50,,364.2547122016724,371.60471220167244,ome_plane_position_z,
Z:\Brejtr\ActiveProjects\Microscopy\20251220\8_7_AERUGHARMIN_24hod_10_Multichannel Z-Stack_20251220_763.vsi,8_7_AERUGHARMIN_24hod_10_Multichannel Z-Stack_20251220_763.vsi,.vsi,1,macro image,1,,,,unavailable,
Z:\Brejtr\ActiveProjects\Microscopy\20251220\8_7_AERUGHARMIN_24hod_1_Multichannel Z-Stack_20251220_753.vsi,8_7_AERUGHARMIN_24hod_1_Multichannel Z-Stack_20251220_753.vsi,.vsi,0,"C488, C561, C640",44,,341.25798998962347,347.70798998962346,ome_plane_position_z,
Z:\Brejtr\ActiveProjects\Microscopy\20251220\8_7_AERUGHARMIN_24hod_1_Multichannel Z-Stack_20251220_753.vsi,8_7_AERUGHARMIN_24hod_1_Multichannel Z-Stack_20251220_753.vsi,.vsi,1,macro image,1,,,,unavailable,
Z:\Brejtr\ActiveProjects\Microscopy\20251220\8_7_AERUGHARMIN_24hod_1_Multichannel Z-Stack_20251220_754.vsi,8_7_AERUGHARMIN_24hod_1_Multichannel Z-Stack_20251220_754.vsi,.vsi,0,"C488, C561, C640",22,,346.7553897332602,349.9053897332601,ome_plane_position_z,
Z:\Brejtr\ActiveProjects\Microscopy\20251220\8_7_AERUGHARMIN_24hod_1_Multichannel Z-Stack_20251220_754.vsi,8_7_AERUGHARMIN_24hod_1_Multichannel Z-Stack_20251220_754.vsi,.vsi,1,macro image,1,,,,unavailable,
Z:\Brejtr\ActiveProjects\Microscopy\20251220\8_7_AERUGHARMIN_24hod_2_Multichannel Z-Stack_20251220_755.vsi,8_7_AERUGHARMIN_24hod_2_Multichannel Z-Stack_20251220_755.vsi,.vsi,0,"C488, C561, C640",24,,347.9508423365684,351.4008423365684,ome_plane_position_z,
Z:\Brejtr\ActiveProjects\Microscopy\20251220\8_7_AERUGHARMIN_24hod_2_Multichannel Z-Stack_20251220_755.vsi,8_7_AERUGHARMIN_24hod_2_Multichannel Z-Stack_20251220_755.vsi,.vsi,1,macro image,1,,,,unavailable,
Z:\Brejtr\ActiveProjects\Microscopy\20251220\8_7_AERUGHARMIN_24hod_3_Multichannel Z-Stack_20251220_756.vsi,8_7_AERUGHARMIN_24hod_3_Multichannel Z-Stack_20251220_756.vsi,.vsi,0,"C488, C561, C640",38,,347.95668375755355,353.50668375755356,ome_plane_position_z,
Z:\Brejtr\ActiveProjects\Microscopy\20251220\8_7_AERUGHARMIN_24hod_3_Multichannel Z-Stack_20251220_756.vsi,8_7_AERUGHARMIN_24hod_3_Multichannel Z-Stack_20251220_756.vsi,.vsi,1,macro image,1,,,,unavailable,
Z:\Brejtr\ActiveProjects\Microscopy\20251220\8_7_AERUGHARMIN_24hod_4_Multichannel Z-Stack_20251220_757.vsi,8_7_AERUGHARMIN_24hod_4_Multichannel Z-Stack_20251220_757.vsi,.vsi,0,"C488, C561, C640",35,,351.30603064151865,356.40603064151867,ome_plane_position_z,
Z:\Brejtr\ActiveProjects\Microscopy\20251220\8_7_AERUGHARMIN_24hod_4_Multichannel Z-Stack_20251220_757.vsi,8_7_AERUGHARMIN_24hod_4_Multichannel Z-Stack_20251220_757.vsi,.vsi,1,macro image,1,,,,unavailable,
Z:\Brejtr\ActiveProjects\Microscopy\20251220\8_7_AERUGHARMIN_24hod_5_Multichannel Z-Stack_20251220_758.vsi,8_7_AERUGHARMIN_24hod_5_Multichannel Z-Stack_20251220_758.vsi,.vsi,0,"C488, C561, C640",23,,354.60148324482697,357.901483244827,ome_plane_position_z,
Z:\Brejtr\ActiveProjects\Microscopy\20251220\8_7_AERUGHARMIN_24hod_5_Multichannel Z-Stack_20251220_758.vsi,8_7_AERUGHARMIN_24hod_5_Multichannel Z-Stack_20251220_758.vsi,.vsi,1,macro image,1,,,,unavailable,
Z:\Brejtr\ActiveProjects\Microscopy\20251220\8_7_AERUGHARMIN_24hod_6_Multichannel Z-Stack_20251220_759.vsi,8_7_AERUGHARMIN_24hod_6_Multichannel Z-Stack_20251220_759.vsi,.vsi,0,"C488, C561, C640",37,,355.0040773973022,360.4040773973021,ome_plane_position_z,
Z:\Brejtr\ActiveProjects\Microscopy\20251220\8_7_AERUGHARMIN_24hod_6_Multichannel Z-Stack_20251220_759.vsi,8_7_AERUGHARMIN_24hod_6_Multichannel Z-Stack_20251220_759.vsi,.vsi,1,macro image,1,,,,unavailable,
Z:\Brejtr\ActiveProjects\Microscopy\20251220\8_7_AERUGHARMIN_24hod_7_Multichannel Z-Stack_20251220_760.vsi,8_7_AERUGHARMIN_24hod_7_Multichannel Z-Stack_20251220_760.vsi,.vsi,0,"C488, C561, C640",35,,356.7079716779588,361.80797167795885,ome_plane_position_z,
Z:\Brejtr\ActiveProjects\Microscopy\20251220\8_7_AERUGHARMIN_24hod_7_Multichannel Z-Stack_20251220_760.vsi,8_7_AERUGHARMIN_24hod_7_Multichannel Z-Stack_20251220_760.vsi,.vsi,1,macro image,1,,,,unavailable,
Z:\Brejtr\ActiveProjects\Microscopy\20251220\8_7_AERUGHARMIN_24hod_8_Multichannel Z-Stack_20251220_761.vsi,8_7_AERUGHARMIN_24hod_8_Multichannel Z-Stack_20251220_761.vsi,.vsi,0,"C488, C561, C640",37,,359.0021241530856,364.40212415308554,ome_plane_position_z,
Z:\Brejtr\ActiveProjects\Microscopy\20251220\8_7_AERUGHARMIN_24hod_8_Multichannel Z-Stack_20251220_761.vsi,8_7_AERUGHARMIN_24hod_8_Multichannel Z-Stack_20251220_761.vsi,.vsi,1,macro image,1,,,,unavailable,
Z:\Brejtr\ActiveProjects\Microscopy\20251220\8_7_AERUGHARMIN_24hod_9_Multichannel Z-Stack_20251220_762.vsi,8_7_AERUGHARMIN_24hod_9_Multichannel Z-Stack_20251220_762.vsi,.vsi,0,"C488, C561, C640",38,,362.453418177379,368.003418177379,ome_plane_position_z,
Z:\Brejtr\ActiveProjects\Microscopy\20251220\8_7_AERUGHARMIN_24hod_9_Multichannel Z-Stack_20251220_762.vsi,8_7_AERUGHARMIN_24hod_9_Multichannel Z-Stack_20251220_762.vsi,.vsi,1,macro image,1,,,,unavailable,
Z:\Brejtr\ActiveProjects\Microscopy\20251220\8_7_NC_24hod_1_Multichannel Z-Stack_20251220_775.vsi,8_7_NC_24hod_1_Multichannel Z-Stack_20251220_775.vsi,.vsi,0,"C488, C561, C640",44,,394.0566227186718,400.5066227186718,ome_plane_position_z,
Z:\Brejtr\ActiveProjects\Microscopy\20251220\8_7_NC_24hod_1_Multichannel Z-Stack_20251220_775.vsi,8_7_NC_24hod_1_Multichannel Z-Stack_20251220_775.vsi,.vsi,1,macro image,1,,,,unavailable,
Z:\Brejtr\ActiveProjects\Microscopy\20251220\8_7_NC_24hod_2_Multichannel Z-Stack_20251220_776.vsi,8_7_NC_24hod_2_Multichannel Z-Stack_20251220_776.vsi,.vsi,0,"C488, C561, C640",31,,398.5092168711469,403.0092168711469,ome_plane_position_z,
Z:\Brejtr\ActiveProjects\Microscopy\20251220\8_7_NC_24hod_2_Multichannel Z-Stack_20251220_776.vsi,8_7_NC_24hod_2_Multichannel Z-Stack_20251220_776.vsi,.vsi,1,macro image,1,,,,unavailable,
Z:\Brejtr\ActiveProjects\Microscopy\20251220\8_7_NC_24hod_3_Multichannel Z-Stack_20251220_777.vsi,8_7_NC_24hod_3_Multichannel Z-Stack_20251220_777.vsi,.vsi,0,"C488, C561, C640",45,,400.1020692180919,406.702069218092,ome_plane_position_z,
Z:\Brejtr\ActiveProjects\Microscopy\20251220\8_7_NC_24hod_3_Multichannel Z-Stack_20251220_777.vsi,8_7_NC_24hod_3_Multichannel Z-Stack_20251220_777.vsi,.vsi,1,macro image,1,,,,unavailable,
Z:\Brejtr\ActiveProjects\Microscopy\20251220\8_7_NC_24hod_4_Multichannel Z-Stack_20251220_778.vsi,8_7_NC_24hod_4_Multichannel Z-Stack_20251220_778.vsi,.vsi,0,"C488, C561, C640",45,,401.9027162302386,408.50271623023866,ome_plane_position_z,
Z:\Brejtr\ActiveProjects\Microscopy\20251220\8_7_NC_24hod_4_Multichannel Z-Stack_20251220_778.vsi,8_7_NC_24hod_4_Multichannel Z-Stack_20251220_778.vsi,.vsi,1,macro image,1,,,,unavailable,
Z:\Brejtr\ActiveProjects\Microscopy\20251220\8_7_NC_24hod_5_Multichannel Z-Stack_20251220_779.vsi,8_7_NC_24hod_5_Multichannel Z-Stack_20251220_779.vsi,.vsi,0,"C488, C561, C640",38,,407.2559573948605,412.8059573948605,ome_plane_position_z,
Z:\Brejtr\ActiveProjects\Microscopy\20251220\8_7_NC_24hod_5_Multichannel Z-Stack_20251220_779.vsi,8_7_NC_24hod_5_Multichannel Z-Stack_20251220_779.vsi,.vsi,1,macro image,1,,,,unavailable,
Z:\Brejtr\ActiveProjects\Microscopy\20251220\8_7_NC_24hod_6_Multichannel Z-Stack_20251220_780.vsi,8_7_NC_24hod_6_Multichannel Z-Stack_20251220_780.vsi,.vsi,0,"C488, C561, C640",50,,409.057251419154,416.407251419154,ome_plane_position_z,
Z:\Brejtr\ActiveProjects\Microscopy\20251220\8_7_NC_24hod_6_Multichannel Z-Stack_20251220_780.vsi,8_7_NC_24hod_6_Multichannel Z-Stack_20251220_780.vsi,.vsi,1,macro image,1,,,,unavailable,
Z:\Brejtr\ActiveProjects\Microscopy\20251220\8_7_PP_24hod_10_Multichannel Z-Stack_20251220_790.vsi,8_7_PP_24hod_10_Multichannel Z-Stack_20251220_790.vsi,.vsi,0,"C488, C561, C640",50,,440.15656167979,447.50656167979,ome_plane_position_z,
Z:\Brejtr\ActiveProjects\Microscopy\20251220\8_7_PP_24hod_10_Multichannel Z-Stack_20251220_790.vsi,8_7_PP_24hod_10_Multichannel Z-Stack_20251220_790.vsi,.vsi,1,macro image,1,,,,unavailable,
Z:\Brejtr\ActiveProjects\Microscopy\20251220\8_7_PP_24hod_1_Multichannel Z-Stack_20251220_781.vsi,8_7_PP_24hod_1_Multichannel Z-Stack_20251220_781.vsi,.vsi,0,"C488, C561, C640",45,,416.0026979185741,422.6026979185741,ome_plane_position_z,
Z:\Brejtr\ActiveProjects\Microscopy\20251220\8_7_PP_24hod_1_Multichannel Z-Stack_20251220_781.vsi,8_7_PP_24hod_1_Multichannel Z-Stack_20251220_781.vsi,.vsi,1,macro image,1,,,,unavailable,
Z:\Brejtr\ActiveProjects\Microscopy\20251220\8_7_PP_24hod_2_Multichannel Z-Stack_20251220_782.vsi,8_7_PP_24hod_2_Multichannel Z-Stack_20251220_782.vsi,.vsi,0,"C488, C561, C640",44,,422.6533388268327,429.10333882683267,ome_plane_position_z,
Z:\Brejtr\ActiveProjects\Microscopy\20251220\8_7_PP_24hod_2_Multichannel Z-Stack_20251220_782.vsi,8_7_PP_24hod_2_Multichannel Z-Stack_20251220_782.vsi,.vsi,1,macro image,1,,,,unavailable,
Z:\Brejtr\ActiveProjects\Microscopy\20251220\8_7_PP_24hod_3_Multichannel Z-Stack_20251220_783.vsi,8_7_PP_24hod_3_Multichannel Z-Stack_20251220_783.vsi,.vsi,0,"C488, C561, C640",43,,425.3059329793078,431.6059329793078,ome_plane_position_z,
Z:\Brejtr\ActiveProjects\Microscopy\20251220\8_7_PP_24hod_3_Multichannel Z-Stack_20251220_783.vsi,8_7_PP_24hod_3_Multichannel Z-Stack_20251220_783.vsi,.vsi,1,macro image,1,,,,unavailable,
Z:\Brejtr\ActiveProjects\Microscopy\20251220\8_7_PP_24hod_4_Multichannel Z-Stack_20251220_784.vsi,8_7_PP_24hod_4_Multichannel Z-Stack_20251220_784.vsi,.vsi,0,"C488, C561, C640",45,,426.80657999145456,433.4065799914546,ome_plane_position_z,
Z:\Brejtr\ActiveProjects\Microscopy\20251220\8_7_PP_24hod_4_Multichannel Z-Stack_20251220_784.vsi,8_7_PP_24hod_4_Multichannel Z-Stack_20251220_784.vsi,.vsi,1,macro image,1,,,,unavailable,
Z:\Brejtr\ActiveProjects\Microscopy\20251220\8_7_PP_24hod_5_Multichannel Z-Stack_20251220_785.vsi,8_7_PP_24hod_5_Multichannel Z-Stack_20251220_785.vsi,.vsi,0,"C488, C561, C640",44,,427.75008545443455,434.20008545443454,ome_plane_position_z,
Z:\Brejtr\ActiveProjects\Microscopy\20251220\8_7_PP_24hod_5_Multichannel Z-Stack_20251220_785.vsi,8_7_PP_24hod_5_Multichannel Z-Stack_20251220_785.vsi,.vsi,1,macro image,1,,,,unavailable,
Z:\Brejtr\ActiveProjects\Microscopy\20251220\8_7_PP_24hod_6_Multichannel Z-Stack_20251220_786.vsi,8_7_PP_24hod_6_Multichannel Z-Stack_20251220_786.vsi,.vsi,0,"C488, C561, C640",65,,426.40073246658113,436.0007324665812,ome_plane_position_z,
Z:\Brejtr\ActiveProjects\Microscopy\20251220\8_7_PP_24hod_6_Multichannel Z-Stack_20251220_786.vsi,8_7_PP_24hod_6_Multichannel Z-Stack_20251220_786.vsi,.vsi,1,macro image,1,,,,unavailable,
Z:\Brejtr\ActiveProjects\Microscopy\20251220\8_7_PP_24hod_7_Multichannel Z-Stack_20251220_787.vsi,8_7_PP_24hod_7_Multichannel Z-Stack_20251220_787.vsi,.vsi,0,"C488, C561, C640",51,,431.00332661905634,438.50332661905634,ome_plane_position_z,
Z:\Brejtr\ActiveProjects\Microscopy\20251220\8_7_PP_24hod_7_Multichannel Z-Stack_20251220_787.vsi,8_7_PP_24hod_7_Multichannel Z-Stack_20251220_787.vsi,.vsi,1,macro image,1,,,,unavailable,
Z:\Brejtr\ActiveProjects\Microscopy\20251220\8_7_PP_24hod_8_Multichannel Z-Stack_20251220_788.vsi,8_7_PP_24hod_8_Multichannel Z-Stack_20251220_788.vsi,.vsi,0,"C488, C561, C640",44,,432.75527375938475,439.20527375938474,ome_plane_position_z,
Z:\Brejtr\ActiveProjects\Microscopy\20251220\8_7_PP_24hod_8_Multichannel Z-Stack_20251220_788.vsi,8_7_PP_24hod_8_Multichannel Z-Stack_20251220_788.vsi,.vsi,1,macro image,1,,,,unavailable,
Z:\Brejtr\ActiveProjects\Microscopy\20251220\8_7_PP_24hod_9_Multichannel Z-Stack_20251220_789.vsi,8_7_PP_24hod_9_Multichannel Z-Stack_20251220_789.vsi,.vsi,0,"C488, C561, C640",57,,435.50526765549665,443.90526765549663,ome_plane_position_z,
Z:\Brejtr\ActiveProjects\Microscopy\20251220\8_7_PP_24hod_9_Multichannel Z-Stack_20251220_789.vsi,8_7_PP_24hod_9_Multichannel Z-Stack_20251220_789.vsi,.vsi,1,macro image,1,,,,unavailable,
Z:\Brejtr\ActiveProjects\Microscopy\20251220\8_7_PPKONTROLA_24hod_10_Multichannel Z-Stack_20251220_800.vsi,8_7_PPKONTROLA_24hod_10_Multichannel Z-Stack_20251220_800.vsi,.vsi,0,"C488, C561, C640",50,,462.5578312885308,469.9078312885309,ome_plane_position_z,
Z:\Brejtr\ActiveProjects\Microscopy\20251220\8_7_PPKONTROLA_24hod_10_Multichannel Z-Stack_20251220_800.vsi,8_7_PPKONTROLA_24hod_10_Multichannel Z-Stack_20251220_800.vsi,.vsi,1,macro image,1,,,,unavailable,
Z:\Brejtr\ActiveProjects\Microscopy\20251220\8_7_PPKONTROLA_24hod_1_Multichannel Z-Stack_20251220_791.vsi,8_7_PPKONTROLA_24hod_1_Multichannel Z-Stack_20251220_791.vsi,.vsi,0,"C488, C561, C640",51,,442.9059085637552,450.4059085637552,ome_plane_position_z,
Z:\Brejtr\ActiveProjects\Microscopy\20251220\8_7_PPKONTROLA_24hod_1_Multichannel Z-Stack_20251220_791.vsi,8_7_PPKONTROLA_24hod_1_Multichannel Z-Stack_20251220_791.vsi,.vsi,1,macro image,1,,,,unavailable,
Z:\Brejtr\ActiveProjects\Microscopy\20251220\8_7_PPKONTROLA_24hod_2_Multichannel Z-Stack_20251220_792.vsi,8_7_PPKONTROLA_24hod_2_Multichannel Z-Stack_20251220_792.vsi,.vsi,0,"C488, C561, C640",30,,447.55136116706336,451.90136116706344,ome_plane_position_z,
Z:\Brejtr\ActiveProjects\Microscopy\20251220\8_7_PPKONTROLA_24hod_2_Multichannel Z-Stack_20251220_792.vsi,8_7_PPKONTROLA_24hod_2_Multichannel Z-Stack_20251220_792.vsi,.vsi,1,macro image,1,,,,unavailable,
Z:\Brejtr\ActiveProjects\Microscopy\20251220\8_7_PPKONTROLA_24hod_3_Multichannel Z-Stack_20251220_793.vsi,8_7_PPKONTROLA_24hod_3_Multichannel Z-Stack_20251220_793.vsi,.vsi,0,"C488, C561, C640",65,,442.30136116706336,451.90136116706344,ome_plane_position_z,
Z:\Brejtr\ActiveProjects\Microscopy\20251220\8_7_PPKONTROLA_24hod_3_Multichannel Z-Stack_20251220_793.vsi,8_7_PPKONTROLA_24hod_3_Multichannel Z-Stack_20251220_793.vsi,.vsi,1,macro image,1,,,,unavailable,
Z:\Brejtr\ActiveProjects\Microscopy\20251220\8_7_PPKONTROLA_24hod_4_Multichannel Z-Stack_20251220_794.vsi,8_7_PPKONTROLA_24hod_4_Multichannel Z-Stack_20251220_794.vsi,.vsi,0,"C488, C561, C640",37,,449.00395531953865,454.4039553195386,ome_plane_position_z,
Z:\Brejtr\ActiveProjects\Microscopy\20251220\8_7_PPKONTROLA_24hod_4_Multichannel Z-Stack_20251220_794.vsi,8_7_PPKONTROLA_24hod_4_Multichannel Z-Stack_20251220_794.vsi,.vsi,1,macro image,1,,,,unavailable,
Z:\Brejtr\ActiveProjects\Microscopy\20251220\8_7_PPKONTROLA_24hod_5_Multichannel Z-Stack_20251220_795.vsi,8_7_PPKONTROLA_24hod_5_Multichannel Z-Stack_20251220_795.vsi,.vsi,0,"C488, C561, C640",57,,450.7039492156504,459.10394921565035,ome_plane_position_z,
Z:\Brejtr\ActiveProjects\Microscopy\20251220\8_7_PPKONTROLA_24hod_5_Multichannel Z-Stack_20251220_795.vsi,8_7_PPKONTROLA_24hod_5_Multichannel Z-Stack_20251220_795.vsi,.vsi,1,macro image,1,,,,unavailable,
Z:\Brejtr\ActiveProjects\Microscopy\20251220\8_7_PPKONTROLA_24hod_6_Multichannel Z-Stack_20251220_796.vsi,8_7_PPKONTROLA_24hod_6_Multichannel Z-Stack_20251220_796.vsi,.vsi,0,"C488, C561, C640",37,,456.20654336812555,461.6065433681255,ome_plane_position_z,
Z:\Brejtr\ActiveProjects\Microscopy\20251220\8_7_PPKONTROLA_24hod_6_Multichannel Z-Stack_20251220_796.vsi,8_7_PPKONTROLA_24hod_6_Multichannel Z-Stack_20251220_796.vsi,.vsi,1,macro image,1,,,,unavailable,
Z:\Brejtr\ActiveProjects\Microscopy\20251220\8_7_PPKONTROLA_24hod_7_Multichannel Z-Stack_20251220_797.vsi,8_7_PPKONTROLA_24hod_7_Multichannel Z-Stack_20251220_797.vsi,.vsi,0,"C488, C561, C640",36,,457.8519959714338,463.1019959714338,ome_plane_position_z,
Z:\Brejtr\ActiveProjects\Microscopy\20251220\8_7_PPKONTROLA_24hod_7_Multichannel Z-Stack_20251220_797.vsi,8_7_PPKONTROLA_24hod_7_Multichannel Z-Stack_20251220_797.vsi,.vsi,1,macro image,1,,,,unavailable,
Z:\Brejtr\ActiveProjects\Microscopy\20251220\8_7_PPKONTROLA_24hod_8_Multichannel Z-Stack_20251220_798.vsi,8_7_PPKONTROLA_24hod_8_Multichannel Z-Stack_20251220_798.vsi,.vsi,0,"C488, C561, C640",35,,459.40589025209056,464.5058902520906,ome_plane_position_z,
Z:\Brejtr\ActiveProjects\Microscopy\20251220\8_7_PPKONTROLA_24hod_8_Multichannel Z-Stack_20251220_798.vsi,8_7_PPKONTROLA_24hod_8_Multichannel Z-Stack_20251220_798.vsi,.vsi,1,macro image,1,,,,unavailable,
Z:\Brejtr\ActiveProjects\Microscopy\20251220\8_7_PPKONTROLA_24hod_9_Multichannel Z-Stack_20251220_799.vsi,8_7_PPKONTROLA_24hod_9_Multichannel Z-Stack_20251220_799.vsi,.vsi,0,"C488, C561, C640",45,,459.7065372642373,466.3065372642373,ome_plane_position_z,
Z:\Brejtr\ActiveProjects\Microscopy\20251220\8_7_PPKONTROLA_24hod_9_Multichannel Z-Stack_20251220_799.vsi,8_7_PPKONTROLA_24hod_9_Multichannel Z-Stack_20251220_799.vsi,.vsi,1,macro image,1,,,,unavailable,
Z:\Brejtr\ActiveProjects\Microscopy\20251220\_7_8_NC_24hod_1_Multichannel Z-Stack_20251220_822_\stack1\frame_t_0.ets,frame_t_0.ets,.ets,0,"C488, C561, C640",58,,275.9522279191845,284.5022279191846,ome_plane_position_z,
Z:\Brejtr\ActiveProjects\Microscopy\20251220\_7_8_NC_24hod_1_Multichannel Z-Stack_20251220_822_\stack1\frame_t_0.ets,frame_t_0.ets,.ets,1,macro image,1,,,,unavailable,
Z:\Brejtr\ActiveProjects\Microscopy\20251220\_7_8_NCH_24hod_2_Multichannel Z-Stack_20251220_823_\stack1\frame_t_0.ets,frame_t_0.ets,.ets,0,"C488, C561, C640",59,,281.9061160959531,290.6061160959531,ome_plane_position_z,
Z:\Brejtr\ActiveProjects\Microscopy\20251220\_7_8_NCH_24hod_2_Multichannel Z-Stack_20251220_823_\stack1\frame_t_0.ets,frame_t_0.ets,.ets,1,macro image,1,,,,unavailable,
Z:\Brejtr\ActiveProjects\Microscopy\20251220\_7_8_PP_24hod_10_Multichannel Z-Stack_20251220_821_\stack1\frame_t_0.ets,frame_t_0.ets,.ets,0,"C488, C561, C640",58,,272.35093389489106,280.90093389489107,ome_plane_position_z,
Z:\Brejtr\ActiveProjects\Microscopy\20251220\_7_8_PP_24hod_10_Multichannel Z-Stack_20251220_821_\stack1\frame_t_0.ets,frame_t_0.ets,.ets,1,macro image,1,,,,unavailable,
Z:\Brejtr\ActiveProjects\Microscopy\20251220\_7_8_PP_24hod_1_Multichannel Z-Stack_20251220_812_\stack1\frame_t_0.ets,frame_t_0.ets,.ets,0,"C488, C561, C640",53,,484.60065921992305,492.4006592199231,ome_plane_position_z,
Z:\Brejtr\ActiveProjects\Microscopy\20251220\_7_8_PP_24hod_1_Multichannel Z-Stack_20251220_812_\stack1\frame_t_0.ets,frame_t_0.ets,.ets,1,macro image,1,,,,unavailable,
Z:\Brejtr\ActiveProjects\Microscopy\20251220\_7_8_PP_24hod_2_Multichannel Z-Stack_20251220_813_\stack1\frame_t_0.ets,frame_t_0.ets,.ets,0,"C488, C561, C640",51,,488.50195324421657,496.00195324421657,ome_plane_position_z,
Z:\Brejtr\ActiveProjects\Microscopy\20251220\_7_8_PP_24hod_2_Multichannel Z-Stack_20251220_813_\stack1\frame_t_0.ets,frame_t_0.ets,.ets,1,macro image,1,,,,unavailable,
Z:\Brejtr\ActiveProjects\Microscopy\20251220\_7_8_PP_24hod_3_Multichannel Z-Stack_20251220_814_\stack1\frame_t_0.ets,frame_t_0.ets,.ets,0,"C488, C561, C640",44,,490.253900384545,496.70390038454497,ome_plane_position_z,
Z:\Brejtr\ActiveProjects\Microscopy\20251220\_7_8_PP_24hod_3_Multichannel Z-Stack_20251220_814_\stack1\frame_t_0.ets,frame_t_0.ets,.ets,1,macro image,1,,,,unavailable,
Z:\Brejtr\ActiveProjects\Microscopy\20251220\_7_8_PP_24hod_4_Multichannel Z-Stack_20251220_815_\stack1\frame_t_0.ets,frame_t_0.ets,.ets,0,"C488, C561, C640",45,,248.60356467069528,255.20356467069527,ome_plane_position_z,
Z:\Brejtr\ActiveProjects\Microscopy\20251220\_7_8_PP_24hod_4_Multichannel Z-Stack_20251220_815_\stack1\frame_t_0.ets,frame_t_0.ets,.ets,1,macro image,1,,,,unavailable,
Z:\Brejtr\ActiveProjects\Microscopy\20251220\_7_8_PP_24hod_5_Multichannel Z-Stack_20251220_816_\stack1\frame_t_0.ets,frame_t_0.ets,.ets,0,"C488, C561, C640",67,,251.4074528474638,261.3074528474638,ome_plane_position_z,
Z:\Brejtr\ActiveProjects\Microscopy\20251220\_7_8_PP_24hod_5_Multichannel Z-Stack_20251220_816_\stack1\frame_t_0.ets,frame_t_0.ets,.ets,1,macro image,1,,,,unavailable,
Z:\Brejtr\ActiveProjects\Microscopy\20251220\_7_8_PP_24hod_6_Multichannel Z-Stack_20251220_817_\stack1\frame_t_0.ets,frame_t_0.ets,.ets,0,"C488, C561, C640",51,,258.50744674357566,266.0074467435757,ome_plane_position_z,
Z:\Brejtr\ActiveProjects\Microscopy\20251220\_7_8_PP_24hod_6_Multichannel Z-Stack_20251220_817_\stack1\frame_t_0.ets,frame_t_0.ets,.ets,1,macro image,1,,,,unavailable,
Z:\Brejtr\ActiveProjects\Microscopy\20251220\_7_8_PP_24hod_7_Multichannel Z-Stack_20251220_818_\stack1\frame_t_0.ets,frame_t_0.ets,.ets,0,"C488, C561, C640",67,,260.10549349935917,270.00549349935915,ome_plane_position_z,
Z:\Brejtr\ActiveProjects\Microscopy\20251220\_7_8_PP_24hod_7_Multichannel Z-Stack_20251220_818_\stack1\frame_t_0.ets,frame_t_0.ets,.ets,1,macro image,1,,,,unavailable,
Z:\Brejtr\ActiveProjects\Microscopy\20251220\_7_8_PP_24hod_8_Multichannel Z-Stack_20251220_819_\stack1\frame_t_0.ets,frame_t_0.ets,.ets,0,"C488, C561, C640",37,,267.1080876518343,272.5080876518343,ome_plane_position_z,
Z:\Brejtr\ActiveProjects\Microscopy\20251220\_7_8_PP_24hod_8_Multichannel Z-Stack_20251220_819_\stack1\frame_t_0.ets,frame_t_0.ets,.ets,1,macro image,1,,,,unavailable,
Z:\Brejtr\ActiveProjects\Microscopy\20251220\_7_8_PP_24hod_9_Multichannel Z-Stack_20251220_820_\stack1\frame_t_0.ets,frame_t_0.ets,.ets,0,"C488, C561, C640",58,,267.6509399987792,276.20093999877923,ome_plane_position_z,
Z:\Brejtr\ActiveProjects\Microscopy\20251220\_7_8_PP_24hod_9_Multichannel Z-Stack_20251220_820_\stack1\frame_t_0.ets,frame_t_0.ets,.ets,1,macro image,1,,,,unavailable,
Z:\Brejtr\ActiveProjects\Microscopy\20251220\_8_6_NORBAO_24hod_10_Multichannel Z-Stack_20251220_741_\stack1\frame_t_0.ets,frame_t_0.ets,.ets,0,"C488, C561, C640",17,,315.0937435146189,317.49374351461887,ome_plane_position_z,
Z:\Brejtr\ActiveProjects\Microscopy\20251220\_8_6_NORBAO_24hod_10_Multichannel Z-Stack_20251220_741_\stack1\frame_t_0.ets,frame_t_0.ets,.ets,1,macro image,1,,,,unavailable,
Z:\Brejtr\ActiveProjects\Microscopy\20251220\_8_6_NORBAO_24hod_1_Multichannel Z-Stack_20251220_732_\stack1\frame_t_0.ets,frame_t_0.ets,.ets,0,"C488, C561, C640",24,,289.8418268937313,293.2918268937313,ome_plane_position_z,
Z:\Brejtr\ActiveProjects\Microscopy\20251220\_8_6_NORBAO_24hod_1_Multichannel Z-Stack_20251220_732_\stack1\frame_t_0.ets,frame_t_0.ets,.ets,1,macro image,1,,,,unavailable,
Z:\Brejtr\ActiveProjects\Microscopy\20251220\_8_6_NORBAO_24hod_2_Multichannel Z-Stack_20251220_733_\stack1\frame_t_0.ets,frame_t_0.ets,.ets,0,"C488, C561, C640",17,,292.38727949703963,294.7872794970396,ome_plane_position_z,
Z:\Brejtr\ActiveProjects\Microscopy\20251220\_8_6_NORBAO_24hod_2_Multichannel Z-Stack_20251220_733_\stack1\frame_t_0.ets,frame_t_0.ets,.ets,1,macro image,1,,,,unavailable,
Z:\Brejtr\ActiveProjects\Microscopy\20251220\_8_6_NORBAO_24hod_2_Multichannel Z-Stack_20251220_734_\stack1\frame_t_0.ets,frame_t_0.ets,.ets,0,"C488, C561, C640",41,,291.9002624671916,297.9002624671916,ome_plane_position_z,
Z:\Brejtr\ActiveProjects\Microscopy\20251220\_8_6_NORBAO_24hod_2_Multichannel Z-Stack_20251220_734_\stack1\frame_t_0.ets,frame_t_0.ets,.ets,1,macro image,1,,,,unavailable,
Z:\Brejtr\ActiveProjects\Microscopy\20251220\_8_6_NORBAO_24hod_4_Multichannel Z-Stack_20251220_735_\stack1\frame_t_0.ets,frame_t_0.ets,.ets,0,"C488, C561, C640",28,,295.9561038881767,300.00610388817677,ome_plane_position_z,
Z:\Brejtr\ActiveProjects\Microscopy\20251220\_8_6_NORBAO_24hod_4_Multichannel Z-Stack_20251220_735_\stack1\frame_t_0.ets,frame_t_0.ets,.ets,1,macro image,1,,,,unavailable,
Z:\Brejtr\ActiveProjects\Microscopy\20251220\_8_6_NORBAO_24hod_5_Multichannel Z-Stack_20251220_736_\stack1\frame_t_0.ets,frame_t_0.ets,.ets,0,"C488, C561, C640",38,,298.0573979124702,303.6073979124702,ome_plane_position_z,
Z:\Brejtr\ActiveProjects\Microscopy\20251220\_8_6_NORBAO_24hod_5_Multichannel Z-Stack_20251220_736_\stack1\frame_t_0.ets,frame_t_0.ets,.ets,1,macro image,1,,,,unavailable,
Z:\Brejtr\ActiveProjects\Microscopy\20251220\_8_6_NORBAO_24hod_6_Multichannel Z-Stack_20251220_737_\stack1\frame_t_0.ets,frame_t_0.ets,.ets,0,"C488, C561, C640",37,,300.801550387597,306.2015503875969,ome_plane_position_z,
Z:\Brejtr\ActiveProjects\Microscopy\20251220\_8_6_NORBAO_24hod_6_Multichannel Z-Stack_20251220_737_\stack1\frame_t_0.ets,frame_t_0.ets,.ets,1,macro image,1,,,,unavailable,
Z:\Brejtr\ActiveProjects\Microscopy\20251220\_8_6_NORBAO_24hod_7_Multichannel Z-Stack_20251220_738_\stack1\frame_t_0.ets,frame_t_0.ets,.ets,0,"C488, C561, C640",44,,303.3528444118904,309.80284441189036,ome_plane_position_z,
Z:\Brejtr\ActiveProjects\Microscopy\20251220\_8_6_NORBAO_24hod_7_Multichannel Z-Stack_20251220_738_\stack1\frame_t_0.ets,frame_t_0.ets,.ets,1,macro image,1,,,,unavailable,
Z:\Brejtr\ActiveProjects\Microscopy\20251220\_8_6_NORBAO_24hod_8_Multichannel Z-Stack_20251220_739_\stack1\frame_t_0.ets,frame_t_0.ets,.ets,0,"C488, C561, C640",44,,306.9541384361839,313.40413843618387,ome_plane_position_z,
Z:\Brejtr\ActiveProjects\Microscopy\20251220\_8_6_NORBAO_24hod_8_Multichannel Z-Stack_20251220_739_\stack1\frame_t_0.ets,frame_t_0.ets,.ets,1,macro image,1,,,,unavailable,
Z:\Brejtr\ActiveProjects\Microscopy\20251220\_8_6_NORBAO_24hod_9_Multichannel Z-Stack_20251220_740_\stack1\frame_t_0.ets,frame_t_0.ets,.ets,0,"C488, C561, C640",44,,310.55543246047733,317.0054324604773,ome_plane_position_z,
Z:\Brejtr\ActiveProjects\Microscopy\20251220\_8_6_NORBAO_24hod_9_Multichannel Z-Stack_20251220_740_\stack1\frame_t_0.ets,frame_t_0.ets,.ets,1,macro image,1,,,,unavailable,
Z:\Brejtr\ActiveProjects\Microscopy\20251220\_8_6_NORBAOHARMIN_24hod_10_Multichannel Z-Stack_20251220_752_\stack1\frame_t_0.ets,frame_t_0.ets,.ets,0,"C488, C561, C640",35,,339.00669596532987,344.1066959653299,ome_plane_position_z,
Z:\Brejtr\ActiveProjects\Microscopy\20251220\_8_6_NORBAOHARMIN_24hod_10_Multichannel Z-Stack_20251220_752_\stack1\frame_t_0.ets,frame_t_0.ets,.ets,1,macro image,1,,,,unavailable,
Z:\Brejtr\ActiveProjects\Microscopy\20251220\_8_6_NORBAOHARMIN_24hod_1_Multichannel Z-Stack_20251220_742_\stack1\frame_t_0.ets,frame_t_0.ets,.ets,0,"C488, C561, C640",50,,313.6534792162607,321.00347921626076,ome_plane_position_z,
Z:\Brejtr\ActiveProjects\Microscopy\20251220\_8_6_NORBAOHARMIN_24hod_1_Multichannel Z-Stack_20251220_742_\stack1\frame_t_0.ets,frame_t_0.ets,.ets,1,macro image,1,,,,unavailable,
Z:\Brejtr\ActiveProjects\Microscopy\20251220\_8_6_NORBAOHARMIN_24hod_2_Multichannel Z-Stack_20251220_743_\stack1\frame_t_0.ets,frame_t_0.ets,.ets,0,"C488, C561, C640",43,,317.2060733687358,323.5060733687359,ome_plane_position_z,
Z:\Brejtr\ActiveProjects\Microscopy\20251220\_8_6_NORBAOHARMIN_24hod_2_Multichannel Z-Stack_20251220_743_\stack1\frame_t_0.ets,frame_t_0.ets,.ets,1,macro image,1,,,,unavailable,
Z:\Brejtr\ActiveProjects\Microscopy\20251220\_8_6_NORBAOHARMIN_24hod_3_Multichannel Z-Stack_20251220_744_\stack1\frame_t_0.ets,frame_t_0.ets,.ets,0,"C488, C561, C640",44,,320.65736739302935,327.10736739302934,ome_plane_position_z,
Z:\Brejtr\ActiveProjects\Microscopy\20251220\_8_6_NORBAOHARMIN_24hod_3_Multichannel Z-Stack_20251220_744_\stack1\frame_t_0.ets,frame_t_0.ets,.ets,1,macro image,1,,,,unavailable,
Z:\Brejtr\ActiveProjects\Microscopy\20251220\_8_6_NORBAOHARMIN_24hod_3_Multichannel Z-Stack_20251220_745_\stack1\frame_t_0.ets,frame_t_0.ets,.ets,0,"C488, C561, C640",24,,325.15281999633766,328.60281999633764,ome_plane_position_z,
Z:\Brejtr\ActiveProjects\Microscopy\20251220\_8_6_NORBAOHARMIN_24hod_3_Multichannel Z-Stack_20251220_745_\stack1\frame_t_0.ets,frame_t_0.ets,.ets,1,macro image,1,,,,unavailable,
Z:\Brejtr\ActiveProjects\Microscopy\20251220\_8_6_NORBAOHARMIN_24hod_4_Multichannel Z-Stack_20251220_746_\stack1\frame_t_0.ets,frame_t_0.ets,.ets,0,"C488, C561, C640",29,,325.80671427699446,330.00671427699444,ome_plane_position_z,
Z:\Brejtr\ActiveProjects\Microscopy\20251220\_8_6_NORBAOHARMIN_24hod_4_Multichannel Z-Stack_20251220_746_\stack1\frame_t_0.ets,frame_t_0.ets,.ets,1,macro image,1,,,,unavailable,
Z:\Brejtr\ActiveProjects\Microscopy\20251220\_8_6_NORBAOHARMIN_24hod_5_Multichannel Z-Stack_20251220_747_\stack1\frame_t_0.ets,frame_t_0.ets,.ets,0,"C488, C561, C640",38,,328.0580083012879,333.6080083012879,ome_plane_position_z,
Z:\Brejtr\ActiveProjects\Microscopy\20251220\_8_6_NORBAOHARMIN_24hod_5_Multichannel Z-Stack_20251220_747_\stack1\frame_t_0.ets,frame_t_0.ets,.ets,1,macro image,1,,,,unavailable,
Z:\Brejtr\ActiveProjects\Microscopy\20251220\_8_6_NORBAOHARMIN_24hod_6_Multichannel Z-Stack_20251220_748_\stack1\frame_t_0.ets,frame_t_0.ets,.ets,0,"C488, C561, C640",43,,329.9021607764146,336.2021607764146,ome_plane_position_z,
Z:\Brejtr\ActiveProjects\Microscopy\20251220\_8_6_NORBAOHARMIN_24hod_6_Multichannel Z-Stack_20251220_748_\stack1\frame_t_0.ets,frame_t_0.ets,.ets,1,macro image,1,,,,unavailable,
Z:\Brejtr\ActiveProjects\Microscopy\20251220\_8_6_NORBAOHARMIN_24hod_7_Multichannel Z-Stack_20251220_749_\stack1\frame_t_0.ets,frame_t_0.ets,.ets,0,"C488, C561, C640",37,,333.3047549288898,338.7047549288897,ome_plane_position_z,
Z:\Brejtr\ActiveProjects\Microscopy\20251220\_8_6_NORBAOHARMIN_24hod_7_Multichannel Z-Stack_20251220_749_\stack1\frame_t_0.ets,frame_t_0.ets,.ets,1,macro image,1,,,,unavailable,
Z:\Brejtr\ActiveProjects\Microscopy\20251220\_8_6_NORBAOHARMIN_24hod_8_Multichannel Z-Stack_20251220_750_\stack1\frame_t_0.ets,frame_t_0.ets,.ets,0,"C488, C561, C640",43,,334.9073490813648,341.2073490813649,ome_plane_position_z,
Z:\Brejtr\ActiveProjects\Microscopy\20251220\_8_6_NORBAOHARMIN_24hod_8_Multichannel Z-Stack_20251220_750_\stack1\frame_t_0.ets,frame_t_0.ets,.ets,1,macro image,1,,,,unavailable,
Z:\Brejtr\ActiveProjects\Microscopy\20251220\_8_6_NORBAOHARMIN_24hod_9_Multichannel Z-Stack_20251220_751_\stack1\frame_t_0.ets,frame_t_0.ets,.ets,0,"C488, C561, C640",17,,339.38721845815786,341.78721845815784,ome_plane_position_z,
Z:\Brejtr\ActiveProjects\Microscopy\20251220\_8_6_NORBAOHARMIN_24hod_9_Multichannel Z-Stack_20251220_751_\stack1\frame_t_0.ets,frame_t_0.ets,.ets,1,macro image,1,,,,unavailable,
Z:\Brejtr\ActiveProjects\Microscopy\20251220\_8_7_AERUG_24hod_10_Multichannel Z-Stack_20251220_774_\stack1\frame_t_0.ets,frame_t_0.ets,.ets,0,"C488, C561, C640",14,,394.9553286943784,396.90532869437834,ome_plane_position_z,
Z:\Brejtr\ActiveProjects\Microscopy\20251220\_8_7_AERUG_24hod_10_Multichannel Z-Stack_20251220_774_\stack1\frame_t_0.ets,frame_t_0.ets,.ets,1,macro image,1,,,,unavailable,
Z:\Brejtr\ActiveProjects\Microscopy\20251220\_8_7_AERUG_24hod_1_Multichannel Z-Stack_20251220_764_\stack1\frame_t_0.ets,frame_t_0.ets,.ets,0,"C488, C561, C640",24,,369.65016480498076,373.10016480498075,ome_plane_position_z,
Z:\Brejtr\ActiveProjects\Microscopy\20251220\_8_7_AERUG_24hod_1_Multichannel Z-Stack_20251220_764_\stack1\frame_t_0.ets,frame_t_0.ets,.ets,1,macro image,1,,,,unavailable,
Z:\Brejtr\ActiveProjects\Microscopy\20251220\_8_7_AERUG_24hod_2_Multichannel Z-Stack_20251220_765_\stack1\frame_t_0.ets,frame_t_0.ets,.ets,0,"C488, C561, C640",45,,370.10145882927424,376.7014588292743,ome_plane_position_z,
Z:\Brejtr\ActiveProjects\Microscopy\20251220\_8_7_AERUG_24hod_2_Multichannel Z-Stack_20251220_765_\stack1\frame_t_0.ets,frame_t_0.ets,.ets,1,macro image,1,,,,unavailable,
Z:\Brejtr\ActiveProjects\Microscopy\20251220\_8_7_AERUG_24hod_3_Multichannel Z-Stack_20251220_766_\stack1\frame_t_0.ets,frame_t_0.ets,.ets,0,"C488, C561, C640",38,,374.7527528535677,380.3027528535677,ome_plane_position_z,
Z:\Brejtr\ActiveProjects\Microscopy\20251220\_8_7_AERUG_24hod_3_Multichannel Z-Stack_20251220_766_\stack1\frame_t_0.ets,frame_t_0.ets,.ets,1,macro image,1,,,,unavailable,
Z:\Brejtr\ActiveProjects\Microscopy\20251220\_8_7_AERUG_24hod_4_Multichannel Z-Stack_20251220_767_\stack1\frame_t_0.ets,frame_t_0.ets,.ets,0,"C488, C561, C640",37,,377.40534700604286,382.80534700604284,ome_plane_position_z,
Z:\Brejtr\ActiveProjects\Microscopy\20251220\_8_7_AERUG_24hod_4_Multichannel Z-Stack_20251220_767_\stack1\frame_t_0.ets,frame_t_0.ets,.ets,1,macro image,1,,,,unavailable,
Z:\Brejtr\ActiveProjects\Microscopy\20251220\_8_7_AERUG_24hod_5_Multichannel Z-Stack_20251220_768_\stack1\frame_t_0.ets,frame_t_0.ets,.ets,0,"C488, C561, C640",38,,380.85664103033633,386.40664103033635,ome_plane_position_z,
Z:\Brejtr\ActiveProjects\Microscopy\20251220\_8_7_AERUG_24hod_5_Multichannel Z-Stack_20251220_768_\stack1\frame_t_0.ets,frame_t_0.ets,.ets,1,macro image,1,,,,unavailable,
Z:\Brejtr\ActiveProjects\Microscopy\20251220\_8_7_AERUG_24hod_6_Multichannel Z-Stack_20251220_769_\stack1\frame_t_0.ets,frame_t_0.ets,.ets,0,"C488, C561, C640",18,,384.43651040712933,386.98651040712934,ome_plane_position_z,
Z:\Brejtr\ActiveProjects\Microscopy\20251220\_8_7_AERUG_24hod_6_Multichannel Z-Stack_20251220_769_\stack1\frame_t_0.ets,frame_t_0.ets,.ets,1,macro image,1,,,,unavailable,
Z:\Brejtr\ActiveProjects\Microscopy\20251220\_8_7_AERUG_24hod_7_Multichannel Z-Stack_20251220_770_\stack1\frame_t_0.ets,frame_t_0.ets,.ets,0,"C488, C561, C640",29,,385.1059879143014,389.3059879143014,ome_plane_position_z,
Z:\Brejtr\ActiveProjects\Microscopy\20251220\_8_7_AERUG_24hod_7_Multichannel Z-Stack_20251220_770_\stack1\frame_t_0.ets,frame_t_0.ets,.ets,1,macro image,1,,,,unavailable,
Z:\Brejtr\ActiveProjects\Microscopy\20251220\_8_7_AERUG_24hod_7A_Multichannel Z-Stack_20251220_771_\stack1\frame_t_0.ets,frame_t_0.ets,.ets,,,,,,,error,UnsupportedFileFormatError: AICSImage does not support the image: '<class 'str'>'. You may need to install an extra format dependency. See all known format extensions and their extra install name with `aicsimageio.formats.FORMAT_IMPLEMENTATIONS`.
Z:\Brejtr\ActiveProjects\Microscopy\20251220\_8_7_AERUG_24hod_8_Multichannel Z-Stack_20251220_772_\stack1\frame_t_0.ets,frame_t_0.ets,.ets,0,"C488, C561, C640",37,,387.90403467008485,393.30403467008483,ome_plane_position_z,
Z:\Brejtr\ActiveProjects\Microscopy\20251220\_8_7_AERUG_24hod_8_Multichannel Z-Stack_20251220_772_\stack1\frame_t_0.ets,frame_t_0.ets,.ets,1,macro image,1,,,,unavailable,
Z:\Brejtr\ActiveProjects\Microscopy\20251220\_8_7_AERUG_24hod_9_Multichannel Z-Stack_20251220_773_\stack1\frame_t_0.ets,frame_t_0.ets,.ets,0,"C488, C561, C640",37,,390.40662882256,395.80662882255996,ome_plane_position_z,
Z:\Brejtr\ActiveProjects\Microscopy\20251220\_8_7_AERUG_24hod_9_Multichannel Z-Stack_20251220_773_\stack1\frame_t_0.ets,frame_t_0.ets,.ets,1,macro image,1,,,,unavailable,
Z:\Brejtr\ActiveProjects\Microscopy\20251220\_8_7_AERUGHARMIN_24hod_10_Multichannel Z-Stack_20251220_763_\stack1\frame_t_0.ets,frame_t_0.ets,.ets,0,"C488, C561, C640",50,,364.2547122016724,371.60471220167244,ome_plane_position_z,
Z:\Brejtr\ActiveProjects\Microscopy\20251220\_8_7_AERUGHARMIN_24hod_10_Multichannel Z-Stack_20251220_763_\stack1\frame_t_0.ets,frame_t_0.ets,.ets,1,macro image,1,,,,unavailable,
Z:\Brejtr\ActiveProjects\Microscopy\20251220\_8_7_AERUGHARMIN_24hod_1_Multichannel Z-Stack_20251220_753_\stack1\frame_t_0.ets,frame_t_0.ets,.ets,0,"C488, C561, C640",44,,341.25798998962347,347.70798998962346,ome_plane_position_z,
Z:\Brejtr\ActiveProjects\Microscopy\20251220\_8_7_AERUGHARMIN_24hod_1_Multichannel Z-Stack_20251220_753_\stack1\frame_t_0.ets,frame_t_0.ets,.ets,1,macro image,1,,,,unavailable,
Z:\Brejtr\ActiveProjects\Microscopy\20251220\_8_7_AERUGHARMIN_24hod_1_Multichannel Z-Stack_20251220_754_\stack1\frame_t_0.ets,frame_t_0.ets,.ets,0,"C488, C561, C640",22,,346.7553897332602,349.9053897332601,ome_plane_position_z,
Z:\Brejtr\ActiveProjects\Microscopy\20251220\_8_7_AERUGHARMIN_24hod_1_Multichannel Z-Stack_20251220_754_\stack1\frame_t_0.ets,frame_t_0.ets,.ets,1,macro image,1,,,,unavailable,
Z:\Brejtr\ActiveProjects\Microscopy\20251220\_8_7_AERUGHARMIN_24hod_2_Multichannel Z-Stack_20251220_755_\stack1\frame_t_0.ets,frame_t_0.ets,.ets,0,"C488, C561, C640",24,,347.9508423365684,351.4008423365684,ome_plane_position_z,
Z:\Brejtr\ActiveProjects\Microscopy\20251220\_8_7_AERUGHARMIN_24hod_2_Multichannel Z-Stack_20251220_755_\stack1\frame_t_0.ets,frame_t_0.ets,.ets,1,macro image,1,,,,unavailable,
Z:\Brejtr\ActiveProjects\Microscopy\20251220\_8_7_AERUGHARMIN_24hod_3_Multichannel Z-Stack_20251220_756_\stack1\frame_t_0.ets,frame_t_0.ets,.ets,0,"C488, C561, C640",38,,347.95668375755355,353.50668375755356,ome_plane_position_z,
Z:\Brejtr\ActiveProjects\Microscopy\20251220\_8_7_AERUGHARMIN_24hod_3_Multichannel Z-Stack_20251220_756_\stack1\frame_t_0.ets,frame_t_0.ets,.ets,1,macro image,1,,,,unavailable,
Z:\Brejtr\ActiveProjects\Microscopy\20251220\_8_7_AERUGHARMIN_24hod_4_Multichannel Z-Stack_20251220_757_\stack1\frame_t_0.ets,frame_t_0.ets,.ets,0,"C488, C561, C640",35,,351.30603064151865,356.40603064151867,ome_plane_position_z,
Z:\Brejtr\ActiveProjects\Microscopy\20251220\_8_7_AERUGHARMIN_24hod_4_Multichannel Z-Stack_20251220_757_\stack1\frame_t_0.ets,frame_t_0.ets,.ets,1,macro image,1,,,,unavailable,
Z:\Brejtr\ActiveProjects\Microscopy\20251220\_8_7_AERUGHARMIN_24hod_5_Multichannel Z-Stack_20251220_758_\stack1\frame_t_0.ets,frame_t_0.ets,.ets,0,"C488, C561, C640",23,,354.60148324482697,357.901483244827,ome_plane_position_z,
Z:\Brejtr\ActiveProjects\Microscopy\20251220\_8_7_AERUGHARMIN_24hod_5_Multichannel Z-Stack_20251220_758_\stack1\frame_t_0.ets,frame_t_0.ets,.ets,1,macro image,1,,,,unavailable,
Z:\Brejtr\ActiveProjects\Microscopy\20251220\_8_7_AERUGHARMIN_24hod_6_Multichannel Z-Stack_20251220_759_\stack1\frame_t_0.ets,frame_t_0.ets,.ets,0,"C488, C561, C640",37,,355.0040773973022,360.4040773973021,ome_plane_position_z,
Z:\Brejtr\ActiveProjects\Microscopy\20251220\_8_7_AERUGHARMIN_24hod_6_Multichannel Z-Stack_20251220_759_\stack1\frame_t_0.ets,frame_t_0.ets,.ets,1,macro image,1,,,,unavailable,
Z:\Brejtr\ActiveProjects\Microscopy\20251220\_8_7_AERUGHARMIN_24hod_7_Multichannel Z-Stack_20251220_760_\stack1\frame_t_0.ets,frame_t_0.ets,.ets,0,"C488, C561, C640",35,,356.7079716779588,361.80797167795885,ome_plane_position_z,
Z:\Brejtr\ActiveProjects\Microscopy\20251220\_8_7_AERUGHARMIN_24hod_7_Multichannel Z-Stack_20251220_760_\stack1\frame_t_0.ets,frame_t_0.ets,.ets,1,macro image,1,,,,unavailable,
Z:\Brejtr\ActiveProjects\Microscopy\20251220\_8_7_AERUGHARMIN_24hod_8_Multichannel Z-Stack_20251220_761_\stack1\frame_t_0.ets,frame_t_0.ets,.ets,0,"C488, C561, C640",37,,359.0021241530856,364.40212415308554,ome_plane_position_z,
Z:\Brejtr\ActiveProjects\Microscopy\20251220\_8_7_AERUGHARMIN_24hod_8_Multichannel Z-Stack_20251220_761_\stack1\frame_t_0.ets,frame_t_0.ets,.ets,1,macro image,1,,,,unavailable,
Z:\Brejtr\ActiveProjects\Microscopy\20251220\_8_7_AERUGHARMIN_24hod_9_Multichannel Z-Stack_20251220_762_\stack1\frame_t_0.ets,frame_t_0.ets,.ets,0,"C488, C561, C640",38,,362.453418177379,368.003418177379,ome_plane_position_z,
Z:\Brejtr\ActiveProjects\Microscopy\20251220\_8_7_AERUGHARMIN_24hod_9_Multichannel Z-Stack_20251220_762_\stack1\frame_t_0.ets,frame_t_0.ets,.ets,1,macro image,1,,,,unavailable,
Z:\Brejtr\ActiveProjects\Microscopy\20251220\_8_7_NC_24hod_1_Multichannel Z-Stack_20251220_775_\stack1\frame_t_0.ets,frame_t_0.ets,.ets,0,"C488, C561, C640",44,,394.0566227186718,400.5066227186718,ome_plane_position_z,
Z:\Brejtr\ActiveProjects\Microscopy\20251220\_8_7_NC_24hod_1_Multichannel Z-Stack_20251220_775_\stack1\frame_t_0.ets,frame_t_0.ets,.ets,1,macro image,1,,,,unavailable,
Z:\Brejtr\ActiveProjects\Microscopy\20251220\_8_7_NC_24hod_2_Multichannel Z-Stack_20251220_776_\stack1\frame_t_0.ets,frame_t_0.ets,.ets,0,"C488, C561, C640",31,,398.5092168711469,403.0092168711469,ome_plane_position_z,
Z:\Brejtr\ActiveProjects\Microscopy\20251220\_8_7_NC_24hod_2_Multichannel Z-Stack_20251220_776_\stack1\frame_t_0.ets,frame_t_0.ets,.ets,1,macro image,1,,,,unavailable,
Z:\Brejtr\ActiveProjects\Microscopy\20251220\_8_7_NC_24hod_3_Multichannel Z-Stack_20251220_777_\stack1\frame_t_0.ets,frame_t_0.ets,.ets,0,"C488, C561, C640",45,,400.1020692180919,406.702069218092,ome_plane_position_z,
Z:\Brejtr\ActiveProjects\Microscopy\20251220\_8_7_NC_24hod_3_Multichannel Z-Stack_20251220_777_\stack1\frame_t_0.ets,frame_t_0.ets,.ets,1,macro image,1,,,,unavailable,
Z:\Brejtr\ActiveProjects\Microscopy\20251220\_8_7_NC_24hod_4_Multichannel Z-Stack_20251220_778_\stack1\frame_t_0.ets,frame_t_0.ets,.ets,0,"C488, C561, C640",45,,401.9027162302386,408.50271623023866,ome_plane_position_z,
Z:\Brejtr\ActiveProjects\Microscopy\20251220\_8_7_NC_24hod_4_Multichannel Z-Stack_20251220_778_\stack1\frame_t_0.ets,frame_t_0.ets,.ets,1,macro image,1,,,,unavailable,
Z:\Brejtr\ActiveProjects\Microscopy\20251220\_8_7_NC_24hod_5_Multichannel Z-Stack_20251220_779_\stack1\frame_t_0.ets,frame_t_0.ets,.ets,0,"C488, C561, C640",38,,407.2559573948605,412.8059573948605,ome_plane_position_z,
Z:\Brejtr\ActiveProjects\Microscopy\20251220\_8_7_NC_24hod_5_Multichannel Z-Stack_20251220_779_\stack1\frame_t_0.ets,frame_t_0.ets,.ets,1,macro image,1,,,,unavailable,
Z:\Brejtr\ActiveProjects\Microscopy\20251220\_8_7_NC_24hod_6_Multichannel Z-Stack_20251220_780_\stack1\frame_t_0.ets,frame_t_0.ets,.ets,0,"C488, C561, C640",50,,409.057251419154,416.407251419154,ome_plane_position_z,
Z:\Brejtr\ActiveProjects\Microscopy\20251220\_8_7_NC_24hod_6_Multichannel Z-Stack_20251220_780_\stack1\frame_t_0.ets,frame_t_0.ets,.ets,1,macro image,1,,,,unavailable,
Z:\Brejtr\ActiveProjects\Microscopy\20251220\_8_7_PP_24hod_10_Multichannel Z-Stack_20251220_790_\stack1\frame_t_0.ets,frame_t_0.ets,.ets,0,"C488, C561, C640",50,,440.15656167979,447.50656167979,ome_plane_position_z,
Z:\Brejtr\ActiveProjects\Microscopy\20251220\_8_7_PP_24hod_10_Multichannel Z-Stack_20251220_790_\stack1\frame_t_0.ets,frame_t_0.ets,.ets,1,macro image,1,,,,unavailable,
Z:\Brejtr\ActiveProjects\Microscopy\20251220\_8_7_PP_24hod_1_Multichannel Z-Stack_20251220_781_\stack1\frame_t_0.ets,frame_t_0.ets,.ets,0,"C488, C561, C640",45,,416.0026979185741,422.6026979185741,ome_plane_position_z,
Z:\Brejtr\ActiveProjects\Microscopy\20251220\_8_7_PP_24hod_1_Multichannel Z-Stack_20251220_781_\stack1\frame_t_0.ets,frame_t_0.ets,.ets,1,macro image,1,,,,unavailable,
Z:\Brejtr\ActiveProjects\Microscopy\20251220\_8_7_PP_24hod_2_Multichannel Z-Stack_20251220_782_\stack1\frame_t_0.ets,frame_t_0.ets,.ets,0,"C488, C561, C640",44,,422.6533388268327,429.10333882683267,ome_plane_position_z,
Z:\Brejtr\ActiveProjects\Microscopy\20251220\_8_7_PP_24hod_2_Multichannel Z-Stack_20251220_782_\stack1\frame_t_0.ets,frame_t_0.ets,.ets,1,macro image,1,,,,unavailable,
Z:\Brejtr\ActiveProjects\Microscopy\20251220\_8_7_PP_24hod_3_Multichannel Z-Stack_20251220_783_\stack1\frame_t_0.ets,frame_t_0.ets,.ets,0,"C488, C561, C640",43,,425.3059329793078,431.6059329793078,ome_plane_position_z,
Z:\Brejtr\ActiveProjects\Microscopy\20251220\_8_7_PP_24hod_3_Multichannel Z-Stack_20251220_783_\stack1\frame_t_0.ets,frame_t_0.ets,.ets,1,macro image,1,,,,unavailable,
Z:\Brejtr\ActiveProjects\Microscopy\20251220\_8_7_PP_24hod_4_Multichannel Z-Stack_20251220_784_\stack1\frame_t_0.ets,frame_t_0.ets,.ets,0,"C488, C561, C640",45,,426.80657999145456,433.4065799914546,ome_plane_position_z,
Z:\Brejtr\ActiveProjects\Microscopy\20251220\_8_7_PP_24hod_4_Multichannel Z-Stack_20251220_784_\stack1\frame_t_0.ets,frame_t_0.ets,.ets,1,macro image,1,,,,unavailable,
Z:\Brejtr\ActiveProjects\Microscopy\20251220\_8_7_PP_24hod_5_Multichannel Z-Stack_20251220_785_\stack1\frame_t_0.ets,frame_t_0.ets,.ets,0,"C488, C561, C640",44,,427.75008545443455,434.20008545443454,ome_plane_position_z,
Z:\Brejtr\ActiveProjects\Microscopy\20251220\_8_7_PP_24hod_5_Multichannel Z-Stack_20251220_785_\stack1\frame_t_0.ets,frame_t_0.ets,.ets,1,macro image,1,,,,unavailable,
Z:\Brejtr\ActiveProjects\Microscopy\20251220\_8_7_PP_24hod_6_Multichannel Z-Stack_20251220_786_\stack1\frame_t_0.ets,frame_t_0.ets,.ets,0,"C488, C561, C640",65,,426.40073246658113,436.0007324665812,ome_plane_position_z,
Z:\Brejtr\ActiveProjects\Microscopy\20251220\_8_7_PP_24hod_6_Multichannel Z-Stack_20251220_786_\stack1\frame_t_0.ets,frame_t_0.ets,.ets,1,macro image,1,,,,unavailable,
Z:\Brejtr\ActiveProjects\Microscopy\20251220\_8_7_PP_24hod_7_Multichannel Z-Stack_20251220_787_\stack1\frame_t_0.ets,frame_t_0.ets,.ets,0,"C488, C561, C640",51,,431.00332661905634,438.50332661905634,ome_plane_position_z,
Z:\Brejtr\ActiveProjects\Microscopy\20251220\_8_7_PP_24hod_7_Multichannel Z-Stack_20251220_787_\stack1\frame_t_0.ets,frame_t_0.ets,.ets,1,macro image,1,,,,unavailable,
Z:\Brejtr\ActiveProjects\Microscopy\20251220\_8_7_PP_24hod_8_Multichannel Z-Stack_20251220_788_\stack1\frame_t_0.ets,frame_t_0.ets,.ets,0,"C488, C561, C640",44,,432.75527375938475,439.20527375938474,ome_plane_position_z,
Z:\Brejtr\ActiveProjects\Microscopy\20251220\_8_7_PP_24hod_8_Multichannel Z-Stack_20251220_788_\stack1\frame_t_0.ets,frame_t_0.ets,.ets,1,macro image,1,,,,unavailable,
Z:\Brejtr\ActiveProjects\Microscopy\20251220\_8_7_PP_24hod_9_Multichannel Z-Stack_20251220_789_\stack1\frame_t_0.ets,frame_t_0.ets,.ets,0,"C488, C561, C640",57,,435.50526765549665,443.90526765549663,ome_plane_position_z,
Z:\Brejtr\ActiveProjects\Microscopy\20251220\_8_7_PP_24hod_9_Multichannel Z-Stack_20251220_789_\stack1\frame_t_0.ets,frame_t_0.ets,.ets,1,macro image,1,,,,unavailable,
Z:\Brejtr\ActiveProjects\Microscopy\20251220\_8_7_PPKONTROLA_24hod_10_Multichannel Z-Stack_20251220_800_\stack1\frame_t_0.ets,frame_t_0.ets,.ets,0,"C488, C561, C640",50,,462.5578312885308,469.9078312885309,ome_plane_position_z,
Z:\Brejtr\ActiveProjects\Microscopy\20251220\_8_7_PPKONTROLA_24hod_10_Multichannel Z-Stack_20251220_800_\stack1\frame_t_0.ets,frame_t_0.ets,.ets,1,macro image,1,,,,unavailable,
Z:\Brejtr\ActiveProjects\Microscopy\20251220\_8_7_PPKONTROLA_24hod_1_Multichannel Z-Stack_20251220_791_\stack1\frame_t_0.ets,frame_t_0.ets,.ets,0,"C488, C561, C640",51,,442.9059085637552,450.4059085637552,ome_plane_position_z,
Z:\Brejtr\ActiveProjects\Microscopy\20251220\_8_7_PPKONTROLA_24hod_1_Multichannel Z-Stack_20251220_791_\stack1\frame_t_0.ets,frame_t_0.ets,.ets,1,macro image,1,,,,unavailable,
Z:\Brejtr\ActiveProjects\Microscopy\20251220\_8_7_PPKONTROLA_24hod_2_Multichannel Z-Stack_20251220_792_\stack1\frame_t_0.ets,frame_t_0.ets,.ets,0,"C488, C561, C640",30,,447.55136116706336,451.90136116706344,ome_plane_position_z,
Z:\Brejtr\ActiveProjects\Microscopy\20251220\_8_7_PPKONTROLA_24hod_2_Multichannel Z-Stack_20251220_792_\stack1\frame_t_0.ets,frame_t_0.ets,.ets,1,macro image,1,,,,unavailable,
Z:\Brejtr\ActiveProjects\Microscopy\20251220\_8_7_PPKONTROLA_24hod_3_Multichannel Z-Stack_20251220_793_\stack1\frame_t_0.ets,frame_t_0.ets,.ets,0,"C488, C561, C640",65,,442.30136116706336,451.90136116706344,ome_plane_position_z,
Z:\Brejtr\ActiveProjects\Microscopy\20251220\_8_7_PPKONTROLA_24hod_3_Multichannel Z-Stack_20251220_793_\stack1\frame_t_0.ets,frame_t_0.ets,.ets,1,macro image,1,,,,unavailable,
Z:\Brejtr\ActiveProjects\Microscopy\20251220\_8_7_PPKONTROLA_24hod_4_Multichannel Z-Stack_20251220_794_\stack1\frame_t_0.ets,frame_t_0.ets,.ets,0,"C488, C561, C640",37,,449.00395531953865,454.4039553195386,ome_plane_position_z,
Z:\Brejtr\ActiveProjects\Microscopy\20251220\_8_7_PPKONTROLA_24hod_4_Multichannel Z-Stack_20251220_794_\stack1\frame_t_0.ets,frame_t_0.ets,.ets,1,macro image,1,,,,unavailable,
Z:\Brejtr\ActiveProjects\Microscopy\20251220\_8_7_PPKONTROLA_24hod_5_Multichannel Z-Stack_20251220_795_\stack1\frame_t_0.ets,frame_t_0.ets,.ets,0,"C488, C561, C640",57,,450.7039492156504,459.10394921565035,ome_plane_position_z,
Z:\Brejtr\ActiveProjects\Microscopy\20251220\_8_7_PPKONTROLA_24hod_5_Multichannel Z-Stack_20251220_795_\stack1\frame_t_0.ets,frame_t_0.ets,.ets,1,macro image,1,,,,unavailable,
Z:\Brejtr\ActiveProjects\Microscopy\20251220\_8_7_PPKONTROLA_24hod_6_Multichannel Z-Stack_20251220_796_\stack1\frame_t_0.ets,frame_t_0.ets,.ets,0,"C488, C561, C640",37,,456.20654336812555,461.6065433681255,ome_plane_position_z,
Z:\Brejtr\ActiveProjects\Microscopy\20251220\_8_7_PPKONTROLA_24hod_6_Multichannel Z-Stack_20251220_796_\stack1\frame_t_0.ets,frame_t_0.ets,.ets,1,macro image,1,,,,unavailable,
Z:\Brejtr\ActiveProjects\Microscopy\20251220\_8_7_PPKONTROLA_24hod_7_Multichannel Z-Stack_20251220_797_\stack1\frame_t_0.ets,frame_t_0.ets,.ets,0,"C488, C561, C640",36,,457.8519959714338,463.1019959714338,ome_plane_position_z,
Z:\Brejtr\ActiveProjects\Microscopy\20251220\_8_7_PPKONTROLA_24hod_7_Multichannel Z-Stack_20251220_797_\stack1\frame_t_0.ets,frame_t_0.ets,.ets,1,macro image,1,,,,unavailable,
Z:\Brejtr\ActiveProjects\Microscopy\20251220\_8_7_PPKONTROLA_24hod_8_Multichannel Z-Stack_20251220_798_\stack1\frame_t_0.ets,frame_t_0.ets,.ets,0,"C488, C561, C640",35,,459.40589025209056,464.5058902520906,ome_plane_position_z,
Z:\Brejtr\ActiveProjects\Microscopy\20251220\_8_7_PPKONTROLA_24hod_8_Multichannel Z-Stack_20251220_798_\stack1\frame_t_0.ets,frame_t_0.ets,.ets,1,macro image,1,,,,unavailable,
Z:\Brejtr\ActiveProjects\Microscopy\20251220\_8_7_PPKONTROLA_24hod_9_Multichannel Z-Stack_20251220_799_\stack1\frame_t_0.ets,frame_t_0.ets,.ets,0,"C488, C561, C640",45,,459.7065372642373,466.3065372642373,ome_plane_position_z,
Z:\Brejtr\ActiveProjects\Microscopy\20251220\_8_7_PPKONTROLA_24hod_9_Multichannel Z-Stack_20251220_799_\stack1\frame_t_0.ets,frame_t_0.ets,.ets,1,macro image,1,,,,unavailable,
Z:\Brejtr\ActiveProjects\Microscopy\20251220\_8_7_PPNC2_24hod_10_Multichannel Z-Stack_20251220_810_\stack1\frame_t_0.ets,frame_t_0.ets,.ets,,,,,,,error,UnsupportedFileFormatError: AICSImage does not support the image: '<class 'str'>'. You may need to install an extra format dependency. See all known format extensions and their extra install name with `aicsimageio.formats.FORMAT_IMPLEMENTATIONS`.
Z:\Brejtr\ActiveProjects\Microscopy\20251220\_8_7_PPNC2_24hod_10NB_Multichannel Z-Stack_20251220_811_\stack1\frame_t_0.ets,frame_t_0.ets,.ets,,,,,,,error,UnsupportedFileFormatError: AICSImage does not support the image: '<class 'str'>'. You may need to install an extra format dependency. See all known format extensions and their extra install name with `aicsimageio.formats.FORMAT_IMPLEMENTATIONS`.
Z:\Brejtr\ActiveProjects\Microscopy\20251220\_8_7_PPNC2_24hod_1_Multichannel Z-Stack_20251220_801_\stack1\frame_t_0.ets,frame_t_0.ets,.ets,,,,,,,error,UnsupportedFileFormatError: AICSImage does not support the image: '<class 'str'>'. You may need to install an extra format dependency. See all known format extensions and their extra install name with `aicsimageio.formats.FORMAT_IMPLEMENTATIONS`.
Z:\Brejtr\ActiveProjects\Microscopy\20251220\_8_7_PPNC2_24hod_2_Multichannel Z-Stack_20251220_802_\stack1\frame_t_0.ets,frame_t_0.ets,.ets,,,,,,,error,UnsupportedFileFormatError: AICSImage does not support the image: '<class 'str'>'. You may need to install an extra format dependency. See all known format extensions and their extra install name with `aicsimageio.formats.FORMAT_IMPLEMENTATIONS`.
Z:\Brejtr\ActiveProjects\Microscopy\20251220\_8_7_PPNC2_24hod_3_Multichannel Z-Stack_20251220_803_\stack1\frame_t_0.ets,frame_t_0.ets,.ets,,,,,,,error,UnsupportedFileFormatError: AICSImage does not support the image: '<class 'str'>'. You may need to install an extra format dependency. See all known format extensions and their extra install name with `aicsimageio.formats.FORMAT_IMPLEMENTATIONS`.
Z:\Brejtr\ActiveProjects\Microscopy\20251220\_8_7_PPNC2_24hod_4_Multichannel Z-Stack_20251220_804_\stack1\frame_t_0.ets,frame_t_0.ets,.ets,,,,,,,error,UnsupportedFileFormatError: AICSImage does not support the image: '<class 'str'>'. You may need to install an extra format dependency. See all known format extensions and their extra install name with `aicsimageio.formats.FORMAT_IMPLEMENTATIONS`.
Z:\Brejtr\ActiveProjects\Microscopy\20251220\_8_7_PPNC2_24hod_5_Multichannel Z-Stack_20251220_805_\stack1\frame_t_0.ets,frame_t_0.ets,.ets,,,,,,,error,UnsupportedFileFormatError: AICSImage does not support the image: '<class 'str'>'. You may need to install an extra format dependency. See all known format extensions and their extra install name with `aicsimageio.formats.FORMAT_IMPLEMENTATIONS`.
Z:\Brejtr\ActiveProjects\Microscopy\20251220\_8_7_PPNC2_24hod_6_Multichannel Z-Stack_20251220_806_\stack1\frame_t_0.ets,frame_t_0.ets,.ets,,,,,,,error,UnsupportedFileFormatError: AICSImage does not support the image: '<class 'str'>'. You may need to install an extra format dependency. See all known format extensions and their extra install name with `aicsimageio.formats.FORMAT_IMPLEMENTATIONS`.
Z:\Brejtr\ActiveProjects\Microscopy\20251220\_8_7_PPNC2_24hod_7_Multichannel Z-Stack_20251220_807_\stack1\frame_t_0.ets,frame_t_0.ets,.ets,,,,,,,error,UnsupportedFileFormatError: AICSImage does not support the image: '<class 'str'>'. You may need to install an extra format dependency. See all known format extensions and their extra install name with `aicsimageio.formats.FORMAT_IMPLEMENTATIONS`.
Z:\Brejtr\ActiveProjects\Microscopy\20251220\_8_7_PPNC2_24hod_8_Multichannel Z-Stack_20251220_808_\stack1\frame_t_0.ets,frame_t_0.ets,.ets,,,,,,,error,UnsupportedFileFormatError: AICSImage does not support the image: '<class 'str'>'. You may need to install an extra format dependency. See all known format extensions and their extra install name with `aicsimageio.formats.FORMAT_IMPLEMENTATIONS`.
Z:\Brejtr\ActiveProjects\Microscopy\20251220\_8_7_PPNC2_24hod_9_Multichannel Z-Stack_20251220_809_\stack1\frame_t_0.ets,frame_t_0.ets,.ets,,,,,,,error,UnsupportedFileFormatError: AICSImage does not support the image: '<class 'str'>'. You may need to install an extra format dependency. See all known format extensions and their extra install name with `aicsimageio.formats.FORMAT_IMPLEMENTATIONS`.
